/*
 Navicat Premium Data Transfer

 Source Server         : localhost
 Source Server Type    : MySQL
 Source Server Version : 50628
 Source Host           : localhost
 Source Database       : jc

 Target Server Type    : MySQL
 Target Server Version : 50628
 File Encoding         : utf-8

 Date: 09/01/2016 18:55:25 PM
*/

SET NAMES utf8;
SET FOREIGN_KEY_CHECKS = 0;

-- ----------------------------
--  Table structure for `ACT_EVT_LOG`
-- ----------------------------
DROP TABLE IF EXISTS `ACT_EVT_LOG`;
CREATE TABLE `ACT_EVT_LOG` (
  `LOG_NR_` bigint(20) NOT NULL AUTO_INCREMENT,
  `TYPE_` varchar(64) COLLATE utf8_bin DEFAULT NULL,
  `PROC_DEF_ID_` varchar(64) COLLATE utf8_bin DEFAULT NULL,
  `PROC_INST_ID_` varchar(64) COLLATE utf8_bin DEFAULT NULL,
  `EXECUTION_ID_` varchar(64) COLLATE utf8_bin DEFAULT NULL,
  `TASK_ID_` varchar(64) COLLATE utf8_bin DEFAULT NULL,
  `TIME_STAMP_` timestamp(3) NOT NULL DEFAULT CURRENT_TIMESTAMP(3) ON UPDATE CURRENT_TIMESTAMP(3),
  `USER_ID_` varchar(255) COLLATE utf8_bin DEFAULT NULL,
  `DATA_` longblob,
  `LOCK_OWNER_` varchar(255) COLLATE utf8_bin DEFAULT NULL,
  `LOCK_TIME_` timestamp(3) NULL DEFAULT NULL,
  `IS_PROCESSED_` tinyint(4) DEFAULT '0',
  PRIMARY KEY (`LOG_NR_`)
) ENGINE=InnoDB DEFAULT CHARSET=utf8 COLLATE=utf8_bin;

-- ----------------------------
--  Table structure for `ACT_GE_BYTEARRAY`
-- ----------------------------
DROP TABLE IF EXISTS `ACT_GE_BYTEARRAY`;
CREATE TABLE `ACT_GE_BYTEARRAY` (
  `ID_` varchar(64) COLLATE utf8_bin NOT NULL DEFAULT '',
  `REV_` int(11) DEFAULT NULL,
  `NAME_` varchar(255) COLLATE utf8_bin DEFAULT NULL,
  `DEPLOYMENT_ID_` varchar(64) COLLATE utf8_bin DEFAULT NULL,
  `BYTES_` longblob,
  `GENERATED_` tinyint(4) DEFAULT NULL,
  PRIMARY KEY (`ID_`),
  KEY `ACT_FK_BYTEARR_DEPL` (`DEPLOYMENT_ID_`),
  CONSTRAINT `ACT_FK_BYTEARR_DEPL` FOREIGN KEY (`DEPLOYMENT_ID_`) REFERENCES `ACT_RE_DEPLOYMENT` (`ID_`)
) ENGINE=InnoDB DEFAULT CHARSET=utf8 COLLATE=utf8_bin;

-- ----------------------------
--  Records of `ACT_GE_BYTEARRAY`
-- ----------------------------
BEGIN;
INSERT INTO `ACT_GE_BYTEARRAY` VALUES ('2', '1', '/Users/realaicy/RealCode/TNA/JC/jc-web/target/classes/processes/Developer_Hiring.bpmn20.xml', '1', 0x3c3f786d6c2076657273696f6e3d27312e302720656e636f64696e673d275554462d38273f3e0a3c646566696e6974696f6e7320786d6c6e733d22687474703a2f2f7777772e6f6d672e6f72672f737065632f42504d4e2f32303130303532342f4d4f44454c2220786d6c6e733a7873693d22687474703a2f2f7777772e77332e6f72672f323030312f584d4c536368656d612d696e7374616e63652220786d6c6e733a7873643d22687474703a2f2f7777772e77332e6f72672f323030312f584d4c536368656d612220786d6c6e733a61637469766974693d22687474703a2f2f61637469766974692e6f72672f62706d6e2220786d6c6e733a62706d6e64693d22687474703a2f2f7777772e6f6d672e6f72672f737065632f42504d4e2f32303130303532342f44492220786d6c6e733a6f6d6764633d22687474703a2f2f7777772e6f6d672e6f72672f737065632f44442f32303130303532342f44432220786d6c6e733a6f6d6764693d22687474703a2f2f7777772e6f6d672e6f72672f737065632f44442f32303130303532342f44492220747970654c616e67756167653d22687474703a2f2f7777772e77332e6f72672f323030312f584d4c536368656d61222065787072657373696f6e4c616e67756167653d22687474703a2f2f7777772e77332e6f72672f313939392f585061746822207461726765744e616d6573706163653d22687474703a2f2f7777772e61637469766974692e6f72672f70726f636573736465662220786d6c6e733a6d6f64656c65723d22687474703a2f2f61637469766974692e636f6d2f6d6f64656c657222206d6f64656c65723a76657273696f6e3d22312e30656e22206d6f64656c65723a6578706f72744461746554696d653d22323031353032313631303433333934373522206d6f64656c65723a6d6f64656c49643d2239333330353722206d6f64656c65723a6d6f64656c56657273696f6e3d223322206d6f64656c65723a6d6f64656c4c617374557064617465643d2231343234303833343135373038223e0a20203c7369676e616c2069643d2263616e63656c4170706c69636174696f6e22206e616d653d2263616e63656c4170706c69636174696f6e222f3e0a20203c70726f636573732069643d226869726550726f6365737322206e616d653d22446576656c6f70657220486972696e672220697345786563757461626c653d2274727565223e0a202020203c757365725461736b2069643d227369642d34324241453538412d384646422d344230322d414145442d45304438454135413745333922206e616d653d2254656c6570686f6e6520696e74657276696577222061637469766974693a63616e64696461746547726f7570733d226465762d6d616e6167657273223e0a2020202020203c646f63756d656e746174696f6e3e436f6e6475637420612074656c6570686f6e6520696e74657276696577207769746820247b6170706c6963616e744e616d657d2e2050686f6e65206e756d626572203d20247b70686f6e654e756d6265727d3c2f646f63756d656e746174696f6e3e0a202020203c2f757365725461736b3e0a202020203c6578636c7573697665476174657761792069643d227369642d34374543443343362d434134382d343044382d423437382d364332364131323246413238222f3e0a202020203c73657175656e6365466c6f772069643d227369642d42343638323236422d444232452d343231452d423034422d3546463136323246334537382220736f757263655265663d227369642d34324241453538412d384646422d344230322d414145442d45304438454135413745333922207461726765745265663d227369642d34374543443343362d434134382d343044382d423437382d364332364131323246413238222f3e0a202020203c656e644576656e742069643d227369642d41343835393532312d393842412d343445412d413942312d353534343538323343453044222f3e0a202020203c73657175656e6365466c6f772069643d227369642d44353336423131392d394636432d343542362d423142362d3831343241453730323038412220736f757263655265663d227369642d35394339393342442d333841302d344443332d393742432d46353846443934453338413922207461726765745265663d227369642d41343835393532312d393842412d343445412d413942312d353534343538323343453044222f3e0a202020203c736572766963655461736b2069643d227369642d35394339393342442d333841302d344443332d393742432d46353846443934453338413922206e616d653d2253656e642072656a656374696f6e20656d61696c222061637469766974693a747970653d226d61696c223e0a2020202020203c657874656e73696f6e456c656d656e74733e0a20202020202020203c61637469766974693a6669656c64206e616d653d22746f223e0a202020202020202020203c61637469766974693a65787072657373696f6e3e247b656d61696c7d3c2f61637469766974693a65787072657373696f6e3e0a20202020202020203c2f61637469766974693a6669656c643e0a20202020202020203c61637469766974693a6669656c64206e616d653d2266726f6d223e0a202020202020202020203c61637469766974693a65787072657373696f6e3e746573744061637469766974692e6f72673c2f61637469766974693a65787072657373696f6e3e0a20202020202020203c2f61637469766974693a6669656c643e0a20202020202020203c61637469766974693a6669656c64206e616d653d227375626a656374223e0a202020202020202020203c61637469766974693a737472696e673e3c215b43444154415b596f7572206170706c69636174696f6e20686173206265656e2072656a65637465645d5d3e3c2f61637469766974693a737472696e673e0a20202020202020203c2f61637469766974693a6669656c643e0a20202020202020203c61637469766974693a6669656c64206e616d653d2268746d6c223e0a202020202020202020203c61637469766974693a65787072657373696f6e3e4465617220247b6170706c6963616e744e616d657d2c0a0a576527726520736f72727920746f20696e666f726d20796f75207468617420796f757220726563656e74206170706c69636174696f6e20686173206265656e2072656a65637465642e20576520686176652073746f72656420796f757220696e666f726d6174696f6e20696e206f757220646174612073797374656d7320616e642077696c6c20636f6e7461637420796f7520696620696e2074686520667574757265206120706f74656e7469616c206d61746368696e67206170706c69636174696f6e20697320706f73746564206f6e206f757220776562736974652e0a0a526567617264732c0a4d7920436f72703c2f61637469766974693a65787072657373696f6e3e0a20202020202020203c2f61637469766974693a6669656c643e0a2020202020203c2f657874656e73696f6e456c656d656e74733e0a202020203c2f736572766963655461736b3e0a202020203c73756250726f636573732069643d227369642d33303439383944312d443345432d344638392d413238382d32323338433739343139373322206e616d653d2273756250726f63657373223e0a2020202020203c73746172744576656e742069643d227369642d34384345433132432d323034372d344238422d393445392d333731413337394333434633222f3e0a2020202020203c706172616c6c656c476174657761792069643d227369642d39303442364133462d344430352d343038432d424635302d323531393446424645344341222f3e0a2020202020203c757365725461736b2069643d227369642d43323133374334362d313636422d344639422d393241312d39374246393230464344394522206e616d653d225465636820696e74657276696577222061637469766974693a63616e64696461746547726f7570733d226465762d6d616e6167656d656e74222f3e0a2020202020203c757365725461736b2069643d227369642d31343432394636382d344137392d343744432d413346302d32313830343632394644383822206e616d653d2246696e616e6369616c206e65676f74696174696f6e222061637469766974693a63616e64696461746547726f7570733d2266696e616e6365222f3e0a2020202020203c706172616c6c656c476174657761792069643d227369642d45313642443143322d463039452d343934362d413635412d334432464246314643363245222f3e0a2020202020203c656e644576656e742069643d227369642d44423035444335462d413537362d344537372d383033412d433431414230363934323435222f3e0a2020202020203c73657175656e6365466c6f772069643d227369642d36393834453934342d313931302d343539442d383532372d4341453444384438414237322220736f757263655265663d227369642d34384345433132432d323034372d344238422d393445392d33373141333739433343463322207461726765745265663d227369642d39303442364133462d344430352d343038432d424635302d323531393446424645344341222f3e0a2020202020203c73657175656e6365466c6f772069643d227369642d32343641303336312d333445382d344538322d423942342d3733324337384336353936412220736f757263655265663d227369642d39303442364133462d344430352d343038432d424635302d32353139344642464534434122207461726765745265663d227369642d43323133374334362d313636422d344639422d393241312d393742463932304643443945222f3e0a2020202020203c73657175656e6365466c6f772069643d227369642d43303044323136342d454144422d344439422d423638312d4444323334353846413938352220736f757263655265663d227369642d39303442364133462d344430352d343038432d424635302d32353139344642464534434122207461726765745265663d227369642d31343432394636382d344137392d343744432d413346302d323138303436323946443838222f3e0a2020202020203c73657175656e6365466c6f772069643d227369642d33394638333032322d433543352d343235352d393436442d3731464436353734443441332220736f757263655265663d227369642d43323133374334362d313636422d344639422d393241312d39374246393230464344394522207461726765745265663d227369642d45313642443143322d463039452d343934362d413635412d334432464246314643363245222f3e0a2020202020203c73657175656e6365466c6f772069643d227369642d37374334433532422d363036392d343546442d394146332d3643383644323046463735342220736f757263655265663d227369642d31343432394636382d344137392d343744432d413346302d32313830343632394644383822207461726765745265663d227369642d45313642443143322d463039452d343934362d413635412d334432464246314643363245222f3e0a2020202020203c73657175656e6365466c6f772069643d227369642d39343837313331462d323939422d344230372d393532342d3737343737414341464343302220736f757263655265663d227369642d45313642443143322d463039452d343934362d413635412d33443246424631464336324522207461726765745265663d227369642d44423035444335462d413537362d344537372d383033412d433431414230363934323435222f3e0a202020203c2f73756250726f636573733e0a202020203c73657175656e6365466c6f772069643d227369642d32383537434338352d414641422d344441422d394642442d4237463431443339363533382220736f757263655265663d227369642d42453943444334392d324544322d344645462d413744432d35363445464137314134444522207461726765745265663d227369642d34413930423633302d453930322d343144392d383534422d453735443036373134303734222f3e0a202020203c656e644576656e742069643d227369642d34413930423633302d453930322d343144392d383534422d453735443036373134303734222f3e0a202020203c736572766963655461736b2069643d227369642d39444643343833462d324335372d343337382d414532352d33303436304244333833384622206e616d653d2253746f726520726573756d65222061637469766974693a65787072657373696f6e3d22247b726573756d65536572766963652e73746f7265526573756d6528297d222f3e0a202020203c73657175656e6365466c6f772069643d227369642d33363644373946382d323344372d344533462d384630462d3343323935343543383146422220736f757263655265663d227369642d39444643343833462d324335372d343337382d414532352d33303436304244333833384622207461726765745265663d227369642d34324241453538412d384646422d344230322d414145442d453044384541354137453339222f3e0a202020203c73746172744576656e742069643d227369642d45304444324438452d303637322d344245302d393741342d393333444438373731454646222f3e0a202020203c73657175656e6365466c6f772069643d227369642d44344444343941422d303145332d344138342d394234362d3743453043343134443731442220736f757263655265663d227369642d45304444324438452d303637322d344245302d393741342d39333344443837373145464622207461726765745265663d227369642d39444643343833462d324335372d343337382d414532352d333034363042443338333846222f3e0a202020203c73657175656e6365466c6f772069643d227369642d46393637413236452d334338452d343541442d423739312d4334373334393144413938382220736f757263655265663d227369642d34374543443343362d434134382d343044382d423437382d36433236413132324641323822207461726765745265663d227369642d35394339393342442d333841302d344443332d393742432d463538464439344533384139223e0a2020202020203c636f6e646974696f6e45787072657373696f6e207873693a747970653d2274466f726d616c45787072657373696f6e223e3c215b43444154415b247b74656c6570686f6e65496e746572766965774f7574636f6d65203d3d2066616c73657d5d5d3e3c2f636f6e646974696f6e45787072657373696f6e3e0a202020203c2f73657175656e6365466c6f773e0a202020203c73657175656e6365466c6f772069643d227369642d46363539303530462d424631322d343346442d424536302d4630453233354231413332422220736f757263655265663d227369642d34374543443343362d434134382d343044382d423437382d36433236413132324641323822207461726765745265663d227369642d33303439383944312d443345432d344638392d413238382d323233384337393431393733223e0a2020202020203c636f6e646974696f6e45787072657373696f6e207873693a747970653d2274466f726d616c45787072657373696f6e223e3c215b43444154415b247b74656c6570686f6e65496e746572766965774f7574636f6d65203d3d20747275657d5d5d3e3c2f636f6e646974696f6e45787072657373696f6e3e0a202020203c2f73657175656e6365466c6f773e0a202020203c626f756e646172794576656e742069643d227369642d42453943444334392d324544322d344645462d413744432d35363445464137314134444522206e616d653d226170706c6963616e742063616e63656c7322206174746163686564546f5265663d227369642d33303439383944312d443345432d344638392d413238382d323233384337393431393733222063616e63656c41637469766974793d2274727565223e0a2020202020203c7369676e616c4576656e74446566696e6974696f6e207369676e616c5265663d2263616e63656c4170706c69636174696f6e222f3e0a202020203c2f626f756e646172794576656e743e0a202020203c6578636c7573697665476174657761792069643d227369642d33443633453536342d443335412d343245332d413831452d364437444633323544313138222064656661756c743d227369642d30313446414630422d454241312d343131422d414634462d434337454138343846463839222f3e0a202020203c73657175656e6365466c6f772069643d227369642d37334143334133432d443132382d343636342d424336432d3741463038464544433843412220736f757263655265663d227369642d33303439383944312d443345432d344638392d413238382d32323338433739343139373322207461726765745265663d227369642d33443633453536342d443335412d343245332d413831452d364437444633323544313138222f3e0a202020203c656e644576656e742069643d227369642d30383846364441302d454136382d344132392d394243332d37364239443543354532453022206e616d653d2272656a6563746564222f3e0a202020203c736572766963655461736b2069643d227369642d46324144413935332d364643462d343246412d423539452d34354441433645414346413722206e616d653d2253656e642077656c636f6d65206d61696c222061637469766974693a747970653d226d61696c223e0a2020202020203c657874656e73696f6e456c656d656e74733e0a20202020202020203c61637469766974693a6669656c64206e616d653d22746f223e0a202020202020202020203c61637469766974693a65787072657373696f6e3e247b656d61696c7d3c2f61637469766974693a65787072657373696f6e3e0a20202020202020203c2f61637469766974693a6669656c643e0a20202020202020203c61637469766974693a6669656c64206e616d653d2266726f6d223e0a202020202020202020203c61637469766974693a65787072657373696f6e3e746573744061637469766974692e6f72673c2f61637469766974693a65787072657373696f6e3e0a20202020202020203c2f61637469766974693a6669656c643e0a20202020202020203c61637469766974693a6669656c64206e616d653d227375626a656374223e0a202020202020202020203c61637469766974693a737472696e673e3c215b43444154415b596f7572206170706c69636174696f6e20686173206265656e206163636570746564215d5d3e3c2f61637469766974693a737472696e673e0a20202020202020203c2f61637469766974693a6669656c643e0a20202020202020203c61637469766974693a6669656c64206e616d653d2268746d6c223e0a202020202020202020203c61637469766974693a65787072657373696f6e3e4465617220247b6170706c6963616e744e616d657d2c0a0a576527726520686170707920746f20696e666f726d20796f75207468617420796f757220726563656e74206170706c69636174696f6e20686173206265656e2061636365707465642e202057652077696c6c20636f6e7461637420796f7520736f6f6e20666f72206d6f726520696e666f726d6174696f6e2e0a0a526567617264732c0a4d7920436f72703c2f61637469766974693a65787072657373696f6e3e0a20202020202020203c2f61637469766974693a6669656c643e0a2020202020203c2f657874656e73696f6e456c656d656e74733e0a202020203c2f736572766963655461736b3e0a202020203c656e644576656e742069643d227369642d37364632384636312d304232412d343142412d384137312d35453443394337383238453422206e616d653d226163636570746564222f3e0a202020203c73657175656e6365466c6f772069643d227369642d42393530454231372d384145362d344632332d383838382d4644434545343739374132312220736f757263655265663d227369642d46324144413935332d364643462d343246412d423539452d34354441433645414346413722207461726765745265663d227369642d37364632384636312d304232412d343142412d384137312d354534433943373832384534222f3e0a202020203c73657175656e6365466c6f772069643d227369642d30313446414630422d454241312d343131422d414634462d4343374541383438464638392220736f757263655265663d227369642d33443633453536342d443335412d343245332d413831452d36443744463332354431313822207461726765745265663d227369642d30383846364441302d454136382d344132392d394243332d373642394435433545324530222f3e0a202020203c73657175656e6365466c6f772069643d227369642d35394230384637322d394437432d344344352d413835302d3134453130333238464437422220736f757263655265663d227369642d33443633453536342d443335412d343245332d413831452d36443744463332354431313822207461726765745265663d227369642d46324144413935332d364643462d343246412d423539452d343544414336454143464137223e0a2020202020203c636f6e646974696f6e45787072657373696f6e207873693a747970653d2274466f726d616c45787072657373696f6e223e3c215b43444154415b247b746563684f6b2026262066696e616e6369616c4f6b7d5d5d3e3c2f636f6e646974696f6e45787072657373696f6e3e0a202020203c2f73657175656e6365466c6f773e0a20203c2f70726f636573733e0a20203c62706d6e64693a42504d4e4469616772616d2069643d2242504d4e4469616772616d5f6869726550726f63657373223e0a202020203c62706d6e64693a42504d4e506c616e652062706d6e456c656d656e743d226869726550726f63657373222069643d2242504d4e506c616e655f6869726550726f63657373223e0a2020202020203c62706d6e64693a42504d4e53686170652062706d6e456c656d656e743d227369642d34324241453538412d384646422d344230322d414145442d453044384541354137453339222069643d2242504d4e53686170655f7369642d34324241453538412d384646422d344230322d414145442d453044384541354137453339223e0a20202020202020203c6f6d6764633a426f756e6473206865696768743d2238302e30222077696474683d223130302e302220783d223332302e302220793d223138352e30222f3e0a2020202020203c2f62706d6e64693a42504d4e53686170653e0a2020202020203c62706d6e64693a42504d4e53686170652062706d6e456c656d656e743d227369642d34374543443343362d434134382d343044382d423437382d364332364131323246413238222069643d2242504d4e53686170655f7369642d34374543443343362d434134382d343044382d423437382d364332364131323246413238223e0a20202020202020203c6f6d6764633a426f756e6473206865696768743d2234302e30222077696474683d2234302e302220783d223436352e302220793d223230352e30222f3e0a2020202020203c2f62706d6e64693a42504d4e53686170653e0a2020202020203c62706d6e64693a42504d4e53686170652062706d6e456c656d656e743d227369642d41343835393532312d393842412d343445412d413942312d353534343538323343453044222069643d2242504d4e53686170655f7369642d41343835393532312d393842412d343445412d413942312d353534343538323343453044223e0a20202020202020203c6f6d6764633a426f756e6473206865696768743d2232382e30222077696474683d2232382e302220783d223639302e302220793d2235362e30222f3e0a2020202020203c2f62706d6e64693a42504d4e53686170653e0a2020202020203c62706d6e64693a42504d4e53686170652062706d6e456c656d656e743d227369642d35394339393342442d333841302d344443332d393742432d463538464439344533384139222069643d2242504d4e53686170655f7369642d35394339393342442d333841302d344443332d393742432d463538464439344533384139223e0a20202020202020203c6f6d6764633a426f756e6473206865696768743d2238302e30222077696474683d223130302e302220783d223532352e302220793d2233302e30222f3e0a2020202020203c2f62706d6e64693a42504d4e53686170653e0a2020202020203c62706d6e64693a42504d4e53686170652062706d6e456c656d656e743d227369642d33303439383944312d443345432d344638392d413238382d323233384337393431393733222069643d2242504d4e53686170655f7369642d33303439383944312d443345432d344638392d413238382d323233384337393431393733223e0a20202020202020203c6f6d6764633a426f756e6473206865696768743d223238302e30222077696474683d223439322e302220783d223532352e302220793d223133352e30222f3e0a2020202020203c2f62706d6e64693a42504d4e53686170653e0a2020202020203c62706d6e64693a42504d4e53686170652062706d6e456c656d656e743d227369642d34384345433132432d323034372d344238422d393445392d333731413337394333434633222069643d2242504d4e53686170655f7369642d34384345433132432d323034372d344238422d393445392d333731413337394333434633223e0a20202020202020203c6f6d6764633a426f756e6473206865696768743d2233302e30222077696474683d2233302e302220783d223534302e302220793d223235362e30222f3e0a2020202020203c2f62706d6e64693a42504d4e53686170653e0a2020202020203c62706d6e64693a42504d4e53686170652062706d6e456c656d656e743d227369642d39303442364133462d344430352d343038432d424635302d323531393446424645344341222069643d2242504d4e53686170655f7369642d39303442364133462d344430352d343038432d424635302d323531393446424645344341223e0a20202020202020203c6f6d6764633a426f756e6473206865696768743d2234302e30222077696474683d2234302e302220783d223631352e302220793d223235312e30222f3e0a2020202020203c2f62706d6e64693a42504d4e53686170653e0a2020202020203c62706d6e64693a42504d4e53686170652062706d6e456c656d656e743d227369642d43323133374334362d313636422d344639422d393241312d393742463932304643443945222069643d2242504d4e53686170655f7369642d43323133374334362d313636422d344639422d393241312d393742463932304643443945223e0a20202020202020203c6f6d6764633a426f756e6473206865696768743d2238302e30222077696474683d223130302e302220783d223732302e302220793d223136352e30222f3e0a2020202020203c2f62706d6e64693a42504d4e53686170653e0a2020202020203c62706d6e64693a42504d4e53686170652062706d6e456c656d656e743d227369642d31343432394636382d344137392d343744432d413346302d323138303436323946443838222069643d2242504d4e53686170655f7369642d31343432394636382d344137392d343744432d413346302d323138303436323946443838223e0a20202020202020203c6f6d6764633a426f756e6473206865696768743d2238302e30222077696474683d223130302e302220783d223732302e302220793d223330302e30222f3e0a2020202020203c2f62706d6e64693a42504d4e53686170653e0a2020202020203c62706d6e64693a42504d4e53686170652062706d6e456c656d656e743d227369642d45313642443143322d463039452d343934362d413635412d334432464246314643363245222069643d2242504d4e53686170655f7369642d45313642443143322d463039452d343934362d413635412d334432464246314643363245223e0a20202020202020203c6f6d6764633a426f756e6473206865696768743d2234302e30222077696474683d2234302e302220783d223836352e302220793d223235342e30222f3e0a2020202020203c2f62706d6e64693a42504d4e53686170653e0a2020202020203c62706d6e64693a42504d4e53686170652062706d6e456c656d656e743d227369642d44423035444335462d413537362d344537372d383033412d433431414230363934323435222069643d2242504d4e53686170655f7369642d44423035444335462d413537362d344537372d383033412d433431414230363934323435223e0a20202020202020203c6f6d6764633a426f756e6473206865696768743d2232382e30222077696474683d2232382e302220783d223935302e302220793d223236302e30222f3e0a2020202020203c2f62706d6e64693a42504d4e53686170653e0a2020202020203c62706d6e64693a42504d4e53686170652062706d6e456c656d656e743d227369642d34413930423633302d453930322d343144392d383534422d453735443036373134303734222069643d2242504d4e53686170655f7369642d34413930423633302d453930322d343144392d383534422d453735443036373134303734223e0a20202020202020203c6f6d6764633a426f756e6473206865696768743d2232382e30222077696474683d2232382e302220783d223937352e302220793d223435302e30222f3e0a2020202020203c2f62706d6e64693a42504d4e53686170653e0a2020202020203c62706d6e64693a42504d4e53686170652062706d6e456c656d656e743d227369642d39444643343833462d324335372d343337382d414532352d333034363042443338333846222069643d2242504d4e53686170655f7369642d39444643343833462d324335372d343337382d414532352d333034363042443338333846223e0a20202020202020203c6f6d6764633a426f756e6473206865696768743d2238302e30222077696474683d223130302e302220783d223137352e302220793d223138352e30222f3e0a2020202020203c2f62706d6e64693a42504d4e53686170653e0a2020202020203c62706d6e64693a42504d4e53686170652062706d6e456c656d656e743d227369642d45304444324438452d303637322d344245302d393741342d393333444438373731454646222069643d2242504d4e53686170655f7369642d45304444324438452d303637322d344245302d393741342d393333444438373731454646223e0a20202020202020203c6f6d6764633a426f756e6473206865696768743d2233302e30222077696474683d2233302e302220783d223130352e302220793d223231302e30222f3e0a2020202020203c2f62706d6e64693a42504d4e53686170653e0a2020202020203c62706d6e64693a42504d4e53686170652062706d6e456c656d656e743d227369642d42453943444334392d324544322d344645462d413744432d353634454641373141344445222069643d2242504d4e53686170655f7369642d42453943444334392d324544322d344645462d413744432d353634454641373141344445223e0a20202020202020203c6f6d6764633a426f756e6473206865696768743d2233302e30222077696474683d2233302e302220783d223932302e383133353233333836383934362220793d223430302e34333838363735333734323634222f3e0a2020202020203c2f62706d6e64693a42504d4e53686170653e0a2020202020203c62706d6e64693a42504d4e53686170652062706d6e456c656d656e743d227369642d33443633453536342d443335412d343245332d413831452d364437444633323544313138222069643d2242504d4e53686170655f7369642d33443633453536342d443335412d343245332d413831452d364437444633323544313138223e0a20202020202020203c6f6d6764633a426f756e6473206865696768743d2234302e30222077696474683d2234302e302220783d22313036322e302220793d223235352e30222f3e0a2020202020203c2f62706d6e64693a42504d4e53686170653e0a2020202020203c62706d6e64693a42504d4e53686170652062706d6e456c656d656e743d227369642d30383846364441302d454136382d344132392d394243332d373642394435433545324530222069643d2242504d4e53686170655f7369642d30383846364441302d454136382d344132392d394243332d373642394435433545324530223e0a20202020202020203c6f6d6764633a426f756e6473206865696768743d2232382e30222077696474683d2232382e302220783d22313138302e302220793d223236312e30222f3e0a2020202020203c2f62706d6e64693a42504d4e53686170653e0a2020202020203c62706d6e64693a42504d4e53686170652062706d6e456c656d656e743d227369642d46324144413935332d364643462d343246412d423539452d343544414336454143464137222069643d2242504d4e53686170655f7369642d46324144413935332d364643462d343246412d423539452d343544414336454143464137223e0a20202020202020203c6f6d6764633a426f756e6473206865696768743d2238302e30222077696474683d223130302e302220783d22313033352e302220793d223130352e30222f3e0a2020202020203c2f62706d6e64693a42504d4e53686170653e0a2020202020203c62706d6e64693a42504d4e53686170652062706d6e456c656d656e743d227369642d37364632384636312d304232412d343142412d384137312d354534433943373832384534222069643d2242504d4e53686170655f7369642d37364632384636312d304232412d343142412d384137312d354534433943373832384534223e0a20202020202020203c6f6d6764633a426f756e6473206865696768743d2232382e30222077696474683d2232382e302220783d22313138302e302220793d223133312e30222f3e0a2020202020203c2f62706d6e64693a42504d4e53686170653e0a2020202020203c62706d6e64693a42504d4e456467652062706d6e456c656d656e743d227369642d35394230384637322d394437432d344344352d413835302d313445313033323846443742222069643d2242504d4e456467655f7369642d35394230384637322d394437432d344344352d413835302d313445313033323846443742223e0a20202020202020203c6f6d6764693a776179706f696e7420783d22313038322e3837353933393834393632342220793d223235352e3837353933393834393632343035222f3e0a20202020202020203c6f6d6764693a776179706f696e7420783d22313038342e3233333731363437353039362220793d223138352e30222f3e0a2020202020203c2f62706d6e64693a42504d4e456467653e0a2020202020203c62706d6e64693a42504d4e456467652062706d6e456c656d656e743d227369642d33394638333032322d433543352d343235352d393436442d373146443635373444344133222069643d2242504d4e456467655f7369642d33394638333032322d433543352d343235352d393436442d373146443635373444344133223e0a20202020202020203c6f6d6764693a776179706f696e7420783d223832302e302220793d223230352e30222f3e0a20202020202020203c6f6d6764693a776179706f696e7420783d223838352e352220793d223230352e30222f3e0a20202020202020203c6f6d6764693a776179706f696e7420783d223838352e352220793d223235342e35222f3e0a2020202020203c2f62706d6e64693a42504d4e456467653e0a2020202020203c62706d6e64693a42504d4e456467652062706d6e456c656d656e743d227369642d43303044323136342d454144422d344439422d423638312d444432333435384641393835222069643d2242504d4e456467655f7369642d43303044323136342d454144422d344439422d423638312d444432333435384641393835223e0a20202020202020203c6f6d6764693a776179706f696e7420783d223633352e352220793d223239302e35222f3e0a20202020202020203c6f6d6764693a776179706f696e7420783d223633352e352220793d223334302e30222f3e0a20202020202020203c6f6d6764693a776179706f696e7420783d223732302e302220793d223334302e30222f3e0a2020202020203c2f62706d6e64693a42504d4e456467653e0a2020202020203c62706d6e64693a42504d4e456467652062706d6e456c656d656e743d227369642d36393834453934342d313931302d343539442d383532372d434145344438443841423732222069643d2242504d4e456467655f7369642d36393834453934342d313931302d343539442d383532372d434145344438443841423732223e0a20202020202020203c6f6d6764693a776179706f696e7420783d223536392e393939373130363637363832352220793d223237312e30393331363539303437363832222f3e0a20202020202020203c6f6d6764693a776179706f696e7420783d223631352e3337352220793d223237312e333735222f3e0a2020202020203c2f62706d6e64693a42504d4e456467653e0a2020202020203c62706d6e64693a42504d4e456467652062706d6e456c656d656e743d227369642d32343641303336312d333445382d344538322d423942342d373332433738433635393641222069643d2242504d4e456467655f7369642d32343641303336312d333445382d344538322d423942342d373332433738433635393641223e0a20202020202020203c6f6d6764693a776179706f696e7420783d223633352e352220793d223235312e35222f3e0a20202020202020203c6f6d6764693a776179706f696e7420783d223633352e352220793d223230352e30222f3e0a20202020202020203c6f6d6764693a776179706f696e7420783d223732302e302220793d223230352e30222f3e0a2020202020203c2f62706d6e64693a42504d4e456467653e0a2020202020203c62706d6e64693a42504d4e456467652062706d6e456c656d656e743d227369642d42393530454231372d384145362d344632332d383838382d464443454534373937413231222069643d2242504d4e456467655f7369642d42393530454231372d384145362d344632332d383838382d464443454534373937413231223e0a20202020202020203c6f6d6764693a776179706f696e7420783d22313133352e302220793d223134352e30222f3e0a20202020202020203c6f6d6764693a776179706f696e7420783d22313138302e302220793d223134352e30222f3e0a2020202020203c2f62706d6e64693a42504d4e456467653e0a2020202020203c62706d6e64693a42504d4e456467652062706d6e456c656d656e743d227369642d44353336423131392d394636432d343542362d423142362d383134324145373032303841222069643d2242504d4e456467655f7369642d44353336423131392d394636432d343542362d423142362d383134324145373032303841223e0a20202020202020203c6f6d6764693a776179706f696e7420783d223632352e302220793d2237302e30222f3e0a20202020202020203c6f6d6764693a776179706f696e7420783d223639302e302220793d2237302e30222f3e0a2020202020203c2f62706d6e64693a42504d4e456467653e0a2020202020203c62706d6e64693a42504d4e456467652062706d6e456c656d656e743d227369642d33363644373946382d323344372d344533462d384630462d334332393534354338314642222069643d2242504d4e456467655f7369642d33363644373946382d323344372d344533462d384630462d334332393534354338314642223e0a20202020202020203c6f6d6764693a776179706f696e7420783d223237352e302220793d223232352e30222f3e0a20202020202020203c6f6d6764693a776179706f696e7420783d223332302e302220793d223232352e30222f3e0a2020202020203c2f62706d6e64693a42504d4e456467653e0a2020202020203c62706d6e64693a42504d4e456467652062706d6e456c656d656e743d227369642d32383537434338352d414641422d344441422d394642442d423746343144333936353338222069643d2242504d4e456467655f7369642d32383537434338352d414641422d344441422d394642442d423746343144333936353338223e0a20202020202020203c6f6d6764693a776179706f696e7420783d223933352e383133353233333836383934362220793d223433302e34333838363735333734323634222f3e0a20202020202020203c6f6d6764693a776179706f696e7420783d223933352e383133353233333836383934362220793d223436342e30222f3e0a20202020202020203c6f6d6764693a776179706f696e7420783d223937352e302220793d223436342e30222f3e0a2020202020203c2f62706d6e64693a42504d4e456467653e0a2020202020203c62706d6e64693a42504d4e456467652062706d6e456c656d656e743d227369642d39343837313331462d323939422d344230372d393532342d373734373741434146434330222069643d2242504d4e456467655f7369642d39343837313331462d323939422d344230372d393532342d373734373741434146434330223e0a20202020202020203c6f6d6764693a776179706f696e7420783d223930342e363231373934383731373934392220793d223237342e3337383230353132383230353134222f3e0a20202020202020203c6f6d6764693a776179706f696e7420783d223935302e303030323833393738353339342220793d223237342e30383931373031363537343138222f3e0a2020202020203c2f62706d6e64693a42504d4e456467653e0a2020202020203c62706d6e64693a42504d4e456467652062706d6e456c656d656e743d227369642d30313446414630422d454241312d343131422d414634462d434337454138343846463839222069643d2242504d4e456467655f7369642d30313446414630422d454241312d343131422d414634462d434337454138343846463839223e0a20202020202020203c6f6d6764693a776179706f696e7420783d22313130312e353835353835353835353835352220793d223237352e34313434313434313434313434222f3e0a20202020202020203c6f6d6764693a776179706f696e7420783d22313138302e303030313430373630383132322220793d223237352e30363237373936333738343339222f3e0a2020202020203c2f62706d6e64693a42504d4e456467653e0a2020202020203c62706d6e64693a42504d4e456467652062706d6e456c656d656e743d227369642d37374334433532422d363036392d343546442d394146332d364338364432304646373534222069643d2242504d4e456467655f7369642d37374334433532422d363036392d343546442d394146332d364338364432304646373534223e0a20202020202020203c6f6d6764693a776179706f696e7420783d223832302e302220793d223334302e30222f3e0a20202020202020203c6f6d6764693a776179706f696e7420783d223838352e302220793d223334302e30222f3e0a20202020202020203c6f6d6764693a776179706f696e7420783d223838352e302220793d223239342e30222f3e0a2020202020203c2f62706d6e64693a42504d4e456467653e0a2020202020203c62706d6e64693a42504d4e456467652062706d6e456c656d656e743d227369642d46363539303530462d424631322d343346442d424536302d463045323335423141333242222069643d2242504d4e456467655f7369642d46363539303530462d424631322d343346442d424536302d463045323335423141333242223e0a20202020202020203c6f6d6764693a776179706f696e7420783d223438352e352220793d223234342e35222f3e0a20202020202020203c6f6d6764693a776179706f696e7420783d223438352e352220793d223237352e30222f3e0a20202020202020203c6f6d6764693a776179706f696e7420783d223532352e302220793d223237352e30222f3e0a2020202020203c2f62706d6e64693a42504d4e456467653e0a2020202020203c62706d6e64693a42504d4e456467652062706d6e456c656d656e743d227369642d44344444343941422d303145332d344138342d394234362d374345304334313444373144222069643d2242504d4e456467655f7369642d44344444343941422d303145332d344138342d394234362d374345304334313444373144223e0a20202020202020203c6f6d6764693a776179706f696e7420783d223133352e302220793d223232352e30222f3e0a20202020202020203c6f6d6764693a776179706f696e7420783d223137352e302220793d223232352e30222f3e0a2020202020203c2f62706d6e64693a42504d4e456467653e0a2020202020203c62706d6e64693a42504d4e456467652062706d6e456c656d656e743d227369642d46393637413236452d334338452d343541442d423739312d433437333439314441393838222069643d2242504d4e456467655f7369642d46393637413236452d334338452d343541442d423739312d433437333439314441393838223e0a20202020202020203c6f6d6764693a776179706f696e7420783d223438352e352220793d223230352e35222f3e0a20202020202020203c6f6d6764693a776179706f696e7420783d223438352e352220793d2237302e30222f3e0a20202020202020203c6f6d6764693a776179706f696e7420783d223532352e302220793d2237302e30222f3e0a2020202020203c2f62706d6e64693a42504d4e456467653e0a2020202020203c62706d6e64693a42504d4e456467652062706d6e456c656d656e743d227369642d37334143334133432d443132382d343636342d424336432d374146303846454443384341222069643d2242504d4e456467655f7369642d37334143334133432d443132382d343636342d424336432d374146303846454443384341223e0a20202020202020203c6f6d6764693a776179706f696e7420783d22313031372e302220793d223237352e33393438363335363334303239222f3e0a20202020202020203c6f6d6764693a776179706f696e7420783d22313036322e3436373834353635393136342220793d223237352e3436373834353635393136333937222f3e0a2020202020203c2f62706d6e64693a42504d4e456467653e0a2020202020203c62706d6e64693a42504d4e456467652062706d6e456c656d656e743d227369642d42343638323236422d444232452d343231452d423034422d354646313632324633453738222069643d2242504d4e456467655f7369642d42343638323236422d444232452d343231452d423034422d354646313632324633453738223e0a20202020202020203c6f6d6764693a776179706f696e7420783d223432302e302220793d223232352e32313634353032313634353032222f3e0a20202020202020203c6f6d6764693a776179706f696e7420783d223436352e343133303433343738323630392220793d223232352e3431333034333437383236303837222f3e0a2020202020203c2f62706d6e64693a42504d4e456467653e0a202020203c2f62706d6e64693a42504d4e506c616e653e0a20203c2f62706d6e64693a42504d4e4469616772616d3e0a3c2f646566696e6974696f6e733e, '0'), ('3', '1', '/Users/realaicy/RealCode/TNA/JC/jc-web/target/classes/processes/Developer_Hiring_with_jpa.bpmn20.xml', '1', 0x3c3f786d6c2076657273696f6e3d27312e302720656e636f64696e673d275554462d38273f3e0a3c646566696e6974696f6e7320786d6c6e733d22687474703a2f2f7777772e6f6d672e6f72672f737065632f42504d4e2f32303130303532342f4d4f44454c2220786d6c6e733a7873693d22687474703a2f2f7777772e77332e6f72672f323030312f584d4c536368656d612d696e7374616e63652220786d6c6e733a7873643d22687474703a2f2f7777772e77332e6f72672f323030312f584d4c536368656d612220786d6c6e733a61637469766974693d22687474703a2f2f61637469766974692e6f72672f62706d6e2220786d6c6e733a62706d6e64693d22687474703a2f2f7777772e6f6d672e6f72672f737065632f42504d4e2f32303130303532342f44492220786d6c6e733a6f6d6764633d22687474703a2f2f7777772e6f6d672e6f72672f737065632f44442f32303130303532342f44432220786d6c6e733a6f6d6764693d22687474703a2f2f7777772e6f6d672e6f72672f737065632f44442f32303130303532342f44492220747970654c616e67756167653d22687474703a2f2f7777772e77332e6f72672f323030312f584d4c536368656d61222065787072657373696f6e4c616e67756167653d22687474703a2f2f7777772e77332e6f72672f313939392f585061746822207461726765744e616d6573706163653d22687474703a2f2f7777772e61637469766974692e6f72672f70726f636573736465662220786d6c6e733a6d6f64656c65723d22687474703a2f2f61637469766974692e636f6d2f6d6f64656c657222206d6f64656c65723a76657273696f6e3d22312e30656e22206d6f64656c65723a6578706f72744461746554696d653d22323031353032313631303433333934373522206d6f64656c65723a6d6f64656c49643d2239333330353722206d6f64656c65723a6d6f64656c56657273696f6e3d223322206d6f64656c65723a6d6f64656c4c617374557064617465643d2231343234303833343135373038223e0a20203c7369676e616c2069643d2263616e63656c4170706c69636174696f6e22206e616d653d2263616e63656c4170706c69636174696f6e222f3e0a20203c70726f636573732069643d226869726550726f63657373576974684a706122206e616d653d22446576656c6f70657220486972696e672220697345786563757461626c653d2274727565223e0a202020203c757365725461736b2069643d227369642d34324241453538412d384646422d344230322d414145442d45304438454135413745333922206e616d653d2254656c6570686f6e6520696e74657276696577222061637469766974693a63616e64696461746547726f7570733d226465762d6d616e6167657273223e0a2020202020203c646f63756d656e746174696f6e3e436f6e6475637420612074656c6570686f6e6520696e74657276696577207769746820247b6170706c6963616e742e6e616d657d2e2050686f6e65206e756d626572203d20247b6170706c6963616e742e70686f6e654e756d6265727d3c2f646f63756d656e746174696f6e3e0a202020203c2f757365725461736b3e0a202020203c6578636c7573697665476174657761792069643d227369642d34374543443343362d434134382d343044382d423437382d364332364131323246413238222f3e0a202020203c73657175656e6365466c6f772069643d227369642d42343638323236422d444232452d343231452d423034422d3546463136323246334537382220736f757263655265663d227369642d34324241453538412d384646422d344230322d414145442d45304438454135413745333922207461726765745265663d227369642d34374543443343362d434134382d343044382d423437382d364332364131323246413238222f3e0a202020203c656e644576656e742069643d227369642d41343835393532312d393842412d343445412d413942312d353534343538323343453044222f3e0a202020203c73657175656e6365466c6f772069643d227369642d44353336423131392d394636432d343542362d423142362d3831343241453730323038412220736f757263655265663d227369642d35394339393342442d333841302d344443332d393742432d46353846443934453338413922207461726765745265663d227369642d41343835393532312d393842412d343445412d413942312d353534343538323343453044222f3e0a202020203c736572766963655461736b2069643d227369642d35394339393342442d333841302d344443332d393742432d46353846443934453338413922206e616d653d2253656e642072656a656374696f6e20656d61696c222061637469766974693a747970653d226d61696c223e0a2020202020203c657874656e73696f6e456c656d656e74733e0a20202020202020203c61637469766974693a6669656c64206e616d653d22746f223e0a202020202020202020203c61637469766974693a65787072657373696f6e3e247b6170706c6963616e742e656d61696c7d3c2f61637469766974693a65787072657373696f6e3e0a20202020202020203c2f61637469766974693a6669656c643e0a20202020202020203c61637469766974693a6669656c64206e616d653d227375626a656374223e0a202020202020202020203c61637469766974693a737472696e673e3c215b43444154415b596f7572206170706c69636174696f6e20686173206265656e2072656a65637465645d5d3e3c2f61637469766974693a737472696e673e0a20202020202020203c2f61637469766974693a6669656c643e0a20202020202020203c61637469766974693a6669656c64206e616d653d2268746d6c223e0a202020202020202020203c61637469766974693a65787072657373696f6e3e4465617220247b6170706c6963616e742e6e616d657d2c0a0a576527726520736f72727920746f20696e666f726d20796f75207468617420796f757220726563656e74206170706c69636174696f6e20686173206265656e2072656a65637465642e20576520686176652073746f72656420796f757220696e666f726d6174696f6e20696e206f757220646174612073797374656d7320616e642077696c6c20636f6e7461637420796f7520696620696e2074686520667574757265206120706f74656e7469616c206d61746368696e67206170706c69636174696f6e20697320706f73746564206f6e206f757220776562736974652e0a0a526567617264732c0a4d7920436f72703c2f61637469766974693a65787072657373696f6e3e0a20202020202020203c2f61637469766974693a6669656c643e0a2020202020203c2f657874656e73696f6e456c656d656e74733e0a202020203c2f736572766963655461736b3e0a202020203c73756250726f636573732069643d227369642d33303439383944312d443345432d344638392d413238382d32323338433739343139373322206e616d653d2273756250726f63657373223e0a2020202020203c73746172744576656e742069643d227369642d34384345433132432d323034372d344238422d393445392d333731413337394333434633222f3e0a2020202020203c706172616c6c656c476174657761792069643d227369642d39303442364133462d344430352d343038432d424635302d323531393446424645344341222f3e0a2020202020203c757365725461736b2069643d227369642d43323133374334362d313636422d344639422d393241312d39374246393230464344394522206e616d653d225465636820696e74657276696577222061637469766974693a63616e64696461746547726f7570733d226465762d6d616e6167656d656e74222f3e0a2020202020203c757365725461736b2069643d227369642d31343432394636382d344137392d343744432d413346302d32313830343632394644383822206e616d653d2246696e616e6369616c206e65676f74696174696f6e222061637469766974693a63616e64696461746547726f7570733d2266696e616e6365222f3e0a2020202020203c706172616c6c656c476174657761792069643d227369642d45313642443143322d463039452d343934362d413635412d334432464246314643363245222f3e0a2020202020203c656e644576656e742069643d227369642d44423035444335462d413537362d344537372d383033412d433431414230363934323435222f3e0a2020202020203c73657175656e6365466c6f772069643d227369642d36393834453934342d313931302d343539442d383532372d4341453444384438414237322220736f757263655265663d227369642d34384345433132432d323034372d344238422d393445392d33373141333739433343463322207461726765745265663d227369642d39303442364133462d344430352d343038432d424635302d323531393446424645344341222f3e0a2020202020203c73657175656e6365466c6f772069643d227369642d32343641303336312d333445382d344538322d423942342d3733324337384336353936412220736f757263655265663d227369642d39303442364133462d344430352d343038432d424635302d32353139344642464534434122207461726765745265663d227369642d43323133374334362d313636422d344639422d393241312d393742463932304643443945222f3e0a2020202020203c73657175656e6365466c6f772069643d227369642d43303044323136342d454144422d344439422d423638312d4444323334353846413938352220736f757263655265663d227369642d39303442364133462d344430352d343038432d424635302d32353139344642464534434122207461726765745265663d227369642d31343432394636382d344137392d343744432d413346302d323138303436323946443838222f3e0a2020202020203c73657175656e6365466c6f772069643d227369642d33394638333032322d433543352d343235352d393436442d3731464436353734443441332220736f757263655265663d227369642d43323133374334362d313636422d344639422d393241312d39374246393230464344394522207461726765745265663d227369642d45313642443143322d463039452d343934362d413635412d334432464246314643363245222f3e0a2020202020203c73657175656e6365466c6f772069643d227369642d37374334433532422d363036392d343546442d394146332d3643383644323046463735342220736f757263655265663d227369642d31343432394636382d344137392d343744432d413346302d32313830343632394644383822207461726765745265663d227369642d45313642443143322d463039452d343934362d413635412d334432464246314643363245222f3e0a2020202020203c73657175656e6365466c6f772069643d227369642d39343837313331462d323939422d344230372d393532342d3737343737414341464343302220736f757263655265663d227369642d45313642443143322d463039452d343934362d413635412d33443246424631464336324522207461726765745265663d227369642d44423035444335462d413537362d344537372d383033412d433431414230363934323435222f3e0a202020203c2f73756250726f636573733e0a202020203c73657175656e6365466c6f772069643d227369642d32383537434338352d414641422d344441422d394642442d4237463431443339363533382220736f757263655265663d227369642d42453943444334392d324544322d344645462d413744432d35363445464137314134444522207461726765745265663d227369642d34413930423633302d453930322d343144392d383534422d453735443036373134303734222f3e0a202020203c656e644576656e742069643d227369642d34413930423633302d453930322d343144392d383534422d453735443036373134303734222f3e0a202020203c736572766963655461736b2069643d227369642d39444643343833462d324335372d343337382d414532352d33303436304244333833384622206e616d653d2253746f726520726573756d65222061637469766974693a65787072657373696f6e3d22247b726573756d65536572766963652e73746f7265526573756d6528297d222f3e0a202020203c73657175656e6365466c6f772069643d227369642d33363644373946382d323344372d344533462d384630462d3343323935343543383146422220736f757263655265663d227369642d39444643343833462d324335372d343337382d414532352d33303436304244333833384622207461726765745265663d227369642d34324241453538412d384646422d344230322d414145442d453044384541354137453339222f3e0a202020203c73746172744576656e742069643d227369642d45304444324438452d303637322d344245302d393741342d393333444438373731454646222f3e0a202020203c73657175656e6365466c6f772069643d227369642d44344444343941422d303145332d344138342d394234362d3743453043343134443731442220736f757263655265663d227369642d45304444324438452d303637322d344245302d393741342d39333344443837373145464622207461726765745265663d227369642d39444643343833462d324335372d343337382d414532352d333034363042443338333846222f3e0a202020203c73657175656e6365466c6f772069643d227369642d46393637413236452d334338452d343541442d423739312d4334373334393144413938382220736f757263655265663d227369642d34374543443343362d434134382d343044382d423437382d36433236413132324641323822207461726765745265663d227369642d35394339393342442d333841302d344443332d393742432d463538464439344533384139223e0a2020202020203c636f6e646974696f6e45787072657373696f6e207873693a747970653d2274466f726d616c45787072657373696f6e223e3c215b43444154415b247b74656c6570686f6e65496e746572766965774f7574636f6d65203d3d2066616c73657d5d5d3e3c2f636f6e646974696f6e45787072657373696f6e3e0a202020203c2f73657175656e6365466c6f773e0a202020203c73657175656e6365466c6f772069643d227369642d46363539303530462d424631322d343346442d424536302d4630453233354231413332422220736f757263655265663d227369642d34374543443343362d434134382d343044382d423437382d36433236413132324641323822207461726765745265663d227369642d33303439383944312d443345432d344638392d413238382d323233384337393431393733223e0a2020202020203c636f6e646974696f6e45787072657373696f6e207873693a747970653d2274466f726d616c45787072657373696f6e223e3c215b43444154415b247b74656c6570686f6e65496e746572766965774f7574636f6d65203d3d20747275657d5d5d3e3c2f636f6e646974696f6e45787072657373696f6e3e0a202020203c2f73657175656e6365466c6f773e0a202020203c626f756e646172794576656e742069643d227369642d42453943444334392d324544322d344645462d413744432d35363445464137314134444522206e616d653d226170706c6963616e742063616e63656c7322206174746163686564546f5265663d227369642d33303439383944312d443345432d344638392d413238382d323233384337393431393733222063616e63656c41637469766974793d2274727565223e0a2020202020203c7369676e616c4576656e74446566696e6974696f6e207369676e616c5265663d2263616e63656c4170706c69636174696f6e222f3e0a202020203c2f626f756e646172794576656e743e0a202020203c6578636c7573697665476174657761792069643d227369642d33443633453536342d443335412d343245332d413831452d364437444633323544313138222064656661756c743d227369642d30313446414630422d454241312d343131422d414634462d434337454138343846463839222f3e0a202020203c73657175656e6365466c6f772069643d227369642d37334143334133432d443132382d343636342d424336432d3741463038464544433843412220736f757263655265663d227369642d33303439383944312d443345432d344638392d413238382d32323338433739343139373322207461726765745265663d227369642d33443633453536342d443335412d343245332d413831452d364437444633323544313138222f3e0a202020203c656e644576656e742069643d227369642d30383846364441302d454136382d344132392d394243332d37364239443543354532453022206e616d653d2272656a6563746564222f3e0a202020203c736572766963655461736b2069643d227369642d46324144413935332d364643462d343246412d423539452d34354441433645414346413722206e616d653d2253656e642077656c636f6d65206d61696c222061637469766974693a747970653d226d61696c223e0a2020202020203c657874656e73696f6e456c656d656e74733e0a20202020202020203c61637469766974693a6669656c64206e616d653d22746f223e0a202020202020202020203c61637469766974693a65787072657373696f6e3e247b6170706c6963616e742e656d61696c7d3c2f61637469766974693a65787072657373696f6e3e0a20202020202020203c2f61637469766974693a6669656c643e0a20202020202020203c61637469766974693a6669656c64206e616d653d2266726f6d223e0a202020202020202020203c61637469766974693a65787072657373696f6e3e746573744061637469766974692e6f72673c2f61637469766974693a65787072657373696f6e3e0a20202020202020203c2f61637469766974693a6669656c643e0a20202020202020203c61637469766974693a6669656c64206e616d653d227375626a656374223e0a202020202020202020203c61637469766974693a737472696e673e3c215b43444154415b596f7572206170706c69636174696f6e20686173206265656e206163636570746564215d5d3e3c2f61637469766974693a737472696e673e0a20202020202020203c2f61637469766974693a6669656c643e0a20202020202020203c61637469766974693a6669656c64206e616d653d2268746d6c223e0a202020202020202020203c61637469766974693a65787072657373696f6e3e4465617220247b6170706c6963616e742e6e616d657d2c0a0a576527726520686170707920746f20696e666f726d20796f75207468617420796f757220726563656e74206170706c69636174696f6e20686173206265656e2061636365707465642e202057652077696c6c20636f6e7461637420796f7520736f6f6e20666f72206d6f726520696e666f726d6174696f6e2e0a0a526567617264732c0a4d7920436f72703c2f61637469766974693a65787072657373696f6e3e0a20202020202020203c2f61637469766974693a6669656c643e0a2020202020203c2f657874656e73696f6e456c656d656e74733e0a202020203c2f736572766963655461736b3e0a202020203c656e644576656e742069643d227369642d37364632384636312d304232412d343142412d384137312d35453443394337383238453422206e616d653d226163636570746564222f3e0a202020203c73657175656e6365466c6f772069643d227369642d42393530454231372d384145362d344632332d383838382d4644434545343739374132312220736f757263655265663d227369642d46324144413935332d364643462d343246412d423539452d34354441433645414346413722207461726765745265663d227369642d37364632384636312d304232412d343142412d384137312d354534433943373832384534222f3e0a202020203c73657175656e6365466c6f772069643d227369642d30313446414630422d454241312d343131422d414634462d4343374541383438464638392220736f757263655265663d227369642d33443633453536342d443335412d343245332d413831452d36443744463332354431313822207461726765745265663d227369642d30383846364441302d454136382d344132392d394243332d373642394435433545324530222f3e0a202020203c73657175656e6365466c6f772069643d227369642d35394230384637322d394437432d344344352d413835302d3134453130333238464437422220736f757263655265663d227369642d33443633453536342d443335412d343245332d413831452d36443744463332354431313822207461726765745265663d227369642d46324144413935332d364643462d343246412d423539452d343544414336454143464137223e0a2020202020203c636f6e646974696f6e45787072657373696f6e207873693a747970653d2274466f726d616c45787072657373696f6e223e3c215b43444154415b247b746563684f6b2026262066696e616e6369616c4f6b7d5d5d3e3c2f636f6e646974696f6e45787072657373696f6e3e0a202020203c2f73657175656e6365466c6f773e0a20203c2f70726f636573733e0a20203c62706d6e64693a42504d4e4469616772616d2069643d2242504d4e4469616772616d5f6869726550726f63657373223e0a202020203c62706d6e64693a42504d4e506c616e652062706d6e456c656d656e743d226869726550726f63657373222069643d2242504d4e506c616e655f6869726550726f63657373223e0a2020202020203c62706d6e64693a42504d4e53686170652062706d6e456c656d656e743d227369642d34324241453538412d384646422d344230322d414145442d453044384541354137453339222069643d2242504d4e53686170655f7369642d34324241453538412d384646422d344230322d414145442d453044384541354137453339223e0a20202020202020203c6f6d6764633a426f756e6473206865696768743d2238302e30222077696474683d223130302e302220783d223332302e302220793d223138352e30222f3e0a2020202020203c2f62706d6e64693a42504d4e53686170653e0a2020202020203c62706d6e64693a42504d4e53686170652062706d6e456c656d656e743d227369642d34374543443343362d434134382d343044382d423437382d364332364131323246413238222069643d2242504d4e53686170655f7369642d34374543443343362d434134382d343044382d423437382d364332364131323246413238223e0a20202020202020203c6f6d6764633a426f756e6473206865696768743d2234302e30222077696474683d2234302e302220783d223436352e302220793d223230352e30222f3e0a2020202020203c2f62706d6e64693a42504d4e53686170653e0a2020202020203c62706d6e64693a42504d4e53686170652062706d6e456c656d656e743d227369642d41343835393532312d393842412d343445412d413942312d353534343538323343453044222069643d2242504d4e53686170655f7369642d41343835393532312d393842412d343445412d413942312d353534343538323343453044223e0a20202020202020203c6f6d6764633a426f756e6473206865696768743d2232382e30222077696474683d2232382e302220783d223639302e302220793d2235362e30222f3e0a2020202020203c2f62706d6e64693a42504d4e53686170653e0a2020202020203c62706d6e64693a42504d4e53686170652062706d6e456c656d656e743d227369642d35394339393342442d333841302d344443332d393742432d463538464439344533384139222069643d2242504d4e53686170655f7369642d35394339393342442d333841302d344443332d393742432d463538464439344533384139223e0a20202020202020203c6f6d6764633a426f756e6473206865696768743d2238302e30222077696474683d223130302e302220783d223532352e302220793d2233302e30222f3e0a2020202020203c2f62706d6e64693a42504d4e53686170653e0a2020202020203c62706d6e64693a42504d4e53686170652062706d6e456c656d656e743d227369642d33303439383944312d443345432d344638392d413238382d323233384337393431393733222069643d2242504d4e53686170655f7369642d33303439383944312d443345432d344638392d413238382d323233384337393431393733223e0a20202020202020203c6f6d6764633a426f756e6473206865696768743d223238302e30222077696474683d223439322e302220783d223532352e302220793d223133352e30222f3e0a2020202020203c2f62706d6e64693a42504d4e53686170653e0a2020202020203c62706d6e64693a42504d4e53686170652062706d6e456c656d656e743d227369642d34384345433132432d323034372d344238422d393445392d333731413337394333434633222069643d2242504d4e53686170655f7369642d34384345433132432d323034372d344238422d393445392d333731413337394333434633223e0a20202020202020203c6f6d6764633a426f756e6473206865696768743d2233302e30222077696474683d2233302e302220783d223534302e302220793d223235362e30222f3e0a2020202020203c2f62706d6e64693a42504d4e53686170653e0a2020202020203c62706d6e64693a42504d4e53686170652062706d6e456c656d656e743d227369642d39303442364133462d344430352d343038432d424635302d323531393446424645344341222069643d2242504d4e53686170655f7369642d39303442364133462d344430352d343038432d424635302d323531393446424645344341223e0a20202020202020203c6f6d6764633a426f756e6473206865696768743d2234302e30222077696474683d2234302e302220783d223631352e302220793d223235312e30222f3e0a2020202020203c2f62706d6e64693a42504d4e53686170653e0a2020202020203c62706d6e64693a42504d4e53686170652062706d6e456c656d656e743d227369642d43323133374334362d313636422d344639422d393241312d393742463932304643443945222069643d2242504d4e53686170655f7369642d43323133374334362d313636422d344639422d393241312d393742463932304643443945223e0a20202020202020203c6f6d6764633a426f756e6473206865696768743d2238302e30222077696474683d223130302e302220783d223732302e302220793d223136352e30222f3e0a2020202020203c2f62706d6e64693a42504d4e53686170653e0a2020202020203c62706d6e64693a42504d4e53686170652062706d6e456c656d656e743d227369642d31343432394636382d344137392d343744432d413346302d323138303436323946443838222069643d2242504d4e53686170655f7369642d31343432394636382d344137392d343744432d413346302d323138303436323946443838223e0a20202020202020203c6f6d6764633a426f756e6473206865696768743d2238302e30222077696474683d223130302e302220783d223732302e302220793d223330302e30222f3e0a2020202020203c2f62706d6e64693a42504d4e53686170653e0a2020202020203c62706d6e64693a42504d4e53686170652062706d6e456c656d656e743d227369642d45313642443143322d463039452d343934362d413635412d334432464246314643363245222069643d2242504d4e53686170655f7369642d45313642443143322d463039452d343934362d413635412d334432464246314643363245223e0a20202020202020203c6f6d6764633a426f756e6473206865696768743d2234302e30222077696474683d2234302e302220783d223836352e302220793d223235342e30222f3e0a2020202020203c2f62706d6e64693a42504d4e53686170653e0a2020202020203c62706d6e64693a42504d4e53686170652062706d6e456c656d656e743d227369642d44423035444335462d413537362d344537372d383033412d433431414230363934323435222069643d2242504d4e53686170655f7369642d44423035444335462d413537362d344537372d383033412d433431414230363934323435223e0a20202020202020203c6f6d6764633a426f756e6473206865696768743d2232382e30222077696474683d2232382e302220783d223935302e302220793d223236302e30222f3e0a2020202020203c2f62706d6e64693a42504d4e53686170653e0a2020202020203c62706d6e64693a42504d4e53686170652062706d6e456c656d656e743d227369642d34413930423633302d453930322d343144392d383534422d453735443036373134303734222069643d2242504d4e53686170655f7369642d34413930423633302d453930322d343144392d383534422d453735443036373134303734223e0a20202020202020203c6f6d6764633a426f756e6473206865696768743d2232382e30222077696474683d2232382e302220783d223937352e302220793d223435302e30222f3e0a2020202020203c2f62706d6e64693a42504d4e53686170653e0a2020202020203c62706d6e64693a42504d4e53686170652062706d6e456c656d656e743d227369642d39444643343833462d324335372d343337382d414532352d333034363042443338333846222069643d2242504d4e53686170655f7369642d39444643343833462d324335372d343337382d414532352d333034363042443338333846223e0a20202020202020203c6f6d6764633a426f756e6473206865696768743d2238302e30222077696474683d223130302e302220783d223137352e302220793d223138352e30222f3e0a2020202020203c2f62706d6e64693a42504d4e53686170653e0a2020202020203c62706d6e64693a42504d4e53686170652062706d6e456c656d656e743d227369642d45304444324438452d303637322d344245302d393741342d393333444438373731454646222069643d2242504d4e53686170655f7369642d45304444324438452d303637322d344245302d393741342d393333444438373731454646223e0a20202020202020203c6f6d6764633a426f756e6473206865696768743d2233302e30222077696474683d2233302e302220783d223130352e302220793d223231302e30222f3e0a2020202020203c2f62706d6e64693a42504d4e53686170653e0a2020202020203c62706d6e64693a42504d4e53686170652062706d6e456c656d656e743d227369642d42453943444334392d324544322d344645462d413744432d353634454641373141344445222069643d2242504d4e53686170655f7369642d42453943444334392d324544322d344645462d413744432d353634454641373141344445223e0a20202020202020203c6f6d6764633a426f756e6473206865696768743d2233302e30222077696474683d2233302e302220783d223932302e383133353233333836383934362220793d223430302e34333838363735333734323634222f3e0a2020202020203c2f62706d6e64693a42504d4e53686170653e0a2020202020203c62706d6e64693a42504d4e53686170652062706d6e456c656d656e743d227369642d33443633453536342d443335412d343245332d413831452d364437444633323544313138222069643d2242504d4e53686170655f7369642d33443633453536342d443335412d343245332d413831452d364437444633323544313138223e0a20202020202020203c6f6d6764633a426f756e6473206865696768743d2234302e30222077696474683d2234302e302220783d22313036322e302220793d223235352e30222f3e0a2020202020203c2f62706d6e64693a42504d4e53686170653e0a2020202020203c62706d6e64693a42504d4e53686170652062706d6e456c656d656e743d227369642d30383846364441302d454136382d344132392d394243332d373642394435433545324530222069643d2242504d4e53686170655f7369642d30383846364441302d454136382d344132392d394243332d373642394435433545324530223e0a20202020202020203c6f6d6764633a426f756e6473206865696768743d2232382e30222077696474683d2232382e302220783d22313138302e302220793d223236312e30222f3e0a2020202020203c2f62706d6e64693a42504d4e53686170653e0a2020202020203c62706d6e64693a42504d4e53686170652062706d6e456c656d656e743d227369642d46324144413935332d364643462d343246412d423539452d343544414336454143464137222069643d2242504d4e53686170655f7369642d46324144413935332d364643462d343246412d423539452d343544414336454143464137223e0a20202020202020203c6f6d6764633a426f756e6473206865696768743d2238302e30222077696474683d223130302e302220783d22313033352e302220793d223130352e30222f3e0a2020202020203c2f62706d6e64693a42504d4e53686170653e0a2020202020203c62706d6e64693a42504d4e53686170652062706d6e456c656d656e743d227369642d37364632384636312d304232412d343142412d384137312d354534433943373832384534222069643d2242504d4e53686170655f7369642d37364632384636312d304232412d343142412d384137312d354534433943373832384534223e0a20202020202020203c6f6d6764633a426f756e6473206865696768743d2232382e30222077696474683d2232382e302220783d22313138302e302220793d223133312e30222f3e0a2020202020203c2f62706d6e64693a42504d4e53686170653e0a2020202020203c62706d6e64693a42504d4e456467652062706d6e456c656d656e743d227369642d35394230384637322d394437432d344344352d413835302d313445313033323846443742222069643d2242504d4e456467655f7369642d35394230384637322d394437432d344344352d413835302d313445313033323846443742223e0a20202020202020203c6f6d6764693a776179706f696e7420783d22313038322e3837353933393834393632342220793d223235352e3837353933393834393632343035222f3e0a20202020202020203c6f6d6764693a776179706f696e7420783d22313038342e3233333731363437353039362220793d223138352e30222f3e0a2020202020203c2f62706d6e64693a42504d4e456467653e0a2020202020203c62706d6e64693a42504d4e456467652062706d6e456c656d656e743d227369642d33394638333032322d433543352d343235352d393436442d373146443635373444344133222069643d2242504d4e456467655f7369642d33394638333032322d433543352d343235352d393436442d373146443635373444344133223e0a20202020202020203c6f6d6764693a776179706f696e7420783d223832302e302220793d223230352e30222f3e0a20202020202020203c6f6d6764693a776179706f696e7420783d223838352e352220793d223230352e30222f3e0a20202020202020203c6f6d6764693a776179706f696e7420783d223838352e352220793d223235342e35222f3e0a2020202020203c2f62706d6e64693a42504d4e456467653e0a2020202020203c62706d6e64693a42504d4e456467652062706d6e456c656d656e743d227369642d43303044323136342d454144422d344439422d423638312d444432333435384641393835222069643d2242504d4e456467655f7369642d43303044323136342d454144422d344439422d423638312d444432333435384641393835223e0a20202020202020203c6f6d6764693a776179706f696e7420783d223633352e352220793d223239302e35222f3e0a20202020202020203c6f6d6764693a776179706f696e7420783d223633352e352220793d223334302e30222f3e0a20202020202020203c6f6d6764693a776179706f696e7420783d223732302e302220793d223334302e30222f3e0a2020202020203c2f62706d6e64693a42504d4e456467653e0a2020202020203c62706d6e64693a42504d4e456467652062706d6e456c656d656e743d227369642d36393834453934342d313931302d343539442d383532372d434145344438443841423732222069643d2242504d4e456467655f7369642d36393834453934342d313931302d343539442d383532372d434145344438443841423732223e0a20202020202020203c6f6d6764693a776179706f696e7420783d223536392e393939373130363637363832352220793d223237312e30393331363539303437363832222f3e0a20202020202020203c6f6d6764693a776179706f696e7420783d223631352e3337352220793d223237312e333735222f3e0a2020202020203c2f62706d6e64693a42504d4e456467653e0a2020202020203c62706d6e64693a42504d4e456467652062706d6e456c656d656e743d227369642d32343641303336312d333445382d344538322d423942342d373332433738433635393641222069643d2242504d4e456467655f7369642d32343641303336312d333445382d344538322d423942342d373332433738433635393641223e0a20202020202020203c6f6d6764693a776179706f696e7420783d223633352e352220793d223235312e35222f3e0a20202020202020203c6f6d6764693a776179706f696e7420783d223633352e352220793d223230352e30222f3e0a20202020202020203c6f6d6764693a776179706f696e7420783d223732302e302220793d223230352e30222f3e0a2020202020203c2f62706d6e64693a42504d4e456467653e0a2020202020203c62706d6e64693a42504d4e456467652062706d6e456c656d656e743d227369642d42393530454231372d384145362d344632332d383838382d464443454534373937413231222069643d2242504d4e456467655f7369642d42393530454231372d384145362d344632332d383838382d464443454534373937413231223e0a20202020202020203c6f6d6764693a776179706f696e7420783d22313133352e302220793d223134352e30222f3e0a20202020202020203c6f6d6764693a776179706f696e7420783d22313138302e302220793d223134352e30222f3e0a2020202020203c2f62706d6e64693a42504d4e456467653e0a2020202020203c62706d6e64693a42504d4e456467652062706d6e456c656d656e743d227369642d44353336423131392d394636432d343542362d423142362d383134324145373032303841222069643d2242504d4e456467655f7369642d44353336423131392d394636432d343542362d423142362d383134324145373032303841223e0a20202020202020203c6f6d6764693a776179706f696e7420783d223632352e302220793d2237302e30222f3e0a20202020202020203c6f6d6764693a776179706f696e7420783d223639302e302220793d2237302e30222f3e0a2020202020203c2f62706d6e64693a42504d4e456467653e0a2020202020203c62706d6e64693a42504d4e456467652062706d6e456c656d656e743d227369642d33363644373946382d323344372d344533462d384630462d334332393534354338314642222069643d2242504d4e456467655f7369642d33363644373946382d323344372d344533462d384630462d334332393534354338314642223e0a20202020202020203c6f6d6764693a776179706f696e7420783d223237352e302220793d223232352e30222f3e0a20202020202020203c6f6d6764693a776179706f696e7420783d223332302e302220793d223232352e30222f3e0a2020202020203c2f62706d6e64693a42504d4e456467653e0a2020202020203c62706d6e64693a42504d4e456467652062706d6e456c656d656e743d227369642d32383537434338352d414641422d344441422d394642442d423746343144333936353338222069643d2242504d4e456467655f7369642d32383537434338352d414641422d344441422d394642442d423746343144333936353338223e0a20202020202020203c6f6d6764693a776179706f696e7420783d223933352e383133353233333836383934362220793d223433302e34333838363735333734323634222f3e0a20202020202020203c6f6d6764693a776179706f696e7420783d223933352e383133353233333836383934362220793d223436342e30222f3e0a20202020202020203c6f6d6764693a776179706f696e7420783d223937352e302220793d223436342e30222f3e0a2020202020203c2f62706d6e64693a42504d4e456467653e0a2020202020203c62706d6e64693a42504d4e456467652062706d6e456c656d656e743d227369642d39343837313331462d323939422d344230372d393532342d373734373741434146434330222069643d2242504d4e456467655f7369642d39343837313331462d323939422d344230372d393532342d373734373741434146434330223e0a20202020202020203c6f6d6764693a776179706f696e7420783d223930342e363231373934383731373934392220793d223237342e3337383230353132383230353134222f3e0a20202020202020203c6f6d6764693a776179706f696e7420783d223935302e303030323833393738353339342220793d223237342e30383931373031363537343138222f3e0a2020202020203c2f62706d6e64693a42504d4e456467653e0a2020202020203c62706d6e64693a42504d4e456467652062706d6e456c656d656e743d227369642d30313446414630422d454241312d343131422d414634462d434337454138343846463839222069643d2242504d4e456467655f7369642d30313446414630422d454241312d343131422d414634462d434337454138343846463839223e0a20202020202020203c6f6d6764693a776179706f696e7420783d22313130312e353835353835353835353835352220793d223237352e34313434313434313434313434222f3e0a20202020202020203c6f6d6764693a776179706f696e7420783d22313138302e303030313430373630383132322220793d223237352e30363237373936333738343339222f3e0a2020202020203c2f62706d6e64693a42504d4e456467653e0a2020202020203c62706d6e64693a42504d4e456467652062706d6e456c656d656e743d227369642d37374334433532422d363036392d343546442d394146332d364338364432304646373534222069643d2242504d4e456467655f7369642d37374334433532422d363036392d343546442d394146332d364338364432304646373534223e0a20202020202020203c6f6d6764693a776179706f696e7420783d223832302e302220793d223334302e30222f3e0a20202020202020203c6f6d6764693a776179706f696e7420783d223838352e302220793d223334302e30222f3e0a20202020202020203c6f6d6764693a776179706f696e7420783d223838352e302220793d223239342e30222f3e0a2020202020203c2f62706d6e64693a42504d4e456467653e0a2020202020203c62706d6e64693a42504d4e456467652062706d6e456c656d656e743d227369642d46363539303530462d424631322d343346442d424536302d463045323335423141333242222069643d2242504d4e456467655f7369642d46363539303530462d424631322d343346442d424536302d463045323335423141333242223e0a20202020202020203c6f6d6764693a776179706f696e7420783d223438352e352220793d223234342e35222f3e0a20202020202020203c6f6d6764693a776179706f696e7420783d223438352e352220793d223237352e30222f3e0a20202020202020203c6f6d6764693a776179706f696e7420783d223532352e302220793d223237352e30222f3e0a2020202020203c2f62706d6e64693a42504d4e456467653e0a2020202020203c62706d6e64693a42504d4e456467652062706d6e456c656d656e743d227369642d44344444343941422d303145332d344138342d394234362d374345304334313444373144222069643d2242504d4e456467655f7369642d44344444343941422d303145332d344138342d394234362d374345304334313444373144223e0a20202020202020203c6f6d6764693a776179706f696e7420783d223133352e302220793d223232352e30222f3e0a20202020202020203c6f6d6764693a776179706f696e7420783d223137352e302220793d223232352e30222f3e0a2020202020203c2f62706d6e64693a42504d4e456467653e0a2020202020203c62706d6e64693a42504d4e456467652062706d6e456c656d656e743d227369642d46393637413236452d334338452d343541442d423739312d433437333439314441393838222069643d2242504d4e456467655f7369642d46393637413236452d334338452d343541442d423739312d433437333439314441393838223e0a20202020202020203c6f6d6764693a776179706f696e7420783d223438352e352220793d223230352e35222f3e0a20202020202020203c6f6d6764693a776179706f696e7420783d223438352e352220793d2237302e30222f3e0a20202020202020203c6f6d6764693a776179706f696e7420783d223532352e302220793d2237302e30222f3e0a2020202020203c2f62706d6e64693a42504d4e456467653e0a2020202020203c62706d6e64693a42504d4e456467652062706d6e456c656d656e743d227369642d37334143334133432d443132382d343636342d424336432d374146303846454443384341222069643d2242504d4e456467655f7369642d37334143334133432d443132382d343636342d424336432d374146303846454443384341223e0a20202020202020203c6f6d6764693a776179706f696e7420783d22313031372e302220793d223237352e33393438363335363334303239222f3e0a20202020202020203c6f6d6764693a776179706f696e7420783d22313036322e3436373834353635393136342220793d223237352e3436373834353635393136333937222f3e0a2020202020203c2f62706d6e64693a42504d4e456467653e0a2020202020203c62706d6e64693a42504d4e456467652062706d6e456c656d656e743d227369642d42343638323236422d444232452d343231452d423034422d354646313632324633453738222069643d2242504d4e456467655f7369642d42343638323236422d444232452d343231452d423034422d354646313632324633453738223e0a20202020202020203c6f6d6764693a776179706f696e7420783d223432302e302220793d223232352e32313634353032313634353032222f3e0a20202020202020203c6f6d6764693a776179706f696e7420783d223436352e343133303433343738323630392220793d223232352e3431333034333437383236303837222f3e0a2020202020203c2f62706d6e64693a42504d4e456467653e0a202020203c2f62706d6e64693a42504d4e506c616e653e0a20203c2f62706d6e64693a42504d4e4469616772616d3e0a3c2f646566696e6974696f6e733e, '0');
INSERT INTO `ACT_GE_BYTEARRAY` VALUES ('4', '1', '/Users/realaicy/RealCode/TNA/JC/jc-web/target/classes/processes/Developer_Hiring.hireProcess.png', '1', 0x89504e470d0a1a0a0000000d49484452000004c2000001e80806000000ab7843570000698f4944415478daecdd0b7454e5bdb87fa020ea1f5d3d2a58905610e5a83f8e967a9682ed12f45817ac8315ad74984cb8947b1129270285631150502e962878addc4591a05c452eb91092a2205020dc4a224184100877420214f4fdefef7bb2a73b9399c9cc6466b267e6f9acf52e2673c9843013f67ef2ee77d7a90300000000000000000000000000000000000000000000000000000000000000000000000000000000000000000000000000000000000000000000000000000000000000000000000000000000000000000000000000000000000000000000000000000000000000000000000000000000000000000000000000000000000000000000000000000000000000000000000000000000000000000000000000000000000000000000000000000000000000000000000000000000000000000000000000000000000000000000000000000000000000000000405c504ad52f2c2c5cbc69d3a6ef333333557a7a3a23ca23232343e5e4e49c344632af48000000000080089108969b9bab4a4a4ad4e5cb9719b5344e9c38a1366cd8702e2323e3595e95000000000000112033c18860b6896197d3d3d3f7f1aa0400000000008800391c9208659f919e9e7e85572500000000004004c81a5504285b8530c5ab1200000000002002820961c5a72fa894853bf490cb842b4218000000000040ccf017c22e5dbaac4e9d2f777f9cb3ef983b84c965f3fa92b365ea6c6939218b10060000000000605fbe429844b0051b0faad18bf3d4ba5d4755f6de623566c96e770893cb72fdaaed47d428e33ed3d6ec57e72e10c3086100000000000036e52b849d3c57a6fe9496e70e5fd58de19fec54874f9e276611c2000000000000ecc9dfa1915fec280a3884a56d3e44c82284010000000000d897bf102687439aa16bc4a29deae32fbf55078e9dd5432ecb75e6edab771611b20861000000000000f6e52d84c9192165317ceb9a6012be3cef27d759d70c93c770364942180000000000802d790b61de0e7d9459609ef793ebbcdd97a04508030000000000b01d4218210c00000000002021706824210c00000000002021f85f2cff58c08be5cb7d09598430000000000000dbf217c2d6e415793df4d1dbf87cfb114216210c0000000000c0be7c85b093e7cad4e8c5790187b091693b55c9d9326216210c0000000000c09e7c85b0b2f24beaddac027df8e3d2addfa9f57b2baf192697b3f716ab75bb8eea60363be780ba78e912318b10060000000000604ffe0e8d941876ecccbf16bf97c5f0cd102697cdeb4f9f2f278211c2000000000000eccd5f08f3763649338471764842180000000000404c092684310861000000000000318b10460803000000000048088430421800000000004042208411c20000000000001202218c10168b5c2e577387c331a47bf7ee8b8d51608c526328635c34c641e3b6a5c69fc3e57e7cb700000000008046082384c512a7d3d9d518e9c6b85c11be0219eb8dfb27f3dd030000000020c111c20861b1a07bf7ee2d9c4ee79a20e297b791dbad5bb73bf96e020000000090a008618430bb73381cdd9392924e5ba396cbe552afbdf69acacaca52df7df79d3a7ffebc12656565aaa8a8486ddcb851a5a6a6aa1e3d7a78c6b0526687010000000090a0086184303b73381c5d9c4ee7556b005bb060812a292951813873e68cbebf3cce1ac48ccfd98fef2e00000000000986104608b32b9909668d602929297af65728e47123468cf08c61cc0c0300000000209110c2086176246b82590f871c3b76acfbf0c750c9619313274ef43c4cf26ebedb00000000002408421821cc8e92929232ac33c16a1ac1ac31cc6366582edf6d00000000001204218c1066374ea7b3ab754db0500f87f47798a475cd300e9104000000002041d4348415171713b0086161e5743ad3cd48250bdd47c2c2850b99150600000000403cc50463fcaabafb851ac2264d9aa46ebcf1468936aa55ab566ae4c891618b41e3c68dd39ff7c2850b213d3e2323433f7ef5ead5213d5ee2cbaa55abf4e58d1b37eacfb574e9524258145e932e97abb9b940beccda3a75ea544442989c4db2478f1ed618d6829f1a0000000000c428cb615fe90e87a39daffb8512c276eddaa5e3d0a04183547676b61a326488fe5802941d42d8e1c387d5cc9933d5a14387827eecbe7dfbf473cbe3e5e3a2a2227db9b0b090101685d7a471fd10f37e53a64c5191949a9a6a0d61c3f9a90100000000408c4707cb58ed6d364e2821ec9b6fbe513ffad18f94c3e150dbb76f57a5a5a56acd9a35fa7ab95dceccd7a44913d5b46953357efc787ddde6cd9b55cb962df54c32f9536e9f3d7bb6fb73ce9a354bdd7befbdea9e7bee51bff9cd6fbc86b0cccc4cfdd8c18307ab9b6fbe59656565797d2e99c525f75bbf7ebdcfaf47c6071f7ca05ab468a11a376eac671f9d3d7b5675ecd8513fb75c377ffe7cb575eb56fdb9d6ae5dab1f23b3cc1e7ae82175c30d37a80e1d3aa8bcbcbc80fe7e84b0c05e93c6758bcddb25b24692bc4e2c5fcb4a7e6a0000000000103fd1c13d1bc71a1f423d34526681d5ad5b5747a3d6ad5bab575f7d555dba7449e5e7e7ebeb5e7cf145f5c61b6fe8cb2b56ac50393939fa72fbf6ed754c6ad3a68d6ad6ac997b06977c2ee3eb521f7ef8a1bae5965bbc8630395c51aebfefbefbf4e7dfb16387d7e7b21e1ae9ebeb3979f2a46ad8b0a17ece8f3efa485d7ffdf53a92bdfdf6dbfa3e7dfaf451bb77efae7468e49e3d7bf4fd2496bdfbeebbfa90d03beeb8439d3b77ceefdf8f1016f86bd2f8b8c0bc3edc8be47b92d97e96afe3303f35000000000088b3e8609d8d2387a7d564b17c394432252545dd79e79d3a02c9ccabc99327ab7af5eaa9a953a7ea43cf1a356aa4677099a168ce9c39fab1729d8428b9fcd7bffe55df66ce2893b59beaf809611f7ffcb1fed8d773594398affbcc9b374fdf4742997caee3c78f7b3d34d21ac25e7ffd757d79e7ce9dfab677de79477f2c33cffcfdfd086181bf268d516e7e7cfefcf98886b0b2b232eb735fe4a706000000000091dff9afd5114a085bb264897aecb1c7d4c18307f5c7121464f6935c2761ac7efdfa6ac488117a017d19b2f8bc198a962f5fae1f23b73768d0405f9e3e7dbabe4d6600c9c703060cf01bc2ccafd9d773594398affbbcf5d65bfa3efbf7efd79f4b82982ca0ee2f84495493cb070e1cd0b799314dbe1e7f7fbf6086dd5f2fd11cd1607d3e7e5a010000000010861066b300b7c5e17074e9d8b1637db95f28214c0298449ec71f7f5c7dfae9a76aecd8b13a020d1d3a54c727b92c6b7ec9ba59eddab5d3eb6b99a1480e4bf40c45f2f9ea542cbe2feb7e4954f317c2e43ee67a5dde9ecb1ac27cdde7c891237aa698b9e0ff4d37dda49e7bee391db9e4fea3468dd28bed5b43985c964338939393f57a650f3ef8a05e4b4c0eb3f4f7f7634658e0af49e3722933c2000000000088e19d7f9b44874a01cc14eaa191b296d6030f3ca0c390049f2e5dbaa89292121d177af7eead67615d73cd35eac9279fd441abba503461c204bd00fe8f7ffc6373768ecf10662e82efebb9cc10260bf8fbba8f3cfecd37df5477dd7597fe3a64ddafa3478feafbcb9a67f2f8d75e7bad520893c7bcf7de7b3a7ec975b7df7ebb0e62723d212c3caf49d608030000000020c677fe6b393a7ce5743abb7a0630534dd60893515c5cace391e7f5329be7f4e9d3417d2e396ba3b7cf55ddb03e975c360f7bfcf2cb2f03fa7a3caf2f2f2fd751ccdf7356777ba823414298cfd724678d040000000020c677fe6be979bdce00f354d31066b7216b7b197f2dd5a449133d432dd6befe380f61d5be268ddb8798716aca9429110d6172f2044b081bce4f2b00000000006abef36febb0116f21ecdb6fbfd58750ca616fb1f8f5c773080b84cbe56a6ebc67aec8fbc6b8ac4e9d3a159108262746484e4efec112c25af0d30a00000000801a2284d967782e7c5fc7b2f61721cc3e9c4e67ba19a8e40c9f91b070e142eb6cb05c7e52010000000010068430fb0c992526874e16161612c26c4cd60f332395cc0a0bf7a2f9f2f9929292dcb3c18ce74be6271500000000006140080b6d4c9c3851aff3d5b46953357efc787ddde79f7fae5ab66ca9c68d1ba76f6bd3a68d5ab264896adbb6ad3e93a3acf9643e7ed8b061faac8eb7dc728b7afae9a7f521765bb76ed58f5fbb762d21ccfeef9bf566a84a4949d1273b08073919c30b2fbc70d53a1bacba75f4000000000040e03bf484b020477e7ebe8e542fbef8a27ae38d37f4e5152b56a8458b16e9cb12b6962d5ba6ead7afaf1a356aa4d2d2d2d4238f3ca2aebbee3a75e9d2251dbc5ab76eade6cd9ba7e3983ce6b3cf3ee3d0c8d87adfb430c60933588d1d3bb6c6314c22d8c48913adeb82953a9dcebbf96e030000000010be1d7a42589063f2e4c9aa5ebd7a6aead4a93a6449ec1a3c78b03b84995fb3cc16ebdcb9b3be3c61c2047d9b79a6c87dfbf6e9c73ff1c413fafae9d3a713c2628cc3e1e86e2e9c6fce0c0bf53049799cc74c300e89040000000020dc0861c10f091e32db6bc488116ae4c8917ac8a2e96608dbb2658bbe9f1cfa286b48c965895e72dbf1e3c7f55923e5f1c9c9c96ad6ac59fafa19336610c262f3fdd3db1ac3e4df5b5e0b72d6c740cf0e290be35bd70493e1703846f1dd050000000020fc3bf284b020c7ead5ab75a49288b579f366d5ae5d3bbdae57a0216cf4e8d1aa418306eaf0e1c36aeedcb9fafa69d3a611c26294cc0c33c6196bc8927ff72953a6a8ecec6c3ddbcb3c6c520e7f949322c8bfafcc02ecd5abd7f7d6c7c9e19012d7f8ae0200000000100184b0e087c48cdebd7beb595dd75c738d7af2c927d5850b17020e61bb76ed52ad5ab5d2875776e8d041dd7aebad6ad0a04184b0d87e1fb5703a9de91e512bd891cb9a6000000000004476079e1016e290593ea74f9f0ef9f112c5ecfa77238485fc7e7ab622885d092680c92c30ce0e090000000040e477dc09610c425898b95caee64ea77398f1fe5a6c8c83c6b85811bde4cfc3c658698ce132938cef1600000000005142086310c20000000000404220843108610000000000202110c21884300000000000901008610c421800000000004808843006210c00000000002404421883100600000000001202218c4108030000000000098110c620840100000000808440086310c20000000000404220843108610000000000202110c21884300000000000901008610c421800000000004808843006210c00000000002404421883100600000000001202218c4108030000000000098110c620840100000000808440086310c20000000000404220843108610000000000202110c21884300000000000901008610c421800c02e9452f50b0b0b176fdab4e9fbcccc4cfdff0e23ba23232343e5e4e49c344632af4800004008238411c2000088108960b9b9b9aaa4a484ff776b719c3871426dd8b0e15c4646c6b3bc2a010000212c8ae4b7c16c90da665c4c4f4fbfc2bb0600102932138c08669b1876d9f87f7f1faf4a000040088ba29c9c9c623688ed318a8a8a3e618318001049fc02cc7633c1f905180000208445535656d653d9d9d9678f1f3f5ece0669edcd04930896919171884324000091c492082c8900000090d0214c646464743136c4b6c86f2559c4b656867cdff711c10000760a61c5a72fa894853bf490cb842b42180000405c843000009018fc85b04b972eab53e7cbdd1fe7ec3be60e6172d9bcbee46c993a5b5a4ec8228401000054450803000076e12b8449045bb0f1a01abd384faddb755465ef2d566396ec768730b92cd7afda7e448d32ee336dcd7e75ee02318c10060000e08110060000ecc257083b79ae4cfd292dcf1dbeaa1bc33fd9a90e9f3c4fcc228401000054460803000076e1efd0c82f7614051cc2d2361f226411c2000000aa2284010000bbf017c2e4704833748d58b4537dfce5b7eac0b1b37ac865b9cebc7df5ce224216210c0000a02a42180000b00b6f214cce08298be15bd70493f0e5793fb9ceba66983c86b34912c20000002a2184010000bbf016c2bc1dfa28b3c03cef27d779bb2f418b10060000e0460803000076410823840100004414210c0000d805874612c2000000228a10060000ecc2ff62f9c7025e2c5fee4bc8228401000054410803000076e12f84adc92bf27ae8a3b7f1f9f623842c421800004055843000006017be42d8c973656af4e2bc8043d8c8b49daae46c19318b100600005019210c0000d885af1056567e49bd9b55a00f7f5cbaf53bb57e6fe535c3e472f6de62b56ed7511dcc66e71c50172f5d226611c20000002a2384010000bbf07768a4c4b06367feb5f8bd2c866f8630b96c5e7ffa7c39118c10060000e01d210c0000d885bf10e6ed6c926608e3ec9084300000808010c20000805d0413c2188430000080a011c20000805d10c2086100000011450803000076410823840100004414210c0000d805218c1006000010518430000060178430425834b85caee60e876388b11dbcd81805c628956d62635c34c641e3b6a5c69fc3e57ebc2b010088338430000060178430425824399dceaec64837c6e58af015c8586fdc3f9977270000718210060000ec821046088bd0f66e0ba7d3b92688f8e56de476ebd6ed4edea50000c4fe8601210c0000d802218c10166e0e87a37b5252d2696bd472b95ceab5d75e53595959eabbefbe53e7cf9f57a2acac4c151515a98d1b37aad4d454d5a3470fcf1856caec300000621c210c0000d805218c10164e0e87a38bd3e9bc6a0d600b162c502525252a1067ce9cd1f797c7598398f139fbf16e05002046c54208fbfaebaf1f1e3c7870c13df7dc73c5f85031180c0683c1a8fdd1bc79f3f2d6ad5bcf312e37228411c26c18c1ba5b23584a4a8a9efd150a79dc8811233c631833c30000208445268219ae76e9d2456dd9b2455dbc7851010080da75e5ca15b56bd72ef5dbdffef6871b6eb8213f5c318c1046080bd3f66d0bebe19063c78e751ffe182a396c72e2c4899e8749decdde04000084b0b07aeeb9e70e4804030000f6f4eb5ffffa84f15ff66b843042985d24252565586782d53482596398c7ccb05cf6260000208485951c0e2933c10000803dedd9b3e7bcf15f7601218c1066074ea7b3ab754db0500f87f4453e9f75cd300e9104008010166e1c0e0900808dc9619275fe6fddb05a0d61c5c5c5c42b429884b0743352c942f791b070e1426685010040088b5c08030000f6569b216cd2a449eac61b6fd45f43ab56add4c89123c31682c68d1ba73fef850b17c2f639376edca83fe7d2a54b096141062e63fccadf7d5c2e577373817c99b575ead4a988bcdee56c923d7af4b0c6b016ec55000040082384010040088b68089305fbe5b9070d1aa4b2b3b3d5902143f4c719191984b0380b61964311d31d0e473b6ff731ae1f62de6fca9429117dcda7a6a65a43d870f62a00002084d93e84ad5dbb566f88feed6f7fab72dbd6ad5bdda787af5bb7aebaeebaebd46f7ef31b7dd8050000b04708fbe69b6fd48f7ef423e57038d4f6eddb556969a95ab3668dbe5e6e97b3fc3569d244356dda548d1f3f5e5fb779f366d5b2654b3d934cfe94db67cf9eedfe9cb366cd52f7de7bafbae79e7bf4fffdde4258a74e9dd4b061c3f4e5091326e8cf535858a84a4a4ad41d77dca1e6cc99e3f3f93d43d8071f7ca05ab468a11a376eac67319d3d7b565fbf7af56af5d0430fa91b6eb84175e8d041e5e5e5e9eb3ffffc73fd7c12e9e473b769d3462d59b244b56ddb567f0e0934e6d7e9edf9633d8459c66acf1962c6758bcddb258c4692fc3b5abe9695ec55000040088b8b10f6dc73cfa94f3ffd546f3ccac7b2d10b0000ec11c264c82c30f9a5957c0dad5bb756afbefaaaba74e992cacfcfd7d7bdf8e28bea8d37ded09757ac58a1727272f4e5f6eddbebd82421a959b366fa731d3e7c587f2ea7d3a93efcf04375cb2db7780d6172e640f3310f3ef8a0becfdcb973d5a2458bf465796e5fcf6f0d61274f9e540d1b36d4cff7d1471fa9ebafbf5e6f73ecd9b3475feed8b1a37af7dd77f5219f12d8ce9d3be77e8ea79f7e5a2d5bb64cd5af5f5f356ad448a5a5a5a9471e7944fff2cedfdf3f8e42987b869819c48c8f0bccebc3bd48bea7a2a222ebd77198bd0a00000861510d61b2c1d7bf7f7fd5bc797375e79d77aa3ffde94ffafaafbffe5a6f389ab1ebe5975f56f7dd775fa510d6af5f3f75ebadb7aa279e78426f9c5a43d8cc9933ddcff1d39ffe543dfcf0c37a035a3ee7f3cf3faf6ebef966959b9bab3714dbb56ba77f6bfbe8a38faa7dfbf6b91f27bf15367fe32ceb49949797ebebe537d1f2bcb2212dbf4df6f7f7f0753d0000891ec2cc4324535252f4ff91f2b5c84ca8c99327ab7af5eaa9a953a7ea5952128b060f1eec0e61e6ac2db94e62945cfeeb5fffaa6f336794c9ffdbde42d8860d1bf4f5f2a784a8bbeeba4bf5eddb57f5e9d347dd7ffffdfa3ebe9edf1ac2e6cd9be70e67f298e3c78feb3f5f7ffd757dfdce9d3bf5c7efbcf38efe78fdfaf5ee10667eaf64b657e7ce9dddb3d3e4369999e6ebf9e32d8459678819a3dcfcf8fcf9f3117dcd979595599ffb227b15000010c2a21ac2e4b7b0d75e7badfaeaabaff46f707ffdeb5feb4314cc0d55d990137ffce31f75acb2863039ec4036467ff18b5fe84321ac214c7e432b1b90e686b03cde7c9c6ce8bef4d24b7a23557e6bfbd8638fe9c31b64235c7e732b67bb948d30d9b896431d64c355ee271ba9070f1ed49f431e3f63c60c7df98b2fbef0f9f7f0753d0000891cc2e49040f9ff57fe5f958f254ec82f98e43a096312a964f6962ca02f43ce226886b0e5cb97bb67773568d0405f9e3e7dbabe4d6613c9c703060cf01ac2e4ff78f90597fcf24bb62bde7efb6dfdffff6db7dda6c68c19a3efe3ebf9ad21ecadb7ded297f7efdfaf1f23414c1662978825d71f3870405f6f0633f9fe98216ccb962dfab6db6fbf5d6f67c865d96691db24a8f97afe60bebf01c427db8e68b03e1f7b15000010c2a21ac276ecd8a10f6590b5317af5eae59e011648089353600beb6f81cd1026114bce44f5b39ffd4cc730d910361f27872008f92dab7cbc77efde4a9f47be0639cc412ecb06ba908d5b21bfe995dfd24e9b364d6f74cb6f69658699afbf87afeb010048e41026ffbf4ac47afcf1c7f5520663c78ed55fcbd0a143f5618f7259d6fc9275c164e6b6fc1f6e8630f330416b08337f51258bef676565e9a856c7c762f932fb4b6e93d958050505eeb5456536bab9c697b7e7b786b023478ee8ed0173b1ff9b6eba492fcb20f791fff7939393556666a63efc52b601e450ca404398afe78fc319615b1c0e47978e1d3bd6372e9732230c000024440813b238aec42a39dcb04ec56f7acd8d5db94d0c1c38b04a08930d4a21bf25ad53f15b596f87469accc7c9e10966d4aa53f1db6361c62fb9fdbdf7ded397cdd95bb2812d1b4eb2d12dbfa51d356a941a3d7ab41e9f7cf289cfbf87bfeb010048d410264366633df0c0033a1c49d0ead2a58b3e3450febfedddbbb7fefff69a6bae514f3ef9a40e5afe42987978a12c7df0e31fffd89ce9e33584c96c34b94dce4e281fcbb20912a5ccdb7d3dbfe762f96fbef9a63eb452be065913ece8d1a3fa7ad98690f825f795cf2b414cae0f3484f97afe380a61ee0066b90f6b84010080c40861f2db4e395b921c4220d149ce2025871b98bfa1958562e5b21cb2e819c27ef9cb5fea430ee5300a5964570412c2646d3021bff9958def9e3d7bea8d6b39d4520e9790df44ca86a8fca6d75c13447ed32bbfa5aed8b0d4873afcfdef7fd70bf6ca06aeafbf87afeb010048f410660e39b3b3c41fcfebe5ffe3d3a74f07f5b9e4cc8dde3e572823d0e7f7751f338c45faf96328847de5743abb5a0398e53e9c3512000024460893430ee5b00859474b0e33ecdab5abde80fdfefbeff565f93cb26ec7ef7ef7bb2a214cd6ff90dfc2fefbbfffbbfeed70a021cc7a78a2dccffcadad9c025d8298497e532d814d9e43629b1cd670e5ca157d4885f95bdaa79e7a4afdf39ffff4f9f7f0753d0000843046a486cd42589519609e8cdb8798714a66ea45922c8d610961c3d9ab0000801016d5106692c56be50c8bde42d90f3ffce0f3716634ab29895cbec8e1089ee46bf576bdafbf87afeb0100208431e2398405c2e5723537b66dafc8f6ad1c2e7aead4a988bcde65bb323939f9074b086bc15e05000084b05a09610000801066d7615d1fcc73ad30425878389dce743350c9faaf9120275ab244b05cf6280000208411c20000208411c23c862cb02ecb29c87a9f84b08885b0ae66a4925961e15e345f3e5f5252927b3698f17cc9ec51000040082384010040088bbb10f6f9e79fab962d5baa71e3c6e913e3b469d3469f3d524e68236b85caba51e67d870d1ba6cfe878cb2db7a8a79f7e5a1fa6276b90cae365bd51425844b76fd79ba12a2525459f30201c64298d175e78e1aa753698bf35cb000000218c10060000212c6643d8a2458bf4df55c2d6b265cbf4496fe42436696969ea91471e51d75d779d5ecb5382979c2847ce0e2d714c1ef3d9679f716864f4b66f5b18e38419acc68e1d5be31826116ce2c489d675c14a9d4ee7ddec4d000040082384010040088beb10667e9d4d9b36559d3b77d697274c98a06f2b2929d11fefdbb74f4d9d3a553df1c413fafae9d3a713c2a2c8e170743717ce376786857a98a43cce6326188744020040082384010040084b8c10b665cb16fdb11cfa28eb50c965895e72dbf1e3c7d5aa55abf46cb1e4e464356bd62c7dfd8c19330861d1dfceed6d8d61f26f250be8cb591f0321f79385f1ad6b82c970381ca3d88b0000801046080300801046083b7e5c8d1e3d5a3568d0401d3e7c58cd9d3b575f3f6dda3442582d909961c638630d59f26f3665ca14959d9dad677b99874dcae18f724203f9b791197cbd7af5fadefa38391c52e21a7b10000010c20861000010c2086115216cd7ae5daa55ab56aa5ebd7aaa43870eead65b6f5583060d2284d5def66e0ba7d399ee11b5821db9ac09060000218c10060000122684053b248ac5f2d71f2f21ccb2ddfb6c4510bb124c009359609c1d1200004218210c000010c2e278c45b0833b95caee64ea77398b11dbcd818078d71b1227ac99f878db1d218c36526197b0b000010c20861000080104608030000208411c20000208411c2086100000084304218000084304218210c000080104608030080104608238401000010c20018befbee3bf5d5575fa9cccc4cbd73c288eec8c8c850393939aaa0a08017234008238401000010c20861402423586e6eae2a292961e7ac16c7891327547676b6cacfcfe7450910c2086100000084304218100932138c08669f1826b3f20010c20861000000843042181001125ed829b3d7ce21004218210c0000801046080322809d43421840086310c200000008610021cc322e9c2d56855be6a83d192feb2197e53a76e8086100218c410803000084304218103721acf44c91dabd768cdab96a44a521d7c96decd411c2004218831006000008618430202e42d8e13d2baa4430731cd9b3929d3a421840086310c2000000218c1006c44708dbb77eb2cf1026b7b15347080308610c42180000208411c280b80861bbd3c7f90c61721b3b7584308010c620840100004218210c208431086100218c410803000084304218102b214cce12e92b84c96decd411c2004218831006000008618430202e4258c1c6b77c8630b98d9d3a421840086310c2000000218c1006c445083b5594a776af1b5bf5b048e33ab98d9d3a421840086310c2000000218c1006c44508937170ebfc2a214cae63878e100610c218843000004008238401f113c22e5d52055fbe5bf5b048e33ab98d9d3a421840086310c2000000218c1006c47c082b3d53a4f237cef0b94698dc26f761c78e100610c218843000004008238401b119c22e5d52c505596ad79afff519c1cc21f791fb323b8c1006d83584656666f233c63ee3a2f1b3ee0a5bcb000080104608036c11c2aa9b05c6ec304218106b212c2727a7b8a4a4849f3336184545459f183febf6b1b50c000008618430c016212c905960fe6687b1a3470803ec16c2b2b2b29ecacece3e7bfcf8f1727ed6d4de4c308960191919878cf12c5bcb4082337ec6d72f2c2c5cbc69d3a6ef65daae6c0431a23b8c1fc62a2727e7a43192790d3112f1354408030861e608358299839d3d421860b710268c6db52ec67b6c8b1c96c7b66bad0cf9beef238201d02460e4e6e62aa6ebd6ee3871e284dab061c3b958fce1cc6b88d710218c1006842b84310861403c86b018dfaedae8743abfe73b01206ec82c1e02866d42c6e5583c669dd710af214218210c208411c20042585c6e537594ed2a194ea7f357ec3d03880b9cc5c4761ba157780d3112ed3544080308610c42184008b31f87c3b1dd0c61c658ccde3380b8c046a8fd3642790d3112ed3544080308610c42184008b3ddf6d4b39608a687c3e168c31e3480840a61c5a72fa894853bf490cb6c34123182790d5d385bac0ab7cc517b325ed6432ecb75fcbbf31a228401843006210c2084d947b76edd1a19db53c59e21cc1853d9830610d721ecd2a5cbead4f972f7c739fb8eb943985c36af2f395ba6ce9696b3114908f3394acf14a9dd6bc75439bb975c27b7f16f4f08238401843006210c2084d983d3e91ce62582c9b868dc760b7bd100e2328449045bb0f1a01abd384faddb755465ef2d566396ec768730b92cd7afda7e448d32ee336dcd7e75ee02318c10e67d1cdeb3c2e7a9ee8fec59c9bf3d218c100610c21884308010660315b3c10efb0861cc0a0310bf21ece4b932f5a7b43c77f8aa6e0cff64a73a7cf23c1b928430af63dffac93e4398dcc6bf3d218c100610c21884308010668beda857fc443019a5bd7bf7fe317bd200e22e84c9f8624751c0212c6df321362209613ec7eef4713e4398dcc6bf3d218c100610c21884308010668bd9605b8c71d01857fcc4b071ec490388cb102687439aa16bc4a29deae32fbf55078e9dd5432ecb75e6edab77b2ce13218c10c66b8810460803086184308010164f1c0e476763dbea0bb9ec72b99a1b975b74ebd6ed277c6700c45508933342ca62f8d635c1247c79de4faeb3ae19268fe16c9284306f43ce12e92b84c96dfcdb13c2086100218c4108030861f6e3743abb3a1c8ea57c2700c47508f376e8a3cc02f3bc9f5ce7edbe6c4c12c23c47c1c6b77c8630b98d7f7b4218210c20843108610021cc7e1c0e87b169d5fd13be13000861843022461021ec54519edabd6e6cd5c3228debe436feed096184308010c62084018430fb713a9dbd8c6dabb97c2700c47508e3d0482246b843988c835be7570961721dffeebc86086100218c4108030861b6ddae1a608cf7f94e0088eb10f6afc5f28f05bc58bedc978d484298cf71e9922af8f2ddaa87451ad7c96dfcdb13c2086140fce8d7af9f5ab76e1d218c100610c2e263bb6aa8c3e198ce7702404284b03579455e0f7df4363edf7e848d484298d7517aa648e56f9ce1738d30b94deec3bf3f218c1006c407790fca9020969999490823840184b018e6703846389dce297c2700c47d083b79ae4c8d5e9c1770081b99b653959c2d6343921056691658714196dab5e67f7d463073c87de4becc0e238411c280f80961e6e8dfbfbfd719628430421840088b89edaa3f1be315be1300e23e8495955f52ef6615e8c31f976efd4eaddf5b79cd30b99cbdb758addb755407b3d93907d4452206212cc05960cc0ee335440803122784596788598318218c100610c26262bbea1589617c2700c47d083363d8b133ff5afc5e16c33743985c36af3f7dbe9c084608ab34029905e66f7618af054218210c88bf10669d2126874c12c2086100212c26b6aba61a6338df09000911c2bc9d4dd20c619c1d9288e1ef35146a043307af0542580d74aa08619d08618866dc61043f0861f61abc26ff6f0084b0ca64a17ca7d3f93cdf09000919c218440c5e43bc866cee71639c31466ac59f5d086108670843cda261af5ebd545a5a9afe5915caa191bffce52fcd1dd34ae3a5975e0afa67656e6eae7eecb265cbfcde6fe3c68dfa7e4b972eadf6732e58b040ad5ab52a2c3fcb83795e6684f13e07212c928cf7c5fbc618c0770200218c41c4e035c46bc89e11cc8c5f3223ec844d63187b17ec20275408f30c60a660ffffc8caca529f7efaa9ead3a78fde417de38d37f4c7bb76ed8a58082b2a2a523367ce548585857eefb76fdf3efdf9e4bee1f8591ee8f312c2789f831016694ea7739ec3e1e8c9770200218c41c4e035c46bc8be11acbaeb09616007390a21ac77efde6ae1c285550258a821cc1ca9a9a97a0775e7ce9d95ae9f3871a26ad2a4896adab4a91a3f7ebcfbfa0f3ef840b568d142356edc58b95c2e75f6ec5977081b346890bafdf6dbd54f7ef213f5e1871f5679aead5bb7aa962d5baab56bd7aacd9b37ebcb93264dd27fca73cd9e3d5bdfaf63c78efaf3c973cc9f3fdfe7d7236ba3c963070f1eac6ebef966d5a14307d5a54b17f7f3252727ab4e9d3a557a5e5f9f4bee376cd8307d79c28409fafe12ce4a4a4ad41d77dca1e6cc994308e37d0e42588d19ef8b4f8ce1e03b018010c62062f01ae235640f9daa895de6ed765a338cbd0b7690e39aaf1960910c61f9f9f9faba175f7c51cf1493cb2b56ac50274f9e540d1b36544ea7537df4d147eafaebafd721c90c610f3ffcb08e4d6ddbb6553ffbd9cffc1ea2989393a32fb76fdf5ead5ebd5ab569d346356bd64cdfefedb7dfd6b7c96cb5ddbb77fbfc7ae4d049b97cdf7df7e9dba64d9ba63ffec73ffea18e1c39a2ead7afaf439bf5797d7dae112346b89fffc1071fd4d7cf9d3b572d5ab4485f96c711c2789f831056530e8763a9f133b42bdf09204e193fefaecdcbcb1b386fdebc0dc646c8b9a143875e91df66ca7f8ac9c9c93ffce10f7fb86c6c84144e9e3c798131fe9d10c62062f01ae235648b08565de4b2dbcc30f62ed84146984398b15da6ead5aba7a64e9daa6f6fd4a8919e75656cd3558a42c78f1faf7468a4396beaf9e79f57d75e7b6d4021cc7c8c7c7e896cde0e8df4f5f59821ece38f3fd6f73b71e2848e7363c78ed591ab4183063a88599fd7d7e7dab06183be8ffc2901edaebbee527dfbf6d531eefefbefe7d048dee720848585f1be58ed743a3bf19d00e230807df6d967f35f79e5952b32c5fcfdf7df579b366dd2eb335cbc7851ff20943f65aaf9b66ddbf446d51ffff8c71ffee77ffee7db010306f42384310861fcdbf11a8abac7839ce915ecfd09616007398642584a4a8a8e41324b6ae4c8917ac8e2f56fbdf596beeffefdfbdd33c7ce9c3953658d30799c44a84042d8f2e5cbab3cc63384f9fa7acc1066fdbbf7ecd953dd7befbd7a76da534f3d55e5797d7d2ed93695c3251f7df45175c30d37e8596977de79a7baedb6dbd49831630861bccf41080b0ba7d399f5bbdffdee51be13401cd9b469539f0913265c928d0b895c57af5e0df887e38e1d3bd4a851a3ae0e1c38705fb76eddee24843108610c5e43518d605d42785ca90d62187b17ec2023cc214c0e5594eb66cd9aa5d7f26ad7ae9d3ee4516657c96c2a590b2c3b3b5bdd74d34deab9e79eab510893c3123d1f73e0c0017d9bb15da80e1d3ae4f3eb3143982cfc6f3e877c5d725dddba75dd5f8ff5797d7d2eb99f79e280ce9d3bab828202f79934bffefa6b4218ef7310c2c235236ca3311ee63b01c4c72cb0facb972fcf920da3952b570615c03cad59b3463644ca63717618118388c16b88d7508244b0703d9e10c60e326c18c2cacacaf4e2fc3273ea9a6bae514f3ef9a4ba70e182beedcd37dfd4870d4ab49245ed8f1e3d1af61026cfdfba756b7dfb6bafbde6f3eb3143d8faf5eb2b3dcfdd77dfad17c22f2f2faff2bcfefe6e4b962cd1f79b32658afe5816c997c5ff396b24ef7310c2c218c2b6391c8e5ff09d00e220826567677f2deb41c814f970f8f6db6fe5b78de5fdfaf57b8e88c1208431780d4544750be347fbf310c2d841462d84307fe3fcf9f3eaf4e9d35e6ff3757db886442c896c817e3de1fcbb85ebff0fdee7bccf4108f312c2763b9dceffc77702887132134c2298acf9154ef2f9060c18506afca04826623008610c5e43118960e13aacb1366786b177c10e322214c2188430dee72084853d8415c4ea3240002ac89a60723864b86682799b19d6b367cf334ea7f36e22068310c6e03514d6686546b0bac6e855f167303c1f575b0be8b377c10e3208618430dee72084c54a083b6c8c9ff29d006294f1f3ecda975f7ef9b2ac091649ab56ad2a77b95c5f113118843006afa1b0cfdc928835ab62e374561031ccd7e36a2386b177c10e3208618430dee72084c54a082be9d6ad5b63be13408c5aba74e947b2b0e93ffff9cf88ffe01c3c78f0b1583844928d502206af215e433114c1ea54cce8529611480cb3463073f4b4dc1eed35c3d8bb60071984304218ef7310c26225849d73b95c37f29d00627436d82bafbc7265dbb66d51f9c1b973e7cecbb1302b8c8d502206af215e4336e52b4e798b5afe6298b7fbcff472ff68ae19c6de053bc8208411c2789f8310162b21ec72e7ce9d1bf29d0062505e5ede405920ffead5ab51fbe1d9a74f9f63c60f8e16b5f1f7753a9de9c6f81511838811abafa15ffef297ca235ee8f1d24b2ff97c8cf574f3a13c676e6eae7efcb265cb780d45f135e42782750a226e798b61814630cf1816e9c324d9bb60071984304218ef7310c262415de37df103df062046cd9b376fc3cc9933a3fac33335357587f18363782d957bfd9fb9ec883a1c8e7684302246acbd86b2b2b2d4a79f7e2a41596f88bcf1c61bfae35dbb7611c2e2ec3514628caa2e86051bc1accf7f22c233c3d8bb60071984304218ef7310c26c4f668219ef8b4bd40420464d9a34e9dca64d9ba2fac3f3cb2fbffcd6f8c1b1b23677402d63b5b799196c841231ecfe1a4a4d4dd51b223b77eeac74fdc489135593264d54d3a64dd5f8f1e3bd86306ff7c9c9c9512d5bb6542fbffcb26adebcb96ad1a2859ce0a252089333cbde7efbedea273ff989faf0c30fddcfb97af56af5d0430fa91b6eb84175e8d041e5e5e5e9eb376fdeac3fa7f17346ff29cf397bf66cbf5f2baf21bf112cd008e52b86d50b318279ce488b540c63ef821d6410c20861bccf4108b33d591b4cd608a32600316ae8d0a1578a8b8ba3fac3f3d8b1632572ba599bec80ba6766587744d9082584d9fd35e42d84e5e7e7ebeb5e7cf1453d534c2eaf58b1a25208f3759f8aefb1fa8ffff80f356fde3c75fffdf7ab7beeb9a752087bf8e187d5dab56b55dbb66dd5cf7ef6337ddb9e3d7bd4f5d75faf3a76eca8de7df75dd5aa552b75c71d77a873e7cee9b8268f6bdfbebd8e656ddab451cd9a35f3fbb5f21aaa12c4425da3cb5b0cdb5f830856d3af8710c60e3208618430dee72084c5851e3d7a3431de17c7a909408ceaddbbb7ba78f162547f78caf3193f382eda6907d43a33430e556223941066f7d790b7103679f26455af5e3d3575ea547d7ba3468de44cad954298affb98214c0e9596cf356bd62cfdf1debd7bdd216cce9c39fa365957f0da6bafd5975f7ffdf54a5fc73befbca33f5ebf7ebd3b84998f93e769d8b0a1dfaf95d7d0bf5e43619881e52d86d5248279c6b070af19c6de053bc8208411c2789f8310667bc67be2a7c6f88e9a00c4ee9bb8d6fe43b5fb08c7c693ccb66323b2e623165e2f917a0d0513c252525254fdfaf5d5881123d4c89123f558b06041a510e6eb3e6608fbe0830ff4e7faf8e38ff5c7dbb76fafb246983cb6418306eea025b71d3870407f2cb3c9e463f97c66085bbe7c7995c7f9fa3a780dfddf78e69967cc0dcdd41afe98afe76526d8fe8aeb6b22b5e273fd9810c60e3208618430dee7208425926eddbadd69bc2f0aa809408cead5abd70fd19e11565e5e7ecc8633c2b6381c8e2e1d3b76ac2ff7abe946a8ac8974e38d37eaff28e45031d9c9376f939d7d73ed25465ccde609eb6b28941026871fca75329b4bd6e76ad7ae9d3e94d11ac27cddc70c6172f8a3dcffd7bffeb55ed7cbdb62f9d6a025f7ad5bb7ae4a4e4e56999999eac1071f548d1b3756274f9e748730f39047ebe37c7d1dbc86fef51aaa53fd59226b32236c1633c2c00e32218c4108e37d0e4258f08cedb536c6fb621735018851cf3ffffce568af1176f4e8d1fd365a23cc73c7b34e4d23869cbdaf4ec5c2e2d9d9d96ac89021fae38c8c0cb56fdfbe4a879f31e2226284fd35146a082b2b2b5372b8b3ccb4bae69a6bd4934f3ea92e5cb8502984f9ba8f19c2fefbbfff5bfde8473f5277dd75973e1b6575214cc67befbda7e397dc4716d39720662ec0ef2b84f9fa3a780d798d4ea57522b3465828318c35c2c00e32218c10c6fb1c84b084969494f480f1bed84a4d0062d49831630aa27dd6c8b56bd77e6183b3467ee5743abbfad8f1ac51c4f8e69b6f744830766cf56165a5a5a56acd9a35fa7a59505cfef39068307ffe7cbf67dc939820337264dda49b6fbe59656565557b96bd401f73fefc79d5b76f5f75db6db7e9196bc3870f77cfee91c7cbfa4ef2f1d8b163f5e2e972f9f3cf3fd7b78d1b374e7f3e59f87cc992257ae174f9fb489889d4d9006d1a3122f61aaae9907fdfd3a74f07751f3384ad5bb74e5f2f3345837ddea3478f46e46b8de310e6f73554831958de2298ac09e6edac91c1c430ce1a09769009618430dee72084b14658f7ee0f1b63233501885153a74e9d29b393a269ecd8b1ab8c1f1cc36be98796bf9917618b18320b4c0e1793ff285ab76ead5e7df55575e9d225f5f6db6febebfaf4e9a376efdeedf78c7b72f8a4dcf7befbeed367d6dbb16347b567d90bf431f26f2e8b9dcb8c1d59c8fcbffeebbfd4fefdfbf5ac35b98fc439f3ef21814e2e2f5ab448dff6f4d34feb994132934716384f4b4b538f3cf288baeebaebf4df31126703b459c488ca6ba89666dde910c6ac427bbc86429c89e52b82d5f5737b2031ec3f8d712282118c10c60e3208618430dee72084c504a7d3f998f1bec8a4260031eacf7ffe73ab2143867c7ff5ead568fdecbc98949474c0f8c1d1c2cedf97706c84ca2192b220f89d77dea9ffc39059529e8746fa3be39e19b564d1f240cfb217e863b66cd9a2439dcce4ead1a3877b06582021ccfcdec86cafce9d3bebcb13264cd0b795949444e46c80768a18d17c0d45739c397346cf608cc6ecac440f613550dd8cacea22589d106398797866d708fffdd8bb60071984304218ef7310c26ccfe1707436de175f50138018969292f2cdb66ddba2f28373eddab50b8c1f1ab9f11c31e470c1c71e7b4c1d3c78d0bd1652b366cdf4759e21ccdf19f7cca8657e2d819c652f98c7c8a18e2e974b1fc2288ff9ecb3cff4a19572596e93fbf4efdfbf4a089388261fcb5a50f278b92cd14b6e3b7efc7844ce064808f33fac6b805577df709eac2198e72584858daf99618146b0606398f97c5da3f07763ef821d6410c20861bccf41088b8519615d1d0ec7524a0210c3faf6eddbed85175eb81285596167929292fe6efce0488ee78821014c16047ffcf1c7f562e3b2ce96fc873174e8501dbce4f2a851a3d4a14387fc9e71cf8c5ab2ce57a067d90bf431efbfffbefaf9cf7faefef18f7fe84322654db337df7c53edddbbd7fdf5c965394c33d8101689b30112c2fc8fa2a2221d570b0b0bfdde2fdc276b08f4790961119919e6799862af202298bf18d6338819688430b0834c082384f13e07212c116784196f8bee9f501280183770e0c0bc952b5746f487a6ac4726b3c1825c1727262386ac05f6c0030fe8c82551ac4b972efab041991d266b86c97f20afbdf69adf33ee9951cb3c6c3190b3ec05fa18095632434dd6099343177ff39bdfe843e3648174b92c9f4366b13dfbecb34187b0489c0d9010e67f6cddba559fc84082a3c447b93c69d224fda7ccf89b3d7bb6be9fb79335783bb181e74917e4240ef21a369f4fc26da74e9d2a3dafafcf25f71b366c98fb105ab9bf8433793f48689535ea086121c730eb02fad6a8154804ab53cde3825da09f10c60e3208618430dee7208425ca8cb05ec6fb622e15018871b266579f3e7dca65a1f348c8cbcb5b6e3c47b1f143e3ee448a18c5c5c53a0c59af2b2f2ff77a76bd40cfb817ca59f67c3d4616e597db3caf97a0250bdf47facc8584b0f01f1a29274090cbeddbb7d7b3f3e4ec9e1235cd405bc772b2065f2736f03ce9c2b469d3f4c73283f0c891233a724a68b33eafafcf2587c89acf2f331ee5fab973e7bac3aa3c8e101632cfc324eb56cce8aa1be4e7f17c5ca75a88608430769041082384f13e07212c56f69d0718e37d2a0210079293935d03070e2c93991ae164ec38ff2d2929e9502c1c12591b118341088b440833675ac9acae860d1b7a3d34d2d7890d3c4fba70e2c4097d765339cc572297cc729420667d5e5f9f6bc3860dfa3ef2a704b4bbeeba4bf5eddb57c7b8fbefbf9fd750f8635838669a45faec908430769041082384f13e07212c9643d85087c3319d8200c40997cbd567c08001a5e19a192633c12482193f284611311884b0e885b0e5cb97ebdb644696842b6f21ccd7890d3c4fba20a367cf9eeade7bef550f3ffcb07aeaa9a7aa3cafafcf2587dbcae1928f3efaa83ecc5666a5c999546fbbed363566cc185e43f68a61e18e6a8430769041082384f13e07212cee18fbb6239c4ee714ea01105f6feceec9c9c9e7962d5b76a1060be89ff9cb5ffe32470e8734466f2206831016dd102687257a8630cf9335f83ab181e7491764646767ebeb64dd3be3674395e7f577920499fd25b775eedc59151414b81766fffaebaf790d854f4d0f67acadc3210961ec2083104608e37d0e4258accd08fbb3315ea11c00f1f7e66e919494943970e0c0637ffffbdfcb83f8d97871ddba750b939393b7c8c2f8b1b22618218c10960821ccf3640dbe4e6ce079d20573dc7df7dd7a217c59e7cef379fd9d2461c99225fa7e53a64cd11fcb22f972b2055e43118b61c1cee8aa8d85f10961ec2083104608e37d0e4258acee2bbf22318c6a00c4ef9bfc590962c60e6ec9a44993f6fced6f7f3b545454542c873b096387f8d8d1a347f76764647c3e6edcb8d52e97ab500298cc028b85b34312c2086189f61af276b286709ed8209c9f8b101692600f6facedc3210961ec2083104608e37d0e4258aced234f35c6706a0110e75c2e5773a7d339cc78c32f36c641635c94ff142bfe3c6c8c95f2c3406692c5c3df978d502206af215e430910c3fed318a5c6e86a93af9bbd0b769041082384f13e0721ccf664a17c63dff8792a0180b8c246281183d710afa118d7a9227275f273fb091b453042183bc8208411c2789f8310162b33c2de37c600f69a0110c218440c5e43bc86ecc5d7cc303b1d0e49086307191e323333f9b94d08e37d0e42988d399dce790e87a3277bcd0008610c2206af215e43f68f61768d60843076905121373757959494f0b3db06e3d8b1633a4cf23ee77d0e429895f19ef8c4180ef69a0110c218440c5e43bc86ec1dc3526d1cc10861ec20a3c2810307547676b63a7efc383fbf6d10c1f2f3f313eaf53770e04055b10eb0cfd1ab572fdea884b084e67038963a9dceae75008010c62062f01ae235645b9d64e7a58eef35c308612084d92c86656565e99f5d8cda198918c1444e4e4eb5212c2d2d8d3729212ca119ef83d54ea7b3531d002084318818bc86780dd97aa3cdeedf03f62e0861006ca07ffffe3e2358efdebdf5ffab20842532a7d399f5bbdffdee51f69a0110c218440c5e43bc8608618430421880389e15b670e142be418430b6a9ba77df688c87d96b064008631031780df11a228411c2086100e280b7b5c2646d3066838110a6b7a9b6391c8e5fb0d70c8010c62062f01ae2354408238411c200c4e9ac30d6060321ccbd4db5dbe974fe3ff69a0110c218440c5e43bc8608618430421880383168d02066838110e67d9baaa05bb76e77b2d70c8010c62062f01ae235440823842590575e7945ef20cb9f00e28f9c39d30c614b962ce11b0242d8bfb6a90e1be3a7ec35032084318818bc86780d11c208610962f2e4c9aa6eddbaaa6ddbb6facf975e7a896f0a1087ccb5c2980d064258a56daa926eddba3566af1900218c41c4e035c46b881046084ba00866c62f991156af5e3d6218108764adb0679e79866f04086195b7a9ceb95cae1bd96b064008631031780df11a228411c2122c8255773d80d826a15b7e3e730834086195b6a92e77eedcb9217bcd0008610c2206af215e43843042589cef10fb8b5de6edec3003f115be39041a84b04a3a3b1c0ef91e7462af1900218c41c4e035c46b881066eb10f6dd77dfa9850b17ea9dbba14387aadebd7bebb56f929393d5e0c183d5983163d47befbda70a0b0bd9d309317231330c88af08c621d0208455f2b831ce1823b5e2cf2eec39032084318818bc86780d11c26c17c2d6ac59a377e2860d1ba6de7fff7db569d326555454a42e5ebca86f973f4b4a4ad4b66ddbd4bc79f3d41ffff847f5c20b2fa83973e6b0c763d9210e74a657b0f70760ef0846e80621ac520433e397cc083b410c034008631031780df11a2284d926841d3870404d9830418d18314247aeab57af06fcd81d3b76a851a346a9e79e7b4ee5e5e5b1431ce48e2f310c884d1c020d42584011acbaeb018010c6208431780d11c2a21bc2bef8e20b3568d020b572e5caa00298b7d9647dfbf64dc8d961359dfdc1ec1120362318874087fecb97d4d4547da8bd1c72ef743af5e1f7325c2e97fe3f69ca9429fa7e84b098d2a99ad865dece9a610008610c4218ff76bc860861b513c2727272d4f3cf3faff2f3f3c3f2f9befdf65bbd0323eb87312ba4cace90f2f76f17c8e701609ff0cd21d0c193b527fbf5eb57297c5537e4172cb366cd2284c54e04ab2e723133cca65c2e577387c331c478df2d364681314a2bde87178d71d0b86da9f1e770b91fdf2d10c28818440c5e43bc8608613119c2642698443059f32b9ce4f30d18302066775c22312b249010c6ec1120762218874007e71ffff887fe7f21d0f8e56dfcfef7bf8fb9c3ef1328843d1ee44caf60ef8f08723a9d5d8d916e8ccb41bc27d71bf74fe6bb8784959999493cb0cfb8989e9e7e85d71023d15e4384b0d00e4b91995be19a09e66d6658cf9e3dd5f6eddb991512440863871988bf0896e8a15b0e9797c31dad3bd1f2f16bafbda6b2b2b2f4598acf9f3fafef5b5656a64fd0b271e3467de8648f1e3d2a3d4e6692c5d22f59122484853ac34b1e574a0cabd5eddd16c67b6a4d4d02b53172bb75eb7627df4d249c9c9c9c62f9ed3f01a1f687b1e1f0497a7afa3e5e438c447b0d11c282f7f2cb2feb35c12249669cc9212dec100717c2886180fd70087468d2d2d2aaacffb560c1828067229f397346dfdf33a4bdf3ce3b84b0d88e60e17a3c42e47038ba2725259d0e47a0964328991d868463bc519ecacece3e7bfcf8f1724242edcde2918091919171c818cff21a6224da6b8810161c59d45ece0ef9cf7ffe33e23b017226c9783b443294591dc186b044dc6106ec1ec138043af89960d608969292a277ae43218f93ffb7ac3bdfb1f07f4b9c87b0ea16c68ff6e741e011ac8bf1debc1aee406d7cce7e7c7791508c1de72ee9e9e95be4902a595f8811f521dff77db11c30780df11a2284452f84c9cedcb66ddba2b213b073e7ceb89a15166a9c0a258425d20e3360f7f0cd21d0c19135c1ac3bc963c78e75cf2e0995cc4a99387162a5c324ed7ef87d1c87b0709ffd919961519c09668d60e10ed4cc0c0300801066bb10261b2db240fed5ab57a3b62320214c768aec42ce58b66eddba88cd0a0967084b841d66c0ee118c43a083d7bf7fff4a33c16a1ac1ac31ccbae32d0be813c2a2ce73a1fbbac6e855f167303c1fc702fa91dfbe6d613d1c321281bae230c9bbf96e03004008b34d089353d7cf9c3933aa3b023366cc5053a64cb1cd8e89b9b126414c4ed6118d1dd69a8430f3f9ebd5abc7cc30c0a6112cd4f7793c1e022dffcf580fb90a75b689bf5fe858679bd9f910c9380c619e33b72462cdaaf87bce0a2286f97a1c312c8292929232a211a865017dbedb000010c26c13c264e76ed3a64d51dd11f8eaabafd4c081036d17c2cc213317fccd100bc7e189350d61f1bac30cd8118740d78cfc92c1fcf92aeb08453ab6d97956589c85306f872ff6b2beee038c61d608668e9e96db59332c029c4e67d768066a0e9104008010669b103674e850555c5c1cd51d8163c78ea9a4a424db8630eb0c31cf2016ae1dd47084b078dc6106ec1ac13804da7be0aaeeb0f203070eb817c8979de253a74e45e46b91c5baad67aeb3d3e1f7711ac27cc5296f51cb5f0cf376ff995eeecf9a61e10f61e9d10cd4cc0a0300801016f0468a317e15c910d6bb776f75f1e2c5a8ee08c8f3c9f7d4ee21cc3a434c0e990c645688c7c67c58472cef3003b18843a003fbd9e9efb0f2d4d454f7fd227d487c349f2b1e425810db18be2258a720e296b718166804f38c617e0f93ecd1a3c7ff97e881abba7f5797cbd5dc5c203f9a815ad62463af0200004258b5cf5b319d3cdde170b48b4408abad20555d7cb2db78e69967f4467adbb66d03def18d560813f275c97dbefdf65bea0510c608c621d081ff1cf77658f9e0c183ddb767676747f4ebd9b871a3fbb9ec74f8bd5d435810db1841c7a8006258b011ccfafc27eaf898192611ccf83b1d34fe4e1d12799bb5ba7f57e3fa21b511a88d319cbd0a00000861016dcc58c66a1fbfe50b7903a557af5e519f11565e5e1e1333c2e47b939696a62e5fbe5c6987d4dfec903acc08038860610c61e1fc7aa2f5b3d37ac8647272b2fbfa70af41e4a9a8a8c8fd5c763afcdeee212c806d0ccf0816e8e189be6258bd102398c9ef9a6112c18cbf4b49a2c6b040fe5d8deb16d746a036c64af62a0000208405bb31e3fe2d9fc7464dc81b2843860c89fa1a61f27c765e23cc3380b1830c240e0e81ae7908b3ce10b37e1cae33d2f92267aab33e1f212c6cdb18a144307f316c7f0d2258405f4f22c7b040fe5d8d8f0b6a23501be3307b15000010c242da98b1fe96af62da7bc81b28e3c68d8bfa5923d7af5f6fcbb346ca7a69b2b0abb70016ee1dd23a9c3512b01d39b4b88ecd0f818eb5c3caa31da6086111d9c6a8e9591bbdc5b09a4430cf18d6891816dcbfab31ca6b29505f64af020080f8d9a8a8d55193983273e64c3da249d6a3b0d342c6fe6680456a26564d43d8fcf9f36dbd883610eb33c238043af41961d69fa9e61923991116d82c3abbae8f698cd41a6e4ac9e1909e33c1f6575c5f13a9b11c87133150b357010000420d705b1c0e47978e1d3bd6afb86bc81b27858585faf0c8ab57af466d4740ce2064d753db476b46564d4298b9433c6ad428aa0510011c021d5ad4f1f64b05d6088bc919619edb18d59d25b23afe6684793b9b64a0025ab83fd1668605f2ef6a5c2e654618000088958d19cf8dd33a350d6162f8f0e16adbb66d51d909c8c9c951bffffdef137e8739d41d64221810ddf7368740571fc2fc1d56ce5923632a84f9dac630a353699dc8ac11164a0c0b6acdb2448a6181fcbbb24618000088858d99af8c8db7ae3e364e6b1cc2162d5aa45e78e185a8cc0a9308366bd6acb8da61961dd5600f530c65079935c180d89a195627ce0f810ee4b0f2d4d454f74e70a40f898fe673c55908ab6e1bc3333e053a33cc5b049335c1bc9d3532981816d29a651531acf0c9279fbc3ed1b71d396b240000b0f3c68cbfdfce862d8409393c72e5ca9511dd1892b5c8248405b316572cc5b060668f04bb836cc7f5818044c021d03573e0c001f74eb0cbe552a74e9d8ac8f39c3973a6d26198763dfcde66212cd06d0c6f31acba08e52b82d5f5737b2031ec3f8d71a24e880bf7c77b040bf4dfd5b87d486d046a630c67eb1e0000844b8d375464a7a14f9f3e2a3f3f3f221b427bf7eed56bb66cdfbe9dd92341ee20071bd900d86366581d0e81d6faf5ebe7de115eb06041449e430ecd349fc3ce87dfdb2984d5407533b2aa8b6075428c61e6e1995dd9ecab1997cbd5dc78af5c8952a0fec112c25af0dd070000b6096162eedcb97a5d95929292b06e08c9fa10f29bfa783b24b2263bcc81ee208772d82580c8cc0ce310e89a472ad9e90ef79a44f2f9e4f39acf61e7ff6be224849951ca5b0c0b3482051bc3cce723828589d3e94c8f66a036462edf75000060bb1026de7fff7d3560c080b0cd0c93996012c15e7df555668f04b9836cd733c501891cc338043a347dfbf675ef10a7a4a484ed4c7572463a59e3d23a1bccce87dfc75108133233ccf330c55e4144307f31aca7c7f304bd2618aa0d615d231da8939292dcb3c18ce74be6bb0e00006c19c2c49c3973548f1e3dd4b265cb6ab480befc565e0e8794b8c60e73741f0fa0f6427728212cdedff372f8bdb123ec0e5663c78ead710c93083661c20465d9d1b6fde1f77116c2ac91aa9397a8154804ab53cde3825da01f4130de37eb2318a8af5a678305b9161d000040744398b9d32233c3fef0873f04bd63919b9babd71b93dfccc7f39a6081eed8063ba38b85f181f88861753804baca2f592c3bc67ac73bd45928f238eb4c30bb1f1219c721cc1aabba58a256cf2022581d1f8feb44048b78086b618c13e10ed413274eb4ae0b56ea743aefe6bb0d00006c1fc24c1f7ef8a10e6212b55e7ffd757d1aec23478ea88b172feadbcbcbcb557171b1cac9c9d1671e929964725f9905168f67878ce4ec9150ee0fc0beefed3a1c025d85fcdf608d57724896ac4f248b6a0742ee27eb0e59d70493112b87dfc76908f316c36acadb6197880087c3d1dd5c383f4c81da3a138c4322010040ec8530d3810307d45ffef2173578f0e02a3b2072f8a32cb22f21ccaea7ac8f8518367ffefcb83a531c10ef38043a3c33c3cc2026ff87646767eb9d6973568acc2e9113aec82f61a64f9fae7af5eaa53c76b263eaf0fb380e61e18c61e18e6aa886f15eea6d8d61a1066aeb9a60321c0ec728bebb00002066431822bbc36c1e1a45040362f3bdcd21d0c1915f9af4ebd7af4a100b66c4e2e1f7711ec2444d0f67e470c85a2233c38c7126c440fdbdc7fbb354e21adf5500004008636698d71d660e8704e2f3bd1daefbc73339fc3ed82016cb87df274008b3c6ac606774b1307e2d9335c39c4e677a4d02b52c8ccf9a6000008010069f3bc0ec10038915c33804dabb4439fc3e414298356a7589d0fd11d920f66c4510bb124c009359609c1d12000010c2e07387b96ddbb64430208e700834086121c5adff3446a931bab239672f2e97abb9d3e91cd6bd7bf7c5c638688c8b15d14bfe3c6c8c95c6182e33c9f86e0100004218aadd61968dc9445d1f0848b49961ccfe44028630d1a9227275f273fb09221800000008610940421880f88f61443024700813be66867138240000000861843000f114c338041a8430afd18b08060000004218210c403c193468900e1f1c020d4258a5f8954a0403000000218c100620cec8990e9f79e61975f9f265be192084fd9f4e15df834e6cba0100008010460803102732333355c5d9d5d492254bf8868010f62f3fe65b000000004218210c401c91c322cd10d6ab572fbe212084010000008430421880f8939393e38e60e6484b4be31b0342180000004008238401882fb236986708935961ac150642180000004008238421acbefbee3bf5d5575fe9359ad2d3d319511e1919197a4654414101b3c13cc6c2850b798312c2086100000000218c1086f045b0dcdc5c555252a267df306a679c387142656767abfcfcfc847b0df6efdfdf6708ebddbb376f524218210c000000208411c2101e32138c08669f1826b3f2980dc65a61208401000000843010c22240c20b11ca3e430e954c24ded606f3b6561808610000000008618430d49884170214218cf739086100000000210cec2013c22ac685b3c5aa70cb1cb527e3653de4b25c47bc2284f13e07210c0000002084811de4b80961a5678ad4eeb563d4ce55232a0db94e6e236011c2789f83100600000010c2c00e725c84b0c37b56548960e638b26725018b10c6fb1c84300000008010067690e32384ed5b3fd9670893db08588430dee72084010000008430b0831c17216c77fa389f214c6e236011c2789f83100600000010c2c00e32218c4108e37d0e42180000004008033bc8b112c2e42c91be4298dc46c02284f13e07210c0000002084811de4b80861051bdff219c2e4360216218cf739086100000000210cec20c745083b5594a776af1b5bf5b048e33ab98d804508e37d0e42180000004008033bc87111c2641cdc3abf4a0893eb88578430dee72084010000008430b0831c3f21ecd22555f0e5bb550f8b34ae93db08588430dee72084010000008430b0831cf321acf44c91cadf38c3e71a61729bdc87884508e37d0e42180000004008033bc8b119c22e5d52c505596ad79afff519c1cc21f791fb323b8c10c6fb1c84300000008010067690632a8455370b8cd9618430dee72084010000008430b0831c17212c905960fe668711b40861bccf4108030000000861600739264258a811cc1c042d4218ef7310c2000000004218d8418e8910c62084f13e07210c0000002084811d6442188310c6fb1c8430000000801006769009610c4218ef7310c2000000004218d8412684310861bccf410803000000086160079910c62084f13e07210c0000002084811d644218218cf7390861000000000861ec2083104608e37d0e42180000000042183bc8208411c2789f8310060000008010c60e3208618430dee72084010000008430b0834c086310c2789f83100600000010c2c00e32218c4108e37d0e42180000004008033bc8843006218cf739086100000000210cec2013c2188430dee72084010000008430b0834c086310c2789f83100600000010c2c00e72f0faf5eba7d6ad5b67ab10f6f5d75f9b3bb595c6c68d1bf590cb4b972e8ddad713c87346fbeb2284f13e07210c0000002084811de410be57322488656666da2a840d1c38507dfae9a7ee71fcf871555454a466ce9ca90a0b0ba3f6f504f29c8430dee72084010000008430b0831c2321cc1cfdfbf7f73a43ac3642d8db6fbf5de5b6ad5bb7aa962d5baab56bd7aacd9b37ebcb93264dd27f3669d244cd9e3ddb7ddf61c386a9db6fbf5ddd72cb2deae9a79f56a74e9daaf6311f7cf0816ad1a2856adcb8b172b95ceaecd9b3959ed3d7e72584f13e07210c0000002084811de4180b61d61962d620561b21ac79f3e6eae73fffb91e43870ead32f32a2727475f6edfbebd5abd7ab56ad3a68d6ad6ac993b98b56edd5acd9b374fa5a6a6eafb7df6d9677e1f73f2e449d5b06143e5743ad5471f7da4aebffe7a357efcf84acfe9ebf312c2789f83100600000010c2c00e728c8630eb0c313964b2364258c78e1dd573cf3da7c77befbde73384cd993347df3678f0601db2cccfb36fdf3e3575ea54f5c4134fe8fb4d9f3eddef63246ec96df9f9f9fa633914d3db618fde3e2f218cf739086100000000210cb68c3b8ce0875d0e8df416c2962f5fae6f1b3162846ad0a081bebc6ad52a55bf7e7d959c9cac66cd9aa5ef3763c60cbf8f79ebadb7f46dfbf7efd71f4b103b73e64ca5e7f4f579a31dc2784d76278481100600000010c280f044c35ebd7aa9b4b4341d5d6aebd0c84043d88a152baa44add1a347ebcb870f1f5673e7ced5f79b366d9adfc71c397244d5ab574f0d1a3448656767ab9b6eba49cf46b33ea7afcfcb8c3080100600000010c280180b619e01cc146b216cd7ae5daa55ab563a6c75e8d041dd7aebad3a70f97b8c8c37df7c53dd75d75dfa3a3934f3e8d1a3959ed3d7e72584018430000000801006c44808ebddbbb75ab870619500561b212c9cc35ce72bd871faf4e9887c5e42184008030000000861402df135032c5e4258bc0e42184008030000000861408410c2086100210c00000020840184b018180b162cd0677cf45c672cdc8f218401843000000080100610c26a6decdbb74fef24cf9c39537f5c5454a42f17161686f531843080100600000010c200425895b179f366d5b2654b3569d224fd6793264dd4ecd9b3ddb74f9c38515fd7b46953357efc78f7f573e6cc51f7de7baf1e2fbcf0827e6c7979b9be6df5ead5eaa1871e5237dc70833ea3635e5e9ebe5ecefe28efe5c68d1babf9f3e7abad5bb7eac7ad5dbb56df3e6cd83075fbedb7ab5b6eb9453dfdf4d3ead4a953d53ec6d77355f7f72284018430000000801006245808cbc9c9d13baeeddbb7d751a94d9b36aa59b366fab6fcfc7c7ddb8b2fbea8de78e30d7d79c58a15eac89123aa5ebd7acae572e9c3162552c96d6565656acf9e3deafaebafd701ebdd77df55ad5ab55277dc71873a77ee9c7afbedb7f5fdfaf4e9a376efde5de93047095cad5bb756f3e6cd53a9a9a9fafacf3efbccef63fc3d97bfbf17210c208401000000843020814398ccf0928f070f1eac1a366ca82f4f9e3c5907afa953a7ea38d5a851237dfbfbefbfaf1ff3cd37dfe8fbf5ebd7cf1dc25e7ffd757d79e7ce9dfab677de79477fbc7efdfa2a87397aaef725b7cb733df1c413fafae9d3a7fb7d8cbfe7f2f7f722840184300000008010062470085bbe7cb9fe78c48811aa418306fa724a4a8aaa5fbfbebe6ee4c8917ac80c3073c696442ab9dfef7fff7b7708937826970f1c38a06f93195ef2b17cddfea2962c862fcf959c9cac66cd9aa5af9f316386dfc7f87b2e7f7f2f421840080300000008614002873039e4d13318c92185729b84295973ab5dbb767a6d2e998125d7fff6b7bfd5b3b0feeddffecd1dc22454d5ad5b5707adcccc4cf5e0830fea43274f9e3ca98395dc6fd4a851ead0a14395a2d6e8d1a3f5f31e3e7c58cd9d3b575f3f6dda34bf8ff1f75cfefe5e84308010060000f0ffb777f7315695771ec0bb09db6693cdee7f6dffb08d69686252b6d58d9bf8479b98acff90dac4b8e27dee5c66072ca0e8081441abae19239d8e80dd716955ac68173b32156869c50aed288253944a415e7c03aa228a23208c0c2fc3cbc0b3f73972672f2333051598b97c3ec92f73efb9e79e73eec34d06be3ccfef80200c0461c7054629d81a3162443653ebf39fff7cfcdef7be17f7eedd9bbd76e79d77664ded2fbae8a21842c8965076767666afcd9c39b3bb6f586a7e9f42aad2f1521fb0b4bda1a1e1b8506bfdfaf5598faf749cd4f4fe4b5ffa52bceebaebfa7c4f5fe7128481200c0000046120083be5eae8e888bb76edea7ebe66cd9a78cb2db7c4e79f7f3e7b9e1ad99fa811fd7befbdf7b16de9ce9227da5eaa6ddbb69df27b7a3bd79928411808c20000401006151484f5ac342b6cf0e0c1d90cab34732b2d4f4cb3b5cef67509c24010060000823010849d965962e9ee8c4f3ef964dcb061c339198209c240100600008230380782302508034118000008c24010260803411800002008034198200c0461000080200c0461823010840100008230108409c240100600008230108429411808c2000040100682302508034118000008c24010a604612008030000411808c294200c046100002008034198128481200c000004612008138481200c0000108481204c1006823000004010068230411808c2000000ffba004198200c046100002008034198128481200c0000046120085382301084010080200c04614a100682300000108481204c09c240100600008230108429411808c200004010068230411808c200000041187c72cf3cf38c004a100682300000108441e56b6d6d8ddbb76f1742f5837afffdf7b360121084010080200c4e8337de78232e5dba346edbb64d18d50f42b08d1b37fa5282200c00000461703ac3b0254b9664cbf2d4d929211808c2000040100600823000004010060082300000401006008230000040100600823000001084010082300000108401008230000010840100823000001084010082300000108401008230000010840180200c000010840180200c000010840180200c000010840180200c000004610080200c000004610080200c000004610080200c000004610080200c000004610080200c000004610020080300000461009c5d3b77ee8c8b172f8e8d8d8d71c2840971c48811318410abababe38d37de18efb9e79eb870e1c26c3f0461000020080360c059b97265acafafcfc2af071f7c30ae58b1226eddba3576767666afa79fdbb76f8fab56ad8ab367cfcef6bbebaebb626b6babc11384010080200c80b367d586f7e3c2e57f8d2fbfb923fe7ae9c65ef74be1564343439c3c79721672757575f5baef877b0fc4d6b5ef763f5fb3664dbcedb6db625d5d5d6c6b6b3be39f4d1006000082300088bf59b631aefdebf6d8d575241e2ed6892c5fbe3c5e77dd75d952c7be02b09214823db3eaed8f6d4f4b29d371ced4ecb0d2671384010080200c80016cc3965df191dfaf8fbf28d69c96d7e2912347b3ed735a5ecd02a08716ae8bcd4fbfd6bd7f6fdbef9dbb2a7eb8e7406cfac32b717bfbfef8e67b1fc6594fae8b3f7f626d6c59b9399bfd35ee962971c6e32f1c77aec3870fc79f3cfa741c57775fac9efcd398fbc14fe3df7fe11fe217bff2f5786dfdfc585bff58fcfde2966cbf9274ec197357c4f10d73e2838f2fe9f373fcea99d7e2e23fbf151f2e6e9f317f753c70a8abfb18e5d757daf650f1f9a38b5f897f78f1ad8f7db6148635fdf1d5ec1c2fbcfc9e200c00000461000c24cfaede120f1cec8a29364ae1d6dbefefceb6d73db23cbef7c1deec710a98ded9ded1ebf6ae2347e38f66bf906d9bf2bfcfc7bd9d87e2d4c7fe1cf71ff828bcbafff165f1c671e3e2c2e75e3dee5c0f3d3a2f0e1e3c388ebd7b41fcafbb1fc866783df2e4dab8b96d77167cd53db4344e9dfe9378c9259764fb353737c77dc563968e9d96598ebfebe7f1b9e2fbfafa1cab376ecb1ecf5ef47276ecf26324bf6ddd1477ef3b18ef6efa73ec3c78b87bdf0f76771ef7d966cc5f95bd3f856ce54199200c0000046100f4737bf71fca6638a5595c8f3ff37abcf9fe655948b4aba333feec372f75ef976653fdf5ddf65eb76fd9d6913d4e33c1ee5ff052d6276cfed20dd93e29ac4acb18d7bdfc7af7b9e6fcf19538e1de9638e45bff1a172c5c9c0550478f1db31446a5306d7af38bdde76a6929ee3f6448ac197b73f15a5feddebe79f3e638f686f1f1a1dfadfad8e768df73e084c72ebfbe92d4072c9defb1e235a69a752c4c2b7db624857ee9f3a5e7698698200c00000461000c106949e0b235ef648fdf6afb30fef8972bb2c76906d503bf5d933d4e8152fda32fc48387ba7addfea775efc6a7fff2767cf1b5b6f8d40b6fc697dffa202e786ed34733b2a6de171f786c71f7b9d2dd20af1a3e3a8efdf1bcb863c78ef8d2a66df1777ffaa8117d9aa1356dce47e1d7abc563cc5df2fa71d7bb67cf9e78f5c871b17ac2d4ec38afbdbd33eb2376ff9c9678ebdd0f7dec73f476ecf2eb2b1de3c557dbb2259f490ad0d272caa4f4d9d6bfb923be5edc3759fad29601d13c5f100600008230008e7977fb9eacff55eaf5f5f892d7b31e5a490a89529fac5f3cb53efecfbc5571d3bbed7d6e4f33a836bdb32bce5db2210bb0d272c2b46cf2de39cfc51f4c6d8ebbf7ecef3ed77577cc8cff79d34f62e3e32bbb8fb9e65823fa144aa5195d8f3cf248366b2bcde04a4b11cb1d3878288ebafdc178ed1d0f663dbe52c0958e3df19e05f1dec7967eec73f43c7652babe5ffee195ee63a465950f2c58933d7fb86c2968e9b375ec3b98bdfeabe258fdf4d7abbb975e0ac20000401006c00071e4e8d178e8f0f177796c9cfb972cf83978b82b7bfd6f6defcd8fea1bb226f925739a9be337867c339b09d69b65cb96c510427cfef9e7b3eb3ad159d2ccb06f7eeba2ac6758c9da75eb62dd9d779dd267eff9b9938387fabe9b65a987d84020080300004118007de8ea3ad2bdb4f064b6f766e7ce9df1c61b6f2cbeefa3602935bf4f0def172d5ad4eb7b0e1c3810c78e1d1babaaaa626d6d6d3c74e850affba69e61e978e577939c306142d6930c411800007ca64158eacd0200bd59bc78719c356bd671c1d585175ed8e77be6cd9b170b8542368b2cfd5cb060419ffba7bb4996076b4d4d4d71e1c28506ffa3e0b15d100600009f81af7ded6b7b56ae5ce95f1900f4aab1b131ae58f1ff33c8d20caf2953a6f43983aca6a626ce9e3d3b7b9e7e8e183122b6b7b7f7fa9ee9d3a7c751a346753f4f01dab469d30cfe4763f197e2afec4dfed60200009fd205175c3073e8d0a187fd330380dea4658a6d6d6dddcf2fbef8e2d8dadadaebfef7dd775f166aedddbb377b9efa807dfffbdf8f3367ceecf53de93f658abf93ba9fa76591d75f7fbdc18ff1f097bffce5678abfb21bfcad0500003ebd7f2c7ae53bdff9ce8e152b56b497f767018024cde62a5f463f68d0a05e97d5bff1c61b319fcf67cb29cb3df5d453d9f6cd9b379f38ed29fefef95c59dfca74fceaeaea7337fd3a7cb83dcd043b1682bd967e5ffb2b0b00007c466158b1ee3cf617eda894524a9557baf363b9cff571a395bababa3871e2c4eec6fa25e9799a5976d75dbddf0db2e771d379cff1b14fcb21a70bc100000000ce907c3ebff7646684a53e6229bc5abd7a75afcb1fd3eb2fbef8e249cd081b3e7cf851a30f000000c0191342d8d4d6d6d6d5578fb043870ec571e3c6c5fafafa3e97fca526fbe3c78f8f3d97e29fa847d89831630e187d00000000ce9810c2bc65cb96bd5b0aa94e74d7c8279e7822565555c52d5bb6f41984a51e61a957d8c2850b8fdb7ea2bb46de7efbed5b8c3e00000000674c2e97ab6d6868585f0aa95a5a5ae285175ed81d5aeddebd3b8e1c3932ce9a35eba41ac1a7bb475e73cd35d9fb4a2eb9e492b868d1a2eee74d4d4d71ead4a94d461f0000008033a650289c575353b3add4003f2d6b1c3c787077709502b0148495075b7d696f6f8fc5e3c5871f7eb83b584bc72b5f2e397efcf8a33366ccb8c8e80300000070465555553dbd62c58a6da5a0aab9b939ebe9b576edda6c4964ba1b640ab44eb6d2dd25d3fb366cd810870c19921daf64ddba7571d2a4493b8c3a00000000675c3e9fbf62f4e8d15b4bb3c292e1c387c72bafbc32bb13e427adabaeba2afb59eed65b6f3d7af3cd374f30ea000000009c15f97c7ee9dcb973b79602abcecece78f9e597c7cb2ebb2c5bee782af6ecd9d3fdde749c92c58b17c7091326bc7be9a5970e32e2000000009c152184f30b85c28e0d1b36ec2f0fc3d2ccb0b44cb2bcd97d5fd2d2c8b41c32cd042b0fc1d21d25c78c197378e2c489df32da000000009c55b95c2e8c1831627b515779b8957a7ca586f7e96e9253a64c89adadaddd21576a82bf72e5ca387dfaf4ecee9069bff29e6049f178b1b6b6f6c81d77dc71b35106000000a05f08218c183972e48e8d1b371e1786a5c02bcdf6aaadad8d175f7c711c3468502cee9e550abf468d1a95cd1a2bbf3b646926d80d37dcd075cb2db7fccce802000000d0afa499618542e1c3f9f3e76f2b6fa07faa524fb051a3461d9c3c79f224a30a00000040bf947a860d1f3efcd9ebafbffe83d5ab57ef3f95006cddba75f1b6db6e3b587cefa6d1a3477fc36802000000d0ef8510aeaaa9a9796ef4e8d1bb1f78e0818ed40facadadadbb47d8fefdfbb31e606bd6ac894d4d4d69e9e48162bd79edb5d75eefee90000000000c388542e1bc7c3e3fe19a6bae792a35d4afaaaa3a94ee0c99aaa6a666576d6dedca3163c6d4a59964460b000000808a3274e8d02f84100e1809000000002adab061c3fe3984f0a19100000000a0a25557577f3184b0cd480000000050d1860d1bf6d510c2db4602000000808a565555f5f510c246230100000040452b140aff92cbe5d61909000000002a5a2e97fbb710c24a23010000004045cbe7f3df0e21b41a09000000002adad5575f7d5908e169230100000040450b217cb7584f1a09000000002a5a3e9fff8f5c2e37df480000000050d1420855c57acc480000000050d14208d714eb6123010000004045cbe572634308f71b09000000002a5a08e107c5fa6f23010000004045cbe5723fcce7f30d4602000000808a1642b8b358754602000000808a966683a559614602000000808a96cbe51af3f9fc8481fc190a85c279c5cf511b429857ac4dc5da53ac58acce62bd557c6d41f1e7a4b49f3f71000000807354ba6364ba73e440bcf67c3e7f45b15a8a75f058f07532f56c71ffe1fee401000000ce31f97cfe915c2e3772205d7308e1fce2752f3e85f0eb44d53a6cd8b0c1be0100000000e78810c263c5aa1a28d79bcbe5425555d5aef250ab5028c4868686b864c992b865cb96d8d1d111937dfbf6c5ad5bb7c6e5cb97c7c6c6c6585d5ddd330cdb637618000000c0392284f0eb5c2e77e540b8d6e2755e9ecfe7bbca03b0a6a6a6b87dfbf67832dadbdbb3fdd3fbca03b1e23147f9260000000054b85c2ef7fb10c27707c07586f2106ce2c489d9ecaf4f22bd6ff2e4c93dc33033c3000000002a5908e1e962fd7b3fbfc6f3cb9743d6d5d5752f7ffca4d2b2c9fafafa9ecb242ff08d00000000a85021843fe5f3f96ff7e76bacaaaa7aba7c26d8a70dc1cac3b01e33c35a7d23000000002a54086165b12eeeafd797cfe7af28ef09f6499743f6b54cb2bc6798259200000000152a84b03e97cb0de9afd797cfe75b4a21556a747f3a3437379b150600000050e942081babaaaabe7ea6cf9b02aebfb524b350289c576a909f666deddcb9f3b40461e96e92d5d5d5e561d8f9be1900000000152684b0a5585f390be72d2d456cc9e572979c689fe2f6dad27ed3a64d8ba753636363791036c93703000000a0c28410b65557577ff12c9c37f6a8453d678815b7cd2bbdbe74e9d2d31a842d5fbebcfc5a16fa6600000000549810c2ee42a1f04f67e1bcf14455be64b2f87c5369fb67dd24bfa7ad5bb7965fc73bbe19000000001526847060e8d0a15f380be78d7fa316156b7fe9794747c7690dc2f6eddb577eee4edf0c00000080caf277271148f58b3a13cacfe7ab01000000c067a28fd06b652e97bbfcd24b2f1d547cbcc78c300000000006b4be02b0b27df4080300000060602b0b9d5ec8e7f35794076065fbb86b240000000003db896680f5547cbdb6144e4d9b36edb406618d8d8de541d8247f42000000009c318542e1bc10c2e1144e151fc79d3b779e9610acbdbd3d0e1f3efc68591076bed107000000e08ccae7f32da580aaa9a9e9b40461cdcdcde5b3c15a8d3a00000000675cea1f560aa9d2acb0cfba697e3a5e555555f76cb0e2f9861b7500000000ce8a10c2b3a5a06ae2c489b1a3a3e33309c1f6eddb176fbae9a6aef2d9607df52c0300000080d32af5ec2ad68e5260555757f7a9c3b01482d5d7d797f705db93cfe72f30da000000009c55b95c2e941ae79766867dd26592e97d3d668259120900000040ff114218511e86a59e61a9817ebaebe3c9de1d3235c62fef09962a97cbfdd0e802000000d0afa49961c56a2f0fb25220366ddab4b874e9d26cb65769d9645afeb875ebd6b87cf9f23863c68c58535373a4fc7d6939640ad78c2a00000000fd52ea1996cfe75b7a845aa75aad7a820100000030208410ae3a16881d3e95002ccd0273774800000000069c42a1705e3e9f9f10429857acb78ad5792cf44a3fdf29d6c2624d4a33c98c160000000000000000000000000000000000000000000000000000000000000000000000000000fdcdff017a8b338c42181ce30000000049454e44ae426082, '1'), ('5', '1', '/Users/realaicy/RealCode/TNA/JC/jc-web/target/classes/processes/Developer_Hiring_with_jpa.hireProcessWithJpa.png', '1', 0x89504e470d0a1a0a0000000d49484452000004c2000001e80806000000ab7843570000698f4944415478daecdd0b7454e5bdb87fa020ea1f5d3d2a58905610e5a83f8e967a9682ed12f45817ac8315ad74984cb8947b1129270285631150502e962878addc4591a05c452eb91092a2205020dc4a224184100877420214f4fdefef7bb2a73b9399c9cc6466b267e6f9acf52e2673c9843013f67ef2ee77d7a90300000000000000000000000000000000000000000000000000000000000000000000000000000000000000000000000000000000000000000000000000000000000000000000000000000000000000000000000000000000000000000000000000000000000000000000000000000000000000000000000000000000000000000000000000000000000000000000000000000000000000000000000000000000000000000000000000000000000000000000000000000000000000000000000000000000000000000000000000000000000000000000405c504ad52f2c2c5cbc69d3a6ef333333557a7a3a23ca23232343e5e4e49c344632af48000000000080089108969b9bab4a4a4ad4e5cb9719b5344e9c38a1366cd8702e2323e3595e95000000000000112033c18860b6896197d3d3d3f7f1aa0400000000008800391c9208659f919e9e7e85572500000000004004c81a5504285b8530c5ab1200000000002002820961c5a72fa894853bf490cb842b4218000000000040ccf017c22e5dbaac4e9d2f777f9cb3ef983b84c965f3fa92b365ea6c6939218b10060000000000605fbe429844b0051b0faad18bf3d4ba5d4755f6de623566c96e770893cb72fdaaed47d428e33ed3d6ec57e72e10c3086100000000000036e52b849d3c57a6fe9496e70e5fd58de19fec54874f9e276611c2000000000000ecc9dfa1915fec280a3884a56d3e44c82284010000000000d897bf102687439aa16bc4a29deae32fbf55078e9dd5432ecb75e6edab771611b20861000000000000f6e52d84c9192165317ceb9a6012be3cef27d759d70c93c770364942180000000000802d790b61de0e7d9459609ef793ebbcdd97a04508030000000000b01d4218210c00000000002021706824210c00000000002021f85f2cff58c08be5cb7d09598430000000000000dbf217c2d6e415793df4d1dbf87cfb114216210c0000000000c0be7c85b093e7cad4e8c5790187b091693b55c9d9326216210c0000000000c09e7c85b0b2f24beaddac027df8e3d2addfa9f57b2baf192697b3f716ab75bb8eea60363be780ba78e912318b10060000000000604ffe0e8d941876ecccbf16bf97c5f0cd102697cdeb4f9f2f278211c2000000000000eccd5f08f3763649338471764842180000000000404c092684310861000000000000318b10460803000000000048088430421800000000004042208411c20000000000001202218c10168b5c2e577387c331a47bf7ee8b8d51608c526328635c34c641e3b6a5c69fc3e57e7cb700000000008046082384c512a7d3d9d518e9c6b85c11be0219eb8dfb27f3dd030000000020c111c20861b1a07bf7ee2d9c4ee79a20e297b791dbad5bb73bf96e020000000090a008618430bb73381cdd9392924e5ba396cbe552afbdf69acacaca52df7df79d3a7ffebc12656565aaa8a8486ddcb851a5a6a6aa1e3d7a78c6b0526687010000000090a0086184303b73381c5d9c4ee7556b005bb060812a292951813873e68cbebf3cce1ac48ccfd98fef2e00000000000986104608b32b9909668d602929297af65728e47123468cf08c61cc0c0300000000209110c2086176246b82590f871c3b76acfbf0c750c9619313274ef43c4cf26ebedb00000000002408421821cc8e92929232ac33c16a1ac1ac31cc6366582edf6d00000000001204218c1066374ea7b3ab754db0500f87f47798a475cd300e9104000000002041d4348415171713b0086161e5743ad3cd48250bdd47c2c2850b99150600000000403cc50463fcaabafb851ac2264d9aa46ebcf1468936aa55ab566ae4c891618b41e3c68dd39ff7c2850b213d3e2323433f7ef5ead5213d5ee2cbaa55abf4e58d1b37eacfb574e9524258145e932e97abb9b940beccda3a75ea544442989c4db2478f1ed618d6829f1a0000000000c428cb615fe90e87a39daffb8512c276eddaa5e3d0a04183547676b61a326488fe5802941d42d8e1c387d5cc9933d5a14387827eecbe7dfbf473cbe3e5e3a2a2227db9b0b090101685d7a471fd10f37e53a64c5191949a9a6a0d61c3f9a90100000000408c4707cb58ed6d364e2821ec9b6fbe513ffad18f94c3e150dbb76f57a5a5a56acd9a35fa7ab95dceccd7a44913d5b46953357efc787ddde6cd9b55cb962df54c32f9536e9f3d7bb6fb73ce9a354bdd7befbdea9e7bee51bff9cd6fbc86b0cccc4cfdd8c18307ab9b6fbe59656565797d2e99c525f75bbf7ebdcfaf47c6071f7ca05ab468a11a376eac671f9d3d7b5675ecd8513fb75c377ffe7cb575eb56fdb9d6ae5dab1f23b3cc1e7ae82175c30d37a80e1d3aa8bcbcbc80fe7e84b0c05e93c6758bcddb25b24692bc4e2c5fcb4a7e6a0000000000103fd1c13d1bc71a1f423d34526681d5ad5b5747a3d6ad5bab575f7d555dba7449e5e7e7ebeb5e7cf145f5c61b6fe8cb2b56ac50393939fa72fbf6ed754c6ad3a68d6ad6ac997b06977c2ee3eb521f7ef8a1bae5965bbc8630395c51aebfefbefbf4e7dfb16387d7e7b21e1ae9ebeb3979f2a46ad8b0a17ece8f3efa485d7ffdf53a92bdfdf6dbfa3e7dfaf451bb77efae7468e49e3d7bf4fd2496bdfbeebbfa90d03beeb8439d3b77ceefdf8f1016f86bd2f8b8c0bc3edc8be47b92d97e96afe3303f35000000000088b3e8609d8d2387a7d564b17c394432252545dd79e79d3a02c9ccabc99327ab7af5eaa9a953a7ea43cf1a356aa4677099a168ce9c39fab1729d8428b9fcd7bffe55df66ce2893b59beaf809611f7ffcb1fed8d773594398affbcc9b374fdf4742997caee3c78f7b3d34d21ac25e7ffd757d79e7ce9dfab677de79477f2c33cffcfdfd086181bf268d516e7e7cfefcf98886b0b2b232eb735fe4a706000000000091dff9afd5114a085bb264897aecb1c7d4c18307f5c7121464f6935c2761ac7efdfa6ac488117a017d19b2f8bc198a962f5fae1f23b73768d0405f9e3e7dbabe4d6600c9c703060cf01bc2ccafd9d773594398affbbcf5d65bfa3efbf7efd79f4b82982ca0ee2f84495493cb070e1cd0b799314dbe1e7f7fbf6086dd5f2fd11cd1607d3e7e5a010000000010861066b300b7c5e17074e9d8b1637db95f28214c0298449ec71f7f5c7dfae9a76aecd8b13a020d1d3a54c727b92c6b7ec9ba59eddab5d3eb6b99a1480e4bf40c45f2f9ea542cbe2feb7e4954f317c2e43ee67a5dde9ecb1ac27cdde7c891237aa698b9e0ff4d37dda49e7bee391db9e4fea3468dd28bed5b43985c964338939393f57a650f3ef8a05e4b4c0eb3f4f7f7634658e0af49e3722933c2000000000088e19d7f9b44874a01cc14eaa191b296d6030f3ca0c390049f2e5dbaa89292121d177af7eead67615d73cd35eac9279fd441abba503461c204bd00fe8f7ffc6373768ecf10662e82efebb9cc10260bf8fbba8f3cfecd37df5477dd7597fe3a64ddafa3478feafbcb9a67f2f8d75e7bad520893c7bcf7de7b3a7ec975b7df7ebb0e62723d212c3caf49d608030000000020c677fe6b393a7ce5743abb7a0630534dd60893515c5cace391e7f5329be7f4e9d3417d2e396ba3b7cf55ddb03e975c360f7bfcf2cb2f03fa7a3caf2f2f2fd751ccdf7356777ba823414298cfd724678d040000000020c677fe6be979bdce00f354d31066b7216b7b197f2dd5a449133d432dd6befe380f61d5be268ddb8798716aca9429110d6172f2044b081bce4f2b00000000006abef36febb0116f21ecdb6fbfd58750ca616fb1f8f5c773080b84cbe56a6ebc67aec8fbc6b8ac4e9d3a159108262746484e4efec112c25af0d30a00000000801a2284d967782e7c5fc7b2f61721cc3e9c4e67ba19a8e40c9f91b070e142eb6cb05c7e52010000000010068430fb0c992526874e16161612c26c4cd60f332395cc0a0bf7a2f9f2f9929292dcb3c18ce74be6271500000000006140080b6d4c9c3851aff3d5b46953357efc787ddde79f7fae5ab66ca9c68d1ba76f6bd3a68d5ab264896adbb6ad3e93a3acf9643e7ed8b061faac8eb7dc728b7afae9a7f521765bb76ed58f5fbb762d21ccfeef9bf566a84a4949d1273b08073919c30b2fbc70d53a1bacba75f4000000000040e03bf484b020477e7ebe8e542fbef8a27ae38d37f4e5152b56a8458b16e9cb12b6962d5ba6ead7afaf1a356aa4d2d2d2d4238f3ca2aebbee3a75e9d2251dbc5ab76eade6cd9ba7e3983ce6b3cf3ee3d0c8d87adfb430c60933588d1d3bb6c6314c22d8c48913adeb82953a9dcebbf96e030000000010be1d7a42589063f2e4c9aa5ebd7a6aead4a93a6449ec1a3c78b03b84995fb3cc16ebdcb9b3be3c61c2047d9b79a6c87dfbf6e9c73ff1c413fafae9d3a713c2628cc3e1e86e2e9c6fce0c0bf53049799cc74c300e89040000000020dc0861c10f091e32db6bc488116ae4c8917ac8a2e96608dbb2658bbe9f1cfa286b48c965895e72dbf1e3c7f55923e5f1c9c9c96ad6ac59fafa19336610c262f3fdd3db1ac3e4df5b5e0b72d6c740cf0e290be35bd70493e1703846f1dd050000000020fc3bf284b020c7ead5ab75a49288b579f366d5ae5d3bbdae57a0216cf4e8d1aa418306eaf0e1c36aeedcb9fafa69d3a611c26294cc0c33c6196bc8927ff72953a6a8ecec6c3ddbcb3c6c520e7f949322c8bfafcc02ecd5abd7f7d6c7c9e19012d7f8ae0200000000100184b0e087c48cdebd7beb595dd75c738d7af2c927d5850b17020e61bb76ed52ad5ab5d2875776e8d041dd7aebad6ad0a04184b0d87e1fb5703a9de91e512bd891cb9a6000000000004476079e1016e290593ea74f9f0ef9f112c5ecfa77238485fc7e7ab622885d092680c92c30ce0e090000000040e477dc09610c425898b95caee64ea77398f1fe5a6c8c83c6b85811bde4cfc3c658698ce132938cef1600000000005142086310c20000000000404220843108610000000000202110c21884300000000000901008610c421800000000004808843006210c00000000002404421883100600000000001202218c4108030000000000098110c620840100000000808440086310c20000000000404220843108610000000000202110c21884300000000000901008610c421800000000004808843006210c00000000002404421883100600000000001202218c4108030000000000098110c620840100000000808440086310c20000000000404220843108610000000000202110c21884300000000000901008610c421800c02e9452f50b0b0b176fdab4e9fbcccc4cfdff0e23ba23232343e5e4e49c344632af4800004008238411c2000088108960b9b9b9aaa4a484ff776b719c3871426dd8b0e15c4646c6b3bc2a010000212c8ae4b7c16c90da665c4c4f4fbfc2bb0600102932138c08669b1876d9f87f7f1faf4a000040088ba29c9c9c623688ed318a8a8a3e618318001049fc02cc7633c1f905180000208445535656d653d9d9d9678f1f3f5ece0669edcd04930896919171884324000091c492082c8900000090d0214c646464743136c4b6c86f2559c4b656867cdff711c10000760a61c5a72fa894853bf490cb842b42180000405c843000009018fc85b04b972eab53e7cbdd1fe7ec3be60e6172d9bcbee46c993a5b5a4ec8228401000054450803000076e12b8449045bb0f1a01abd384faddb755465ef2d566396ec768730b92cd7afda7e448d32ee336dcd7e75ee02318c10060000e08110060000ecc257083b79ae4cfd292dcf1dbeaa1bc33fd9a90e9f3c4fcc228401000054460803000076e1efd0c82f7614051cc2d2361f226411c2000000aa2284010000bbf017c2e4704833748d58b4537dfce5b7eac0b1b37ac865b9cebc7df5ce224216210c0000a02a42180000b00b6f214cce08298be15bd70493f0e5793fb9ceba66983c86b34912c20000002a2184010000bbf016c2bc1dfa28b3c03cef27d779bb2f418b10060000e0460803000076410823840100004414210c0000d805874612c2000000228a10060000ecc2ff62f9c7025e2c5fee4bc8228401000054410803000076e12f84adc92bf27ae8a3b7f1f9f623842c421800004055843000006017be42d8c973656af4e2bc8043d8c8b49daae46c19318b100600005019210c0000d885af1056567e49bd9b55a00f7f5cbaf53bb57e6fe535c3e472f6de62b56ed7511dcc66e71c50172f5d226611c20000002a2384010000bbf07768a4c4b06367feb5f8bd2c866f8630b96c5e7ffa7c39118c10060000e01d210c0000d885bf10e6ed6c926608e3ec9084300000808010c20000805d0413c2188430000080a011c20000805d10c2086100000011450803000076410823840100004414210c0000d805218c1006000010518430000060178430425834b85caee60e876388b11dbcd81805c628956d62635c34c641e3b6a5c69fc3e57ebc2b010088338430000060178430425824399dceaec64837c6e58af015c8586fdc3f9977270000718210060000ec821046088bd0f66e0ba7d3b92688f8e56de476ebd6ed4edea50000c4fe8601210c0000d802218c10166e0e87a37b5252d2696bd472b95ceab5d75e53595959eabbefbe53e7cf9f57a2acac4c151515a98d1b37aad4d454d5a3470fcf1856caec300000621c210c0000d805218c10164e0e87a38bd3e9bc6a0d600b162c502525252a1067ce9cd1f797c7598398f139fbf16e05002046c54208fbfaebaf1f1e3c7870c13df7dc73c5f85031180c0683c1a8fdd1bc79f3f2d6ad5bcf312e37228411c26c18c1ba5b23584a4a8a9efd150a79dc8811233c631833c30000208445268219ae76e9d2456dd9b2455dbc7851010080da75e5ca15b56bd72ef5dbdffef6871b6eb8213f5c318c1046080bd3f66d0bebe19063c78e751ffe182a396c72e2c4899e8749decdde04000084b0b07aeeb9e70e4804030000f6f4eb5ffffa84f15ff66b843042985d24252565586782d53482596398c7ccb05cf6260000208485951c0e2933c10000803dedd9b3e7bcf15f7601218c1066074ea7b3ab754db0500f87f4453e9f75cd300e9104008010166e1c0e0900808dc9619275fe6fddb05a0d61c5c5c5c42b429884b0743352c942f791b070e1426685010040088b5c08030000f6569b216cd2a449eac61b6fd45f43ab56add4c89123c31682c68d1ba73fef850b17c2f639376edca83fe7d2a54b096141062e63fccadf7d5c2e577373817c99b575ead4a988bcdee56c923d7af4b0c6b016ec55000040082384010040088b68089305fbe5b9070d1aa4b2b3b3d5902143f4c719191984b0380b61964311d31d0e473b6ff731ae1f62de6fca9429117dcda7a6a65a43d870f62a00002084d93e84ad5dbb566f88feed6f7fab72dbd6ad5bdda787af5bb7aebaeebaebd46f7ef31b7dd8050000b04708fbe69b6fd48f7ef423e57038d4f6eddb556969a95ab3668dbe5e6e97b3fc3569d244356dda548d1f3f5e5fb779f366d5b2654b3d934cfe94db67cf9eedfe9cb366cd52f7de7bafbae79e7bf4fffdde4258a74e9dd4b061c3f4e5091326e8cf535858a84a4a4ad41d77dca1e6cc99e3f3f93d43d8071f7ca05ab468a11a376eac67319d3d7b565fbf7af56af5d0430fa91b6eb84175e8d041e5e5e5e9eb3ffffc73fd7c12e9e473b769d3462d59b244b56ddb567f0e0934e6d7e9edf9633d8459c66acf1962c6758bcddb258c4692fc3b5abe9695ec55000040088b8b10f6dc73cfa94f3ffd546f3ccac7b2d10b0000ec11c264c82c30f9a5957c0dad5bb756afbefaaaba74e992cacfcfd7d7bdf8e28bea8d37ded09757ac58a1727272f4e5f6eddbebd82421a959b366fa731d3e7c587f2ea7d3a93efcf04375cb2db7780d6172e640f3310f3ef8a0becfdcb973d5a2458bf465796e5fcf6f0d61274f9e540d1b36d4cff7d1471fa9ebafbf5e6f73ecd9b3475feed8b1a37af7dd77f5219f12d8ce9d3be77e8ea79f7e5a2d5bb64cd5af5f5f356ad448a5a5a5a9471e7944fff2cedfdf3f8e42987b869819c48c8f0bccebc3bd48bea7a2a222ebd77198bd0a00000861510d61b2c1d7bf7f7fd5bc797375e79d77aa3ffde94ffafaafbffe5a6f389ab1ebe5975f56f7dd775fa510d6af5f3f75ebadb7aa279e78426f9c5a43d8cc9933ddcff1d39ffe543dfcf0c37a035a3ee7f3cf3faf6ebef966959b9bab3714dbb56ba77f6bfbe8a38faa7dfbf6b91f27bf15367fe32ceb49949797ebebe537d1f2bcb2212dbf4df6f7f7f0753d0000891ec2cc4324535252f4ff91f2b5c84ca8c99327ab7af5eaa9a953a7ea5952128b060f1eec0e61e6ac2db94e62945cfeeb5fffaa6f336794c9ffdbde42d8860d1bf4f5f2a784a8bbeeba4bf5eddb57f5e9d347dd7ffffdfa3ebe9edf1ac2e6cd9be70e67f298e3c78feb3f5f7ffd757dfdce9d3bf5c7efbcf38efe78fdfaf5ee10667eaf64b657e7ce9dddb3d3e4369999e6ebf9e32d8459678819a3dcfcf8fcf9f3117dcd979595599ffb227b15000010c2a21ac2e4b7b0d75e7badfaeaabaff46f707ffdeb5feb4314cc0d55d990137ffce31f75acb2863039ec4036467ff18b5fe84321ac214c7e432b1b90e686b03cde7c9c6ce8bef4d24b7a23557e6bfbd8638fe9c31b64235c7e732b67bb948d30d9b896431d64c355ee271ba9070f1ed49f431e3f63c60c7df98b2fbef0f9f7f0753d0000891cc2e49040f9ff57fe5f958f254ec82f98e43a096312a964f6962ca02f43ce226886b0e5cb97bb67773568d0405f9e3e7dbabe4d6613c9c703060cf01ac2e4ff78f90597fcf24bb62bde7efb6dfdffff6db7dda6c68c19a3efe3ebf9ad21ecadb7ded297f7efdfaf1f23414c1662978825d71f3870405f6f0633f9fe98216ccb962dfab6db6fbf5d6f67c865d96691db24a8f97afe60bebf01c427db8e68b03e1f7b15000010c2a21ac276ecd8a10f6590b5317af5eae59e011648089353600beb6f81cd1026114bce44f5b39ffd4cc730d910361f27872008f92dab7cbc77efde4a9f47be0639cc412ecb06ba908d5b21bfe995dfd24e9b364d6f74cb6f69658699afbf87afeb010048e41026ffbf4ac47afcf1c7f5520663c78ed55fcbd0a143f5618f7259d6fc9275c164e6b6fc1f6e8630f330416b08337f51258bef676565e9a856c7c762f932fb4b6e93d958050505eeb5456536bab9c697b7e7b786b023478ee8ed0173b1ff9b6eba492fcb20f791fff7939393556666a63efc52b601e450ca404398afe78fc319615b1c0e47978e1d3bd6372e9732230c000024440813b238aec42a39dcb04ec56f7acd8d5db94d0c1c38b04a08930d4a21bf25ad53f15b596f87469accc7c9e10966d4aa53f1db6361c62fb9fdbdf7ded397cdd95bb2812d1b4eb2d12dbfa51d356a941a3d7ab41e9f7cf289cfbf87bfeb010048d410264366633df0c0033a1c49d0ead2a58b3e3450febfedddbbb7fefff69a6bae514f3ef9a40e5afe42987978a12c7df0e31fffd89ce9e33584c96c34b94dce4e281fcbb20912a5ccdb7d3dbfe762f96fbef9a63eb452be065913ece8d1a3fa7ad98690f825f795cf2b414cae0f3484f97afe380a61ee0066b90f6b84010080c40861f2db4e395b921c4220d149ce2025871b98bfa1958562e5b21cb2e819c27ef9cb5fea430ee5300a5964570412c2646d3021bff9958def9e3d7bea8d6b39d4520e9790df44ca86a8fca6d75c13447ed32bbfa5aed8b0d4873afcfdef7fd70bf6ca06aeafbf87afeb010048f410660e39b3b3c41fcfebe5ffe3d3a74f07f5b9e4cc8dde3e572823d0e7f7751f338c45faf96328847de5743abb5a0398e53e9c3512000024460893430ee5b00859474b0e33ecdab5abde80fdfefbeff565f93cb26ec7ef7ef7bb2a214cd6ff90dfc2fefbbfffbbfeed70a021cc7a78a2dccffcadad9c025d8298497e532d814d9e43629b1cd670e5ca157d4885f95bdaa79e7a4afdf39ffff4f9f7f0753d0000843046a486cd42589519609e8cdb8798714a66ea45922c8d610961c3d9ab0000801016d5106692c56be50c8bde42d90f3ffce0f3716634ab29895cbec8e1089ee46bf576bdafbf87afeb0100208431e2398405c2e5723537b66dafc8f6ad1c2e7aead4a988bcde65bb323939f9074b086bc15e05000084b05a09610000801066d7615d1fcc73ad30425878389dce743350c9faaf9120275ab244b05cf6280000208411c20000208411c23c862cb02ecb29c87a9f84b08885b0ae66a4925961e15e345f3e5f5252927b3698f17cc9ec51000040082384010040088bbb10f6f9e79fab962d5baa71e3c6e913e3b469d3469f3d524e68236b85caba51e67d870d1ba6cfe878cb2db7a8a79f7e5a1fa6276b90cae365bd51425844b76fd79ba12a2525459f30201c64298d175e78e1aa753698bf35cb000000218c10060000212c6643d8a2458bf4df55c2d6b265cbf4496fe42436696969ea91471e51d75d779d5ecb5382979c2847ce0e2d714c1ef3d9679f716864f4b66f5b18e38419acc68e1d5be31826116ce2c489d675c14a9d4ee7ddec4d000040082384010040088beb10667e9d4d9b36559d3b77d697274c98a06f2b2929d11fefdbb74f4d9d3a553df1c413fafae9d3a713c2a2c8e170743717ce376786857a98a43cce6326188744020040082384010040084b8c10b665cb16fdb11cfa28eb50c965895e72dbf1e3c7d5aa55abf46cb1e4e464356bd62c7dfd8c19330861d1dfceed6d8d61f26f250be8cb591f0321f79385f1ad6b82c970381ca3d88b0000801046080300801046083b7e5c8d1e3d5a3568d0401d3e7c58cd9d3b575f3f6dda3442582d909961c638630d59f26f3665ca14959d9dad677b99874dcae18f724203f9b791197cbd7af5fadefa38391c52e21a7b10000010c20861000010c2086115216cd7ae5daa55ab56aa5ebd7aaa43870eead65b6f5583060d2284d5def66e0ba7d399ee11b5821db9ac09060000218c10060000122684053b248ac5f2d71f2f21ccb2ddfb6c4510bb124c009359609c1d1200004218210c000010c2e278c45b0833b95caee64ea77398b11dbcd818078d71b1227ac99f878db1d218c36526197b0b000010c20861000080104608030000208411c20000208411c2086100000084304218000084304218210c000080104608030080104608238401000010c20018befbee3bf5d5575fa9cccc4cbd73c288eec8c8c850393939aaa0a08017234008238401000010c20861402423586e6eae2a292961e7ac16c7891327547676b6cacfcfe7450910c2086100000084304218100932138c08669f1826b3f20010c20861000000843042181001125ed829b3d7ce21004218210c0000801046080322809d43421840086310c200000008610021cc322e9c2d56855be6a83d192feb2197e53a76e8086100218c410803000084304218103721acf44c91dabd768cdab96a44a521d7c96decd411c2004218831006000008618430202e42d8e13d2baa4430731cd9b3929d3a421840086310c2000000218c1006c44708dbb77eb2cf1026b7b15347080308610c42180000208411c280b80861bbd3c7f90c61721b3b7584308010c620840100004218210c208431086100218c410803000084304218102b214cce12e92b84c96decd411c2004218831006000008618430202e4258c1c6b77c8630b98d9d3a421840086310c2000000218c1006c445083b5594a776af1b5bf5b048e33ab98d9d3a421840086310c2000000218c1006c44508937170ebfc2a214cae63878e100610c218843000004008238401f113c22e5d52055fbe5bf5b048e33ab98d9d3a421840086310c2000000218c1006c47c082b3d53a4f237cef0b94698dc26f761c78e100610c218843000004008238401b119c22e5d52c505596ad79afff519c1cc21f791fb323b8c1006d83584656666f233c63ee3a2f1b3ee0a5bcb000080104608036c11c2aa9b05c6ec304218106b212c2727a7b8a4a4849f3336184545459f183febf6b1b50c000008618430c016212c905960fe6687b1a3470803ec16c2b2b2b29ecacece3e7bfcf8f1727ed6d4de4c308960191919878cf12c5bcb4082337ec6d72f2c2c5cbc69d3a6ef65daae6c0431a23b8c1fc62a2727e7a43192790d3112f1354408030861e608358299839d3d421860b710268c6db52ec67b6c8b1c96c7b66bad0cf9beef238201d02460e4e6e62aa6ebd6ee3871e284dab061c3b958fce1cc6b88d710218c1006842b84310861403c86b018dfaedae8743abfe73b01206ec82c1e02866d42c6e5583c669dd710af214218210c208411c20042585c6e537594ed2a194ea7f357ec3d03880b9cc5c4761ba157780d3112ed3544080308610c42184008b31f87c3b1dd0c61c658ccde3380b8c046a8fd3642790d3112ed3544080308610c42184008b3ddf6d4b39608a687c3e168c31e3480840a61c5a72fa894853bf490cb6c34123182790d5d385bac0ab7cc517b325ed6432ecb75fcbbf31a228401843006210c2084d947b76edd1a19db53c59e21cc1853d9830610d721ecd2a5cbead4f972f7c739fb8eb943985c36af2f395ba6ce9696b3114908f3394acf14a9dd6bc75439bb975c27b7f16f4f08238401843006210c2084d983d3e91ce62582c9b868dc760b7bd100e2328449045bb0f1a01abd384faddb755465ef2d566396ec768730b92cd7afda7e448d32ee336dcd7e75ee02318c10e67d1cdeb3c2e7a9ee8fec59c9bf3d218c100610c21884308010660315b3c10efb0861cc0a0310bf21ece4b932f5a7b43c77f8aa6e0cff64a73a7cf23c1b928430af63dffac93e4398dcc6bf3d218c100610c21884308010668beda857fc443019a5bd7bf7fe317bd200e22e84c9f8624751c0212c6df321362209613ec7eef4713e4398dcc6bf3d218c100610c21884308010668bd9605b8c71d01857fcc4b071ec490388cb102687439aa16bc4a29deae32fbf55078e9dd5432ecb75e6edab77b2ce13218c10c66b8810460803086184308010164f1c0e476763dbea0bb9ec72b99a1b975b74ebd6ed277c6700c45508933342ca62f8d635c1247c79de4faeb3ae19268fe16c9284306f43ce12e92b84c96dfcdb13c2086100218c4108030861f6e3743abb3a1c8ea57c2700c47508f376e8a3cc02f3bc9f5ce7edbe6c4c12c23c47c1c6b77c8630b98d7f7b4218210c20843108610021cc7e1c0e87b169d5fd13be13000861843022461021ec54519edabd6e6cd5c3228debe436feed096184308010c62084018430fb713a9dbd8c6dabb97c2700c47508e3d0482246b843988c835be7570961721dffeebc86086100218c4108030861b6ddae1a608cf7f94e0088eb10f6afc5f28f05bc58bedc978d484298cf71e9922af8f2ddaa87451ad7c96dfcdb13c2086140fce8d7af9f5ab76e1d218c100610c2e263bb6aa8c3e198ce7702404284b03579455e0f7df4363edf7e848d484298d7517aa648e56f9ce1738d30b94deec3bf3f218c1006c407790fca9020969999490823840184b018e6703846389dce297c2700c47d083b79ae4c8d5e9c1770081b99b653959c2d6343921056691658714196dab5e67f7d463073c87de4becc0e238411c280f80961e6e8dfbfbfd719628430421840088b89edaa3f1be315be1300e23e8495955f52ef6615e8c31f976efd4eaddf5b79cd30b99cbdb758addb755407b3d93907d4452206212cc05960cc0ee335440803122784596788598318218c100610c26262bbea1589617c2700c47d083363d8b133ff5afc5e16c33743985c36af3f7dbe9c084608ab34029905e66f7618af054218210c88bf10669d2126874c12c2086100212c26b6aba61a6338df09000911c2bc9d4dd20c619c1d9288e1ef35146a043307af0542580d74aa08619d08618866dc61043f0861f61abc26ff6f0084b0ca64a17ca7d3f93cdf09000919c218440c5e43bc866cee71639c31466ac59f5d086108670843cda261af5ebd545a5a9afe5915caa191bffce52fcd1dd34ae3a5975e0afa67656e6eae7eecb265cbfcde6fe3c68dfa7e4b972eadf6732e58b040ad5ab52a2c3fcb83795e6684f13e07212c928cf7c5fbc618c0770200218c41c4e035c46bc89e11cc8c5f3223ec844d63187b17ec20275408f30c60a660ffffc8caca529f7efaa9ead3a78fde417de38d37f4c7bb76ed8a58082b2a2a523367ce548585857eefb76fdf3efdf9e4bee1f8591ee8f312c2789f831016694ea7739ec3e1e8c9770200218c41c4e035c46bc8be11acbaeb09616007390a21ac77efde6ae1c285550258a821cc1ca9a9a97a0775e7ce9d95ae9f3871a26ad2a4896adab4a91a3f7ebcfbfa0f3ef840b568d142356edc58b95c2e75f6ec5977081b346890bafdf6dbd54f7ef213f5e1871f5679aead5bb7aa962d5baab56bd7aacd9b37ebcb93264dd27fca73cd9e3d5bdfaf63c78efaf3c973cc9f3fdfe7d7236ba3c963070f1eac6ebef966d5a14307d5a54b17f7f3252727ab4e9d3a557a5e5f9f4bee376cd8307d79c28409fafe12ce4a4a4ad41d77dca1e6cc994308e37d0e42588d19ef8b4f8ce1e03b018010c62062f01ae235640f9daa895de6ed765a338cbd0b7690e39aaf1960910c61f9f9f9faba175f7c51cf1493cb2b56ac50274f9e540d1b36544ea7537df4d147eafaebafd721c90c610f3ffcb08e4d6ddbb6553ffbd9cffc1ea2989393a32fb76fdf5ead5ebd5ab569d346356bd64cdfefedb7dfd6b7c96cb5ddbb77fbfc7ae4d049b97cdf7df7e9dba64d9ba63ffec73ffea18e1c39a2ead7afaf439bf5797d7dae112346b89fffc1071fd4d7cf9d3b572d5ab4485f96c711c2789f831056530e8763a9f133b42bdf09204e193fefaecdcbcb1b386fdebc0dc646c8b9a143875e91df66ca7f8ac9c9c93ffce10f7fb86c6c84144e9e3c798131fe9d10c62062f01ae235648b08565de4b2dbcc30f62ed84146984398b15da6ead5aba7a64e9daa6f6fd4a8919e75656cd3558a42c78f1faf7468a4396beaf9e79f57d75e7b6d4021cc7c8c7c7e896cde0e8df4f5f59821ece38f3fd6f73b71e2848e7363c78ed591ab4183063a88599fd7d7e7dab06183be8ffc2901edaebbee527dfbf6d531eefefbefe7d048dee720848585f1be58ed743a3bf19d00e230807df6d967f35f79e5952b32c5fcfdf7df579b366dd2eb335cbc7851ff20943f65aaf9b66ddbf446d51ffff8c71ffee77ffee7db010306f42384310861fcdbf11a8abac7839ce915ecfd09616007398642584a4a8a8e41324b6ae4c8917ac8e2f56fbdf596beeffefdfbdd33c7ce9c3953658d30799c44a84042d8f2e5cbab3cc63384f9fa7acc1066fdbbf7ecd953dd7befbd7a76da534f3d55e5797d7d2ed93695c3251f7df45175c30d37e8596977de79a7baedb6dbd49831630861bccf41080b0ba7d399f5bbdffdee51be13401cd9b469539f0913265c928d0b895c57af5e0df887e38e1d3bd4a851a3ae0e1c38705fb76eddee24843108610c5e43518d605d42785ca90d62187b17ec2023cc214c0e5594eb66cd9aa5d7f26ad7ae9d3ee4516657c96c2a590b2c3b3b5bdd74d34deab9e79eab510893c3123d1f73e0c0017d9bb15da80e1d3ae4f3eb3143982cfc6f3e877c5d725dddba75dd5f8ff5797d7d2eb99f79e280ce9d3bab828202f79934bffefa6b4218ef7310c2c235236ca3311ee63b01c4c72cb0facb972fcf920da3952b570615c03cad59b3463644ca63717618118388c16b88d7508244b0703d9e10c60e326c18c2cacacaf4e2fc3273ea9a6bae514f3ef9a4ba70e182beedcd37dfd4870d4ab49245ed8f1e3d1af61026cfdfba756b7dfb6bafbde6f3eb3143d8faf5eb2b3dcfdd77dfad17c22f2f2faff2bcfefe6e4b962cd1f79b32658afe5816c997c5ff396b24ef7310c2c218c2b6391c8e5ff09d00e220826567677f2deb41c814f970f8f6db6fe5b78de5fdfaf57b8e88c1208431780d4544750be347fbf310c2d841462d84307fe3fcf9f3eaf4e9d35e6ff3757db886442c896c817e3de1fcbb85ebff0fdee7bccf4108f312c2763b9dceffc77702887132134c2298acf9154ef2f9060c18506afca04826623008610c5e43118960e13aacb1366786b177c10e322214c2188430dee72084853d8415c4ea3240002ac89a60723864b86682799b19d6b367cf334ea7f36e22068310c6e03514d6686546b0bac6e855f167303c1f575b0be8b377c10e3208618430dee72084c54a083b6c8c9ff29d006294f1f3ecda975f7ef9b2ac091649ab56ad2a77b95c5f113118843006afa1b0cfdc928835ab62e374561031ccd7e36a2386b177c10e3208618430dee72084c54a082be9d6ad5b63be13408c5aba74e947b2b0e93ffff9cf88ffe01c3c78f0b1583844928d502206af215e433114c1ea54cce8529611480cb3463073f4b4dc1eed35c3d8bb60071984304218ef7310c26225849d73b95c37f29d00627436d82bafbc7265dbb66d51f9c1b973e7cecbb1302b8c8d502206af215e4336e52b4e798b5afe6298b7fbcff472ff68ae19c6de053bc8208411c2789f8310162b21ec72e7ce9d1bf29d0062505e5ede405920ffead5ab51fbe1d9a74f9f63c60f8e16b5f1f7753a9de9c6f81511838811abafa15ffef297ca235ee8f1d24b2ff97c8cf574f3a13c676e6eae7efcb265cb780d45f135e42782750a226e798b61814630cf1816e9c324d9bb60071984304218ef7310c262415de37df103df062046cd9b376fc3cc9933a3fac33335357587f18363782d957bfd9fb9ec883a1c8e7684302246acbd86b2b2b2d4a79f7e2a41596f88bcf1c61bfae35dbb7611c2e2ec3514628caa2e86051bc1accf7f22c233c3d8bb60071984304218ef7310c26c4f668219ef8b4bd40420464d9a34e9dca64d9ba2fac3f3cb2fbffcd6f8c1b1b23677402d63b5b799196c841231ecfe1a4a4d4dd51b223b77eeac74fdc489135593264d54d3a64dd5f8f1e3bd86306ff7c9c9c9512d5bb6542fbffcb26adebcb96ad1a2859ce0a252089333cbde7efbedea273ff989faf0c30fddcfb97af56af5d0430fa91b6eb84175e8d041e5e5e5e9eb376fdeac3fa7f17346ff29cf397bf66cbf5f2baf21bf112cd008e52b86d50b318279ce488b540c63ef821d6410c20861bccf4108b33d591b4cd608a32600316ae8d0a1578a8b8ba3fac3f3d8b1632572ba599bec80ba6766587744d9082584d9fd35e42d84e5e7e7ebeb5e7cf1453d534c2eaf58b1a25208f3759f8aefb1fa8ffff80f356fde3c75fffdf7ab7beeb9a752087bf8e187d5dab56b55dbb66dd5cf7ef6337ddb9e3d7bd4f5d75faf3a76eca8de7df75dd5aa552b75c71d77a873e7cee9b8268f6bdfbebd8e656ddab451cd9a35f3fbb5f21aaa12c4425da3cb5b0cdb5f830856d3af8710c60e3208618430dee72084c5851e3d7a3431de17c7a909408ceaddbbb7ba78f162547f78caf3193f382eda6907d43a33430e556223941066f7d790b7103679f26455af5e3d3575ea547d7ba3468de44cad954298affb98214c0e9596cf356bd62cfdf1debd7bdd216cce9c39fa365957f0da6bafd5975f7ffdf54a5fc73befbca33f5ebf7ebd3b84998f93e769d8b0a1dfaf95d7d0bf5e43619881e52d86d5248279c6b070af19c6de053bc8208411c2789f8310667bc67be2a7c6f88e9a00c4ee9bb8d6fe43b5fb08c7c693ccb66323b2e623165e2f917a0d0513c252525254fdfaf5d5881123d4c89123f558b06041a510e6eb3e6608fbe0830ff4e7faf8e38ff5c7dbb76fafb246983cb6418306eea025b71d3870407f2cb3c9e463f97c66085bbe7c7995c7f9fa3a780dfddf78e69967cc0dcdd41afe98afe76526d8fe8aeb6b22b5e273fd9810c60e3208618430dee7208425926eddbadd69bc2f0aa809408cead5abd70fd19e11565e5e7ecc8633c2b6381c8e2e1d3b76ac2ff7abe946a8ac8974e38d37eaff28e45031d9c9376f939d7d73ed25465ccde609eb6b28941026871fca75329b4bd6e76ad7ae9d3e94d11ac27cddc70c6172f8a3dcffd7bffeb55ed7cbdb62f9d6a025f7ad5bb7ae4a4e4e56999999eac1071f548d1b3756274f9e748730f39047ebe37c7d1dbc86fef51aaa53fd59226b32236c1633c2c00e32218c4108e37d0e4258f08cedb536c6fb621735018851cf3ffffce568af1176f4e8d1fd365a23cc73c7b34e4d23869cbdaf4ec5c2e2d9d9d96ac89021fae38c8c0cb56fdfbe4a879f31e2226284fd35146a082b2b2b5372b8b3ccb4bae69a6bd4934f3ea92e5cb8502984f9ba8f19c2fefbbfff5bfde8473f5277dd75973e1b6575214cc67befbda7e397dc4716d39720662ec0ef2b84f9fa3a780d798d4ea57522b3465828318c35c2c00e32218c10c6fb1c84b084969494f480f1bed84a4d0062d49831630aa27dd6c8b56bd77e6183b3467ee5743abbfad8f1ac51c4f8e69b6f744830766cf56165a5a5a56acd9a35fa7a59505cfef39068307ffe7cbf67dc939820337264dda49b6fbe59656565557b96bd401f73fefc79d5b76f5f75db6db7e9196bc3870f77cfee91c7cbfa4ef2f1d8b163f5e2e972f9f3cf3fd7b78d1b374e7f3e59f87cc992257ae174f9fb489889d4d9006d1a3122f61aaae9907fdfd3a74f07751f3384ad5bb74e5f2f3345837ddea3478f46e46b8de310e6f73554831958de2298ac09e6edac91c1c430ce1a09769009618430dee72084b14658f7ee0f1b63233501885153a74e9d29b393a269ecd8b1ab8c1f1cc36be98796bf9917618b18320b4c0e1793ff285ab76ead5e7df55575e9d225f5f6db6febebfaf4e9a376efdeedf78c7b72f8a4dcf7befbeed367d6dbb16347b567d90bf431f26f2e8b9dcb8c1d59c8fcbffeebbfd4fefdfbf5ac35b98fc439f3ef21814e2e2f5ab448dff6f4d34feb994132934716384f4b4b538f3cf288baeebaebf4df31126703b459c488ca6ba89666dde910c6ac427bbc86429c89e52b82d5f5737b2031ec3f8d712282118c10c60e3208618430dee72084c504a7d3f998f1bec8a4260031eacf7ffe73ab2143867c7ff5ead568fdecbc98949474c0f8c1d1c2cedf97706c84ca2192b220f89d77dea9ffc39059529e8746fa3be39e19b564d1f240cfb217e863b66cd9a2439dcce4ead1a3877b06582021ccfcdec86cafce9d3bebcb13264cd0b795949444e46c80768a18d17c0d45739c397346cf608cc6ecac440f613550dd8cacea22589d106398797866d708fffdd8bb60071984304218ef7310c26ccfe1707436de175f50138018969292f2cdb66ddba2f28373eddab50b8c1f1ab9f11c31e470c1c71e7b4c1d3c78d0bd1652b366cdf4759e21ccdf19f7cca8657e2d819c652f98c7c8a18e2e974b1fc2288ff9ecb3cff4a19572596e93fbf4efdfbf4a089388261fcb5a50f278b92cd14b6e3b7efc7844ce064808f33fac6b805577df709eac2198e72584858daf99618146b0606398f97c5da3f07763ef821d6410c20861bccf41088b8519615d1d0ec7524a0210c3faf6eddbed85175eb81285596167929292fe6efce0488ee78821014c16047ffcf1c7f562e3b2ce96fc873174e8501dbce4f2a851a3d4a14387fc9e71cf8c5ab2ce57a067d90bf431efbfffbefaf9cf7faefef18f7fe84322654db337df7c53edddbbd7fdf5c965394c33d8101689b30112c2fc8fa2a2221d570b0b0bfdde2fdc276b08f4790961119919e6799862af202298bf18d6338819688430b0834c082384f13e07212c116784196f8bee9f501280183770e0c0bc952b5746f487a6ac4726b3c1825c1727262386ac05f6c0030fe8c82551ac4b972efab041991d266b86c97f20afbdf69adf33ee9951cb3c6c3190b3ec05fa18095632434dd6099343177ff39bdfe843e3648174b92c9f4366b13dfbecb34187b0489c0d9010e67f6cddba559fc84082a3c447b93c69d224fda7ccf89b3d7bb6be9fb79335783bb181e74917e4240ef21a369f4fc26da74e9d2a3dafafcf25f71b366c98fb105ab9bf8433793f48689535ea086121c730eb02fad6a8154804ab53cde3825da09f10c60e3208618430dee7208425ca8cb05ec6fb622e15018871b266579f3e7dca65a1f348c8cbcb5b6e3c47b1f143e3ee448a18c5c5c53a0c59af2b2f2ff77a76bd40cfb817ca59f67c3d4616e597db3caf97a0250bdf47facc8584b0f01f1a29274090cbeddbb7d7b3f3e4ec9e1235cd405bc772b2065f2736f03ce9c2b469d3f4c73283f0c891233a724a68b33eafafcf2587c89acf2f331ee5fab973e7bac3aa3c8e101632cfc324eb56cce8aa1be4e7f17c5ca75a88608430769041082384f13e07212c56f69d0718e37d2a0210079293935d03070e2c93991ae164ec38ff2d2929e9502c1c12591b118341088b440833675ac9acae860d1b7a3d34d2d7890d3c4fba70e2c4097d765339cc572297cc729420667d5e5f9f6bc3860dfa3ef2a704b4bbeeba4bf5eddb57c7b8fbefbf9fd750f8635838669a45faec908430769041082384f13e07212c9643d85087c3319d8200c40997cbd567c08001a5e19a192633c12482193f284611311884b0e885b0e5cb97ebdb644696842b6f21ccd7890d3c4fba20a367cf9eeade7bef550f3ffcb07aeaa9a7aa3cafafcf2587dbcae1928f3efaa83ecc5666a5c999546fbbed363566cc185e43f68a61e18e6a8430769041082384f13e07212cee18fbb6239c4ee714ea01105f6feceec9c9c9e7962d5b76a1060be89ff9cb5ffe32470e8734466f2206831016dd102687257a8630cf9335f83ab181e7491764646767ebeb64dd3be3674395e7f577920499fd25b775eedc59151414b81766fffaebaf790d854f4d0f67acadc3210961ec2083104608e37d0e4258accd08fbb3315ea11c00f1f7e66e919494943970e0c0637ffffbdfcb83f8d97871ddba750b939393b7c8c2f8b1b22618218c10960821ccf3640dbe4e6ce079d20573dc7df7dd7a217c59e7cef379fd9d2461c99225fa7e53a64cd11fcb22f972b2055e43118b61c1cee8aa8d85f10961ec2083104608e37d0e4258acee2bbf22318c6a00c4ef9bfc590962c60e6ec9a44993f6fced6f7f3b545454542c873b096387f8d8d1a347f76764647c3e6edcb8d52e97ab500298cc028b85b34312c2086189f61af276b286709ed8209c9f8b101692600f6facedc3210961ec2083104608e37d0e4258aced234f35c6706a0110e75c2e5773a7d339cc78c32f36c641635c94ff142bfe3c6c8c95f2c3406692c5c3df978d502206af215e430910c3fed318a5c6e86a93af9bbd0b769041082384f13e0721ccf664a17c63dff8792a0180b8c246281183d710afa118d7a9227275f273fb091b453042183bc8208411c2789f8310162b33c2de37c600f69a0110c218440c5e43bc86ecc5d7cc303b1d0e49086307191e323333f9b94d08e37d0e42988d399dce790e87a3277bcd0008610c2206af215e43f68f61768d60843076905121373757959494f0b3db06e3d8b1633a4cf23ee77d0e429895f19ef8c4180ef69a0110c218440c5e43bc86ec1dc3526d1cc10861ec20a3c2810307547676b63a7efc383fbf6d10c1f2f3f313eaf53770e04055b10eb0cfd1ab572fdea884b084e67038963a9dceae75008010c62062f01ae235645b9d64e7a58eef35c308612084d92c86656565e99f5d8cda198918c1444e4e4eb5212c2d2d8d3729212ca119ef83d54ea7b3531d002084318818bc86780dd97aa3cdeedf03f62e0861006ca07ffffe3e2358efdebdf5ffab20842532a7d399f5bbdffdee51f69a0110c218440c5e43bc8608618430421880389e15b670e142be418430b6a9ba77df688c87d96b064008631031780df11a228411c2086100e280b7b5c2646d3066838110a6b7a9b6391c8e5fb0d70c8010c62062f01ae2354408238411c200c4e9ac30d6060321ccbd4db5dbe974fe3ff69a0110c218440c5e43bc8608618430421880383168d02066838110e67d9baaa05bb76e77b2d70c8010c62062f01ae235440823842590575e7945ef20cb9f00e28f9c39d30c614b962ce11b0242d8bfb6a90e1be3a7ec35032084318818bc86780d11c208610962f2e4c9aa6eddbaaa6ddbb6facf975e7a896f0a1087ccb5c2980d064258a56daa926eddba3566af1900218c41c4e035c46b881046084ba00866c62f991156af5e3d6218108764adb0679e79866f04086195b7a9ceb95cae1bd96b064008631031780df11a228411c2122c8255773d80d826a15b7e3e730834086195b6a92e77eedcb9217bcd0008610c2206af215e43843042589cef10fb8b5de6edec3003f115be39041a84b04a3a3b1c0ef91e7462af1900218c41c4e035c46b881066eb10f6dd77dfa9850b17ea9dbba14387aadebd7bebb56f929393d5e0c183d5983163d47befbda70a0b0bd9d309317231330c88af08c621d0208455f2b831ce1823b5e2cf2eec39032084318818bc86780d11c26c17c2d6ac59a377e2860d1ba6de7fff7db569d326555454a42e5ebca86f973f4b4a4ad4b66ddbd4bc79f3d41ffff847f5c20b2fa83973e6b0c763d9210e74a657b0f70760ef0846e80621ac520433e397cc083b410c034008631031780df11a2284d926841d3870404d9830418d18314247aeab57af06fcd81d3b76a851a346a9e79e7b4ee5e5e5b1431ce48e2f310c884d1c020d42584011acbaeb018010c6208431780d11c2a21bc2bef8e20b3568d020b572e5caa00298b7d9647dfbf64dc8d961359dfdc1ec1120362318874087fecb97d4d4547da8bd1c72ef743af5e1f7325c2e97fe3f69ca9429fa7e84b098d2a99ad865dece9a610008610c4218ff76bc860861b513c2727272d4f3cf3faff2f3f3c3f2f9befdf65bbd0323eb87312ba4cace90f2f76f17c8e701609ff0cd21d0c193b527fbf5eb57297c5537e4172cb366cd2284c54e04ab2e723133cca65c2e577387c331c478df2d364681314a2bde87178d71d0b86da9f1e770b91fdf2d10c28818440c5e43bc8608613119c2642698443059f32b9ce4f30d18302066775c22312b249010c6ec1120762218874007e71ffff887fe7f21d0f8e56dfcfef7bf8fb9c3ef1328843d1ee44caf60ef8f08723a9d5d8d916e8ccb41bc27d71bf74fe6bb8784959999493cb0cfb8989e9e7e85d71023d15e4384b0d00e4b91995be19a09e66d6658cf9e3dd5f6eddb991512440863871988bf0896e8a15b0e9797c31dad3bd1f2f16bafbda6b2b2b2f4598acf9f3fafef5b5656a64fd0b271e3467de8648f1e3d2a3d4e6692c5d22f59122484853ac34b1e574a0cabd5eddd16c67b6a4d4d02b53172bb75eb7627df4d249c9c9c9c62f9ed3f01a1f687b1e1f0497a7afa3e5e438c447b0d11c282f7f2cb2feb35c12249669cc9212dec100717c2886180fd70087468d2d2d2aaacffb560c1828067229f397346dfdf33a4bdf3ce3b84b0d88e60e17a3c42e47038ba2725259d0e47a0964328991d868463bc519ecacece3e7bfcf8f1724242edcde2918091919171c818cff21a6224da6b8810161c59d45ece0ef9cf7ffe33e23b017226c9783b443294591dc186b044dc6106ec1ec138043af89960d608969292a277ae43218f93ffb7ac3bdfb1f07f4b9c87b0ea16c68ff6e741e011ac8bf1debc1aee406d7cce7e7c7791508c1de72ee9e9e95be4902a595f8811f521dff77db11c30780df11a2284452f84c9cedcb66ddba2b213b073e7ceb89a15166a9c0a258425d20e3360f7f0cd21d0c19135c1ac3bc963c78e75cf2e0995cc4a99387162a5c324ed7ef87d1c87b0709ffd919961519c09668d60e10ed4cc0c0300801066bb10261b2db240fed5ab57a3b62320214c768aec42ce58b66eddba88cd0a0967084b841d66c0ee118c43a083d7bf7fff4a33c16a1ac1ac31ccbae32d0be813c2a2ce73a1fbbac6e855f167303c1fc702fa91dfbe6d613d1c321281bae230c9bbf96e03004008b34d089353d7cf9c3933aa3b023366cc5053a64cb1cd8e89b9b126414c4ed6118d1dd69a8430f3f9ebd5abc7cc30c0a6112cd4f7793c1e022dffcf580fb90a75b689bf5fe858679bd9f910c9380c619e33b72462cdaaf87bce0a2286f97a1c312c8292929232a211a865017dbedb000010c26c13c264e76ed3a64d51dd11f8eaabafd4c081036d17c2cc213317fccd100bc7e189350d61f1bac30cd8118740d78cfc92c1fcf92aeb08453ab6d97956589c85306f872ff6b2beee038c61d608668e9e96db59332c029c4e67d768066a0e9104008010669b103674e850555c5c1cd51d8163c78ea9a4a424db8630eb0c31cf2016ae1dd47084b078dc6106ec1ac13804da7be0aaeeb0f203070eb817c8979de253a74e45e46b91c5baad67aeb3d3e1f7711ac27cc5296f51cb5f0cf376ff995eeecf9a61e10f61e9d10cd4cc0a0300801016f0468a317e15c910d6bb776f75f1e2c5a8ee08c8f3c9f7d4ee21cc3a434c0e990c645688c7c67c58472cef3003b18843a003fbd9e9efb0f2d4d454f7fd227d487c349f2b1e425810db18be2258a720e296b718166804f38c617e0f93ecd1a3c7ff97e881abba7f5797cbd5dc5c203f9a815ad62463af0200004258b5cf5b319d3cdde170b48b4408abad20555d7cb2db78e69967f4467adbb66d03def18d560813f275c97dbefdf65bea0510c608c621d081ff1cf77658f9e0c183ddb767676747f4ebd9b871a3fbb9ec74f8bd5d435810db1841c7a8006258b011ccfafc27eaf898192611ccf83b1d34fe4e1d12799bb5ba7f57e3fa21b511a88d319cbd0a00000861016dcc58c66a1fbfe50b7903a557af5e519f11565e5e1e1333c2e47b939696a62e5fbe5c6987d4dfec903acc08038860610c61e1fc7aa2f5b3d37ac8647272b2fbfa70af41e4a9a8a8c8fd5c763afcdeee212c806d0ccf0816e8e189be6258bd102398c9ef9a6112c18cbf4b49a2c6b040fe5d8deb16d746a036c64af62a0000208405bb31e3fe2d9fc7464dc81b2843860c89fa1a61f27c765e23cc3380b1830c240e0e81ae7908b3ce10b37e1cae33d2f92267aab33e1f212c6cdb18a144307f316c7f0d2258405f4f22c7b040fe5d8d8f0b6a23501be3307b15000010c242da98b1fe96af62da7bc81b28e3c68d8bfa5923d7af5f6fcbb346ca7a69b2b0abb70016ee1dd23a9c3512b01d39b4b88ecd0f818eb5c3caa31da6086111d9c6a8e9591bbdc5b09a4430cf18d6891816dcbfab31ca6b29505f64af020080f8d9a8a8d55193983273e64c3da249d6a3b0d342c6fe6680456a26564d43d8fcf9f36dbd883610eb33c238043af41961d69fa9e61923991116d82c3abbae8f698cd41a6e4ac9e1909e33c1f6575c5f13a9b11c87133150b357010000420d705b1c0e47978e1d3bd6afb86bc81b27858585faf0c8ab57af466d4740ce2064d753db476b46564d4298b9433c6ad428aa0510011c021d5ad4f1f64b05d6088bc919619edb18d59d25b23afe6684793b9b64a0025ab83fd1668605f2ef6a5c2e654618000088958d19cf8dd33a350d6162f8f0e16adbb66d51d909c8c9c951bffffdef137e8739d41d64221810ddf7368740571fc2fc1d56ce5923632a84f9dac630a353699dc8ac11164a0c0b6acdb2448a6181fcbbb24618000088858d99af8c8db7ae3e364e6b1cc2162d5aa45e78e185a8cc0a9308366bd6acb8da61961dd5600f530c65079935c180d89a195627ce0f810ee4b0f2d4d454f74e70a40f898fe673c55908ab6e1bc3333e053a33cc5b049335c1bc9d3532981816d29a651531acf0c9279fbc3ed1b71d396b240000b0f3c68cbfdfce862d8409393c72e5ca9511dd1892b5c8248405b316572cc5b060668f04bb836cc7f5818044c021d03573e0c001f74eb0cbe552a74e9d8ac8f39c3973a6d26198763dfcde66212cd06d0c6f31acba08e52b82d5f5737b2031ec3f8d71a24e880bf7c77b040bf4dfd5b87d486d046a630c67eb1e0000844b8d375464a7a14f9f3e2a3f3f3f221b427bf7eed56bb66cdfbe9dd92341ee20071bd900d86366581d0e81d6faf5ebe7de115eb06041449e430ecd349fc3ce87dfdb2984d5407533b2aa8b6075428c61e6e1995dd9ecab1997cbd5dc78af5c8952a0fec112c25af0dd070000b6096162eedcb97a5d95929292b06e08c9fa10f29bfa783b24b2263bcc81ee208772d82580c8cc0ce310e89a472ad9e90ef79a44f2f9e4f39acf61e7ff6be224849951ca5b0c0b3482051bc3cce723828589d3e94c8f66a036462edf75000060bb1026de7fff7d3560c080b0cd0c93996012c15e7df555668f04b9836cd733c501891cc338043a347dfbf675ef10a7a4a484ed4c7572463a59e3d23a1bccce87dfc75108133233ccf330c55e4144307f31aca7c7f304bd2618aa0d615d231da8939292dcb3c18ce74be6bb0e00006c19c2c49c3973548f1e3dd4b265cb6ab480befc565e0e8794b8c60e73741f0fa0f6427728212cdedff372f8bdb123ec0e5663c78ead710c93083661c20465d9d1b6fde1f77116c2ac91aa9397a8154804ab53cde3825da01f4130de37eb2318a8af5a678305b9161d000040744398b9d32233c3fef0873f04bd63919b9babd71b93dfccc7f39a6081eed8063ba38b85f181f88861753804baca2f592c3bc67ac73bd45928f238eb4c30bb1f1219c721cc1aabba58a256cf2022581d1f8feb44048b78086b618c13e10ed413274eb4ae0b56ea743aefe6bb0d00006c1fc24c1f7ef8a10e6212b55e7ffd757d1aec23478ea88b172feadbcbcbcb557171b1cac9c9d1671e929964725f9905168f67878ce4ec9150ee0fc0beefed3a1c025d85fcdf608d57724896ac4f248b6a0742ee27eb0e59d70493112b87dfc76908f316c36acadb6197880087c3d1dd5c383f4c81da3a138c4322010040ec8530d3810307d45ffef2173578f0e02a3b2072f8a32cb22f21ccaea7ac8f8518367ffefcb83a531c10ef38043a3c33c3cc2026ff87646767eb9d6973568acc2e9113aec82f61a64f9fae7af5eaa53c76b263eaf0fb380e61e18c61e18e6aa886f15eea6d8d61a1066aeb9a60321c0ec728bebb00002066431822bbc36c1e1a45040362f3bdcd21d0c1915f9af4ebd7af4a100b66c4e2e1f7711ec2444d0f67e470c85a2233c38c7126c440fdbdc7fbb354e21adf5500004008636698d71d660e8704e2f3bd1daefbc73339fc3ed82016cb87df274008b3c6ac606774b1307e2d9335c39c4e677a4d02b52c8ccf9a6000008010069f3bc0ec10038915c33804dabb4439fc3e414298356a7589d0fd11d920f66c4510bb124c009359609c1d12000010c2e07387b96ddbb64430208e700834086121c5adff3446a931bab239672f2e97abb9d3e91cd6bd7bf7c5c638688c8b15d14bfe3c6c8c95c6182e33c9f86e0100004218aadd61968dc9445d1f0848b49961ccfe44028630d1a9227275f273fb09221800000008610940421880f88f61443024700813be66867138240000000861843000f114c338041a8430afd18b08060000004218210c403c193468900e1f1c020d4258a5f8954a0403000000218c100620cec8990e9f79e61975f9f265be192084fd9f4e15df834e6cba0100008010460803102732333355c5d9d5d492254bf8868010f62f3fe65b000000004218210c401c91c322cd10d6ab572fbe212084010000008430421880f8939393e38e60e6484b4be31b0342180000004008238401882fb236986708935961ac150642180000004008238421acbefbee3bf5d5575fe9359ad2d3d319511e1919197a4654414101b3c13cc6c2850b798312c2086100000000218c1086f045b0dcdc5c555252a267df306a679c387142656767abfcfcfc847b0df6efdfdf6708ebddbb376f524218210c000000208411c2101e32138c08669f1826b3f2980dc65a61208401000000843010c22240c20b11ca3e430e954c24ded606f3b6561808610000000008618430d49884170214218cf739086100000000210cec2013c22ac685b3c5aa70cb1cb527e3653de4b25c47bc2284f13e07210c0000002084811de4b80961a5678ad4eeb563d4ce55232a0db94e6e236011c2789f83100600000010c2c00e725c84b0c37b56548960e638b26725018b10c6fb1c84300000008010067690e32384ed5b3fd9670893db08588430dee72084010000008430b0831c17216c77fa389f214c6e236011c2789f83100600000010c2c00e32218c4108e37d0e42180000004008033bc8b112c2e42c91be4298dc46c02284f13e07210c0000002084811de4b80861051bdff219c2e4360216218cf739086100000000210cec20c745083b5594a776af1b5bf5b048e33ab98d804508e37d0e42180000004008033bc87111c2641cdc3abf4a0893eb88578430dee72084010000008430b0831c3f21ecd22555f0e5bb550f8b34ae93db08588430dee72084010000008430b0831cf321acf44c91cadf38c3e71a61729bdc87884508e37d0e42180000004008033bc8b119c22e5d52c505596ad79afff519c1cc21f791fb323b8c10c6fb1c84300000008010067690632a8455370b8cd9618430dee72084010000008430b0831c17212c905960fe668711b40861bccf4108030000000861600739264258a811cc1c042d4218ef7310c2000000004218d8418e8910c62084f13e07210c0000002084811d6442188310c6fb1c8430000000801006769009610c4218ef7310c2000000004218d8412684310861bccf410803000000086160079910c62084f13e07210c0000002084811d644218218cf7390861000000000861ec2083104608e37d0e42180000000042183bc8208411c2789f8310060000008010c60e3208618430dee72084010000008430b0834c086310c2789f83100600000010c2c00e32218c4108e37d0e42180000004008033bc8843006218cf739086100000000210cec2013c2188430dee72084010000008430b0834c086310c2789f83100600000010c2c00e72f0faf5eba7d6ad5b67ab10f6f5d75f9b3bb595c6c68d1bf590cb4b972e8ddad713c87346fbeb2284f13e07210c0000002084811de410be57322488656666da2a840d1c38507dfae9a7ee71fcf871555454a466ce9ca90a0b0ba3f6f504f29c8430dee72084010000008430b0831c2321cc1cfdfbf7f73a43ac3642d8db6fbf5de5b6ad5bb7aa962d5baab56bd7aacd9b37ebcb93264dd27f3669d244cd9e3ddb7ddf61c386a9db6fbf5ddd72cb2deae9a79f56a74e9daaf6311f7cf0816ad1a2856adcb8b172b95ceaecd9b3959ed3d7e72584f13e07210c0000002084811de4180b61d61962d620561b21ac79f3e6eae73fffb91e43870ead32f32a2727475f6edfbebd5abd7ab56ad3a68d6ad6ac993b98b56edd5acd9b374fa5a6a6eafb7df6d9677e1f73f2e449d5b06143e5743ad5471f7da4aebffe7a357efcf84acfe9ebf312c2789f83100600000010c2c00e728c8630eb0c313964b2364258c78e1dd573cf3da7c77befbde73384cd993347df3678f0601db2cccfb36fdf3e3575ea54f5c4134fe8fb4d9f3eddef63246ec96df9f9f9fa633914d3db618fde3e2f218cf739086100000000210cb68c3b8ce0875d0e8df416c2962f5fae6f1b3162846ad0a081bebc6ad52a55bf7e7d959c9cac66cd9aa5ef3763c60cbf8f79ebadb7f46dfbf7efd71f4b103b73e64ca5e7f4f579a31dc2784d76278481100600000010c280f044c35ebd7aa9b4b4341d5d6aebd0c84043d88a152baa44add1a347ebcb870f1f5673e7ced5f79b366d9adfc71c397244d5ab574f0d1a3448656767ab9b6eba49cf46b33ea7afcfcb8c3080100600000010c280180b619e01cc146b216cd7ae5daa55ab563a6c75e8d041dd7aebad3a70f97b8c8c37df7c53dd75d75dfa3a3934f3e8d1a3959ed3d7e72584018430000000801006c44808ebddbbb75ab870619500561b212c9cc35ce72bd871faf4e9887c5e42184008030000000861402df135032c5e4258bc0e42184008030000000861408410c2086100210c00000020840184b018180b162cd0677cf45c672cdc8f218401843000000080100610c26a6decdbb74fef24cf9c39537f5c5454a42f17161686f531843080100600000010c200425895b179f366d5b2654b3569d224fd6793264dd4ecd9b3ddb74f9c38515fd7b46953357efc78f7f573e6cc51f7de7baf1e2fbcf0827e6c7979b9be6df5ead5eaa1871e5237dc70833ea3635e5e9ebe5ecefe28efe5c68d1babf9f3e7abad5bb7eac7ad5dbb56df3e6cd83075fbedb7ab5b6eb9453dfdf4d3ead4a953d53ec6d77355f7f72284018430000000801006245808cbc9c9d13baeeddbb7d751a94d9b36aa59b366fab6fcfc7c7ddb8b2fbea8de78e30d7d79c58a15eac89123aa5ebd7acae572e9c3162552c96d6565656acf9e3deafaebafd701ebdd77df55ad5ab55277dc71873a77ee9c7afbedb7f5fdfaf4e9a376efde5de93047095cad5bb756f3e6cd53a9a9a9fafacf3efbccef63fc3d97bfbf17210c208401000000843020814398ccf0928f070f1eac1a366ca82f4f9e3c5907afa953a7ea38d5a851237dfbfbefbfaf1ff3cd37dfe8fbf5ebd7cf1dc25e7ffd757d79e7ce9dfab677de79477fbc7efdfa2a87397aaef725b7cb733df1c413fafae9d3a7fb7d8cbfe7f2f7f722840184300000008010062470085bbe7cb9fe78c48811aa418306fa724a4a8aaa5fbfbebe6ee4c8917ac80c3073c696442ab9dfef7fff7b7708937826970f1c38a06f93195ef2b17cddfea2962c862fcf959c9cac66cd9aa5af9f316386dfc7f87b2e7f7f2f421840080300000008614002873039e4d13318c92185729b84295973ab5dbb767a6d2e998125d7fff6b7bfd5b3b0feeddffecd1dc22454d5ad5b5707adcccc4cf5e0830fea43274f9e3ca98395dc6fd4a851ead0a14395a2d6e8d1a3f5f31e3e7c58cd9d3b575f3f6dda34bf8ff1f75cfefe5e84308010060000f0ffb777f7315695771ec0bb09db6693cdee7f6dffb08d69686252b6d58d9bf8479b98acff90dac4b8e27dee5c66072ca0e8081441abae19239d8e80dd716955ac68173b32156869c50aed288253944a415e7c03aa228a23208c0c2fc3cbc0b3f73972672f2333051598b97c3ec92f73efb9e79e73eec34d06be3ccfef80200c0461c7054629d81a3162443653ebf39fff7cfcdef7be17f7eedd9bbd76e79d77664ded2fbae8a21842c8965076767666afcd9c39b3bb6f586a7e9f42aad2f1521fb0b4bda1a1e1b8506bfdfaf5598faf749cd4f4fe4b5ffa52bceebaebfa7c4f5fe7128481200c0000046120083be5eae8e888bb76edea7ebe66cd9a78cb2db7c4e79f7f3e7b9e1ad99fa811fd7befbdf7b16de9ce9227da5eaa6ddbb69df27b7a3bd79928411808c20000401006151484f5ac342b6cf0e0c1d90cab34732b2d4f4cb3b5cef67509c24010060000823010849d965962e9ee8c4f3ef964dcb061c339198209c240100600008230380782302508034118000008c24010260803411800002008034198200c0461000080200c0461823010840100008230108409c240100600008230108429411808c2000040100682302508034118000008c24010a604612008030000411808c294200c046100002008034198128481200c000004612008138481200c0000108481204c1006823000004010068230411808c2000000ffba004198200c046100002008034198128481200c0000046120085382301084010080200c04614a100682300000108481204c09c240100600008230108429411808c200004010068230411808c200000041187c72cf3cf38c004a100682300000108441e56b6d6d8ddbb76f1742f5837afffdf7b360121084010080200c4e8337de78232e5dba346edbb64d18d50f42b08d1b37fa5282200c00000461703ac3b0254b9664cbf2d4d929211808c2000040100600823000004010060082300000401006008230000040100600823000001084010082300000108401008230000010840100823000001084010082300000108401008230000010840180200c000010840180200c000010840180200c000010840180200c000004610080200c000004610080200c000004610080200c000004610080200c000004610080200c000004610020080300000461009c5d3b77ee8c8b172f8e8d8d8d71c2840971c48811318410abababe38d37de18efb9e79eb870e1c26c3f0461000020080360c059b97265acafafcfc2af071f7c30ae58b1226eddba3576767666afa79fdbb76f8fab56ad8ab367cfcef6bbebaebb626b6babc11384010080200c80b367d586f7e3c2e57f8d2fbfb923fe7ae9c65ef74be1564343439c3c79721672757575f5baef877b0fc4d6b5ef763f5fb3664dbcedb6db625d5d5d6c6b6b3be39f4d1006000082300088bf59b631aefdebf6d8d575241e2ed6892c5fbe3c5e77dd75d952c7be02b09214823db3eaed8f6d4f4b29d371ced4ecb0d2671384010080200c80016cc3965df191dfaf8fbf28d69c96d7e2912347b3ed735a5ecd02a08716ae8bcd4fbfd6bd7f6fdbef9dbb2a7eb8e7406cfac32b717bfbfef8e67b1fc6594fae8b3f7f626d6c59b9399bfd35ee962971c6e32f1c77aec3870fc79f3cfa741c57775fac9efcd398fbc14fe3df7fe11fe217bff2f5786dfdfc585bff58fcfde2966cbf9274ec197357c4f10d73e2838f2fe9f373fcea99d7e2e23fbf151f2e6e9f317f753c70a8abfb18e5d757daf650f1f9a38b5f897f78f1ad8f7db6148635fdf1d5ec1c2fbcfc9e200c00000461000c24cfaede120f1cec8a29364ae1d6dbefefceb6d73db23cbef7c1deec710a98ded9ded1ebf6ae2347e38f66bf906d9bf2bfcfc7bd9d87e2d4c7fe1cf71ff828bcbafff165f1c671e3e2c2e75e3dee5c0f3d3a2f0e1e3c388ebd7b41fcafbb1fc866783df2e4dab8b96d77167cd53db4344e9dfe9378c9259764fb353737c77dc563968e9d96598ebfebe7f1b9e2fbfafa1cab376ecb1ecf5ef47276ecf26324bf6ddd1477ef3b18ef6efa73ec3c78b87bdf0f76771ef7d966cc5f95bd3f856ce54199200c0000046100f4737bf71fca6638a5595c8f3ff37abcf9fe655948b4aba333feec372f75ef976653fdf5ddf65eb76fd9d6913d4e33c1ee5ff052d6276cfed20dd93e29ac4acb18d7bdfc7af7b9e6fcf19538e1de9638e45bff1a172c5c9c0550478f1db31446a5306d7af38bdde76a6929ee3f6448ac197b73f15a5feddebe79f3e638f686f1f1a1dfadfad8e768df73e084c72ebfbe92d4072c9defb1e235a69a752c4c2b7db624857ee9f3a5e7698698200c00000461000c106949e0b235ef648fdf6afb30fef8972bb2c76906d503bf5d933d4e8152fda32fc48387ba7addfea775efc6a7fff2767cf1b5b6f8d40b6fc697dffa202e786ed34733b2a6de171f786c71f7b9d2dd20af1a3e3a8efdf1bcb863c78ef8d2a66df1777ffaa8117d9aa1356dce47e1d7abc563cc5df2fa71d7bb67cf9e78f5c871b17ac2d4ec38afbdbd33eb2376ff9c9678ebdd0f7dec73f476ecf2eb2b1de3c557dbb2259f490ad0d272caa4f4d9d6bfb923be5edc3759fad29601d13c5f100600008230008e7977fb9eacff55eaf5f5f892d7b31e5a490a89529fac5f3cb53efecfbc5571d3bbed7d6e4f33a836bdb32bce5db2210bb0d272c2b46cf2de39cfc51f4c6d8ebbf7ecef3ed77577cc8cff79d34f62e3e32bbb8fb9e65823fa144aa5195d8f3cf248366b2bcde04a4b11cb1d3878288ebafdc178ed1d0f663dbe52c0958e3df19e05f1dec7967eec73f43c7652babe5ffee195ee63a465950f2c58933d7fb86c2968e9b375ec3b98bdfeabe258fdf4d7abbb975e0ac20000401006c00071e4e8d178e8f0f177796c9cfb972cf83978b82b7bfd6f6defcd8fea1bb226f925739a9be337867c339b09d69b65cb96c510427cfef9e7b3eb3ad159d2ccb06f7eeba2ac6758c9da75eb62dd9d779dd267eff9b9938387fabe9b65a987d84020080300004118007de8ea3ad2bdb4f064b6f766e7ce9df1c61b6f2cbeefa3602935bf4f0def172d5ad4eb7b0e1c3810c78e1d1babaaaa626d6d6d3c74e850affba69e61e978e577939c306142d6930c411800007ca64158eacd0200bd59bc78719c356bd671c1d585175ed8e77be6cd9b170b8542368b2cfd5cb060419ffba7bb4996076b4d4d4d71e1c28506ffa3e0b15d100600009f81af7ded6b7b56ae5ce95f1900f4aab1b131ae58f1ff33c8d20caf2953a6f43983aca6a626ce9e3d3b7b9e7e8e183122b6b7b7f7fa9ee9d3a7c751a346753f4f01dab469d30cfe4763f197e2afec4dfed60200009fd205175c3073e8d0a187fd330380dea4658a6d6d6dddcf2fbef8e2d8dadadaebfef7dd775f166aedddbb377b9efa807dfffbdf8f3367ceecf53de93f658abf93ba9fa76591d75f7fbdc18ff1f097bffce5678abfb21bfcad0500003ebd7f2c7ae53bdff9ce8e152b56b497f767018024cde62a5f463f68d0a05e97d5bff1c61b319fcf67cb29cb3df5d453d9f6cd9b379f38ed29fefef95c59dfca74fceaeaea7337fd3a7cb83dcd043b1682bd967e5ffb2b0b00007c466158b1ee3cf617eda894524a9557baf363b9cff571a395bababa3871e2c4eec6fa25e9799a5976d75dbddf0db2e771d379cff1b14fcb21a70bc100000000ce907c3ebff7646684a53e6229bc5abd7a75afcb1fd3eb2fbef8e249cd081b3e7cf851a30f000000c0191342d8d4d6d6d6d5578fb043870ec571e3c6c5fafafa3e97fca526fbe3c78f8f3d97e29fa847d89831630e187d00000000ce9810c2bc65cb96bd5b0aa94e74d7c8279e7822565555c52d5bb6f41984a51e61a957d8c2850b8fdb7ea2bb46de7efbed5b8c3e00000000674c2e97ab6d6868585f0aa95a5a5ae285175ed81d5aeddebd3b8e1c3932ce9a35eba41ac1a7bb475e73cd35d9fb4a2eb9e492b868d1a2eee74d4d4d71ead4a94d461f0000008033a650289c575353b3add4003f2d6b1c3c787077709502b0148495075b7d696f6f8fc5e3c5871f7eb83b584bc72b5f2e397efcf8a33366ccb8c8e80300000070465555553dbd62c58a6da5a0aab9b939ebe9b576edda6c4964ba1b640ab44eb6d2dd25d3fb366cd810870c19921daf64ddba7571d2a4493b8c3a00000000675c3e9fbf62f4e8d15b4bb3c292e1c387c72bafbc32bb13e427adabaeba2afb59eed65b6f3d7af3cd374f30ea000000009c15f97c7ee9dcb973b79602abcecece78f9e597c7cb2ebb2c5bee782af6ecd9d3fdde749c92c58b17c7091326bc7be9a5970e32e2000000009c152184f30b85c28e0d1b36ec2f0fc3d2ccb0b44cb2bcd97d5fd2d2c8b41c32cd042b0fc1d21d25c78c197378e2c489df32da000000009c55b95c2e8c1831627b515779b8957a7ca586f7e96e9253a64c89adadaddd21576a82bf72e5ca387dfaf4ecee9069bff29e6049f178b1b6b6f6c81d77dc71b35106000000a05f08218c183972e48e8d1b371e1786a5c02bcdf6aaadad8d175f7c711c3468502cee9e550abf468d1a95cd1a2bbf3b646926d80d37dcd075cb2db7fccce802000000d0afa499618542e1c3f9f3e76f2b6fa07faa524fb051a3461d9c3c79f224a30a00000040bf947a860d1f3efcd9ebafbffe83d5ab57ef3f95006cddba75f1b6db6e3b587cefa6d1a3477fc36802000000d0ef8510aeaaa9a9796ef4e8d1bb1f78e0818ed40facadadadbb47d8fefdfbb31e606bd6ac894d4d4d69e9e48162bd79edb5d75eefee90000000000c388542e1bc7c3e3fe19a6bae792a35d4afaaaa3a94ee0c99aaa6a666576d6dedca3163c6d4a59964460b000000808a3274e8d02f84100e1809000000002adab061c3fe3984f0a19100000000a0a25557577f3184b0cd480000000050d1860d1bf6d510c2db4602000000808a565555f5f510c246230100000040452b140aff92cbe5d61909000000002a5a2e97fbb710c24a23010000004045cbe7f3df0e21b41a09000000002adad5575f7d5908e169230100000040450b217cb7584f1a09000000002a5a3e9fff8f5c2e37df480000000050d1420855c57acc480000000050d14208d714eb6123010000004045cbe572634308f71b09000000002a5a08e107c5fa6f23010000004045cbe5723fcce7f30d4602000000808a1642b8b358754602000000808a966683a559614602000000808a96cbe51af3f9fc8481fc190a85c279c5cf511b429857ac4dc5da53ac58acce62bd557c6d41f1e7a4b49f3f71000000807354ba6364ba73e440bcf67c3e7f45b15a8a75f058f07532f56c71ffe1fee401000000ce31f97cfe915c2e3772205d7308e1fce2752f3e85f0eb44d53a6cd8b0c1be0100000000e78810c263c5aa1a28d79bcbe5425555d5aef250ab5028c4868686b864c992b865cb96d8d1d111937dfbf6c5ad5bb7c6e5cb97c7c6c6c6585d5ddd330cdb637618000000c0392284f0eb5c2e77e540b8d6e2755e9ecfe7bbca03b0a6a6a6b87dfbf67832dadbdbb3fdd3fbca03b1e23147f9260000000054b85c2ef7fb10c27707c07586f2106ce2c489d9ecaf4f22bd6ff2e4c93dc33033c3000000002a5908e1e962fd7b3fbfc6f3cb9743d6d5d5752f7ffca4d2b2c9fafafa9ecb242ff08d00000000a85021843fe5f3f96ff7e76bacaaaa7aba7c26d8a70dc1cac3b01e33c35a7d23000000002a54086165b12eeeafd797cfe7af28ef09f6499743f6b54cb2bc6798259200000000152a84b03e97cb0de9afd797cfe75b4a21556a747f3a3437379b150600000050e942081babaaaabe7ea6cf9b02aebfb524b350289c576a909f666deddcb9f3b40461e96e92d5d5d5e561d8f9be1900000000152684b0a5585f390be72d2d456cc9e572979c689fe2f6dad27ed3a64d8ba753636363791036c93703000000a0c28410b65557577ff12c9c37f6a8453d678815b7cd2bbdbe74e9d2d31a842d5fbebcfc5a16fa6600000000549810c2ee42a1f04f67e1bcf14455be64b2f87c5369fb67dd24bfa7ad5bb7965fc73bbe19000000001526847060e8d0a15f380be78d7fa316156b7fe9794747c7690dc2f6eddb577eee4edf0c00000080caf277271148f58b3a13cacfe7ab01000000c067a28fd06b652e97bbfcd24b2f1d547cbcc78c300000000006b4be02b0b27df4080300000060602b0b9d5ec8e7f35794076065fbb86b240000000003db896680f5547cbdb6144e4d9b36edb406618d8d8de541d8247f42000000009c318542e1bc10c2e1144e151fc79d3b779e9610acbdbd3d0e1f3efc68591076bed107000000e08ccae7f32da580aaa9a9e9b40461cdcdcde5b3c15a8d3a00000000675cea1f560aa9d2acb0cfba697e3a5e555555f76cb0e2f9861b7500000000ce8a10c2b3a5a06ae2c489b1a3a3e33309c1f6eddb176fbae9a6aef2d9607df52c0300000080d32af5ec2ad68e5260555757f7a9c3b01482d5d7d797f705db93cfe72f30da000000009c55b95c2e941ae79766867dd26592e97d3d668259120900000040ff114218511e86a59e61a9817ebaebe3c9de1d3235c62fef09962a97cbfdd0e802000000d0afa49961c56a2f0fb25220366ddab4b874e9d26cb65769d9645afeb875ebd6b87cf9f23863c68c58535373a4fc7d6939640ad78c2a00000000fd52ea1996cfe75b7a845aa75aad7a820100000030208410ae3a16881d3e95002ccd0273774800000000069c42a1705e3e9f9f10429857acb78ad5792cf44a3fdf29d6c2624d4a33c98c160000000000000000000000000000000000000000000000000000000000000000000000000000fdcdff017a8b338c42181ce30000000049454e44ae426082, '1');
COMMIT;

-- ----------------------------
--  Table structure for `ACT_GE_PROPERTY`
-- ----------------------------
DROP TABLE IF EXISTS `ACT_GE_PROPERTY`;
CREATE TABLE `ACT_GE_PROPERTY` (
  `NAME_` varchar(64) COLLATE utf8_bin NOT NULL DEFAULT '',
  `VALUE_` varchar(300) COLLATE utf8_bin DEFAULT NULL,
  `REV_` int(11) DEFAULT NULL,
  PRIMARY KEY (`NAME_`)
) ENGINE=InnoDB DEFAULT CHARSET=utf8 COLLATE=utf8_bin;

-- ----------------------------
--  Records of `ACT_GE_PROPERTY`
-- ----------------------------
BEGIN;
INSERT INTO `ACT_GE_PROPERTY` VALUES ('next.dbid', '15001', '7'), ('schema.history', 'create(5.21.0.0)', '1'), ('schema.version', '5.21.0.0', '1');
COMMIT;

-- ----------------------------
--  Table structure for `ACT_HI_ACTINST`
-- ----------------------------
DROP TABLE IF EXISTS `ACT_HI_ACTINST`;
CREATE TABLE `ACT_HI_ACTINST` (
  `ID_` varchar(64) COLLATE utf8_bin NOT NULL,
  `PROC_DEF_ID_` varchar(64) COLLATE utf8_bin NOT NULL,
  `PROC_INST_ID_` varchar(64) COLLATE utf8_bin NOT NULL,
  `EXECUTION_ID_` varchar(64) COLLATE utf8_bin NOT NULL,
  `ACT_ID_` varchar(255) COLLATE utf8_bin NOT NULL,
  `TASK_ID_` varchar(64) COLLATE utf8_bin DEFAULT NULL,
  `CALL_PROC_INST_ID_` varchar(64) COLLATE utf8_bin DEFAULT NULL,
  `ACT_NAME_` varchar(255) COLLATE utf8_bin DEFAULT NULL,
  `ACT_TYPE_` varchar(255) COLLATE utf8_bin NOT NULL,
  `ASSIGNEE_` varchar(255) COLLATE utf8_bin DEFAULT NULL,
  `START_TIME_` datetime(3) NOT NULL,
  `END_TIME_` datetime(3) DEFAULT NULL,
  `DURATION_` bigint(20) DEFAULT NULL,
  `TENANT_ID_` varchar(255) COLLATE utf8_bin DEFAULT '',
  PRIMARY KEY (`ID_`),
  KEY `ACT_IDX_HI_ACT_INST_START` (`START_TIME_`),
  KEY `ACT_IDX_HI_ACT_INST_END` (`END_TIME_`),
  KEY `ACT_IDX_HI_ACT_INST_PROCINST` (`PROC_INST_ID_`,`ACT_ID_`),
  KEY `ACT_IDX_HI_ACT_INST_EXEC` (`EXECUTION_ID_`,`ACT_ID_`)
) ENGINE=InnoDB DEFAULT CHARSET=utf8 COLLATE=utf8_bin;

-- ----------------------------
--  Records of `ACT_HI_ACTINST`
-- ----------------------------
BEGIN;
INSERT INTO `ACT_HI_ACTINST` VALUES ('10002', 'hireProcessWithJpa:1:7', '10001', '10001', 'sid-E0DD2D8E-0672-4BE0-97A4-933DD8771EFF', null, null, null, 'startEvent', null, '2016-09-01 14:48:37.543', '2016-09-01 14:48:37.571', '28', ''), ('10004', 'hireProcessWithJpa:1:7', '10001', '10001', 'sid-9DFC483F-2C57-4378-AE25-30460BD3838F', null, null, 'Store resume', 'serviceTask', null, '2016-09-01 14:48:37.572', '2016-09-01 14:48:37.575', '3', ''), ('10005', 'hireProcessWithJpa:1:7', '10001', '10001', 'sid-42BAE58A-8FFB-4B02-AAED-E0D8EA5A7E39', '10006', null, 'Telephone interview', 'userTask', null, '2016-09-01 14:48:37.575', '2016-09-01 14:49:47.104', '69529', ''), ('10009', 'hireProcessWithJpa:1:7', '10001', '10001', 'sid-47ECD3C6-CA48-40D8-B478-6C26A122FA28', null, null, null, 'exclusiveGateway', null, '2016-09-01 14:49:47.105', '2016-09-01 14:49:47.143', '38', ''), ('10012', 'hireProcessWithJpa:1:7', '10001', '10010', 'sid-304989D1-D3EC-4F89-A288-2238C7941973', null, null, 'subProcess', 'subProcess', null, '2016-09-01 14:49:47.147', '2016-09-01 14:50:28.843', '41696', ''), ('10013', 'hireProcessWithJpa:1:7', '10001', '10010', 'sid-48CEC12C-2047-4B8B-94E9-371A379C3CF3', null, null, null, 'startEvent', null, '2016-09-01 14:49:47.147', '2016-09-01 14:49:47.150', '3', ''), ('10014', 'hireProcessWithJpa:1:7', '10001', '10010', 'sid-904B6A3F-4D05-408C-BF50-25194FBFE4CA', null, null, null, 'parallelGateway', null, '2016-09-01 14:49:47.151', '2016-09-01 14:49:47.151', '0', ''), ('10017', 'hireProcessWithJpa:1:7', '10001', '10015', 'sid-C2137C46-166B-4F9B-92A1-97BF920FCD9E', '10018', null, 'Tech interview', 'userTask', null, '2016-09-01 14:49:47.176', '2016-09-01 14:50:28.757', '41581', ''), ('10020', 'hireProcessWithJpa:1:7', '10001', '10016', 'sid-14429F68-4A79-47DC-A3F0-21804629FD88', '10021', null, 'Financial negotiation', 'userTask', null, '2016-09-01 14:49:47.193', '2016-09-01 14:50:17.622', '30429', ''), ('10024', 'hireProcessWithJpa:1:7', '10001', '10016', 'sid-E16BD1C2-F09E-4946-A65A-3D2FBF1FC62E', null, null, null, 'parallelGateway', null, '2016-09-01 14:50:17.622', '2016-09-01 14:50:17.639', '17', ''), ('10026', 'hireProcessWithJpa:1:7', '10001', '10015', 'sid-E16BD1C2-F09E-4946-A65A-3D2FBF1FC62E', null, null, null, 'parallelGateway', null, '2016-09-01 14:50:28.757', '2016-09-01 14:50:28.773', '16', ''), ('10027', 'hireProcessWithJpa:1:7', '10001', '10010', 'sid-DB05DC5F-A576-4E77-803A-C41AB0694245', null, null, null, 'endEvent', null, '2016-09-01 14:50:28.824', '2016-09-01 14:50:28.824', '0', ''), ('10028', 'hireProcessWithJpa:1:7', '10001', '10001', 'sid-3D63E564-D35A-42E3-A81E-6D7DF325D118', null, null, null, 'exclusiveGateway', null, '2016-09-01 14:50:28.858', '2016-09-01 14:50:28.859', '1', ''), ('10029', 'hireProcessWithJpa:1:7', '10001', '10001', 'sid-F2ADA953-6FCF-42FA-B59E-45DAC6EACFA7', null, null, 'Send welcome mail', 'serviceTask', null, '2016-09-01 14:50:28.859', '2016-09-01 14:50:29.227', '368', ''), ('10030', 'hireProcessWithJpa:1:7', '10001', '10001', 'sid-76F28F61-0B2A-41BA-8A71-5E4C9C7828E4', null, null, 'accepted', 'endEvent', null, '2016-09-01 14:50:29.227', '2016-09-01 14:50:29.228', '1', ''), ('12502', 'hireProcessWithJpa:1:7', '12501', '12501', 'sid-E0DD2D8E-0672-4BE0-97A4-933DD8771EFF', null, null, null, 'startEvent', null, '2016-09-01 14:51:34.328', '2016-09-01 14:51:34.356', '28', ''), ('12504', 'hireProcessWithJpa:1:7', '12501', '12501', 'sid-9DFC483F-2C57-4378-AE25-30460BD3838F', null, null, 'Store resume', 'serviceTask', null, '2016-09-01 14:51:34.357', '2016-09-01 14:51:34.360', '3', ''), ('12505', 'hireProcessWithJpa:1:7', '12501', '12501', 'sid-42BAE58A-8FFB-4B02-AAED-E0D8EA5A7E39', '12506', null, 'Telephone interview', 'userTask', null, '2016-09-01 14:51:34.360', '2016-09-01 14:51:38.095', '3735', ''), ('12509', 'hireProcessWithJpa:1:7', '12501', '12501', 'sid-47ECD3C6-CA48-40D8-B478-6C26A122FA28', null, null, null, 'exclusiveGateway', null, '2016-09-01 14:51:38.095', '2016-09-01 14:51:38.100', '5', ''), ('12512', 'hireProcessWithJpa:1:7', '12501', '12510', 'sid-304989D1-D3EC-4F89-A288-2238C7941973', null, null, 'subProcess', 'subProcess', null, '2016-09-01 14:51:38.102', '2016-09-01 14:51:38.171', '69', ''), ('12513', 'hireProcessWithJpa:1:7', '12501', '12510', 'sid-48CEC12C-2047-4B8B-94E9-371A379C3CF3', null, null, null, 'startEvent', null, '2016-09-01 14:51:38.102', '2016-09-01 14:51:38.102', '0', ''), ('12514', 'hireProcessWithJpa:1:7', '12501', '12510', 'sid-904B6A3F-4D05-408C-BF50-25194FBFE4CA', null, null, null, 'parallelGateway', null, '2016-09-01 14:51:38.102', '2016-09-01 14:51:38.102', '0', ''), ('12517', 'hireProcessWithJpa:1:7', '12501', '12515', 'sid-C2137C46-166B-4F9B-92A1-97BF920FCD9E', '12518', null, 'Tech interview', 'userTask', null, '2016-09-01 14:51:38.105', '2016-09-01 14:51:38.159', '54', ''), ('12520', 'hireProcessWithJpa:1:7', '12501', '12516', 'sid-14429F68-4A79-47DC-A3F0-21804629FD88', '12521', null, 'Financial negotiation', 'userTask', null, '2016-09-01 14:51:38.108', '2016-09-01 14:51:38.142', '34', ''), ('12524', 'hireProcessWithJpa:1:7', '12501', '12516', 'sid-E16BD1C2-F09E-4946-A65A-3D2FBF1FC62E', null, null, null, 'parallelGateway', null, '2016-09-01 14:51:38.142', '2016-09-01 14:51:38.143', '1', ''), ('12526', 'hireProcessWithJpa:1:7', '12501', '12515', 'sid-E16BD1C2-F09E-4946-A65A-3D2FBF1FC62E', null, null, null, 'parallelGateway', null, '2016-09-01 14:51:38.159', '2016-09-01 14:51:38.160', '1', ''), ('12527', 'hireProcessWithJpa:1:7', '12501', '12510', 'sid-DB05DC5F-A576-4E77-803A-C41AB0694245', null, null, null, 'endEvent', null, '2016-09-01 14:51:38.168', '2016-09-01 14:51:38.168', '0', ''), ('12528', 'hireProcessWithJpa:1:7', '12501', '12501', 'sid-3D63E564-D35A-42E3-A81E-6D7DF325D118', null, null, null, 'exclusiveGateway', null, '2016-09-01 14:51:38.172', '2016-09-01 14:51:38.173', '1', ''), ('12529', 'hireProcessWithJpa:1:7', '12501', '12501', 'sid-F2ADA953-6FCF-42FA-B59E-45DAC6EACFA7', null, null, 'Send welcome mail', 'serviceTask', null, '2016-09-01 14:51:38.173', '2016-09-01 14:51:38.250', '77', ''), ('12530', 'hireProcessWithJpa:1:7', '12501', '12501', 'sid-76F28F61-0B2A-41BA-8A71-5E4C9C7828E4', null, null, 'accepted', 'endEvent', null, '2016-09-01 14:51:38.250', '2016-09-01 14:51:38.250', '0', ''), ('2502', 'hireProcessWithJpa:1:7', '2501', '2501', 'sid-E0DD2D8E-0672-4BE0-97A4-933DD8771EFF', null, null, null, 'startEvent', null, '2016-08-29 14:21:25.702', '2016-08-29 14:21:25.728', '26', ''), ('2504', 'hireProcessWithJpa:1:7', '2501', '2501', 'sid-9DFC483F-2C57-4378-AE25-30460BD3838F', null, null, 'Store resume', 'serviceTask', null, '2016-08-29 14:21:25.728', '2016-08-29 14:21:25.732', '4', ''), ('2505', 'hireProcessWithJpa:1:7', '2501', '2501', 'sid-42BAE58A-8FFB-4B02-AAED-E0D8EA5A7E39', '2506', null, 'Telephone interview', 'userTask', null, '2016-08-29 14:21:25.732', '2016-08-29 14:21:25.840', '108', ''), ('2509', 'hireProcessWithJpa:1:7', '2501', '2501', 'sid-47ECD3C6-CA48-40D8-B478-6C26A122FA28', null, null, null, 'exclusiveGateway', null, '2016-08-29 14:21:25.840', '2016-08-29 14:21:25.847', '7', ''), ('2512', 'hireProcessWithJpa:1:7', '2501', '2510', 'sid-304989D1-D3EC-4F89-A288-2238C7941973', null, null, 'subProcess', 'subProcess', null, '2016-08-29 14:21:25.849', '2016-08-29 14:21:25.949', '100', ''), ('2513', 'hireProcessWithJpa:1:7', '2501', '2510', 'sid-48CEC12C-2047-4B8B-94E9-371A379C3CF3', null, null, null, 'startEvent', null, '2016-08-29 14:21:25.849', '2016-08-29 14:21:25.850', '1', ''), ('2514', 'hireProcessWithJpa:1:7', '2501', '2510', 'sid-904B6A3F-4D05-408C-BF50-25194FBFE4CA', null, null, null, 'parallelGateway', null, '2016-08-29 14:21:25.850', '2016-08-29 14:21:25.850', '0', ''), ('2517', 'hireProcessWithJpa:1:7', '2501', '2515', 'sid-C2137C46-166B-4F9B-92A1-97BF920FCD9E', '2518', null, 'Tech interview', 'userTask', null, '2016-08-29 14:21:25.855', '2016-08-29 14:21:25.934', '79', ''), ('2520', 'hireProcessWithJpa:1:7', '2501', '2516', 'sid-14429F68-4A79-47DC-A3F0-21804629FD88', '2521', null, 'Financial negotiation', 'userTask', null, '2016-08-29 14:21:25.859', '2016-08-29 14:21:25.908', '49', ''), ('2524', 'hireProcessWithJpa:1:7', '2501', '2516', 'sid-E16BD1C2-F09E-4946-A65A-3D2FBF1FC62E', null, null, null, 'parallelGateway', null, '2016-08-29 14:21:25.908', '2016-08-29 14:21:25.911', '3', ''), ('2526', 'hireProcessWithJpa:1:7', '2501', '2515', 'sid-E16BD1C2-F09E-4946-A65A-3D2FBF1FC62E', null, null, null, 'parallelGateway', null, '2016-08-29 14:21:25.934', '2016-08-29 14:21:25.936', '2', ''), ('2527', 'hireProcessWithJpa:1:7', '2501', '2510', 'sid-DB05DC5F-A576-4E77-803A-C41AB0694245', null, null, null, 'endEvent', null, '2016-08-29 14:21:25.946', '2016-08-29 14:21:25.946', '0', ''), ('2528', 'hireProcessWithJpa:1:7', '2501', '2501', 'sid-3D63E564-D35A-42E3-A81E-6D7DF325D118', null, null, null, 'exclusiveGateway', null, '2016-08-29 14:21:25.952', '2016-08-29 14:21:25.952', '0', ''), ('2529', 'hireProcessWithJpa:1:7', '2501', '2501', 'sid-F2ADA953-6FCF-42FA-B59E-45DAC6EACFA7', null, null, 'Send welcome mail', 'serviceTask', null, '2016-08-29 14:21:25.952', '2016-08-29 14:21:26.047', '95', ''), ('2530', 'hireProcessWithJpa:1:7', '2501', '2501', 'sid-76F28F61-0B2A-41BA-8A71-5E4C9C7828E4', null, null, 'accepted', 'endEvent', null, '2016-08-29 14:21:26.047', '2016-08-29 14:21:26.047', '0', ''), ('5002', 'hireProcessWithJpa:1:7', '5001', '5001', 'sid-E0DD2D8E-0672-4BE0-97A4-933DD8771EFF', null, null, null, 'startEvent', null, '2016-09-01 14:39:32.621', '2016-09-01 14:39:32.649', '28', ''), ('5004', 'hireProcessWithJpa:1:7', '5001', '5001', 'sid-9DFC483F-2C57-4378-AE25-30460BD3838F', null, null, 'Store resume', 'serviceTask', null, '2016-09-01 14:39:32.649', '2016-09-01 14:39:32.652', '3', ''), ('5005', 'hireProcessWithJpa:1:7', '5001', '5001', 'sid-42BAE58A-8FFB-4B02-AAED-E0D8EA5A7E39', '5006', null, 'Telephone interview', 'userTask', null, '2016-09-01 14:39:32.652', '2016-09-01 14:39:32.771', '119', ''), ('5009', 'hireProcessWithJpa:1:7', '5001', '5001', 'sid-47ECD3C6-CA48-40D8-B478-6C26A122FA28', null, null, null, 'exclusiveGateway', null, '2016-09-01 14:39:32.771', '2016-09-01 14:39:32.777', '6', ''), ('5012', 'hireProcessWithJpa:1:7', '5001', '5010', 'sid-304989D1-D3EC-4F89-A288-2238C7941973', null, null, 'subProcess', 'subProcess', null, '2016-09-01 14:39:32.778', '2016-09-01 14:39:32.875', '97', ''), ('5013', 'hireProcessWithJpa:1:7', '5001', '5010', 'sid-48CEC12C-2047-4B8B-94E9-371A379C3CF3', null, null, null, 'startEvent', null, '2016-09-01 14:39:32.779', '2016-09-01 14:39:32.779', '0', ''), ('5014', 'hireProcessWithJpa:1:7', '5001', '5010', 'sid-904B6A3F-4D05-408C-BF50-25194FBFE4CA', null, null, null, 'parallelGateway', null, '2016-09-01 14:39:32.779', '2016-09-01 14:39:32.780', '1', ''), ('5017', 'hireProcessWithJpa:1:7', '5001', '5015', 'sid-C2137C46-166B-4F9B-92A1-97BF920FCD9E', '5018', null, 'Tech interview', 'userTask', null, '2016-09-01 14:39:32.784', '2016-09-01 14:39:32.860', '76', ''), ('5020', 'hireProcessWithJpa:1:7', '5001', '5016', 'sid-14429F68-4A79-47DC-A3F0-21804629FD88', '5021', null, 'Financial negotiation', 'userTask', null, '2016-09-01 14:39:32.788', '2016-09-01 14:39:32.834', '46', ''), ('5024', 'hireProcessWithJpa:1:7', '5001', '5016', 'sid-E16BD1C2-F09E-4946-A65A-3D2FBF1FC62E', null, null, null, 'parallelGateway', null, '2016-09-01 14:39:32.834', '2016-09-01 14:39:32.837', '3', ''), ('5026', 'hireProcessWithJpa:1:7', '5001', '5015', 'sid-E16BD1C2-F09E-4946-A65A-3D2FBF1FC62E', null, null, null, 'parallelGateway', null, '2016-09-01 14:39:32.860', '2016-09-01 14:39:32.862', '2', ''), ('5027', 'hireProcessWithJpa:1:7', '5001', '5010', 'sid-DB05DC5F-A576-4E77-803A-C41AB0694245', null, null, null, 'endEvent', null, '2016-09-01 14:39:32.871', '2016-09-01 14:39:32.871', '0', ''), ('5028', 'hireProcessWithJpa:1:7', '5001', '5001', 'sid-3D63E564-D35A-42E3-A81E-6D7DF325D118', null, null, null, 'exclusiveGateway', null, '2016-09-01 14:39:32.877', '2016-09-01 14:39:32.877', '0', ''), ('5029', 'hireProcessWithJpa:1:7', '5001', '5001', 'sid-F2ADA953-6FCF-42FA-B59E-45DAC6EACFA7', null, null, 'Send welcome mail', 'serviceTask', null, '2016-09-01 14:39:32.877', '2016-09-01 14:39:32.988', '111', ''), ('5030', 'hireProcessWithJpa:1:7', '5001', '5001', 'sid-76F28F61-0B2A-41BA-8A71-5E4C9C7828E4', null, null, 'accepted', 'endEvent', null, '2016-09-01 14:39:32.988', '2016-09-01 14:39:32.988', '0', ''), ('7502', 'hireProcessWithJpa:1:7', '7501', '7501', 'sid-E0DD2D8E-0672-4BE0-97A4-933DD8771EFF', null, null, null, 'startEvent', null, '2016-09-01 14:48:11.605', '2016-09-01 14:48:11.626', '21', ''), ('7504', 'hireProcessWithJpa:1:7', '7501', '7501', 'sid-9DFC483F-2C57-4378-AE25-30460BD3838F', null, null, 'Store resume', 'serviceTask', null, '2016-09-01 14:48:11.626', '2016-09-01 14:48:11.629', '3', ''), ('7505', 'hireProcessWithJpa:1:7', '7501', '7501', 'sid-42BAE58A-8FFB-4B02-AAED-E0D8EA5A7E39', '7506', null, 'Telephone interview', 'userTask', null, '2016-09-01 14:48:11.629', '2016-09-01 14:48:11.722', '93', ''), ('7509', 'hireProcessWithJpa:1:7', '7501', '7501', 'sid-47ECD3C6-CA48-40D8-B478-6C26A122FA28', null, null, null, 'exclusiveGateway', null, '2016-09-01 14:48:11.722', '2016-09-01 14:48:11.727', '5', ''), ('7512', 'hireProcessWithJpa:1:7', '7501', '7510', 'sid-304989D1-D3EC-4F89-A288-2238C7941973', null, null, 'subProcess', 'subProcess', null, '2016-09-01 14:48:11.729', '2016-09-01 14:48:11.814', '85', ''), ('7513', 'hireProcessWithJpa:1:7', '7501', '7510', 'sid-48CEC12C-2047-4B8B-94E9-371A379C3CF3', null, null, null, 'startEvent', null, '2016-09-01 14:48:11.729', '2016-09-01 14:48:11.730', '1', ''), ('7514', 'hireProcessWithJpa:1:7', '7501', '7510', 'sid-904B6A3F-4D05-408C-BF50-25194FBFE4CA', null, null, null, 'parallelGateway', null, '2016-09-01 14:48:11.730', '2016-09-01 14:48:11.730', '0', ''), ('7517', 'hireProcessWithJpa:1:7', '7501', '7515', 'sid-C2137C46-166B-4F9B-92A1-97BF920FCD9E', '7518', null, 'Tech interview', 'userTask', null, '2016-09-01 14:48:11.734', '2016-09-01 14:48:11.802', '68', ''), ('7520', 'hireProcessWithJpa:1:7', '7501', '7516', 'sid-14429F68-4A79-47DC-A3F0-21804629FD88', '7521', null, 'Financial negotiation', 'userTask', null, '2016-09-01 14:48:11.738', '2016-09-01 14:48:11.779', '41', ''), ('7524', 'hireProcessWithJpa:1:7', '7501', '7516', 'sid-E16BD1C2-F09E-4946-A65A-3D2FBF1FC62E', null, null, null, 'parallelGateway', null, '2016-09-01 14:48:11.779', '2016-09-01 14:48:11.782', '3', ''), ('7526', 'hireProcessWithJpa:1:7', '7501', '7515', 'sid-E16BD1C2-F09E-4946-A65A-3D2FBF1FC62E', null, null, null, 'parallelGateway', null, '2016-09-01 14:48:11.802', '2016-09-01 14:48:11.804', '2', ''), ('7527', 'hireProcessWithJpa:1:7', '7501', '7510', 'sid-DB05DC5F-A576-4E77-803A-C41AB0694245', null, null, null, 'endEvent', null, '2016-09-01 14:48:11.811', '2016-09-01 14:48:11.811', '0', ''), ('7528', 'hireProcessWithJpa:1:7', '7501', '7501', 'sid-3D63E564-D35A-42E3-A81E-6D7DF325D118', null, null, null, 'exclusiveGateway', null, '2016-09-01 14:48:11.816', '2016-09-01 14:48:11.816', '0', ''), ('7529', 'hireProcessWithJpa:1:7', '7501', '7501', 'sid-F2ADA953-6FCF-42FA-B59E-45DAC6EACFA7', null, null, 'Send welcome mail', 'serviceTask', null, '2016-09-01 14:48:11.816', '2016-09-01 14:48:11.899', '83', ''), ('7530', 'hireProcessWithJpa:1:7', '7501', '7501', 'sid-76F28F61-0B2A-41BA-8A71-5E4C9C7828E4', null, null, 'accepted', 'endEvent', null, '2016-09-01 14:48:11.899', '2016-09-01 14:48:11.899', '0', '');
COMMIT;

-- ----------------------------
--  Table structure for `ACT_HI_ATTACHMENT`
-- ----------------------------
DROP TABLE IF EXISTS `ACT_HI_ATTACHMENT`;
CREATE TABLE `ACT_HI_ATTACHMENT` (
  `ID_` varchar(64) COLLATE utf8_bin NOT NULL,
  `REV_` int(11) DEFAULT NULL,
  `USER_ID_` varchar(255) COLLATE utf8_bin DEFAULT NULL,
  `NAME_` varchar(255) COLLATE utf8_bin DEFAULT NULL,
  `DESCRIPTION_` varchar(4000) COLLATE utf8_bin DEFAULT NULL,
  `TYPE_` varchar(255) COLLATE utf8_bin DEFAULT NULL,
  `TASK_ID_` varchar(64) COLLATE utf8_bin DEFAULT NULL,
  `PROC_INST_ID_` varchar(64) COLLATE utf8_bin DEFAULT NULL,
  `URL_` varchar(4000) COLLATE utf8_bin DEFAULT NULL,
  `CONTENT_ID_` varchar(64) COLLATE utf8_bin DEFAULT NULL,
  `TIME_` datetime(3) DEFAULT NULL,
  PRIMARY KEY (`ID_`)
) ENGINE=InnoDB DEFAULT CHARSET=utf8 COLLATE=utf8_bin;

-- ----------------------------
--  Table structure for `ACT_HI_COMMENT`
-- ----------------------------
DROP TABLE IF EXISTS `ACT_HI_COMMENT`;
CREATE TABLE `ACT_HI_COMMENT` (
  `ID_` varchar(64) COLLATE utf8_bin NOT NULL,
  `TYPE_` varchar(255) COLLATE utf8_bin DEFAULT NULL,
  `TIME_` datetime(3) NOT NULL,
  `USER_ID_` varchar(255) COLLATE utf8_bin DEFAULT NULL,
  `TASK_ID_` varchar(64) COLLATE utf8_bin DEFAULT NULL,
  `PROC_INST_ID_` varchar(64) COLLATE utf8_bin DEFAULT NULL,
  `ACTION_` varchar(255) COLLATE utf8_bin DEFAULT NULL,
  `MESSAGE_` varchar(4000) COLLATE utf8_bin DEFAULT NULL,
  `FULL_MSG_` longblob,
  PRIMARY KEY (`ID_`)
) ENGINE=InnoDB DEFAULT CHARSET=utf8 COLLATE=utf8_bin;

-- ----------------------------
--  Table structure for `ACT_HI_DETAIL`
-- ----------------------------
DROP TABLE IF EXISTS `ACT_HI_DETAIL`;
CREATE TABLE `ACT_HI_DETAIL` (
  `ID_` varchar(64) COLLATE utf8_bin NOT NULL,
  `TYPE_` varchar(255) COLLATE utf8_bin NOT NULL,
  `PROC_INST_ID_` varchar(64) COLLATE utf8_bin DEFAULT NULL,
  `EXECUTION_ID_` varchar(64) COLLATE utf8_bin DEFAULT NULL,
  `TASK_ID_` varchar(64) COLLATE utf8_bin DEFAULT NULL,
  `ACT_INST_ID_` varchar(64) COLLATE utf8_bin DEFAULT NULL,
  `NAME_` varchar(255) COLLATE utf8_bin NOT NULL,
  `VAR_TYPE_` varchar(255) COLLATE utf8_bin DEFAULT NULL,
  `REV_` int(11) DEFAULT NULL,
  `TIME_` datetime(3) NOT NULL,
  `BYTEARRAY_ID_` varchar(64) COLLATE utf8_bin DEFAULT NULL,
  `DOUBLE_` double DEFAULT NULL,
  `LONG_` bigint(20) DEFAULT NULL,
  `TEXT_` varchar(4000) COLLATE utf8_bin DEFAULT NULL,
  `TEXT2_` varchar(4000) COLLATE utf8_bin DEFAULT NULL,
  PRIMARY KEY (`ID_`),
  KEY `ACT_IDX_HI_DETAIL_PROC_INST` (`PROC_INST_ID_`),
  KEY `ACT_IDX_HI_DETAIL_ACT_INST` (`ACT_INST_ID_`),
  KEY `ACT_IDX_HI_DETAIL_TIME` (`TIME_`),
  KEY `ACT_IDX_HI_DETAIL_NAME` (`NAME_`),
  KEY `ACT_IDX_HI_DETAIL_TASK_ID` (`TASK_ID_`)
) ENGINE=InnoDB DEFAULT CHARSET=utf8 COLLATE=utf8_bin;

-- ----------------------------
--  Table structure for `ACT_HI_IDENTITYLINK`
-- ----------------------------
DROP TABLE IF EXISTS `ACT_HI_IDENTITYLINK`;
CREATE TABLE `ACT_HI_IDENTITYLINK` (
  `ID_` varchar(64) COLLATE utf8_bin NOT NULL DEFAULT '',
  `GROUP_ID_` varchar(255) COLLATE utf8_bin DEFAULT NULL,
  `TYPE_` varchar(255) COLLATE utf8_bin DEFAULT NULL,
  `USER_ID_` varchar(255) COLLATE utf8_bin DEFAULT NULL,
  `TASK_ID_` varchar(64) COLLATE utf8_bin DEFAULT NULL,
  `PROC_INST_ID_` varchar(64) COLLATE utf8_bin DEFAULT NULL,
  PRIMARY KEY (`ID_`),
  KEY `ACT_IDX_HI_IDENT_LNK_USER` (`USER_ID_`),
  KEY `ACT_IDX_HI_IDENT_LNK_TASK` (`TASK_ID_`),
  KEY `ACT_IDX_HI_IDENT_LNK_PROCINST` (`PROC_INST_ID_`)
) ENGINE=InnoDB DEFAULT CHARSET=utf8 COLLATE=utf8_bin;

-- ----------------------------
--  Records of `ACT_HI_IDENTITYLINK`
-- ----------------------------
BEGIN;
INSERT INTO `ACT_HI_IDENTITYLINK` VALUES ('10007', 'dev-managers', 'candidate', null, '10006', null), ('10019', 'dev-management', 'candidate', null, '10018', null), ('10022', 'finance', 'candidate', null, '10021', null), ('12507', 'dev-managers', 'candidate', null, '12506', null), ('12519', 'dev-management', 'candidate', null, '12518', null), ('12522', 'finance', 'candidate', null, '12521', null), ('2507', 'dev-managers', 'candidate', null, '2506', null), ('2519', 'dev-management', 'candidate', null, '2518', null), ('2522', 'finance', 'candidate', null, '2521', null), ('5007', 'dev-managers', 'candidate', null, '5006', null), ('5019', 'dev-management', 'candidate', null, '5018', null), ('5022', 'finance', 'candidate', null, '5021', null), ('7507', 'dev-managers', 'candidate', null, '7506', null), ('7519', 'dev-management', 'candidate', null, '7518', null), ('7522', 'finance', 'candidate', null, '7521', null);
COMMIT;

-- ----------------------------
--  Table structure for `ACT_HI_PROCINST`
-- ----------------------------
DROP TABLE IF EXISTS `ACT_HI_PROCINST`;
CREATE TABLE `ACT_HI_PROCINST` (
  `ID_` varchar(64) COLLATE utf8_bin NOT NULL,
  `PROC_INST_ID_` varchar(64) COLLATE utf8_bin NOT NULL,
  `BUSINESS_KEY_` varchar(255) COLLATE utf8_bin DEFAULT NULL,
  `PROC_DEF_ID_` varchar(64) COLLATE utf8_bin NOT NULL,
  `START_TIME_` datetime(3) NOT NULL,
  `END_TIME_` datetime(3) DEFAULT NULL,
  `DURATION_` bigint(20) DEFAULT NULL,
  `START_USER_ID_` varchar(255) COLLATE utf8_bin DEFAULT NULL,
  `START_ACT_ID_` varchar(255) COLLATE utf8_bin DEFAULT NULL,
  `END_ACT_ID_` varchar(255) COLLATE utf8_bin DEFAULT NULL,
  `SUPER_PROCESS_INSTANCE_ID_` varchar(64) COLLATE utf8_bin DEFAULT NULL,
  `DELETE_REASON_` varchar(4000) COLLATE utf8_bin DEFAULT NULL,
  `TENANT_ID_` varchar(255) COLLATE utf8_bin DEFAULT '',
  `NAME_` varchar(255) COLLATE utf8_bin DEFAULT NULL,
  PRIMARY KEY (`ID_`),
  UNIQUE KEY `PROC_INST_ID_` (`PROC_INST_ID_`),
  KEY `ACT_IDX_HI_PRO_INST_END` (`END_TIME_`),
  KEY `ACT_IDX_HI_PRO_I_BUSKEY` (`BUSINESS_KEY_`)
) ENGINE=InnoDB DEFAULT CHARSET=utf8 COLLATE=utf8_bin;

-- ----------------------------
--  Records of `ACT_HI_PROCINST`
-- ----------------------------
BEGIN;
INSERT INTO `ACT_HI_PROCINST` VALUES ('10001', '10001', null, 'hireProcessWithJpa:1:7', '2016-09-01 14:48:37.543', '2016-09-01 14:50:29.236', '111693', null, 'sid-E0DD2D8E-0672-4BE0-97A4-933DD8771EFF', 'sid-76F28F61-0B2A-41BA-8A71-5E4C9C7828E4', null, null, '', null), ('12501', '12501', null, 'hireProcessWithJpa:1:7', '2016-09-01 14:51:34.328', '2016-09-01 14:51:38.251', '3923', null, 'sid-E0DD2D8E-0672-4BE0-97A4-933DD8771EFF', 'sid-76F28F61-0B2A-41BA-8A71-5E4C9C7828E4', null, null, '', null), ('2501', '2501', null, 'hireProcessWithJpa:1:7', '2016-08-29 14:21:25.702', '2016-08-29 14:21:26.049', '347', null, 'sid-E0DD2D8E-0672-4BE0-97A4-933DD8771EFF', 'sid-76F28F61-0B2A-41BA-8A71-5E4C9C7828E4', null, null, '', null), ('5001', '5001', null, 'hireProcessWithJpa:1:7', '2016-09-01 14:39:32.621', '2016-09-01 14:39:32.990', '369', null, 'sid-E0DD2D8E-0672-4BE0-97A4-933DD8771EFF', 'sid-76F28F61-0B2A-41BA-8A71-5E4C9C7828E4', null, null, '', null), ('7501', '7501', null, 'hireProcessWithJpa:1:7', '2016-09-01 14:48:11.605', '2016-09-01 14:48:11.901', '296', null, 'sid-E0DD2D8E-0672-4BE0-97A4-933DD8771EFF', 'sid-76F28F61-0B2A-41BA-8A71-5E4C9C7828E4', null, null, '', null);
COMMIT;

-- ----------------------------
--  Table structure for `ACT_HI_TASKINST`
-- ----------------------------
DROP TABLE IF EXISTS `ACT_HI_TASKINST`;
CREATE TABLE `ACT_HI_TASKINST` (
  `ID_` varchar(64) COLLATE utf8_bin NOT NULL,
  `PROC_DEF_ID_` varchar(64) COLLATE utf8_bin DEFAULT NULL,
  `TASK_DEF_KEY_` varchar(255) COLLATE utf8_bin DEFAULT NULL,
  `PROC_INST_ID_` varchar(64) COLLATE utf8_bin DEFAULT NULL,
  `EXECUTION_ID_` varchar(64) COLLATE utf8_bin DEFAULT NULL,
  `NAME_` varchar(255) COLLATE utf8_bin DEFAULT NULL,
  `PARENT_TASK_ID_` varchar(64) COLLATE utf8_bin DEFAULT NULL,
  `DESCRIPTION_` varchar(4000) COLLATE utf8_bin DEFAULT NULL,
  `OWNER_` varchar(255) COLLATE utf8_bin DEFAULT NULL,
  `ASSIGNEE_` varchar(255) COLLATE utf8_bin DEFAULT NULL,
  `START_TIME_` datetime(3) NOT NULL,
  `CLAIM_TIME_` datetime(3) DEFAULT NULL,
  `END_TIME_` datetime(3) DEFAULT NULL,
  `DURATION_` bigint(20) DEFAULT NULL,
  `DELETE_REASON_` varchar(4000) COLLATE utf8_bin DEFAULT NULL,
  `PRIORITY_` int(11) DEFAULT NULL,
  `DUE_DATE_` datetime(3) DEFAULT NULL,
  `FORM_KEY_` varchar(255) COLLATE utf8_bin DEFAULT NULL,
  `CATEGORY_` varchar(255) COLLATE utf8_bin DEFAULT NULL,
  `TENANT_ID_` varchar(255) COLLATE utf8_bin DEFAULT '',
  PRIMARY KEY (`ID_`),
  KEY `ACT_IDX_HI_TASK_INST_PROCINST` (`PROC_INST_ID_`)
) ENGINE=InnoDB DEFAULT CHARSET=utf8 COLLATE=utf8_bin;

-- ----------------------------
--  Records of `ACT_HI_TASKINST`
-- ----------------------------
BEGIN;
INSERT INTO `ACT_HI_TASKINST` VALUES ('10006', 'hireProcessWithJpa:1:7', 'sid-42BAE58A-8FFB-4B02-AAED-E0D8EA5A7E39', '10001', '10001', 'Telephone interview', null, 'Conduct a telephone interview with John Doe. Phone number = 12344', null, null, '2016-09-01 14:48:37.576', null, '2016-09-01 14:49:47.068', '69492', 'completed', '50', null, null, null, ''), ('10018', 'hireProcessWithJpa:1:7', 'sid-C2137C46-166B-4F9B-92A1-97BF920FCD9E', '10001', '10015', 'Tech interview', null, null, null, null, '2016-09-01 14:49:47.179', null, '2016-09-01 14:50:28.732', '41553', 'completed', '50', null, null, null, ''), ('10021', 'hireProcessWithJpa:1:7', 'sid-14429F68-4A79-47DC-A3F0-21804629FD88', '10001', '10016', 'Financial negotiation', null, null, null, null, '2016-09-01 14:49:47.196', null, '2016-09-01 14:50:17.595', '30399', 'completed', '50', null, null, null, ''), ('12506', 'hireProcessWithJpa:1:7', 'sid-42BAE58A-8FFB-4B02-AAED-E0D8EA5A7E39', '12501', '12501', 'Telephone interview', null, 'Conduct a telephone interview with John Doe. Phone number = 12344', null, null, '2016-09-01 14:51:34.362', null, '2016-09-01 14:51:38.091', '3729', 'completed', '50', null, null, null, ''), ('12518', 'hireProcessWithJpa:1:7', 'sid-C2137C46-166B-4F9B-92A1-97BF920FCD9E', '12501', '12515', 'Tech interview', null, null, null, null, '2016-09-01 14:51:38.106', null, '2016-09-01 14:51:38.157', '51', 'completed', '50', null, null, null, ''), ('12521', 'hireProcessWithJpa:1:7', 'sid-14429F68-4A79-47DC-A3F0-21804629FD88', '12501', '12516', 'Financial negotiation', null, null, null, null, '2016-09-01 14:51:38.109', null, '2016-09-01 14:51:38.140', '31', 'completed', '50', null, null, null, ''), ('2506', 'hireProcessWithJpa:1:7', 'sid-42BAE58A-8FFB-4B02-AAED-E0D8EA5A7E39', '2501', '2501', 'Telephone interview', null, 'Conduct a telephone interview with John Doe. Phone number = 12344', null, null, '2016-08-29 14:21:25.734', null, '2016-08-29 14:21:25.835', '101', 'completed', '50', null, null, null, ''), ('2518', 'hireProcessWithJpa:1:7', 'sid-C2137C46-166B-4F9B-92A1-97BF920FCD9E', '2501', '2515', 'Tech interview', null, null, null, null, '2016-08-29 14:21:25.855', null, '2016-08-29 14:21:25.931', '76', 'completed', '50', null, null, null, ''), ('2521', 'hireProcessWithJpa:1:7', 'sid-14429F68-4A79-47DC-A3F0-21804629FD88', '2501', '2516', 'Financial negotiation', null, null, null, null, '2016-08-29 14:21:25.859', null, '2016-08-29 14:21:25.905', '46', 'completed', '50', null, null, null, ''), ('5006', 'hireProcessWithJpa:1:7', 'sid-42BAE58A-8FFB-4B02-AAED-E0D8EA5A7E39', '5001', '5001', 'Telephone interview', null, 'Conduct a telephone interview with John Doe. Phone number = 12344', null, null, '2016-09-01 14:39:32.654', null, '2016-09-01 14:39:32.765', '111', 'completed', '50', null, null, null, ''), ('5018', 'hireProcessWithJpa:1:7', 'sid-C2137C46-166B-4F9B-92A1-97BF920FCD9E', '5001', '5015', 'Tech interview', null, null, null, null, '2016-09-01 14:39:32.784', null, '2016-09-01 14:39:32.857', '73', 'completed', '50', null, null, null, ''), ('5021', 'hireProcessWithJpa:1:7', 'sid-14429F68-4A79-47DC-A3F0-21804629FD88', '5001', '5016', 'Financial negotiation', null, null, null, null, '2016-09-01 14:39:32.788', null, '2016-09-01 14:39:32.831', '43', 'completed', '50', null, null, null, ''), ('7506', 'hireProcessWithJpa:1:7', 'sid-42BAE58A-8FFB-4B02-AAED-E0D8EA5A7E39', '7501', '7501', 'Telephone interview', null, 'Conduct a telephone interview with John Doe. Phone number = 12344', null, null, '2016-09-01 14:48:11.631', null, '2016-09-01 14:48:11.718', '87', 'completed', '50', null, null, null, ''), ('7518', 'hireProcessWithJpa:1:7', 'sid-C2137C46-166B-4F9B-92A1-97BF920FCD9E', '7501', '7515', 'Tech interview', null, null, null, null, '2016-09-01 14:48:11.734', null, '2016-09-01 14:48:11.800', '66', 'completed', '50', null, null, null, ''), ('7521', 'hireProcessWithJpa:1:7', 'sid-14429F68-4A79-47DC-A3F0-21804629FD88', '7501', '7516', 'Financial negotiation', null, null, null, null, '2016-09-01 14:48:11.738', null, '2016-09-01 14:48:11.776', '38', 'completed', '50', null, null, null, '');
COMMIT;

-- ----------------------------
--  Table structure for `ACT_HI_VARINST`
-- ----------------------------
DROP TABLE IF EXISTS `ACT_HI_VARINST`;
CREATE TABLE `ACT_HI_VARINST` (
  `ID_` varchar(64) COLLATE utf8_bin NOT NULL,
  `PROC_INST_ID_` varchar(64) COLLATE utf8_bin DEFAULT NULL,
  `EXECUTION_ID_` varchar(64) COLLATE utf8_bin DEFAULT NULL,
  `TASK_ID_` varchar(64) COLLATE utf8_bin DEFAULT NULL,
  `NAME_` varchar(255) COLLATE utf8_bin NOT NULL,
  `VAR_TYPE_` varchar(100) COLLATE utf8_bin DEFAULT NULL,
  `REV_` int(11) DEFAULT NULL,
  `BYTEARRAY_ID_` varchar(64) COLLATE utf8_bin DEFAULT NULL,
  `DOUBLE_` double DEFAULT NULL,
  `LONG_` bigint(20) DEFAULT NULL,
  `TEXT_` varchar(4000) COLLATE utf8_bin DEFAULT NULL,
  `TEXT2_` varchar(4000) COLLATE utf8_bin DEFAULT NULL,
  `CREATE_TIME_` datetime(3) DEFAULT NULL,
  `LAST_UPDATED_TIME_` datetime(3) DEFAULT NULL,
  PRIMARY KEY (`ID_`),
  KEY `ACT_IDX_HI_PROCVAR_PROC_INST` (`PROC_INST_ID_`),
  KEY `ACT_IDX_HI_PROCVAR_NAME_TYPE` (`NAME_`,`VAR_TYPE_`),
  KEY `ACT_IDX_HI_PROCVAR_TASK_ID` (`TASK_ID_`)
) ENGINE=InnoDB DEFAULT CHARSET=utf8 COLLATE=utf8_bin;

-- ----------------------------
--  Records of `ACT_HI_VARINST`
-- ----------------------------
BEGIN;
INSERT INTO `ACT_HI_VARINST` VALUES ('10003', '10001', '10001', null, 'applicant', 'jpa-entity', '1', null, null, null, 'com.realaicy.product.jc.common.wf.tmp.Applicant', '4', '2016-09-01 14:48:37.545', '2016-09-01 14:50:29.257'), ('10008', '10001', '10001', null, 'telephoneInterviewOutcome', 'boolean', '1', null, null, '1', null, null, '2016-09-01 14:49:47.041', '2016-09-01 14:50:29.257'), ('10023', '10001', '10001', null, 'techOk', 'boolean', '1', null, null, '1', null, null, '2016-09-01 14:50:17.575', '2016-09-01 14:50:29.257'), ('10025', '10001', '10001', null, 'financialOk', 'boolean', '0', null, null, '1', null, null, '2016-09-01 14:50:28.712', '2016-09-01 14:50:29.258'), ('12503', '12501', '12501', null, 'applicant', 'jpa-entity', '1', null, null, null, 'com.realaicy.product.jc.common.wf.tmp.Applicant', '5', '2016-09-01 14:51:34.330', '2016-09-01 14:51:38.254'), ('12508', '12501', '12501', null, 'telephoneInterviewOutcome', 'boolean', '1', null, null, '1', null, null, '2016-09-01 14:51:38.087', '2016-09-01 14:51:38.254'), ('12523', '12501', '12501', null, 'techOk', 'boolean', '1', null, null, '1', null, null, '2016-09-01 14:51:38.138', '2016-09-01 14:51:38.254'), ('12525', '12501', '12501', null, 'financialOk', 'boolean', '0', null, null, '1', null, null, '2016-09-01 14:51:38.155', '2016-09-01 14:51:38.254'), ('2503', '2501', '2501', null, 'applicant', 'jpa-entity', '1', null, null, null, 'com.realaicy.product.jc.common.wf.tmp.Applicant', '1', '2016-08-29 14:21:25.704', '2016-08-29 14:21:26.052'), ('2508', '2501', '2501', null, 'telephoneInterviewOutcome', 'boolean', '1', null, null, '1', null, null, '2016-08-29 14:21:25.830', '2016-08-29 14:21:26.052'), ('2523', '2501', '2501', null, 'techOk', 'boolean', '1', null, null, '1', null, null, '2016-08-29 14:21:25.902', '2016-08-29 14:21:26.052'), ('2525', '2501', '2501', null, 'financialOk', 'boolean', '0', null, null, '1', null, null, '2016-08-29 14:21:25.928', '2016-08-29 14:21:26.052'), ('5003', '5001', '5001', null, 'applicant', 'jpa-entity', '1', null, null, null, 'com.realaicy.product.jc.common.wf.tmp.Applicant', '2', '2016-09-01 14:39:32.623', '2016-09-01 14:39:32.993'), ('5008', '5001', '5001', null, 'telephoneInterviewOutcome', 'boolean', '1', null, null, '1', null, null, '2016-09-01 14:39:32.760', '2016-09-01 14:39:32.993'), ('5023', '5001', '5001', null, 'techOk', 'boolean', '1', null, null, '1', null, null, '2016-09-01 14:39:32.828', '2016-09-01 14:39:32.993'), ('5025', '5001', '5001', null, 'financialOk', 'boolean', '0', null, null, '1', null, null, '2016-09-01 14:39:32.853', '2016-09-01 14:39:32.993'), ('7503', '7501', '7501', null, 'applicant', 'jpa-entity', '1', null, null, null, 'com.realaicy.product.jc.common.wf.tmp.Applicant', '3', '2016-09-01 14:48:11.607', '2016-09-01 14:48:11.904'), ('7508', '7501', '7501', null, 'telephoneInterviewOutcome', 'boolean', '1', null, null, '1', null, null, '2016-09-01 14:48:11.714', '2016-09-01 14:48:11.904'), ('7523', '7501', '7501', null, 'techOk', 'boolean', '1', null, null, '1', null, null, '2016-09-01 14:48:11.773', '2016-09-01 14:48:11.904'), ('7525', '7501', '7501', null, 'financialOk', 'boolean', '0', null, null, '1', null, null, '2016-09-01 14:48:11.797', '2016-09-01 14:48:11.904');
COMMIT;

-- ----------------------------
--  Table structure for `ACT_PROCDEF_INFO`
-- ----------------------------
DROP TABLE IF EXISTS `ACT_PROCDEF_INFO`;
CREATE TABLE `ACT_PROCDEF_INFO` (
  `ID_` varchar(64) COLLATE utf8_bin NOT NULL,
  `PROC_DEF_ID_` varchar(64) COLLATE utf8_bin NOT NULL,
  `REV_` int(11) DEFAULT NULL,
  `INFO_JSON_ID_` varchar(64) COLLATE utf8_bin DEFAULT NULL,
  PRIMARY KEY (`ID_`),
  UNIQUE KEY `ACT_UNIQ_INFO_PROCDEF` (`PROC_DEF_ID_`),
  KEY `ACT_IDX_INFO_PROCDEF` (`PROC_DEF_ID_`),
  KEY `ACT_FK_INFO_JSON_BA` (`INFO_JSON_ID_`),
  CONSTRAINT `ACT_FK_INFO_JSON_BA` FOREIGN KEY (`INFO_JSON_ID_`) REFERENCES `ACT_GE_BYTEARRAY` (`ID_`),
  CONSTRAINT `ACT_FK_INFO_PROCDEF` FOREIGN KEY (`PROC_DEF_ID_`) REFERENCES `ACT_RE_PROCDEF` (`ID_`)
) ENGINE=InnoDB DEFAULT CHARSET=utf8 COLLATE=utf8_bin;

-- ----------------------------
--  Table structure for `ACT_RE_DEPLOYMENT`
-- ----------------------------
DROP TABLE IF EXISTS `ACT_RE_DEPLOYMENT`;
CREATE TABLE `ACT_RE_DEPLOYMENT` (
  `ID_` varchar(64) COLLATE utf8_bin NOT NULL DEFAULT '',
  `NAME_` varchar(255) COLLATE utf8_bin DEFAULT NULL,
  `CATEGORY_` varchar(255) COLLATE utf8_bin DEFAULT NULL,
  `TENANT_ID_` varchar(255) COLLATE utf8_bin DEFAULT '',
  `DEPLOY_TIME_` timestamp(3) NULL DEFAULT NULL,
  PRIMARY KEY (`ID_`)
) ENGINE=InnoDB DEFAULT CHARSET=utf8 COLLATE=utf8_bin;

-- ----------------------------
--  Records of `ACT_RE_DEPLOYMENT`
-- ----------------------------
BEGIN;
INSERT INTO `ACT_RE_DEPLOYMENT` VALUES ('1', 'SpringAutoDeployment', null, '', '2016-08-29 14:09:53.238');
COMMIT;

-- ----------------------------
--  Table structure for `ACT_RE_MODEL`
-- ----------------------------
DROP TABLE IF EXISTS `ACT_RE_MODEL`;
CREATE TABLE `ACT_RE_MODEL` (
  `ID_` varchar(64) COLLATE utf8_bin NOT NULL,
  `REV_` int(11) DEFAULT NULL,
  `NAME_` varchar(255) COLLATE utf8_bin DEFAULT NULL,
  `KEY_` varchar(255) COLLATE utf8_bin DEFAULT NULL,
  `CATEGORY_` varchar(255) COLLATE utf8_bin DEFAULT NULL,
  `CREATE_TIME_` timestamp(3) NULL DEFAULT NULL,
  `LAST_UPDATE_TIME_` timestamp(3) NULL DEFAULT NULL,
  `VERSION_` int(11) DEFAULT NULL,
  `META_INFO_` varchar(4000) COLLATE utf8_bin DEFAULT NULL,
  `DEPLOYMENT_ID_` varchar(64) COLLATE utf8_bin DEFAULT NULL,
  `EDITOR_SOURCE_VALUE_ID_` varchar(64) COLLATE utf8_bin DEFAULT NULL,
  `EDITOR_SOURCE_EXTRA_VALUE_ID_` varchar(64) COLLATE utf8_bin DEFAULT NULL,
  `TENANT_ID_` varchar(255) COLLATE utf8_bin DEFAULT '',
  PRIMARY KEY (`ID_`),
  KEY `ACT_FK_MODEL_SOURCE` (`EDITOR_SOURCE_VALUE_ID_`),
  KEY `ACT_FK_MODEL_SOURCE_EXTRA` (`EDITOR_SOURCE_EXTRA_VALUE_ID_`),
  KEY `ACT_FK_MODEL_DEPLOYMENT` (`DEPLOYMENT_ID_`),
  CONSTRAINT `ACT_FK_MODEL_DEPLOYMENT` FOREIGN KEY (`DEPLOYMENT_ID_`) REFERENCES `ACT_RE_DEPLOYMENT` (`ID_`),
  CONSTRAINT `ACT_FK_MODEL_SOURCE` FOREIGN KEY (`EDITOR_SOURCE_VALUE_ID_`) REFERENCES `ACT_GE_BYTEARRAY` (`ID_`),
  CONSTRAINT `ACT_FK_MODEL_SOURCE_EXTRA` FOREIGN KEY (`EDITOR_SOURCE_EXTRA_VALUE_ID_`) REFERENCES `ACT_GE_BYTEARRAY` (`ID_`)
) ENGINE=InnoDB DEFAULT CHARSET=utf8 COLLATE=utf8_bin;

-- ----------------------------
--  Table structure for `ACT_RE_PROCDEF`
-- ----------------------------
DROP TABLE IF EXISTS `ACT_RE_PROCDEF`;
CREATE TABLE `ACT_RE_PROCDEF` (
  `ID_` varchar(64) COLLATE utf8_bin NOT NULL,
  `REV_` int(11) DEFAULT NULL,
  `CATEGORY_` varchar(255) COLLATE utf8_bin DEFAULT NULL,
  `NAME_` varchar(255) COLLATE utf8_bin DEFAULT NULL,
  `KEY_` varchar(255) COLLATE utf8_bin NOT NULL,
  `VERSION_` int(11) NOT NULL,
  `DEPLOYMENT_ID_` varchar(64) COLLATE utf8_bin DEFAULT NULL,
  `RESOURCE_NAME_` varchar(4000) COLLATE utf8_bin DEFAULT NULL,
  `DGRM_RESOURCE_NAME_` varchar(4000) COLLATE utf8_bin DEFAULT NULL,
  `DESCRIPTION_` varchar(4000) COLLATE utf8_bin DEFAULT NULL,
  `HAS_START_FORM_KEY_` tinyint(4) DEFAULT NULL,
  `HAS_GRAPHICAL_NOTATION_` tinyint(4) DEFAULT NULL,
  `SUSPENSION_STATE_` int(11) DEFAULT NULL,
  `TENANT_ID_` varchar(255) COLLATE utf8_bin DEFAULT '',
  PRIMARY KEY (`ID_`),
  UNIQUE KEY `ACT_UNIQ_PROCDEF` (`KEY_`,`VERSION_`,`TENANT_ID_`)
) ENGINE=InnoDB DEFAULT CHARSET=utf8 COLLATE=utf8_bin;

-- ----------------------------
--  Records of `ACT_RE_PROCDEF`
-- ----------------------------
BEGIN;
INSERT INTO `ACT_RE_PROCDEF` VALUES ('hireProcess:1:6', '1', 'http://www.activiti.org/processdef', 'Developer Hiring', 'hireProcess', '1', '1', '/Users/realaicy/RealCode/TNA/JC/jc-web/target/classes/processes/Developer_Hiring.bpmn20.xml', '/Users/realaicy/RealCode/TNA/JC/jc-web/target/classes/processes/Developer_Hiring.hireProcess.png', null, '0', '1', '1', ''), ('hireProcessWithJpa:1:7', '1', 'http://www.activiti.org/processdef', 'Developer Hiring', 'hireProcessWithJpa', '1', '1', '/Users/realaicy/RealCode/TNA/JC/jc-web/target/classes/processes/Developer_Hiring_with_jpa.bpmn20.xml', '/Users/realaicy/RealCode/TNA/JC/jc-web/target/classes/processes/Developer_Hiring_with_jpa.hireProcessWithJpa.png', null, '0', '1', '1', '');
COMMIT;

-- ----------------------------
--  Table structure for `ACT_RU_EVENT_SUBSCR`
-- ----------------------------
DROP TABLE IF EXISTS `ACT_RU_EVENT_SUBSCR`;
CREATE TABLE `ACT_RU_EVENT_SUBSCR` (
  `ID_` varchar(64) COLLATE utf8_bin NOT NULL,
  `REV_` int(11) DEFAULT NULL,
  `EVENT_TYPE_` varchar(255) COLLATE utf8_bin NOT NULL,
  `EVENT_NAME_` varchar(255) COLLATE utf8_bin DEFAULT NULL,
  `EXECUTION_ID_` varchar(64) COLLATE utf8_bin DEFAULT NULL,
  `PROC_INST_ID_` varchar(64) COLLATE utf8_bin DEFAULT NULL,
  `ACTIVITY_ID_` varchar(64) COLLATE utf8_bin DEFAULT NULL,
  `CONFIGURATION_` varchar(255) COLLATE utf8_bin DEFAULT NULL,
  `CREATED_` timestamp(3) NOT NULL DEFAULT CURRENT_TIMESTAMP(3),
  `PROC_DEF_ID_` varchar(64) COLLATE utf8_bin DEFAULT NULL,
  `TENANT_ID_` varchar(255) COLLATE utf8_bin DEFAULT '',
  PRIMARY KEY (`ID_`),
  KEY `ACT_IDX_EVENT_SUBSCR_CONFIG_` (`CONFIGURATION_`),
  KEY `ACT_FK_EVENT_EXEC` (`EXECUTION_ID_`),
  CONSTRAINT `ACT_FK_EVENT_EXEC` FOREIGN KEY (`EXECUTION_ID_`) REFERENCES `ACT_RU_EXECUTION` (`ID_`)
) ENGINE=InnoDB DEFAULT CHARSET=utf8 COLLATE=utf8_bin;

-- ----------------------------
--  Table structure for `ACT_RU_EXECUTION`
-- ----------------------------
DROP TABLE IF EXISTS `ACT_RU_EXECUTION`;
CREATE TABLE `ACT_RU_EXECUTION` (
  `ID_` varchar(64) COLLATE utf8_bin NOT NULL DEFAULT '',
  `REV_` int(11) DEFAULT NULL,
  `PROC_INST_ID_` varchar(64) COLLATE utf8_bin DEFAULT NULL,
  `BUSINESS_KEY_` varchar(255) COLLATE utf8_bin DEFAULT NULL,
  `PARENT_ID_` varchar(64) COLLATE utf8_bin DEFAULT NULL,
  `PROC_DEF_ID_` varchar(64) COLLATE utf8_bin DEFAULT NULL,
  `SUPER_EXEC_` varchar(64) COLLATE utf8_bin DEFAULT NULL,
  `ACT_ID_` varchar(255) COLLATE utf8_bin DEFAULT NULL,
  `IS_ACTIVE_` tinyint(4) DEFAULT NULL,
  `IS_CONCURRENT_` tinyint(4) DEFAULT NULL,
  `IS_SCOPE_` tinyint(4) DEFAULT NULL,
  `IS_EVENT_SCOPE_` tinyint(4) DEFAULT NULL,
  `SUSPENSION_STATE_` int(11) DEFAULT NULL,
  `CACHED_ENT_STATE_` int(11) DEFAULT NULL,
  `TENANT_ID_` varchar(255) COLLATE utf8_bin DEFAULT '',
  `NAME_` varchar(255) COLLATE utf8_bin DEFAULT NULL,
  `LOCK_TIME_` timestamp(3) NULL DEFAULT NULL,
  PRIMARY KEY (`ID_`),
  KEY `ACT_IDX_EXEC_BUSKEY` (`BUSINESS_KEY_`),
  KEY `ACT_FK_EXE_PROCINST` (`PROC_INST_ID_`),
  KEY `ACT_FK_EXE_PARENT` (`PARENT_ID_`),
  KEY `ACT_FK_EXE_SUPER` (`SUPER_EXEC_`),
  KEY `ACT_FK_EXE_PROCDEF` (`PROC_DEF_ID_`),
  CONSTRAINT `ACT_FK_EXE_PARENT` FOREIGN KEY (`PARENT_ID_`) REFERENCES `ACT_RU_EXECUTION` (`ID_`),
  CONSTRAINT `ACT_FK_EXE_PROCDEF` FOREIGN KEY (`PROC_DEF_ID_`) REFERENCES `ACT_RE_PROCDEF` (`ID_`),
  CONSTRAINT `ACT_FK_EXE_PROCINST` FOREIGN KEY (`PROC_INST_ID_`) REFERENCES `ACT_RU_EXECUTION` (`ID_`) ON DELETE CASCADE ON UPDATE CASCADE,
  CONSTRAINT `ACT_FK_EXE_SUPER` FOREIGN KEY (`SUPER_EXEC_`) REFERENCES `ACT_RU_EXECUTION` (`ID_`)
) ENGINE=InnoDB DEFAULT CHARSET=utf8 COLLATE=utf8_bin;

-- ----------------------------
--  Table structure for `ACT_RU_IDENTITYLINK`
-- ----------------------------
DROP TABLE IF EXISTS `ACT_RU_IDENTITYLINK`;
CREATE TABLE `ACT_RU_IDENTITYLINK` (
  `ID_` varchar(64) COLLATE utf8_bin NOT NULL DEFAULT '',
  `REV_` int(11) DEFAULT NULL,
  `GROUP_ID_` varchar(255) COLLATE utf8_bin DEFAULT NULL,
  `TYPE_` varchar(255) COLLATE utf8_bin DEFAULT NULL,
  `USER_ID_` varchar(255) COLLATE utf8_bin DEFAULT NULL,
  `TASK_ID_` varchar(64) COLLATE utf8_bin DEFAULT NULL,
  `PROC_INST_ID_` varchar(64) COLLATE utf8_bin DEFAULT NULL,
  `PROC_DEF_ID_` varchar(64) COLLATE utf8_bin DEFAULT NULL,
  PRIMARY KEY (`ID_`),
  KEY `ACT_IDX_IDENT_LNK_USER` (`USER_ID_`),
  KEY `ACT_IDX_IDENT_LNK_GROUP` (`GROUP_ID_`),
  KEY `ACT_IDX_ATHRZ_PROCEDEF` (`PROC_DEF_ID_`),
  KEY `ACT_FK_TSKASS_TASK` (`TASK_ID_`),
  KEY `ACT_FK_IDL_PROCINST` (`PROC_INST_ID_`),
  CONSTRAINT `ACT_FK_ATHRZ_PROCEDEF` FOREIGN KEY (`PROC_DEF_ID_`) REFERENCES `ACT_RE_PROCDEF` (`ID_`),
  CONSTRAINT `ACT_FK_IDL_PROCINST` FOREIGN KEY (`PROC_INST_ID_`) REFERENCES `ACT_RU_EXECUTION` (`ID_`),
  CONSTRAINT `ACT_FK_TSKASS_TASK` FOREIGN KEY (`TASK_ID_`) REFERENCES `ACT_RU_TASK` (`ID_`)
) ENGINE=InnoDB DEFAULT CHARSET=utf8 COLLATE=utf8_bin;

-- ----------------------------
--  Table structure for `ACT_RU_JOB`
-- ----------------------------
DROP TABLE IF EXISTS `ACT_RU_JOB`;
CREATE TABLE `ACT_RU_JOB` (
  `ID_` varchar(64) COLLATE utf8_bin NOT NULL,
  `REV_` int(11) DEFAULT NULL,
  `TYPE_` varchar(255) COLLATE utf8_bin NOT NULL,
  `LOCK_EXP_TIME_` timestamp(3) NULL DEFAULT NULL,
  `LOCK_OWNER_` varchar(255) COLLATE utf8_bin DEFAULT NULL,
  `EXCLUSIVE_` tinyint(1) DEFAULT NULL,
  `EXECUTION_ID_` varchar(64) COLLATE utf8_bin DEFAULT NULL,
  `PROCESS_INSTANCE_ID_` varchar(64) COLLATE utf8_bin DEFAULT NULL,
  `PROC_DEF_ID_` varchar(64) COLLATE utf8_bin DEFAULT NULL,
  `RETRIES_` int(11) DEFAULT NULL,
  `EXCEPTION_STACK_ID_` varchar(64) COLLATE utf8_bin DEFAULT NULL,
  `EXCEPTION_MSG_` varchar(4000) COLLATE utf8_bin DEFAULT NULL,
  `DUEDATE_` timestamp(3) NULL DEFAULT NULL,
  `REPEAT_` varchar(255) COLLATE utf8_bin DEFAULT NULL,
  `HANDLER_TYPE_` varchar(255) COLLATE utf8_bin DEFAULT NULL,
  `HANDLER_CFG_` varchar(4000) COLLATE utf8_bin DEFAULT NULL,
  `TENANT_ID_` varchar(255) COLLATE utf8_bin DEFAULT '',
  PRIMARY KEY (`ID_`),
  KEY `ACT_FK_JOB_EXCEPTION` (`EXCEPTION_STACK_ID_`),
  CONSTRAINT `ACT_FK_JOB_EXCEPTION` FOREIGN KEY (`EXCEPTION_STACK_ID_`) REFERENCES `ACT_GE_BYTEARRAY` (`ID_`)
) ENGINE=InnoDB DEFAULT CHARSET=utf8 COLLATE=utf8_bin;

-- ----------------------------
--  Table structure for `ACT_RU_TASK`
-- ----------------------------
DROP TABLE IF EXISTS `ACT_RU_TASK`;
CREATE TABLE `ACT_RU_TASK` (
  `ID_` varchar(64) COLLATE utf8_bin NOT NULL DEFAULT '',
  `REV_` int(11) DEFAULT NULL,
  `EXECUTION_ID_` varchar(64) COLLATE utf8_bin DEFAULT NULL,
  `PROC_INST_ID_` varchar(64) COLLATE utf8_bin DEFAULT NULL,
  `PROC_DEF_ID_` varchar(64) COLLATE utf8_bin DEFAULT NULL,
  `NAME_` varchar(255) COLLATE utf8_bin DEFAULT NULL,
  `PARENT_TASK_ID_` varchar(64) COLLATE utf8_bin DEFAULT NULL,
  `DESCRIPTION_` varchar(4000) COLLATE utf8_bin DEFAULT NULL,
  `TASK_DEF_KEY_` varchar(255) COLLATE utf8_bin DEFAULT NULL,
  `OWNER_` varchar(255) COLLATE utf8_bin DEFAULT NULL,
  `ASSIGNEE_` varchar(255) COLLATE utf8_bin DEFAULT NULL,
  `DELEGATION_` varchar(64) COLLATE utf8_bin DEFAULT NULL,
  `PRIORITY_` int(11) DEFAULT NULL,
  `CREATE_TIME_` timestamp(3) NULL DEFAULT NULL,
  `DUE_DATE_` datetime(3) DEFAULT NULL,
  `CATEGORY_` varchar(255) COLLATE utf8_bin DEFAULT NULL,
  `SUSPENSION_STATE_` int(11) DEFAULT NULL,
  `TENANT_ID_` varchar(255) COLLATE utf8_bin DEFAULT '',
  `FORM_KEY_` varchar(255) COLLATE utf8_bin DEFAULT NULL,
  PRIMARY KEY (`ID_`),
  KEY `ACT_IDX_TASK_CREATE` (`CREATE_TIME_`),
  KEY `ACT_FK_TASK_EXE` (`EXECUTION_ID_`),
  KEY `ACT_FK_TASK_PROCINST` (`PROC_INST_ID_`),
  KEY `ACT_FK_TASK_PROCDEF` (`PROC_DEF_ID_`),
  CONSTRAINT `ACT_FK_TASK_EXE` FOREIGN KEY (`EXECUTION_ID_`) REFERENCES `ACT_RU_EXECUTION` (`ID_`),
  CONSTRAINT `ACT_FK_TASK_PROCDEF` FOREIGN KEY (`PROC_DEF_ID_`) REFERENCES `ACT_RE_PROCDEF` (`ID_`),
  CONSTRAINT `ACT_FK_TASK_PROCINST` FOREIGN KEY (`PROC_INST_ID_`) REFERENCES `ACT_RU_EXECUTION` (`ID_`)
) ENGINE=InnoDB DEFAULT CHARSET=utf8 COLLATE=utf8_bin;

-- ----------------------------
--  Table structure for `ACT_RU_VARIABLE`
-- ----------------------------
DROP TABLE IF EXISTS `ACT_RU_VARIABLE`;
CREATE TABLE `ACT_RU_VARIABLE` (
  `ID_` varchar(64) COLLATE utf8_bin NOT NULL,
  `REV_` int(11) DEFAULT NULL,
  `TYPE_` varchar(255) COLLATE utf8_bin NOT NULL,
  `NAME_` varchar(255) COLLATE utf8_bin NOT NULL,
  `EXECUTION_ID_` varchar(64) COLLATE utf8_bin DEFAULT NULL,
  `PROC_INST_ID_` varchar(64) COLLATE utf8_bin DEFAULT NULL,
  `TASK_ID_` varchar(64) COLLATE utf8_bin DEFAULT NULL,
  `BYTEARRAY_ID_` varchar(64) COLLATE utf8_bin DEFAULT NULL,
  `DOUBLE_` double DEFAULT NULL,
  `LONG_` bigint(20) DEFAULT NULL,
  `TEXT_` varchar(4000) COLLATE utf8_bin DEFAULT NULL,
  `TEXT2_` varchar(4000) COLLATE utf8_bin DEFAULT NULL,
  PRIMARY KEY (`ID_`),
  KEY `ACT_IDX_VARIABLE_TASK_ID` (`TASK_ID_`),
  KEY `ACT_FK_VAR_EXE` (`EXECUTION_ID_`),
  KEY `ACT_FK_VAR_PROCINST` (`PROC_INST_ID_`),
  KEY `ACT_FK_VAR_BYTEARRAY` (`BYTEARRAY_ID_`),
  CONSTRAINT `ACT_FK_VAR_BYTEARRAY` FOREIGN KEY (`BYTEARRAY_ID_`) REFERENCES `ACT_GE_BYTEARRAY` (`ID_`),
  CONSTRAINT `ACT_FK_VAR_EXE` FOREIGN KEY (`EXECUTION_ID_`) REFERENCES `ACT_RU_EXECUTION` (`ID_`),
  CONSTRAINT `ACT_FK_VAR_PROCINST` FOREIGN KEY (`PROC_INST_ID_`) REFERENCES `ACT_RU_EXECUTION` (`ID_`)
) ENGINE=InnoDB DEFAULT CHARSET=utf8 COLLATE=utf8_bin;

-- ----------------------------
--  Table structure for `JC_SYS_GROUP`
-- ----------------------------
DROP TABLE IF EXISTS `JC_SYS_GROUP`;
CREATE TABLE `JC_SYS_GROUP` (
  `id` bigint(64) unsigned NOT NULL AUTO_INCREMENT COMMENT '',
  `CASCADE_ID` varchar(255) DEFAULT '' COMMENT 'ID',
  `PID` bigint(64) unsigned DEFAULT NULL COMMENT '',
  `NAME` varchar(255) NOT NULL DEFAULT '' COMMENT '',
  `DESCRIBE` varchar(255) DEFAULT NULL,
  `RES_ICON` varchar(255) DEFAULT '' COMMENT '',
  `RES_WEIGHT` int(10) unsigned DEFAULT '0' COMMENT '',
  `IS_SHOW` bit(1) DEFAULT NULL,
  `IS_FOLDER` varchar(255) DEFAULT '1' COMMENT '',
  `IS_AUTO_EXPAND` varchar(255) DEFAULT '0' COMMENT '',
  `STATUS` smallint(255) DEFAULT '1' COMMENT '',
  `IDENTITY` varchar(255) DEFAULT NULL COMMENT '',
  `CREATETIME` datetime NOT NULL DEFAULT CURRENT_TIMESTAMP COMMENT '',
  `CREATERID` bigint(64) unsigned NOT NULL DEFAULT '1' COMMENT 'ID',
  `UPDATETIME` datetime NOT NULL DEFAULT CURRENT_TIMESTAMP,
  `UPDATERID` bigint(64) unsigned NOT NULL DEFAULT '1',
  `CUSTOM_CODE` varchar(4000) DEFAULT NULL COMMENT '',
  `ORGID` bigint(64) DEFAULT NULL,
  `TYPE` varchar(255) DEFAULT NULL,
  `REV` int(11) DEFAULT NULL,
  PRIMARY KEY (`id`)
) ENGINE=InnoDB AUTO_INCREMENT=5 DEFAULT CHARSET=utf8 ROW_FORMAT=COMPACT COMMENT='';

-- ----------------------------
--  Records of `JC_SYS_GROUP`
-- ----------------------------
BEGIN;
INSERT INTO `JC_SYS_GROUP` VALUES ('1', '0', '1', 'ROOT', '', '', '0', null, '1', '0', '1', null, '2016-08-30 15:47:15', '1', '2016-08-30 15:47:15', '1', '', null, null, null), ('2', '1', '1', 'Parent', '', '', '0', null, '1', '0', '1', null, '2016-08-30 16:03:14', '1', '2016-08-30 16:03:14', '1', '', null, null, null), ('3', '1.001', '2', 'com', 'ORG1', '', '0', null, '1', '0', '1', null, '2016-08-30 16:03:57', '1', '2016-08-30 16:03:57', '1', '', null, null, null), ('4', '1.001.001', '3', 'admin', 'ORG1', '', '0', null, '1', '0', '1', null, '2016-08-30 16:06:23', '1', '2016-08-30 16:06:23', '1', 'wf', null, null, null);
COMMIT;

-- ----------------------------
--  Table structure for `JC_SYS_ORG`
-- ----------------------------
DROP TABLE IF EXISTS `JC_SYS_ORG`;
CREATE TABLE `JC_SYS_ORG` (
  `id` bigint(64) unsigned NOT NULL AUTO_INCREMENT COMMENT '',
  `CASCADE_ID` varchar(255) DEFAULT '' COMMENT 'ID',
  `PID` bigint(64) unsigned DEFAULT NULL COMMENT '',
  `NAME` varchar(255) NOT NULL DEFAULT '' COMMENT '',
  `RES_ICON` varchar(255) DEFAULT '' COMMENT '',
  `RES_WEIGHT` int(10) unsigned DEFAULT '0' COMMENT '',
  `IS_SHOW` bit(1) DEFAULT NULL,
  `IS_FOLDER` varchar(255) DEFAULT '1' COMMENT '',
  `IS_AUTO_EXPAND` varchar(255) DEFAULT '0' COMMENT '',
  `STATUS` smallint(255) DEFAULT '1' COMMENT '',
  `IDENTITY` varchar(255) DEFAULT NULL COMMENT '',
  `CREATETIME` datetime NOT NULL DEFAULT CURRENT_TIMESTAMP COMMENT '',
  `CREATERID` bigint(64) unsigned NOT NULL DEFAULT '1' COMMENT 'ID',
  `UPDATETIME` datetime NOT NULL DEFAULT CURRENT_TIMESTAMP,
  `UPDATERID` bigint(64) unsigned NOT NULL DEFAULT '1',
  `CUSTOM_CODE` varchar(4000) DEFAULT NULL COMMENT '',
  PRIMARY KEY (`id`)
) ENGINE=InnoDB AUTO_INCREMENT=4 DEFAULT CHARSET=utf8 ROW_FORMAT=COMPACT COMMENT='';

-- ----------------------------
--  Records of `JC_SYS_ORG`
-- ----------------------------
BEGIN;
INSERT INTO `JC_SYS_ORG` VALUES ('1', '0', '1', '', '', '0', null, '1', '0', '1', null, '2016-08-30 15:26:54', '1', '2016-08-30 15:26:54', '1', null), ('2', '1', '1', '', '', '0', null, '1', '0', '1', null, '2016-08-30 15:33:36', '1', '2016-08-30 15:33:36', '1', null), ('3', '1.001', '2', '', '', '0', null, '1', '0', '1', null, '2016-08-30 15:34:44', '1', '2016-08-30 15:34:44', '1', null);
COMMIT;

-- ----------------------------
--  Table structure for `JC_SYS_USER_GROUP`
-- ----------------------------
DROP TABLE IF EXISTS `JC_SYS_USER_GROUP`;
CREATE TABLE `JC_SYS_USER_GROUP` (
  `ID` bigint(64) unsigned NOT NULL AUTO_INCREMENT COMMENT '',
  `USERID` bigint(64) NOT NULL COMMENT '',
  `GROUPID` bigint(64) NOT NULL COMMENT '',
  `CREATERID` bigint(64) DEFAULT NULL,
  `CREATETIME` datetime DEFAULT NULL,
  `OPERATETIME` datetime DEFAULT NULL,
  `OPERATERID` bigint(64) DEFAULT NULL,
  PRIMARY KEY (`ID`),
  UNIQUE KEY `aos_sys_user_role_ukey` (`USERID`,`GROUPID`)
) ENGINE=InnoDB DEFAULT CHARSET=utf8 ROW_FORMAT=COMPACT COMMENT='-';

-- ----------------------------
--  Table structure for `JC_TMP_ACTUSERINFO`
-- ----------------------------
DROP TABLE IF EXISTS `JC_TMP_ACTUSERINFO`;
CREATE TABLE `JC_TMP_ACTUSERINFO` (
  `ID_` varchar(64) NOT NULL,
  `REV_` int(11) DEFAULT NULL,
  `USER_ID_` varchar(64) DEFAULT NULL,
  `TYPE_` varchar(64) DEFAULT NULL,
  `KEY_` varchar(255) DEFAULT NULL,
  `VALUE_` varchar(255) DEFAULT NULL,
  `PASSWORD_` longblob,
  `PARENT_ID_` varchar(255) DEFAULT NULL,
  PRIMARY KEY (`ID_`)
) ENGINE=InnoDB DEFAULT CHARSET=utf8;

-- ----------------------------
--  Table structure for `JC_TMP_APPLICANT`
-- ----------------------------
DROP TABLE IF EXISTS `JC_TMP_APPLICANT`;
CREATE TABLE `JC_TMP_APPLICANT` (
  `id` bigint(20) unsigned NOT NULL AUTO_INCREMENT,
  `name` varchar(255) DEFAULT NULL,
  `email` varchar(255) DEFAULT NULL,
  `phone_number` varchar(255) DEFAULT NULL,
  PRIMARY KEY (`id`)
) ENGINE=InnoDB AUTO_INCREMENT=6 DEFAULT CHARSET=utf8;

-- ----------------------------
--  Records of `JC_TMP_APPLICANT`
-- ----------------------------
BEGIN;
INSERT INTO `JC_TMP_APPLICANT` VALUES ('1', 'John Doe', 'john@activiti.org', '12344'), ('2', 'John Doe', 'john@activiti.org', '12344'), ('3', 'John Doe', 'john@activiti.org', '12344'), ('4', 'John Doe', 'john@activiti.org', '12344'), ('5', 'John Doe', 'john@activiti.org', '12344');
COMMIT;

-- ----------------------------
--  Table structure for `abs_chk_item`
-- ----------------------------
DROP TABLE IF EXISTS `abs_chk_item`;
CREATE TABLE `abs_chk_item` (
  `ID` bigint(20) NOT NULL,
  `PID` bigint(20) DEFAULT NULL,
  `CONTENT` varchar(1000) DEFAULT NULL,
  `NAME` varchar(100) DEFAULT '1',
  `ICON` smallint(255) DEFAULT NULL,
  `WEIGHT` smallint(6) DEFAULT NULL,
  `IS_SHOW` tinyint(255) DEFAULT '1',
  `is_leaf_` varchar(255) DEFAULT NULL,
  `is_auto_expand_` varchar(255) DEFAULT NULL,
  PRIMARY KEY (`ID`)
) ENGINE=InnoDB DEFAULT CHARSET=utf8 ROW_FORMAT=COMPACT;

-- ----------------------------
--  Records of `abs_chk_item`
-- ----------------------------
BEGIN;
INSERT INTO `abs_chk_item` VALUES ('1', '0', '', '1', null, null, '1', null, null), ('11', '1', '', '1', null, null, '1', null, null), ('12', '1', '', '1', null, null, '1', null, null), ('13', '1', '', '1', null, null, '1', null, null), ('14', '1', '', '1', null, null, '1', null, null), ('15', '1', '', '1', null, null, '1', null, null), ('16', '1', '', '1', null, null, '1', null, null), ('17', '1', '', '1', null, null, '1', null, null), ('18', '1', '', '1', null, null, '1', null, null), ('19', '1', '', '1', null, null, '1', null, null), ('110', '1', '', '1', null, null, '1', null, null), ('111', '1', '', '1', null, null, '1', null, null), ('112', '1', '', '1', null, null, '1', null, null), ('113', '1', '', '1', null, null, '1', null, null), ('114', '11', '', '1', null, null, '1', null, null), ('125', '12', '', '1', null, null, '1', null, null), ('126', '12', '', '1', null, null, '1', null, null), ('127', '12', '', '1', null, null, '1', null, null), ('128', '12', '', '1', null, null, '1', null, null), ('129', '12', '', '1', null, null, '1', null, null), ('1121', '112', '', '1', null, null, '1', null, null), ('1131', '113', '', '1', null, null, '1', null, null), ('1210', '12', '', '1', null, null, '1', null, null), ('1211', '12', ';', '1', null, null, '1', null, null), ('1212', '12', '', '1', null, null, '1', null, null), ('1213', '12', '', '1', null, null, '1', null, null), ('1214', '12', '', '1', null, null, '1', null, null), ('1215', '12', '', '1', null, null, '1', null, null), ('1251', '125', '', '1', null, null, '1', null, null), ('1252', '125', '', '1', null, null, '1', null, null), ('1281', '128', '', '1', null, null, '1', null, null), ('1291', '129', '', '1', null, null, '1', null, null), ('1292', '129', '', '1', null, null, '1', null, null), ('1293', '129', '', '1', null, null, '1', null, null), ('1294', '129', '', '1', null, null, '1', null, null), ('1295', '129', '', '1', null, null, '1', null, null), ('1296', '129', '', '1', null, null, '1', null, null), ('1297', '129', '', '1', null, null, '1', null, null), ('1298', '129', '', '1', null, null, '1', null, null), ('1299', '129', '', '1', null, null, '1', null, null), ('1316', '13', ';', '1', null, null, '1', null, null), ('1317', '13', '0.3.17.1', '1', null, null, '1', null, null), ('1318', '13', '', '1', null, null, '1', null, null), ('1319', '13', '', '1', null, null, '1', null, null), ('1320', '13', '', '1', null, null, '1', null, null), ('1321', '13', '', '1', null, null, '1', null, null), ('1322', '13', '', '1', null, null, '1', null, null), ('1323', '13', '', '1', null, null, '1', null, null), ('1324', '13', '', '1', null, null, '1', null, null), ('1325', '13', '', '1', null, null, '1', null, null), ('1326', '13', '', '1', null, null, '1', null, null), ('1327', '13', '', '1', null, null, '1', null, null), ('1328', '13', '', '1', null, null, '1', null, null), ('1329', '13', '', '1', null, null, '1', null, null), ('1330', '13', '', '1', null, null, '1', null, null), ('1331', '13', '', '1', null, null, '1', null, null), ('1332', '13', '', '1', null, null, '1', null, null), ('1333', '13', '', '1', null, null, '1', null, null), ('1334', '13', '', '1', null, null, '1', null, null), ('1335', '13', '', '1', null, null, '1', null, null), ('1336', '13', '', '1', null, null, '1', null, null), ('1337', '13', '', '1', null, null, '1', null, null), ('1438', '14', '', '1', null, null, '1', null, null), ('1439', '14', '', '1', null, null, '1', null, null), ('1440', '14', '', '1', null, null, '1', null, null), ('1441', '14', '', '1', null, null, '1', null, null), ('1442', '14', '', '1', null, null, '1', null, null), ('1443', '14', '', '1', null, null, '1', null, null), ('1444', '14', '', '1', null, null, '1', null, null), ('1445', '14', '', '1', null, null, '1', null, null), ('1446', '14', '', '1', null, null, '1', null, null), ('1447', '14', '', '1', null, null, '1', null, null), ('1448', '14', '', '1', null, null, '1', null, null), ('1449', '14', '', '1', null, null, '1', null, null), ('1450', '14', '', '1', null, null, '1', null, null), ('1451', '14', '', '1', null, null, '1', null, null), ('1452', '14', '', '1', null, null, '1', null, null), ('1453', '14', '', '1', null, null, '1', null, null), ('1454', '14', '', '1', null, null, '1', null, null), ('1455', '14', '', '1', null, null, '1', null, null), ('1456', '14', '', '1', null, null, '1', null, null), ('1457', '14', '', '1', null, null, '1', null, null), ('1458', '14', '', '1', null, null, '1', null, null), ('1459', '14', '', '1', null, null, '1', null, null), ('1460', '14', '', '1', null, null, '1', null, null), ('1461', '14', '', '1', null, null, '1', null, null), ('1462', '14', '', '1', null, null, '1', null, null), ('1463', '14', '', '1', null, null, '1', null, null), ('1464', '14', '', '1', null, null, '1', null, null), ('1465', '14', '', '1', null, null, '1', null, null), ('1466', '14', '', '1', null, null, '1', null, null), ('1467', '14', '', '1', null, null, '1', null, null), ('1468', '14', '', '1', null, null, '1', null, null), ('1469', '14', '', '1', null, null, '1', null, null), ('1470', '14', '', '1', null, null, '1', null, null), ('1571', '15', '', '1', null, null, '1', null, null), ('1572', '15', '', '1', null, null, '1', null, null), ('1573', '15', '', '1', null, null, '1', null, null), ('1574', '15', '', '1', null, null, '1', null, null), ('1575', '15', '', '1', null, null, '1', null, null), ('1576', '15', '', '1', null, null, '1', null, null), ('1577', '15', '', '1', null, null, '1', null, null), ('1578', '15', '', '1', null, null, '1', null, null), ('1579', '15', '', '1', null, null, '1', null, null), ('1580', '15', '', '1', null, null, '1', null, null), ('1581', '15', '', '1', null, null, '1', null, null), ('1582', '15', '', '1', null, null, '1', null, null), ('1583', '15', '', '1', null, null, '1', null, null), ('1584', '15', '', '1', null, null, '1', null, null), ('1585', '15', '', '1', null, null, '1', null, null), ('1586', '15', '', '1', null, null, '1', null, null), ('1587', '15', '', '1', null, null, '1', null, null), ('1588', '15', '', '1', null, null, '1', null, null), ('1589', '15', '', '1', null, null, '1', null, null), ('1590', '15', '', '1', null, null, '1', null, null), ('1591', '15', '', '1', null, null, '1', null, null), ('1592', '15', '', '1', null, null, '1', null, null), ('1593', '15', '', '1', null, null, '1', null, null), ('1594', '15', '', '1', null, null, '1', null, null), ('1595', '15', '', '1', null, null, '1', null, null), ('1596', '15', '', '1', null, null, '1', null, null), ('1597', '15', '', '1', null, null, '1', null, null), ('1598', '15', '', '1', null, null, '1', null, null), ('1599', '15', '70', '1', null, null, '1', null, null), ('12101', '1210', '', '1', null, null, '1', null, null), ('12102', '1210', '', '1', null, null, '1', null, null), ('12103', '1210', '', '1', null, null, '1', null, null), ('12104', '1210', '', '1', null, null, '1', null, null), ('12105', '1210', '', '1', null, null, '1', null, null), ('12106', '1210', '', '1', null, null, '1', null, null), ('12107', '1210', '', '1', null, null, '1', null, null), ('12108', '1210', '', '1', null, null, '1', null, null), ('12109', '1210', '', '1', null, null, '1', null, null), ('12121', '1212', '', '1', null, null, '1', null, null), ('12122', '1212', '', '1', null, null, '1', null, null), ('12123', '1212', '', '1', null, null, '1', null, null), ('12124', '1212', '', '1', null, null, '1', null, null), ('12125', '1212', '', '1', null, null, '1', null, null), ('12126', '1212', '', '1', null, null, '1', null, null), ('12127', '1212', '', '1', null, null, '1', null, null), ('12910', '129', '', '1', null, null, '1', null, null), ('13161', '1316', ';', '1', null, null, '1', null, null), ('13162', '1316', '', '1', null, null, '1', null, null), ('13181', '1318', '', '1', null, null, '1', null, null), ('13182', '1318', '', '1', null, null, '1', null, null), ('13201', '1320', '', '1', null, null, '1', null, null), ('13202', '1320', '', '1', null, null, '1', null, null), ('13203', '1320', '', '1', null, null, '1', null, null), ('13211', '1321', '', '1', null, null, '1', null, null), ('13212', '1321', '', '1', null, null, '1', null, null), ('13221', '1322', '', '1', null, null, '1', null, null), ('13222', '1322', '', '1', null, null, '1', null, null), ('13223', '1322', '', '1', null, null, '1', null, null), ('13231', '1323', '', '1', null, null, '1', null, null), ('13232', '1323', '', '1', null, null, '1', null, null), ('13241', '1324', '', '1', null, null, '1', null, null), ('13242', '1324', '', '1', null, null, '1', null, null), ('13243', '1324', '', '1', null, null, '1', null, null), ('13244', '1324', '', '1', null, null, '1', null, null), ('13245', '1324', '', '1', null, null, '1', null, null), ('13246', '1324', '', '1', null, null, '1', null, null), ('13247', '1324', '', '1', null, null, '1', null, null), ('13248', '1324', '', '1', null, null, '1', null, null), ('13249', '1324', '', '1', null, null, '1', null, null), ('13251', '1325', '', '1', null, null, '1', null, null), ('13252', '1325', '', '1', null, null, '1', null, null), ('13271', '1327', '', '1', null, null, '1', null, null), ('13301', '1330', '', '1', null, null, '1', null, null), ('13302', '1330', '', '1', null, null, '1', null, null), ('13311', '1331', '', '1', null, null, '1', null, null), ('13341', '1334', '', '1', null, null, '1', null, null), ('14461', '1446', '', '1', null, null, '1', null, null), ('14462', '1446', '', '1', null, null, '1', null, null), ('14463', '1446', '-', '1', null, null, '1', null, null), ('14464', '1446', '', '1', null, null, '1', null, null), ('14465', '1446', '', '1', null, null, '1', null, null), ('14466', '1446', '', '1', null, null, '1', null, null), ('14481', '1448', '10', '1', null, null, '1', null, null), ('14482', '1448', 'D', '1', null, null, '1', null, null), ('14611', '1461', '', '1', null, null, '1', null, null), ('14612', '1461', '', '1', null, null, '1', null, null), ('15100', '15', '', '1', null, null, '1', null, null), ('15101', '15', '', '1', null, null, '1', null, null), ('15841', '1584', '', '1', null, null, '1', null, null), ('15842', '1584', '', '1', null, null, '1', null, null), ('15891', '1589', '', '1', null, null, '1', null, null), ('15921', '1592', '', '1', null, null, '1', null, null), ('15951', '1595', '', '1', null, null, '1', null, null), ('15971', '1597', '', '1', null, null, '1', null, null), ('15981', '1598', '', '1', null, null, '1', null, null), ('15982', '1598', '', '1', null, null, '1', null, null), ('16102', '16', '', '1', null, null, '1', null, null), ('16103', '16', '', '1', null, null, '1', null, null), ('16104', '16', '', '1', null, null, '1', null, null), ('16105', '16', '', '1', null, null, '1', null, null), ('16106', '16', '', '1', null, null, '1', null, null), ('16107', '16', '', '1', null, null, '1', null, null), ('16108', '16', '', '1', null, null, '1', null, null), ('16109', '16', '', '1', null, null, '1', null, null), ('16110', '16', '', '1', null, null, '1', null, null), ('16111', '16', '', '1', null, null, '1', null, null), ('16112', '16', '', '1', null, null, '1', null, null), ('16113', '16', '', '1', null, null, '1', null, null), ('16114', '16', '', '1', null, null, '1', null, null), ('16115', '16', '', '1', null, null, '1', null, null), ('16116', '16', '', '1', null, null, '1', null, null), ('16117', '16', '', '1', null, null, '1', null, null), ('16118', '16', '', '1', null, null, '1', null, null), ('16119', '16', '', '1', null, null, '1', null, null), ('16120', '16', '', '1', null, null, '1', null, null), ('16121', '16', '', '1', null, null, '1', null, null), ('16122', '16', '', '1', null, null, '1', null, null), ('16123', '16', '', '1', null, null, '1', null, null), ('16124', '16', '', '1', null, null, '1', null, null), ('16125', '16', '', '1', null, null, '1', null, null), ('16126', '16', '', '1', null, null, '1', null, null), ('16127', '16', '', '1', null, null, '1', null, null), ('16128', '16', '', '1', null, null, '1', null, null), ('16129', '16', '', '1', null, null, '1', null, null), ('16130', '16', '', '1', null, null, '1', null, null), ('16131', '16', '', '1', null, null, '1', null, null), ('16132', '16', '', '1', null, null, '1', null, null), ('16133', '16', '', '1', null, null, '1', null, null), ('16134', '16', '', '1', null, null, '1', null, null), ('16135', '16', '', '1', null, null, '1', null, null), ('16136', '16', '', '1', null, null, '1', null, null), ('16137', '16', '', '1', null, null, '1', null, null), ('17138', '17', '', '1', null, null, '1', null, null), ('17139', '17', '', '1', null, null, '1', null, null), ('17140', '17', '', '1', null, null, '1', null, null), ('17141', '17', '', '1', null, null, '1', null, null), ('17142', '17', '', '1', null, null, '1', null, null), ('17143', '17', '', '1', null, null, '1', null, null), ('17144', '17', '', '1', null, null, '1', null, null), ('17145', '17', '', '1', null, null, '1', null, null), ('17146', '17', '', '1', null, null, '1', null, null), ('17147', '17', '', '1', null, null, '1', null, null), ('17148', '17', '', '1', null, null, '1', null, null), ('17149', '17', '', '1', null, null, '1', null, null), ('18150', '18', '', '1', null, null, '1', null, null), ('18151', '18', '', '1', null, null, '1', null, null), ('18152', '18', '', '1', null, null, '1', null, null), ('18153', '18', '', '1', null, null, '1', null, null), ('18154', '18', '', '1', null, null, '1', null, null), ('18155', '18', '', '1', null, null, '1', null, null), ('18156', '18', '', '1', null, null, '1', null, null), ('18157', '18', '', '1', null, null, '1', null, null), ('18158', '18', '', '1', null, null, '1', null, null), ('18159', '18', '', '1', null, null, '1', null, null), ('18160', '18', '', '1', null, null, '1', null, null), ('18161', '18', '', '1', null, null, '1', null, null), ('18162', '18', '', '1', null, null, '1', null, null), ('18163', '18', '', '1', null, null, '1', null, null), ('18164', '18', '', '1', null, null, '1', null, null), ('18165', '18', '', '1', null, null, '1', null, null), ('18166', '18', '', '1', null, null, '1', null, null), ('18167', '18', '', '1', null, null, '1', null, null), ('18168', '18', '', '1', null, null, '1', null, null), ('18169', '18', '', '1', null, null, '1', null, null), ('18170', '18', '', '1', null, null, '1', null, null), ('18171', '18', '', '1', null, null, '1', null, null), ('18172', '18', '', '1', null, null, '1', null, null), ('18173', '18', '', '1', null, null, '1', null, null), ('18174', '18', '', '1', null, null, '1', null, null), ('18175', '18', '', '1', null, null, '1', null, null), ('18176', '18', '', '1', null, null, '1', null, null), ('18177', '18', '', '1', null, null, '1', null, null), ('18178', '18', '', '1', null, null, '1', null, null), ('18179', '18', '', '1', null, null, '1', null, null), ('18180', '18', '', '1', null, null, '1', null, null), ('18181', '18', '', '1', null, null, '1', null, null), ('18182', '18', '', '1', null, null, '1', null, null), ('18183', '18', '', '1', null, null, '1', null, null), ('18203', '18', '', '1', null, null, '1', null, null), ('19184', '19', '', '1', null, null, '1', null, null), ('19185', '19', '', '1', null, null, '1', null, null), ('19186', '19', '', '1', null, null, '1', null, null), ('19187', '19', '', '1', null, null, '1', null, null), ('19188', '19', '', '1', null, null, '1', null, null), ('19189', '19', '', '1', null, null, '1', null, null), ('19190', '19', '', '1', null, null, '1', null, null), ('19191', '19', '', '1', null, null, '1', null, null), ('19192', '19', '', '1', null, null, '1', null, null), ('19193', '19', '', '1', null, null, '1', null, null), ('19194', '19', '', '1', null, null, '1', null, null), ('19195', '19', '', '1', null, null, '1', null, null), ('19196', '19', '', '1', null, null, '1', null, null), ('19197', '19', '', '1', null, null, '1', null, null), ('19198', '19', '', '1', null, null, '1', null, null), ('19199', '19', '', '1', null, null, '1', null, null), ('19200', '19', '', '1', null, null, '1', null, null), ('19201', '19', '', '1', null, null, '1', null, null), ('19202', '19', '', '1', null, null, '1', null, null), ('19204', '19', '', '1', null, null, '1', null, null), ('19205', '19', '', '1', null, null, '1', null, null), ('19206', '19', '', '1', null, null, '1', null, null), ('19207', '19', '', '1', null, null, '1', null, null), ('19208', '19', '', '1', null, null, '1', null, null), ('19209', '19', '', '1', null, null, '1', null, null), ('19210', '19', '', '1', null, null, '1', null, null), ('19211', '19', '', '1', null, null, '1', null, null), ('19212', '19', '', '1', null, null, '1', null, null), ('19213', '19', '', '1', null, null, '1', null, null), ('19214', '19', '', '1', null, null, '1', null, null), ('19215', '19', '', '1', null, null, '1', null, null), ('19216', '19', '', '1', null, null, '1', null, null), ('110217', '110', '', '1', null, null, '1', null, null), ('110218', '110', '', '1', null, null, '1', null, null), ('110219', '110', '', '1', null, null, '1', null, null), ('110220', '110', '', '1', null, null, '1', null, null), ('110221', '110', '', '1', null, null, '1', null, null), ('110222', '110', '', '1', null, null, '1', null, null), ('110223', '110', '', '1', null, null, '1', null, null), ('110224', '110', '', '1', null, null, '1', null, null), ('110225', '110', '', '1', null, null, '1', null, null), ('110226', '110', '', '1', null, null, '1', null, null), ('110227', '110', '', '1', null, null, '1', null, null), ('110228', '110', '', '1', null, null, '1', null, null), ('110229', '110', '', '1', null, null, '1', null, null), ('110230', '110', '', '1', null, null, '1', null, null), ('110231', '110', '', '1', null, null, '1', null, null), ('110232', '110', '', '1', null, null, '1', null, null), ('110233', '110', '', '1', null, null, '1', null, null), ('110234', '110', '', '1', null, null, '1', null, null), ('110235', '110', '', '1', null, null, '1', null, null), ('110236', '110', '', '1', null, null, '1', null, null), ('110237', '110', '', '1', null, null, '1', null, null), ('110238', '110', '', '1', null, null, '1', null, null), ('110239', '110', '', '1', null, null, '1', null, null), ('110240', '110', '', '1', null, null, '1', null, null), ('110241', '110', '', '1', null, null, '1', null, null), ('110242', '110', '', '1', null, null, '1', null, null), ('110243', '110', '', '1', null, null, '1', null, null), ('110244', '110', '', '1', null, null, '1', null, null), ('110245', '110', '', '1', null, null, '1', null, null), ('110246', '110', '', '1', null, null, '1', null, null), ('110247', '110', '', '1', null, null, '1', null, null), ('110248', '110', '', '1', null, null, '1', null, null), ('110249', '110', '', '1', null, null, '1', null, null), ('110250', '110', '', '1', null, null, '1', null, null), ('110251', '110', '', '1', null, null, '1', null, null), ('110252', '110', '', '1', null, null, '1', null, null), ('110253', '110', '', '1', null, null, '1', null, null), ('110254', '110', '', '1', null, null, '1', null, null), ('110255', '110', '', '1', null, null, '1', null, null), ('110256', '110', '', '1', null, null, '1', null, null), ('110257', '110', '', '1', null, null, '1', null, null), ('110258', '110', '', '1', null, null, '1', null, null), ('110259', '110', '', '1', null, null, '1', null, null), ('110260', '110', '', '1', null, null, '1', null, null), ('110261', '110', '', '1', null, null, '1', null, null), ('110262', '110', '', '1', null, null, '1', null, null), ('110263', '110', '', '1', null, null, '1', null, null), ('110264', '110', '', '1', null, null, '1', null, null), ('110265', '110', '', '1', null, null, '1', null, null), ('110266', '110', '', '1', null, null, '1', null, null), ('110267', '110', '', '1', null, null, '1', null, null), ('110268', '110', '', '1', null, null, '1', null, null), ('110269', '110', '', '1', null, null, '1', null, null), ('110270', '110', '', '1', null, null, '1', null, null), ('110271', '110', '', '1', null, null, '1', null, null), ('110272', '110', '', '1', null, null, '1', null, null), ('110273', '110', '', '1', null, null, '1', null, null), ('110274', '110', '', '1', null, null, '1', null, null), ('110275', '110', '', '1', null, null, '1', null, null), ('110276', '110', '', '1', null, null, '1', null, null), ('110277', '110', '', '1', null, null, '1', null, null), ('111278', '111', '', '1', null, null, '1', null, null), ('111279', '111', '', '1', null, null, '1', null, null), ('111280', '111', '', '1', null, null, '1', null, null), ('111281', '111', '', '1', null, null, '1', null, null), ('111282', '111', '', '1', null, null, '1', null, null), ('111283', '111', '', '1', null, null, '1', null, null), ('111284', '111', '', '1', null, null, '1', null, null), ('111285', '111', '', '1', null, null, '1', null, null), ('111286', '111', '', '1', null, null, '1', null, null), ('111287', '111', '', '1', null, null, '1', null, null), ('111288', '111', '', '1', null, null, '1', null, null), ('111289', '111', '', '1', null, null, '1', null, null), ('111290', '111', '', '1', null, null, '1', null, null), ('111291', '111', '', '1', null, null, '1', null, null), ('111292', '111', '', '1', null, null, '1', null, null), ('112293', '112', '', '1', null, null, '1', null, null), ('112294', '112', '', '1', null, null, '1', null, null), ('112295', '112', '', '1', null, null, '1', null, null), ('112296', '112', '', '1', null, null, '1', null, null), ('112297', '112', '', '1', null, null, '1', null, null), ('112298', '112', '', '1', null, null, '1', null, null), ('112299', '112', '', '1', null, null, '1', null, null), ('112300', '112', '', '1', null, null, '1', null, null), ('112301', '112', '', '1', null, null, '1', null, null), ('112302', '112', '', '1', null, null, '1', null, null), ('112303', '112', '', '1', null, null, '1', null, null), ('112304', '112', '', '1', null, null, '1', null, null), ('112305', '112', '', '1', null, null, '1', null, null), ('113306', '113', '', '1', null, null, '1', null, null), ('113307', '113', '', '1', null, null, '1', null, null), ('113308', '113', '', '1', null, null, '1', null, null), ('113309', '113', '', '1', null, null, '1', null, null), ('121010', '1210', ';', '1', null, null, '1', null, null), ('121031', '12103', '', '1', null, null, '1', null, null), ('121032', '12103', '', '1', null, null, '1', null, null), ('121033', '12103', '', '1', null, null, '1', null, null), ('121034', '12103', '', '1', null, null, '1', null, null), ('121035', '12103', '', '1', null, null, '1', null, null), ('121036', '12103', '', '1', null, null, '1', null, null), ('132231', '13223', '', '1', null, null, '1', null, null), ('132232', '13223', '', '1', null, null, '1', null, null), ('132233', '13223', '', '1', null, null, '1', null, null), ('132234', '13223', '', '1', null, null, '1', null, null), ('132235', '13223', '', '1', null, null, '1', null, null), ('132236', '13223', '', '1', null, null, '1', null, null), ('132311', '13231', '', '1', null, null, '1', null, null), ('132321', '13232', '', '1', null, null, '1', null, null), ('132322', '13232', '', '1', null, null, '1', null, null), ('132323', '13232', '', '1', null, null, '1', null, null), ('132324', '13232', '', '1', null, null, '1', null, null), ('132325', '13232', '', '1', null, null, '1', null, null), ('132326', '13232', '', '1', null, null, '1', null, null), ('132327', '13232', '', '1', null, null, '1', null, null), ('132328', '13232', '', '1', null, null, '1', null, null), ('132329', '13232', '', '1', null, null, '1', null, null), ('132410', '1324', '', '1', null, null, '1', null, null), ('132511', '13251', '', '1', null, null, '1', null, null), ('132512', '13251', '', '1', null, null, '1', null, null), ('132521', '13252', '', '1', null, null, '1', null, null), ('132522', '13252', '', '1', null, null, '1', null, null), ('132523', '13252', '2', '1', null, null, '1', null, null), ('151011', '15101', '', '1', null, null, '1', null, null), ('161021', '16102', '', '1', null, null, '1', null, null), ('161022', '16102', '', '1', null, null, '1', null, null), ('161031', '16103', '', '1', null, null, '1', null, null), ('161061', '16106', '', '1', null, null, '1', null, null), ('161062', '16106', '', '1', null, null, '1', null, null), ('161091', '16109', '', '1', null, null, '1', null, null), ('161121', '16112', '', '1', null, null, '1', null, null), ('161122', '16112', '', '1', null, null, '1', null, null), ('161123', '16112', '', '1', null, null, '1', null, null), ('161124', '16112', '', '1', null, null, '1', null, null), ('161191', '16119', '', '1', null, null, '1', null, null), ('161192', '16119', '', '1', null, null, '1', null, null), ('161193', '16119', '', '1', null, null, '1', null, null), ('161194', '16119', '', '1', null, null, '1', null, null), ('161195', '16119', '', '1', null, null, '1', null, null), ('161331', '16133', '', '1', null, null, '1', null, null), ('161341', '16134', '', '1', null, null, '1', null, null), ('161361', '16136', '', '1', null, null, '1', null, null), ('161371', '16137', '', '1', null, null, '1', null, null), ('161372', '16137', '', '1', null, null, '1', null, null), ('161373', '16137', '0.6.133', '1', null, null, '1', null, null), ('161374', '16137', '', '1', null, null, '1', null, null), ('171401', '17140', '', '1', null, null, '1', null, null), ('171402', '17140', '', '1', null, null, '1', null, null), ('171403', '17140', '', '1', null, null, '1', null, null), ('171404', '17140', '', '1', null, null, '1', null, null), ('171405', '17140', '', '1', null, null, '1', null, null), ('181621', '18162', '', '1', null, null, '1', null, null), ('181622', '18162', '', '1', null, null, '1', null, null), ('181631', '18163', '', '1', null, null, '1', null, null), ('181632', '18163', '', '1', null, null, '1', null, null), ('181651', '18165', '', '1', null, null, '1', null, null), ('181652', '18165', '', '1', null, null, '1', null, null), ('181653', '18165', '', '1', null, null, '1', null, null), ('181654', '18165', '', '1', null, null, '1', null, null), ('181655', '18165', '', '1', null, null, '1', null, null), ('181671', '18167', '', '1', null, null, '1', null, null), ('181672', '18167', '', '1', null, null, '1', null, null), ('181673', '18167', '', '1', null, null, '1', null, null), ('181674', '18167', '', '1', null, null, '1', null, null), ('181675', '18167', '', '1', null, null, '1', null, null), ('181676', '18167', '', '1', null, null, '1', null, null), ('181677', '18167', '', '1', null, null, '1', null, null), ('181701', '18170', '', '1', null, null, '1', null, null), ('181702', '18170', '', '1', null, null, '1', null, null), ('181703', '18170', '', '1', null, null, '1', null, null), ('181751', '18175', '', '1', null, null, '1', null, null), ('181752', '18175', '', '1', null, null, '1', null, null), ('181753', '18175', '', '1', null, null, '1', null, null), ('181754', '18175', '', '1', null, null, '1', null, null), ('181755', '18175', '', '1', null, null, '1', null, null), ('181756', '18175', '', '1', null, null, '1', null, null), ('181757', '18175', '', '1', null, null, '1', null, null), ('181758', '18175', '', '1', null, null, '1', null, null), ('181759', '18175', '', '1', null, null, '1', null, null), ('181801', '18180', '', '1', null, null, '1', null, null), ('181802', '18180', '', '1', null, null, '1', null, null), ('181803', '18180', '', '1', null, null, '1', null, null), ('181804', '18180', '', '1', null, null, '1', null, null), ('181805', '18180', '', '1', null, null, '1', null, null), ('181806', '18180', '', '1', null, null, '1', null, null), ('181807', '18180', '', '1', null, null, '1', null, null), ('181808', '18180', '', '1', null, null, '1', null, null), ('181809', '18180', '', '1', null, null, '1', null, null), ('181831', '18183', '', '1', null, null, '1', null, null), ('181832', '18183', '', '1', null, null, '1', null, null), ('181833', '18183', '', '1', null, null, '1', null, null), ('181834', '18183', '', '1', null, null, '1', null, null), ('181835', '18183', '', '1', null, null, '1', null, null), ('181836', '18183', '', '1', null, null, '1', null, null), ('181837', '18183', '', '1', null, null, '1', null, null), ('181838', '18183', '', '1', null, null, '1', null, null), ('181839', '18183', '', '1', null, null, '1', null, null), ('191861', '19186', '', '1', null, null, '1', null, null), ('191862', '19186', '', '1', null, null, '1', null, null), ('191971', '19197', '', '1', null, null, '1', null, null), ('191972', '19197', '', '1', null, null, '1', null, null), ('191973', '19197', '', '1', null, null, '1', null, null), ('191974', '19197', '', '1', null, null, '1', null, null), ('191975', '19197', '', '1', null, null, '1', null, null), ('191976', '19197', '', '1', null, null, '1', null, null), ('191977', '19197', '', '1', null, null, '1', null, null), ('191978', '19197', '', '1', null, null, '1', null, null), ('191979', '19197', '', '1', null, null, '1', null, null), ('192011', '19201', '', '1', null, null, '1', null, null), ('192012', '19201', '', '1', null, null, '1', null, null), ('192131', '19213', '', '1', null, null, '1', null, null), ('192132', '19213', '', '1', null, null, '1', null, null), ('192133', '19213', '', '1', null, null, '1', null, null), ('192134', '19213', '', '1', null, null, '1', null, null), ('192135', '19213', '', '1', null, null, '1', null, null), ('192136', '19213', '', '1', null, null, '1', null, null), ('1102211', '110221', '', '1', null, null, '1', null, null), ('1102212', '110221', '', '1', null, null, '1', null, null), ('1102213', '110221', '', '1', null, null, '1', null, null), ('1102214', '110221', '', '1', null, null, '1', null, null), ('1102221', '110222', '', '1', null, null, '1', null, null), ('1102222', '110222', '', '1', null, null, '1', null, null), ('1102223', '110222', '', '1', null, null, '1', null, null), ('1102224', '110222', '', '1', null, null, '1', null, null), ('1102225', '110222', '', '1', null, null, '1', null, null), ('1102226', '110222', '', '1', null, null, '1', null, null), ('1102231', '110223', '', '1', null, null, '1', null, null), ('1102232', '110223', '', '1', null, null, '1', null, null), ('1102233', '110223', '', '1', null, null, '1', null, null), ('1102234', '110223', '', '1', null, null, '1', null, null), ('1102235', '110223', '', '1', null, null, '1', null, null), ('1102236', '110223', '', '1', null, null, '1', null, null), ('1102237', '110223', '', '1', null, null, '1', null, null), ('1102238', '110223', '', '1', null, null, '1', null, null), ('1102239', '110223', '', '1', null, null, '1', null, null), ('1102251', '110225', '', '1', null, null, '1', null, null), ('1102261', '110226', '', '1', null, null, '1', null, null), ('1102262', '110226', '', '1', null, null, '1', null, null), ('1102263', '110226', '', '1', null, null, '1', null, null), ('1102264', '110226', '', '1', null, null, '1', null, null), ('1102265', '110226', '', '1', null, null, '1', null, null), ('1102266', '110226', '', '1', null, null, '1', null, null), ('1102267', '110226', '', '1', null, null, '1', null, null), ('1102268', '110226', '', '1', null, null, '1', null, null), ('1102271', '110227', '', '1', null, null, '1', null, null), ('1102272', '110227', '', '1', null, null, '1', null, null), ('1102273', '110227', '', '1', null, null, '1', null, null), ('1102291', '110229', '', '1', null, null, '1', null, null), ('1102292', '110229', '', '1', null, null, '1', null, null), ('1102293', '110229', '', '1', null, null, '1', null, null), ('1102301', '110230', '', '1', null, null, '1', null, null), ('1102302', '110230', '', '1', null, null, '1', null, null), ('1102303', '110230', '', '1', null, null, '1', null, null), ('1102304', '110230', '', '1', null, null, '1', null, null), ('1102341', '110234', '', '1', null, null, '1', null, null), ('1102342', '110234', '', '1', null, null, '1', null, null), ('1102343', '110234', '', '1', null, null, '1', null, null), ('1102344', '110234', '', '1', null, null, '1', null, null), ('1102345', '110234', '', '1', null, null, '1', null, null), ('1102346', '110234', '', '1', null, null, '1', null, null), ('1102347', '110234', '', '1', null, null, '1', null, null), ('1102348', '110234', '', '1', null, null, '1', null, null), ('1102501', '110250', '', '1', null, null, '1', null, null), ('1102502', '110250', '', '1', null, null, '1', null, null), ('1102531', '110253', '', '1', null, null, '1', null, null), ('1102532', '110253', '', '1', null, null, '1', null, null), ('1102533', '110253', '', '1', null, null, '1', null, null), ('1102534', '110253', '', '1', null, null, '1', null, null), ('1102535', '110253', '', '1', null, null, '1', null, null), ('1102536', '110253', '', '1', null, null, '1', null, null), ('1102537', '110253', '', '1', null, null, '1', null, null), ('1102551', '110255', '', '1', null, null, '1', null, null), ('1102552', '110255', '', '1', null, null, '1', null, null), ('1102561', '110256', '', '1', null, null, '1', null, null), ('1102661', '110266', '', '1', null, null, '1', null, null), ('1102662', '110266', '', '1', null, null, '1', null, null), ('1112811', '111281', '', '1', null, null, '1', null, null), ('1112871', '111287', '', '1', null, null, '1', null, null), ('1112891', '111289', '', '1', null, null, '1', null, null), ('1323210', '13232', '', '1', null, null, '1', null, null), ('1323211', '13232', '', '1', null, null, '1', null, null), ('1323212', '13232', '', '1', null, null, '1', null, null), ('1323213', '13232', '', '1', null, null, '1', null, null), ('1323214', '13232', '', '1', null, null, '1', null, null), ('1610621', '161062', '', '1', null, null, '1', null, null), ('1610622', '161062', '', '1', null, null, '1', null, null), ('1610623', '161062', '', '1', null, null, '1', null, null), ('1610624', '161062', '', '1', null, null, '1', null, null), ('1610625', '161062', '', '1', null, null, '1', null, null), ('1610626', '161062', '', '1', null, null, '1', null, null), ('1610627', '161062', '', '1', null, null, '1', null, null), ('1610628', '161062', '', '1', null, null, '1', null, null), ('1816511', '181651', '', '1', null, null, '1', null, null), ('1816512', '181651', '', '1', null, null, '1', null, null), ('1816513', '181651', '', '1', null, null, '1', null, null), ('1816514', '181651', '', '1', null, null, '1', null, null), ('1817011', '181701', '', '1', null, null, '1', null, null), ('1817012', '181701', '', '1', null, null, '1', null, null), ('1817013', '181701', '', '1', null, null, '1', null, null), ('1817021', '181702', '', '1', null, null, '1', null, null), ('1817022', '181702', '', '1', null, null, '1', null, null), ('1817023', '181702', '', '1', null, null, '1', null, null), ('1817024', '181702', '', '1', null, null, '1', null, null), ('1817025', '181702', '', '1', null, null, '1', null, null), ('1817026', '181702', '', '1', null, null, '1', null, null), ('1817027', '181702', '', '1', null, null, '1', null, null), ('1817031', '181703', '', '1', null, null, '1', null, null), ('1817032', '181703', '', '1', null, null, '1', null, null), ('1817033', '181703', '', '1', null, null, '1', null, null), ('1817034', '181703', '', '1', null, null, '1', null, null), ('1817035', '181703', '', '1', null, null, '1', null, null), ('1817036', '181703', '', '1', null, null, '1', null, null), ('1817037', '181703', '', '1', null, null, '1', null, null), ('1818010', '18180', '', '1', null, null, '1', null, null), ('1818310', '18183', '', '1', null, null, '1', null, null), ('1818311', '18183', '', '1', null, null, '1', null, null), ('1919710', '19197', '', '1', null, null, '1', null, null), ('1919711', '19197', '', '1', null, null, '1', null, null), ('1919791', '191979', '', '1', null, null, '1', null, null), ('11022111', '1102211', '', '1', null, null, '1', null, null), ('11022112', '1102211', '', '1', null, null, '1', null, null), ('11022113', '1102211', '', '1', null, null, '1', null, null), ('11022114', '1102211', '', '1', null, null, '1', null, null), ('11022115', '1102211', '', '1', null, null, '1', null, null), ('11022116', '1102211', '', '1', null, null, '1', null, null), ('11022117', '1102211', '', '1', null, null, '1', null, null), ('11022221', '1102222', '', '1', null, null, '1', null, null), ('11022222', '1102222', '', '1', null, null, '1', null, null), ('11022223', '1102222', '', '1', null, null, '1', null, null), ('11022224', '1102222', '', '1', null, null, '1', null, null), ('11022225', '1102222', '', '1', null, null, '1', null, null), ('11022226', '1102222', '', '1', null, null, '1', null, null), ('11022227', '1102222', '', '1', null, null, '1', null, null), ('11022228', '1102222', '', '1', null, null, '1', null, null), ('11022229', '1102222', '', '1', null, null, '1', null, null), ('11022321', '1102232', '', '1', null, null, '1', null, null), ('11022322', '1102232', '', '1', null, null, '1', null, null), ('11022323', '1102232', '', '1', null, null, '1', null, null), ('11022324', '1102232', '', '1', null, null, '1', null, null), ('11022361', '1102236', '', '1', null, null, '1', null, null), ('11022362', '1102236', '', '1', null, null, '1', null, null), ('11022363', '1102236', '', '1', null, null, '1', null, null), ('11022364', '1102236', '', '1', null, null, '1', null, null), ('11022365', '1102236', '', '1', null, null, '1', null, null), ('11022366', '1102236', '', '1', null, null, '1', null, null), ('11022367', '1102236', '', '1', null, null, '1', null, null), ('11022368', '1102236', '', '1', null, null, '1', null, null), ('11022369', '1102236', '', '1', null, null, '1', null, null), ('11022511', '1102251', '', '1', null, null, '1', null, null), ('11022512', '1102251', '', '1', null, null, '1', null, null), ('11022513', '1102251', '', '1', null, null, '1', null, null), ('11022514', '1102251', '', '1', null, null, '1', null, null), ('11023011', '1102301', '', '1', null, null, '1', null, null), ('11023012', '1102301', '', '1', null, null, '1', null, null), ('11023013', '1102301', '', '1', null, null, '1', null, null), ('11023014', '1102301', '', '1', null, null, '1', null, null), ('11023015', '1102301', '', '1', null, null, '1', null, null), ('11023016', '1102301', '', '1', null, null, '1', null, null), ('11026621', '1102662', '', '1', null, null, '1', null, null), ('11026622', '1102662', '', '1', null, null, '1', null, null), ('11026623', '1102662', '', '1', null, null, '1', null, null), ('11026624', '1102662', '', '1', null, null, '1', null, null), ('11026625', '1102662', '', '1', null, null, '1', null, null), ('11026626', '1102662', '', '1', null, null, '1', null, null), ('11026627', '1102662', '', '1', null, null, '1', null, null), ('11026628', '1102662', '', '1', null, null, '1', null, null), ('11026629', '1102662', '', '1', null, null, '1', null, null), ('110222210', '1102222', '', '1', null, null, '1', null, null), ('110223610', '1102236', '', '1', null, null, '1', null, null), ('110225131', '11022513', '', '1', null, null, '1', null, null), ('110225132', '11022513', '', '1', null, null, '1', null, null), ('110225133', '11022513', '', '1', null, null, '1', null, null), ('110225134', '11022513', '', '1', null, null, '1', null, null), ('110225135', '11022513', '', '1', null, null, '1', null, null), ('110225136', '11022513', '', '1', null, null, '1', null, null), ('110225137', '11022513', '', '1', null, null, '1', null, null), ('110225141', '11022514', '', '1', null, null, '1', null, null), ('110225142', '11022514', '', '1', null, null, '1', null, null), ('110225143', '11022514', '', '1', null, null, '1', null, null), ('110225144', '11022514', '', '1', null, null, '1', null, null), ('110266210', '1102662', '', '1', null, null, '1', null, null), ('110266211', '1102662', '', '1', null, null, '1', null, null), ('110266212', '1102662', '', '1', null, null, '1', null, null);
COMMIT;

-- ----------------------------
--  Table structure for `aos_log_session`
-- ----------------------------
DROP TABLE IF EXISTS `aos_log_session`;
CREATE TABLE `aos_log_session` (
  `id_` varchar(64) NOT NULL COMMENT 'ID',
  `user_id_` varchar(64) NOT NULL COMMENT 'ID',
  `account_` varchar(255) NOT NULL COMMENT '',
  `user_name_` varchar(255) NOT NULL COMMENT '',
  `ip_address_` varchar(255) DEFAULT NULL COMMENT 'IP',
  `client_type_` varchar(255) DEFAULT NULL COMMENT '',
  `owner_` varchar(255) DEFAULT NULL COMMENT '',
  `create_time_` datetime NOT NULL COMMENT '',
  PRIMARY KEY (`id_`)
) ENGINE=InnoDB DEFAULT CHARSET=utf8 ROW_FORMAT=COMPACT COMMENT='';

-- ----------------------------
--  Table structure for `aos_sys_catalog`
-- ----------------------------
DROP TABLE IF EXISTS `aos_sys_catalog`;
CREATE TABLE `aos_sys_catalog` (
  `id_` varchar(64) NOT NULL COMMENT '',
  `cascade_id_` varchar(255) NOT NULL COMMENT 'ID',
  `root_key_` varchar(255) NOT NULL COMMENT '',
  `root_name_` varchar(255) NOT NULL COMMENT '',
  `name_` varchar(255) NOT NULL COMMENT '',
  `hotkey_` varchar(255) DEFAULT NULL COMMENT '',
  `parent_id_` varchar(64) NOT NULL COMMENT '',
  `is_leaf_` varchar(255) NOT NULL DEFAULT '1' COMMENT '',
  `is_auto_expand_` varchar(255) NOT NULL DEFAULT '0' COMMENT '',
  `icon_name_` varchar(255) DEFAULT NULL COMMENT '',
  `sort_no_` int(10) DEFAULT NULL COMMENT '',
  PRIMARY KEY (`id_`),
  UNIQUE KEY `aos_sys_catalog_ukey` (`cascade_id_`)
) ENGINE=InnoDB DEFAULT CHARSET=utf8 ROW_FORMAT=COMPACT COMMENT='';

-- ----------------------------
--  Records of `aos_sys_catalog`
-- ----------------------------
BEGIN;
INSERT INTO `aos_sys_catalog` VALUES ('21d03054afdf43d69972cf6f7db6cfa3', '0.002', 'DIC_TYPE', '', '', null, '0', '0', '0', 'book.png', '2'), ('38368661c53c40b6824869a0ccffad05', '0.002.001.001', 'DIC_TYPE', '', '', null, '4018a2217b0542059a26ecf3f605d60f', '1', '0', 'folder6.png', '1'), ('4018a2217b0542059a26ecf3f605d60f', '0.002.001', 'DIC_TYPE', '', '', null, '21d03054afdf43d69972cf6f7db6cfa3', '0', '1', 'folder22.png', '2'), ('4018f65de18043c899b5e21ce7328df7', '0.001.002', 'PARAM_TYPE', '', '', null, 'cd14928a239b448b867c2e45246cd038', '0', '1', 'folder22.png', '1'), ('6f94ef4ac17d4d098f91f0a4579f8591', '0.001.002.001', 'PARAM_TYPE', '', '', null, '4018f65de18043c899b5e21ce7328df7', '1', '0', 'ok3.png', '2'), ('8d6c9869e8b2427cb16cf3f4777bf236', '0.002.007', 'DIC_TYPE', '', '', '', '21d03054afdf43d69972cf6f7db6cfa3', '1', '0', 'folder11.png', '10'), ('aa3082ab67e24d8b884bc4504d3d9945', '0.002.002', 'DIC_TYPE', '', '', null, '21d03054afdf43d69972cf6f7db6cfa3', '1', '0', 'folder24.png', '3'), ('c0c43dea5ab6419dad37e459213d7bb5', '0.002.006', 'DIC_TYPE', '', '', null, '21d03054afdf43d69972cf6f7db6cfa3', '1', '0', 'folder2.png', '1'), ('cd14928a239b448b867c2e45246cd038', '0.001', 'PARAM_TYPE', '', '', null, '0', '0', '0', 'book.png', '1');
COMMIT;

-- ----------------------------
--  Table structure for `aos_sys_dic`
-- ----------------------------
DROP TABLE IF EXISTS `aos_sys_dic`;
CREATE TABLE `aos_sys_dic` (
  `id_` varchar(64) NOT NULL COMMENT '',
  `code_` varchar(255) NOT NULL COMMENT '',
  `desc_` varchar(255) NOT NULL COMMENT '',
  `hotkey_` varchar(255) DEFAULT NULL COMMENT ' ',
  `status_` varchar(255) NOT NULL DEFAULT '1' COMMENT '',
  `dic_index_id_` varchar(64) NOT NULL COMMENT '',
  `remark_` varchar(4000) DEFAULT NULL COMMENT '',
  PRIMARY KEY (`id_`)
) ENGINE=InnoDB DEFAULT CHARSET=utf8 ROW_FORMAT=COMPACT COMMENT='';

-- ----------------------------
--  Records of `aos_sys_dic`
-- ----------------------------
BEGIN;
INSERT INTO `aos_sys_dic` VALUES ('040e1d4d8a914145884553f170e1bcfd', '1', '', null, '1', 'cfcbc48fd8ad42678a52334bac8aa299', null), ('040fbde5cca746e7a90a9f888c033897', '4', '', null, '1', '2794338c8b4946b99c361dae80da71b1', null), ('045e7dce267b4ef3b098ca00030220bf', '2', '', null, '1', '2724924f1cdd48d1aa1a84cb7dd9b3ee', null), ('074c63e541174ed0b7c71588936ae453', '1', '', null, '1', 'ffc94f2b7ad14c78b14c46f8fab17543', null), ('075a268cd7e14a728ca841e769b9d5a6', '1', '', null, '1', '79004d064e954e55b832a8a9a4332576', null), ('0801986eec2b49e6904db73bb016b8bc', '5', '', null, '1', '3f77e94615ba4b93a4e5ca5ecf3c8f14', null), ('0825b66058c14bc5bfacdba1fd055af4', '2', '', null, '1', 'a9fd5aa3b7654326902a94e70bccedd8', 'Mac'), ('0ccc4a6e3df246d8bbd3ccb1d29eb4c4', '0', '', null, '1', '10a113b1dd6d492dad27c8b0a0fb7efc', null), ('0ee3e8b931374725b213150b021507cc', 'catalog', 'aos', null, '1', '2d977e97aacf4781836bac9f5e88ad2b', '/'), ('15f728ef5143444f9bfafa1c5c8a6a3b', '3', '', null, '1', '2794338c8b4946b99c361dae80da71b1', null), ('1722aa532c4044ac8087579feac85f7f', 'neptune', 'neptune.png', null, '1', 'e9e9cfc195514b05890a2249b81dfe73', null), ('17b249a462e7409baa99f36057fa79e7', '1', '', null, '1', '91bc8a695b744b27ba66a94561fd6dbc', ''), ('1915d507f36d4ae688267ebca838d39f', 'blue', '#3399FF', null, '1', '61fd319a23b04bd1bdbce7037002976a', null), ('1bb70ce5d6e649fd9179f3a3d35367f9', 'blue', 'left-logo.png', null, '1', 'fa8097dd670643f9a03722c4074ecba5', null), ('1c2ebffd1b48420999ff57e2ec325270', '3', '', null, '1', 'f59d8693d8cf4f10850914e09ae9b93c', ''), ('1deee1b367ae4ccb81226a86eb7d9675', '1', '', null, '1', '2724924f1cdd48d1aa1a84cb7dd9b3ee', null), ('1fb134407f364baf8b857235c7828059', '2', '', null, '1', '0744eedeaaa143afa499254866aa75c9', null), ('226489afb7ab4cf69107a78c60ed2267', 'PENDING', '', null, '1', 'c66f06c069224241a4785e77d1406f9c', null), ('23910ad1f9684644b214ff99209e94d4', '3', '', null, '1', '38841cd4f85f4ffb8c07c74650a130dc', ''), ('23a410439cf7459799c286745b123293', '1', '', null, '1', '2c90ab6212f44b08a1d8ed527c72795f', null), ('24bca6d79bb14b5f97fbddbe5219705b', '1', '|', null, '1', '7d048854ccdc4eab996dcb703722065b', null), ('27689b76c3cf4168a7efb737806e9ed7', '2', '', null, '1', 'a06eb2af650444db903c945030334b12', null), ('29462076b88f4facb86f7647c04119d0', '2', '', null, '1', '38841cd4f85f4ffb8c07c74650a130dc', '()'), ('2a5d03f79fd64c2090c9847d1b1484f0', '3', '', null, '1', '48062fd856f14794b03ceba2a1d6b60e', null), ('2bd5fc7756d74fe59f5b9372fd83d03c', '4', '', null, '1', '38841cd4f85f4ffb8c07c74650a130dc', ''), ('2ce972620b1d484e880ae17113f4cf05', 'tight', '', null, '1', 'a19ac2af964c4a6e8af9c6f1c0d2673f', null), ('2e2ef7ebcd5449a1a1b593f63ddb17ba', '3', '', null, '1', '0744eedeaaa143afa499254866aa75c9', null), ('2ea2449b3cea4517a40e88bab1a3b67b', '1', '', null, '1', '3f77e94615ba4b93a4e5ca5ecf3c8f14', null), ('2ef4d36610334dc6bc9bd153be594da2', '3', 'DBSequence', null, '1', '2a9ac1749d224bef924cd258bf35254a', null), ('2f9994a32b3e4afd96420c180155065a', '3', '', null, '1', '21136c3dc660464d92fccd66408e149b', null), ('3058d4cd6c514d23a27eee77b140a349', 'aos', 'left-logo.png', null, '1', 'fa8097dd670643f9a03722c4074ecba5', null), ('338541a1b2094ea5a0e51ce81f9012de', 'port', '3306', null, '1', '2d977e97aacf4781836bac9f5e88ad2b', ''), ('37a243f7cb96413386c3ea781051244e', '3', '', null, '1', '58b28eade8604dffa7c531b7b42af2fa', null), ('37d2d28ac8104f6481997b640c5d4fd0', '4', '', null, '1', '58b28eade8604dffa7c531b7b42af2fa', null), ('3a4466b864744a0da3b93eec3f24dfff', 'blue', '', null, '1', '3ba3a682c2ac4d52982411dd045fae32', null), ('3c56f07c48b746698591068c308064a7', 'gray', '', null, '1', '3ba3a682c2ac4d52982411dd045fae32', null), ('3f1b50a0f5be46a69597fca95c1e82d7', '2', '[64X64]', null, '1', '21136c3dc660464d92fccd66408e149b', null), ('4113d10127a34b4fa88b2d6b118accf0', '0', '', null, '1', '91bc8a695b744b27ba66a94561fd6dbc', null), ('413055f896744285a401cc238323785d', '0', '', null, '1', '852946ac593e4f3fa21df7db7d21e085', ''), ('462d4322dd6c408c8d2dfa1241c209f6', '2', '', null, '1', '2c90ab6212f44b08a1d8ed527c72795f', null), ('4ae7b6f7d54a4236ba9b18a9e05d7fb4', '4', '(||||)', null, '1', '7d048854ccdc4eab996dcb703722065b', null), ('4af1d58e374149f38c5ae9f76674a79f', 'aos', '#FAFAFA', null, '1', '61fd319a23b04bd1bdbce7037002976a', null), ('4c5816e8db1c4f0995fbeb7a1b840685', '1', '', null, '1', '38841cd4f85f4ffb8c07c74650a130dc', ''), ('569b3bab75734c628a9bb0b3fbcd8922', '2', '', null, '1', '2794338c8b4946b99c361dae80da71b1', null), ('58195ff7a3084df2a2dd5b401aa29a77', '0', '', null, '1', '4c2a12d3890a449fa91521a29a3c2436', null), ('58fc07abcfdc46478ad14fb9d95214f6', 'dataBaseType', 'mysql', null, '1', '2d977e97aacf4781836bac9f5e88ad2b', 'mysqloraclemicrosoft sql serverpostgresql'), ('5a53887315f7450e96816c1a46dc5b5e', '2', '', null, '1', '58b28eade8604dffa7c531b7b42af2fa', null), ('5c4196e15f47466ea19137666e455504', 'neptune', 'left-logo.png', null, '1', 'fa8097dd670643f9a03722c4074ecba5', null), ('5dd1c5a1610544b490af86cc826e3663', '2', '', null, '1', '7d048854ccdc4eab996dcb703722065b', null), ('5de14be720b546ebb9676db86cdc5f6c', '2', '', null, '1', 'f59d8693d8cf4f10850914e09ae9b93c', null), ('5dfc1a71df524cd68311a95e7176cab7', 'gray', '#BCB0B0', null, '1', '1ec5d3c945de40469595c85955196e76', null), ('6a05b8c8ce244c3f9b4872f812c689ec', '1', '', null, '1', 'dd9f74d16be14db5b0f6d79720c8f177', null), ('6c575847953847ceb7d4675e94d78547', 'aos', '#99bce8', null, '1', '1ec5d3c945de40469595c85955196e76', null), ('6e018ced3ae046de93d74630a97361a1', 'aos', '#006699', null, '1', '54e48c66b3ef4d99823ca8217a2abf43', null), ('735edf2e8a1242078141405d344d3c84', '1', '', null, '1', '2794338c8b4946b99c361dae80da71b1', null), ('786d09295c904608868807b9e08238ee', 'neptune', '#c0c0c0', null, '1', '1ec5d3c945de40469595c85955196e76', null), ('7ab2cba5964a4457ae250919ae120cc4', '3', '', null, '1', '852946ac593e4f3fa21df7db7d21e085', null), ('7b6226ba4b6b404bab3cc520d5c1e6b5', 'neptune', '()', null, '1', '3ba3a682c2ac4d52982411dd045fae32', null), ('84552cfdf36f4fee92d81a49340495ca', 'blue', '#DFE8F6', null, '1', '3146aefcb39344cebe6e0a9baa7a4a48', null), ('84ee7e35ab134ec1acd2cfd28d3915f6', 'standalone', '', null, '1', 'a19ac2af964c4a6e8af9c6f1c0d2673f', null), ('85f5017c1860434eacfceb519b8ad8cd', 'blue', 'blue.png', null, '1', 'e9e9cfc195514b05890a2249b81dfe73', null), ('867c0aacba654feea60c22c5e4be9368', 'aos', 'red', null, '1', '3146aefcb39344cebe6e0a9baa7a4a48', null), ('871d7ac8ec704614a15d29f540b8b439', 'true', '', null, '1', '33a73af4b729448b91c13acf4d0a31e1', null), ('87923302cb424da9aa55b6a9ce77090b', '7', '', null, '1', '2794338c8b4946b99c361dae80da71b1', null), ('89f8ab9369a64de09a8207829f520297', 'gray', 'gray.png', null, '1', 'e9e9cfc195514b05890a2249b81dfe73', null), ('8b536d0c9a2e4e80b1edf91190b98253', '5', '', null, '1', '2794338c8b4946b99c361dae80da71b1', null), ('8da661446e6d4e9cb49d2eb5ab225cd0', '2', '', null, '1', 'ffc94f2b7ad14c78b14c46f8fab17543', null), ('8e42e7df7bd044b89c7a5d5b59b44b18', '1', '', null, '1', 'f59d8693d8cf4f10850914e09ae9b93c', null), ('92dfd82860a0474da735575e9b91f6de', 'classic', '', null, '1', 'a44dd9bbf55041368882e88821309355', 'Banner--'), ('958235d21e2f4d44babd8ae7da7dd7f8', '99', '', null, '1', '2794338c8b4946b99c361dae80da71b1', null), ('99419e3ea3d64507aa507854fd210a75', '3', '(||)', null, '1', '7d048854ccdc4eab996dcb703722065b', null), ('9d1c5da19d0b4ad9b97b570ed4481bf2', 'false', '', null, '1', '33a73af4b729448b91c13acf4d0a31e1', null), ('9df1bbd8b0d44b4c994ed7a792d6f055', '3', '', null, '1', '3f77e94615ba4b93a4e5ca5ecf3c8f14', null), ('9eb462a5fd0547b9898540b6e5a4ca98', 'gray', 'left-logo.png', null, '1', 'fa8097dd670643f9a03722c4074ecba5', null), ('9f291605aa824f489ee51528e80a7227', '0', '', null, '1', '3f77e94615ba4b93a4e5ca5ecf3c8f14', ''), ('a603159d47b94145a32b51f659b47c09', '4', '', null, '1', '0744eedeaaa143afa499254866aa75c9', null), ('a63ab46c45b048b1a0d727c5f0d69f58', '3', '', null, '1', '483fb2ff35e84a42974e914851fae01a', null), ('a871329cbeb343bea48a467e05e066f5', '2', '', null, '1', '483fb2ff35e84a42974e914851fae01a', null), ('a97934b734a94d70a71353bc78e572df', 'neptune', '#FAFAFA', null, '1', '61fd319a23b04bd1bdbce7037002976a', null), ('a9bef6122ad7444999ce17b4ad5a0628', '2', '', null, '1', '4c2a12d3890a449fa91521a29a3c2436', null), ('ac8049fc0ded42b09a3654ef547ac772', '1', '[16X16]', null, '1', '21136c3dc660464d92fccd66408e149b', null), ('b18435d1752a4a8c96628402298c0493', 'gray', '#555555', null, '1', '61fd319a23b04bd1bdbce7037002976a', null), ('b1d95ea28e084b64b0f6a473e65fe2fd', 'aos', 'AOS', null, '0', '3ba3a682c2ac4d52982411dd045fae32', ''), ('b5bdcaeeccd44ad9aceae1968fbe0851', 'userName', 'realdemos', null, '1', '2d977e97aacf4781836bac9f5e88ad2b', ''), ('b85f79702d094f348e1c9e79e67d95b7', '1', '', null, '1', '48062fd856f14794b03ceba2a1d6b60e', null), ('ba5b0493f0544278a980e0f268baf83c', '1', '', null, '1', '4c2a12d3890a449fa91521a29a3c2436', null), ('bbef93ea807847029e98ed7023b47c6a', '1', '', null, '1', '0744eedeaaa143afa499254866aa75c9', null), ('bc17f4f03f0d415c97a026e8ec5a999d', 'blue', '#6699CC', null, '1', '54e48c66b3ef4d99823ca8217a2abf43', null), ('c172686bc21e40efacca63c5b7e1c9d3', 'blue', '#99bce8', null, '1', '1ec5d3c945de40469595c85955196e76', null), ('c1c92ade06b94969b2b066184845781c', '6', '', null, '1', '2794338c8b4946b99c361dae80da71b1', null), ('c20e301598954f0ab33445680ca1db27', 'gray', '#F0F0F0', null, '1', '3146aefcb39344cebe6e0a9baa7a4a48', null), ('c38ebb4d102440babfde6f6f8fbf5d00', '2', '', null, '1', '48062fd856f14794b03ceba2a1d6b60e', null), ('c3e008a5ba864e21b5a66230e389926c', '1', '', null, '1', '58b28eade8604dffa7c531b7b42af2fa', null), ('cab329d4831642a3a42148c691cab443', '1', '', null, '1', '852946ac593e4f3fa21df7db7d21e085', null), ('cc53b6f6235f413db559f4a7e7ba88e6', '1', '', null, '1', 'a06eb2af650444db903c945030334b12', null), ('cc8d6e844c3c46e0bfc973ef51dcb4a3', 'neptune', '#D0DDF2', null, '1', '3146aefcb39344cebe6e0a9baa7a4a48', null), ('cd08dff488454293bc8aa8224eb719cb', 'password', 'realtest6', null, '1', '2d977e97aacf4781836bac9f5e88ad2b', ''), ('cde729266d09465ca624939dc05e6b4d', '2', 'UUID', null, '1', '2a9ac1749d224bef924cd258bf35254a', null), ('ce49529f302f446d8e6e4576578ad459', '3', '', null, '1', '0475e71c145f49acbe781b2e7310ab64', null), ('d93b044fec9941cd87ec8260fab2c9b9', 'gray', '#888888', null, '1', '54e48c66b3ef4d99823ca8217a2abf43', null), ('dbb1b8afd73948aea5df13876b1f4c29', '2', '', null, '1', '3f77e94615ba4b93a4e5ca5ecf3c8f14', null), ('e81beb66246441228ba1bb17190db222', '2', '', null, '1', 'dd9f74d16be14db5b0f6d79720c8f177', null), ('ebe726f2cfa2434dbb7f943f6f42c3ad', '2', '', null, '1', '0475e71c145f49acbe781b2e7310ab64', null), ('f08565c1fd7444bcb24645e52335a1e1', '1', '', null, '1', 'a9fd5aa3b7654326902a94e70bccedd8', null), ('f1f754ae30d54e2895c32050ff4c1d3d', 'aos', 'aos.png', null, '1', 'e9e9cfc195514b05890a2249b81dfe73', null), ('f3b582592cb24df5b64301b5edc0a4ef', '2', '', null, '1', '852946ac593e4f3fa21df7db7d21e085', null), ('f4108659f1f8461db381c2808b82e038', '1', '', null, '1', '10a113b1dd6d492dad27c8b0a0fb7efc', null), ('f5d18126770d42a4a6b922c3b67ed161', '1', '', null, '1', '483fb2ff35e84a42974e914851fae01a', null), ('f624177f00ba4f15a60a8188856b5425', '1', 'APPID', null, '1', '2a9ac1749d224bef924cd258bf35254a', null), ('f7b6f63fc5de469aaf90986188037516', 'neptune', '#006699', null, '1', '54e48c66b3ef4d99823ca8217a2abf43', null), ('f97e6ea7f6fe4f6e8b7fde75f0074e2c', '1', '', null, '1', '0475e71c145f49acbe781b2e7310ab64', null), ('fac86f6625cb47fc8c1a4bab41dc1af4', 'ip', '127.0.0.1', null, '1', '2d977e97aacf4781836bac9f5e88ad2b', 'IP'), ('fdd10e4dcc284a6d99fe88ce8556a2b8', '4', '', null, '1', '3f77e94615ba4b93a4e5ca5ecf3c8f14', null), ('fedcb0e622734060a19a3d9b98e96f71', '4', '', null, '1', '483fb2ff35e84a42974e914851fae01a', null);
COMMIT;

-- ----------------------------
--  Table structure for `aos_sys_dic_index`
-- ----------------------------
DROP TABLE IF EXISTS `aos_sys_dic_index`;
CREATE TABLE `aos_sys_dic_index` (
  `id_` varchar(64) NOT NULL COMMENT '',
  `key_` varchar(255) NOT NULL COMMENT '',
  `name_` varchar(255) NOT NULL COMMENT '',
  `hotkey_` varchar(255) DEFAULT NULL COMMENT '',
  `catalog_id_` varchar(64) NOT NULL COMMENT '',
  `catalog_cascade_id_` varchar(255) NOT NULL COMMENT 'ID',
  `remark_` varchar(4000) DEFAULT NULL COMMENT '',
  PRIMARY KEY (`id_`),
  UNIQUE KEY `aos_sys_dic_index_ukey` (`key_`)
) ENGINE=InnoDB DEFAULT CHARSET=utf8 ROW_FORMAT=COMPACT COMMENT='';

-- ----------------------------
--  Records of `aos_sys_dic_index`
-- ----------------------------
BEGIN;
INSERT INTO `aos_sys_dic_index` VALUES ('0475e71c145f49acbe781b2e7310ab64', 'user_type_', '', null, '4018a2217b0542059a26ecf3f605d60f', '0.002.001', null), ('0744eedeaaa143afa499254866aa75c9', 'user_status_', '', null, '4018a2217b0542059a26ecf3f605d60f', '0.002.001', null), ('10a113b1dd6d492dad27c8b0a0fb7efc', 'enabled_', '', null, 'aa3082ab67e24d8b884bc4504d3d9945', '0.002.002', ''), ('1ec5d3c945de40469595c85955196e76', 'cmp_border_color_', '', null, 'c0c43dea5ab6419dad37e459213d7bb5', '0.002.006', null), ('21136c3dc660464d92fccd66408e149b', 'icon_type_', '', null, '4018a2217b0542059a26ecf3f605d60f', '0.002.001', null), ('2724924f1cdd48d1aa1a84cb7dd9b3ee', 'card_type_', '', null, '8d6c9869e8b2427cb16cf3f4777bf236', '0.002.007', null), ('2794338c8b4946b99c361dae80da71b1', 'cmp_grant_type_', '', null, '4018a2217b0542059a26ecf3f605d60f', '0.002.001', ''), ('2a9ac1749d224bef924cd258bf35254a', 'sequence_type_', 'ID', null, '4018a2217b0542059a26ecf3f605d60f', '0.002.001', ''), ('2c90ab6212f44b08a1d8ed527c72795f', 'procdef_suspension_state_', '', null, '38368661c53c40b6824869a0ccffad05', '0.002.001.001', ''), ('2d977e97aacf4781836bac9f5e88ad2b', 'webide_jdbc', 'WebIDEJDBC', null, 'c0c43dea5ab6419dad37e459213d7bb5', '0.002.006', 'WebIDEJDBC'), ('3146aefcb39344cebe6e0a9baa7a4a48', 'south_back_color_', 'south', null, 'c0c43dea5ab6419dad37e459213d7bb5', '0.002.006', null), ('33a73af4b729448b91c13acf4d0a31e1', 'is_show_top_nav_', '', null, 'c0c43dea5ab6419dad37e459213d7bb5', '0.002.006', '(1,2)true| false'), ('38841cd4f85f4ffb8c07c74650a130dc', 'page_type_', '', null, '4018a2217b0542059a26ecf3f605d60f', '0.002.001', null), ('3ba3a682c2ac4d52982411dd045fae32', 'skin_', '', null, 'c0c43dea5ab6419dad37e459213d7bb5', '0.002.006', ''), ('3f77e94615ba4b93a4e5ca5ecf3c8f14', 'realss_checkjob_status', '', null, 'aa3082ab67e24d8b884bc4504d3d9945', '0.002.002', null), ('48062fd856f14794b03ceba2a1d6b60e', 'proctask_status_', '', null, '38368661c53c40b6824869a0ccffad05', '0.002.001.001', null), ('483fb2ff35e84a42974e914851fae01a', 'create_type_', '', null, '38368661c53c40b6824869a0ccffad05', '0.002.001.001', ''), ('4c2a12d3890a449fa91521a29a3c2436', 'nav_tab_index_', '', null, 'c0c43dea5ab6419dad37e459213d7bb5', '0.002.006', null), ('54e48c66b3ef4d99823ca8217a2abf43', 'main_text_color_', '', null, 'c0c43dea5ab6419dad37e459213d7bb5', '0.002.006', null), ('58b28eade8604dffa7c531b7b42af2fa', 'org_type_', '', null, '4018a2217b0542059a26ecf3f605d60f', '0.002.001', null), ('61fd319a23b04bd1bdbce7037002976a', 'nav_text_color_', '', null, 'c0c43dea5ab6419dad37e459213d7bb5', '0.002.006', null), ('79004d064e954e55b832a8a9a4332576', 'post_type_', '', null, '4018a2217b0542059a26ecf3f605d60f', '0.002.001', null), ('7d048854ccdc4eab996dcb703722065b', 'page_el_type_', '', null, '4018a2217b0542059a26ecf3f605d60f', '0.002.001', null), ('852946ac593e4f3fa21df7db7d21e085', 'job_type_', '', null, 'aa3082ab67e24d8b884bc4504d3d9945', '0.002.002', null), ('91bc8a695b744b27ba66a94561fd6dbc', 'bool_', '', null, 'aa3082ab67e24d8b884bc4504d3d9945', '0.002.002', ''), ('a06eb2af650444db903c945030334b12', 'procinst_status_', '', null, '38368661c53c40b6824869a0ccffad05', '0.002.001.001', null), ('a19ac2af964c4a6e8af9c6f1c0d2673f', 'navbar_btn_style_', '', null, 'c0c43dea5ab6419dad37e459213d7bb5', '0.002.006', null), ('a44dd9bbf55041368882e88821309355', 'theme_', '', null, 'c0c43dea5ab6419dad37e459213d7bb5', '0.002.006', ''), ('a9fd5aa3b7654326902a94e70bccedd8', 'module_user_nav_type', '', null, '4018a2217b0542059a26ecf3f605d60f', '0.002.001', ''), ('c66f06c069224241a4785e77d1406f9c', 'delegation_', '', null, '38368661c53c40b6824869a0ccffad05', '0.002.001.001', ''), ('cfcbc48fd8ad42678a52334bac8aa299', 'role_type_', '', null, '4018a2217b0542059a26ecf3f605d60f', '0.002.001', null), ('dd9f74d16be14db5b0f6d79720c8f177', 'grant_type_', '', null, '4018a2217b0542059a26ecf3f605d60f', '0.002.001', null), ('e9e9cfc195514b05890a2249b81dfe73', 'north_back_img_', 'north', null, 'c0c43dea5ab6419dad37e459213d7bb5', '0.002.006', null), ('f59d8693d8cf4f10850914e09ae9b93c', 'sex_', '', null, 'aa3082ab67e24d8b884bc4504d3d9945', '0.002.002', null), ('fa8097dd670643f9a03722c4074ecba5', 'left_logo_', 'Bannerlogo', null, 'c0c43dea5ab6419dad37e459213d7bb5', '0.002.006', null), ('ffc94f2b7ad14c78b14c46f8fab17543', 'nav_quick_layout_', '', null, 'c0c43dea5ab6419dad37e459213d7bb5', '0.002.006', '');
COMMIT;

-- ----------------------------
--  Table structure for `aos_sys_icon`
-- ----------------------------
DROP TABLE IF EXISTS `aos_sys_icon`;
CREATE TABLE `aos_sys_icon` (
  `id_` varchar(64) NOT NULL COMMENT '',
  `name_` varchar(255) NOT NULL COMMENT '',
  `type_` varchar(255) NOT NULL COMMENT '',
  PRIMARY KEY (`id_`),
  UNIQUE KEY `aos_sys_icon_ukey` (`name_`,`type_`)
) ENGINE=InnoDB DEFAULT CHARSET=utf8 ROW_FORMAT=COMPACT COMMENT='';

-- ----------------------------
--  Records of `aos_sys_icon`
-- ----------------------------
BEGIN;
INSERT INTO `aos_sys_icon` VALUES ('2904', '10.png', '2'), ('2905', '11.png', '2'), ('2906', '13.png', '2'), ('2907', '14.png', '2'), ('2908', '15.png', '2'), ('2909', '17.png', '2'), ('2910', '19.png', '2'), ('2911', '2.png', '2'), ('2912', '21.png', '2'), ('2913', '22.png', '2'), ('2914', '23.png', '2'), ('2915', '24.png', '2'), ('2916', '25.png', '2'), ('2917', '26.png', '2'), ('2918', '28.png', '2'), ('2919', '3.png', '2'), ('2920', '30.png', '2'), ('2921', '32.png', '2'), ('2922', '34.png', '2'), ('2923', '35.png', '2'), ('2924', '36.png', '2'), ('2925', '37.png', '2'), ('2926', '38.png', '2'), ('2927', '39.png', '2'), ('2928', '4.png', '2'), ('2929', '40.png', '2'), ('2930', '41.png', '2'), ('2931', '42.png', '2'), ('2932', '43.png', '2'), ('2933', '44.png', '2'), ('2934', '45.png', '2'), ('2935', '46.png', '2'), ('2936', '47.png', '2'), ('2937', '48.png', '2'), ('2938', '49.png', '2'), ('2939', '5.png', '2'), ('2940', '51.png', '2'), ('2941', '52.png', '2'), ('2942', '53.png', '2'), ('2943', '54.png', '2'), ('2944', '55.png', '2'), ('2945', '56.png', '2'), ('2946', '6.png', '2'), ('2947', '7.png', '2'), ('2948', '8.png', '2'), ('2949', '9.png', '2'), ('10047', 'add.png', '1'), ('10048', 'add2.png', '1'), ('10049', 'against.png', '1'), ('10050', 'agree.png', '1'), ('10051', 'app_columns.png', '1'), ('10052', 'app_list.png', '1'), ('10053', 'bars.gif', '1'), ('10054', 'basket.png', '1'), ('10055', 'book.png', '1'), ('10056', 'book_user.png', '1'), ('10057', 'bug.png', '1'), ('10058', 'bullet_black.png', '1'), ('10059', 'bullet_blue.png', '1'), ('10060', 'bullet_green.png', '1'), ('10061', 'bullet_group.gif', '1'), ('10062', 'bullet_group2.gif', '1'), ('10063', 'bullet_group3.gif', '1'), ('10064', 'bullet_group4.gif', '1'), ('10065', 'bullet_purple.png', '1'), ('10066', 'bullet_red.png', '1'), ('10067', 'bullet_yellow.png', '1'), ('10068', 'chart_curve.png', '1'), ('10069', 'chart_flipped.png', '1'), ('10070', 'chart_line.png', '1'), ('10071', 'chart_pie.png', '1'), ('10072', 'close.png', '1'), ('10073', 'close2.png', '1'), ('10074', 'config.png', '1'), ('10075', 'config1.png', '1'), ('10076', 'config3.png', '1'), ('10077', 'connect.png', '1'), ('10078', 'copy.png', '1'), ('10079', 'cut.png', '1'), ('10080', 'cv.png', '1'), ('10081', 'c_key.png', '1'), ('10082', 'database.png', '1'), ('10083', 'database_add.png', '1'), ('10084', 'del.png', '1'), ('10085', 'del1.png', '1'), ('10086', 'del2.png', '1'), ('10087', 'del_folder.png', '1'), ('10088', 'del_page.png', '1'), ('10089', 'detail.png', '1'), ('10090', 'disconnect.png', '1'), ('10091', 'doc_ok.png', '1'), ('10092', 'down.png', '1'), ('10093', 'down_left.png', '1'), ('10094', 'down_right.png', '1'), ('10095', 'edit.png', '1'), ('10096', 'edit2.png', '1'), ('10097', 'email.png', '1'), ('10098', 'email2.png', '1'), ('10099', 'email3.png', '1'), ('10100', 'email_go.png', '1'), ('10101', 'email_open.png', '1'), ('827', 'fa-adjust', '3'), ('1096', 'fa-adn', '3'), ('817', 'fa-align-center', '3'), ('819', 'fa-align-justify', '3'), ('816', 'fa-align-left', '3'), ('818', 'fa-align-right', '3'), ('987', 'fa-ambulance', '3'), ('1049', 'fa-anchor', '3'), ('1107', 'fa-android', '3'), ('1240', 'fa-angellist', '3'), ('996', 'fa-angle-double-down', '3'), ('993', 'fa-angle-double-left', '3'), ('994', 'fa-angle-double-right', '3'), ('995', 'fa-angle-double-up', '3'), ('1000', 'fa-angle-down', '3'), ('997', 'fa-angle-left', '3'), ('998', 'fa-angle-right', '3'), ('999', 'fa-angle-up', '3'), ('1105', 'fa-apple', '3'), ('1118', 'fa-archive', '3'), ('1230', 'fa-area-chart', '3'), ('926', 'fa-arrow-circle-down', '3'), ('923', 'fa-arrow-circle-left', '3'), ('790', 'fa-arrow-circle-o-down', '3'), ('1126', 'fa-arrow-circle-o-left', '3'), ('1125', 'fa-arrow-circle-o-right', '3'), ('791', 'fa-arrow-circle-o-up', '3'), ('924', 'fa-arrow-circle-right', '3'), ('925', 'fa-arrow-circle-up', '3'), ('858', 'fa-arrow-down', '3'), ('855', 'fa-arrow-left', '3'), ('856', 'fa-arrow-right', '3'), ('857', 'fa-arrow-up', '3'), ('832', 'fa-arrows', '3'), ('932', 'fa-arrows-alt', '3'), ('884', 'fa-arrows-h', '3'), ('883', 'fa-arrows-v', '3'), ('864', 'fa-asterisk', '3'), ('1226', 'fa-at', '3'), ('835', 'fa-backward', '3'), ('854', 'fa-ban', '3'), ('885', 'fa-bar-chart', '3'), ('804', 'fa-barcode', '3'), ('942', 'fa-bars', '3'), ('990', 'fa-beer', '3'), ('1160', 'fa-behance', '3'), ('1161', 'fa-behance-square', '3'), ('917', 'fa-bell', '3'), ('981', 'fa-bell-o', '3'), ('1222', 'fa-bell-slash', '3'), ('1223', 'fa-bell-slash-o', '3'), ('1237', 'fa-bicycle', '3'), ('1206', 'fa-binoculars', '3'), ('1229', 'fa-birthday-cake', '3'), ('1097', 'fa-bitbucket', '3'), ('1098', 'fa-bitbucket-square', '3'), ('812', 'fa-bold', '3'), ('970', 'fa-bolt', '3'), ('1203', 'fa-bomb', '3'), ('807', 'fa-book', '3'), ('808', 'fa-bookmark', '3'), ('907', 'fa-bookmark-o', '3'), ('931', 'fa-briefcase', '3'), ('1076', 'fa-btc', '3'), ('1119', 'fa-bug', '3'), ('1154', 'fa-building', '3'), ('985', 'fa-building-o', '3'), ('916', 'fa-bullhorn', '3'), ('1051', 'fa-bullseye', '3'), ('1238', 'fa-bus', '3'), ('1213', 'fa-calculator', '3'), ('873', 'fa-calendar', '3'), ('1039', 'fa-calendar-o', '3'), ('810', 'fa-camera', '3'), ('888', 'fa-camera-retro', '3'), ('1165', 'fa-car', '3'), ('955', 'fa-caret-down', '3'), ('957', 'fa-caret-left', '3'), ('958', 'fa-caret-right', '3'), ('1066', 'fa-caret-square-o-down', '3'), ('1127', 'fa-caret-square-o-left', '3'), ('1068', 'fa-caret-square-o-right', '3'), ('1067', 'fa-caret-square-o-up', '3'), ('956', 'fa-caret-up', '3'), ('1241', 'fa-cc', '3'), ('1219', 'fa-cc-amex', '3'), ('1218', 'fa-cc-discover', '3'), ('1217', 'fa-cc-mastercard', '3'), ('1220', 'fa-cc-paypal', '3'), ('1221', 'fa-cc-stripe', '3'), ('1216', 'fa-cc-visa', '3'), ('918', 'fa-certificate', '3'), ('1028', 'fa-chain-broken', '3'), ('777', 'fa-check', '3'), ('848', 'fa-check-circle', '3'), ('853', 'fa-check-circle-o', '3'), ('1061', 'fa-check-square', '3'), ('831', 'fa-check-square-o', '3'), ('1046', 'fa-chevron-circle-down', '3'), ('1043', 'fa-chevron-circle-left', '3'), ('1044', 'fa-chevron-circle-right', '3'), ('1045', 'fa-chevron-circle-up', '3'), ('878', 'fa-chevron-down', '3'), ('843', 'fa-chevron-left', '3'), ('844', 'fa-chevron-right', '3'), ('877', 'fa-chevron-up', '3'), ('1155', 'fa-child', '3'), ('1009', 'fa-circle', '3'), ('1005', 'fa-circle-o', '3'), ('1185', 'fa-circle-o-notch', '3'), ('1197', 'fa-circle-thin', '3'), ('973', 'fa-clipboard', '3'), ('787', 'fa-clock-o', '3'), ('935', 'fa-cloud', '3'), ('976', 'fa-cloud-download', '3'), ('977', 'fa-cloud-upload', '3'), ('1022', 'fa-code', '3'), ('1027', 'fa-code-fork', '3'), ('1182', 'fa-codepen', '3'), ('982', 'fa-coffee', '3'), ('783', 'fa-cog', '3'), ('890', 'fa-cogs', '3'), ('959', 'fa-columns', '3'), ('875', 'fa-comment', '3'), ('968', 'fa-comment-o', '3'), ('891', 'fa-comments', '3'), ('969', 'fa-comments-o', '3'), ('1065', 'fa-compass', '3'), ('861', 'fa-compress', '3'), ('1225', 'fa-copyright', '3'), ('913', 'fa-credit-card', '3'), ('1026', 'fa-crop', '3'), ('851', 'fa-crosshairs', '3'), ('1048', 'fa-css3', '3'), ('1158', 'fa-cube', '3'), ('1159', 'fa-cubes', '3'), ('983', 'fa-cutlery', '3'), ('1171', 'fa-database', '3'), ('1146', 'fa-delicious', '3'), ('1001', 'fa-desktop', '3'), ('1169', 'fa-deviantart', '3'), ('1147', 'fa-digg', '3'), ('1128', 'fa-dot-circle-o', '3'), ('789', 'fa-download', '3'), ('1109', 'fa-dribbble', '3'), ('1092', 'fa-dropbox', '3'), ('1150', 'fa-drupal', '3'), ('842', 'fa-eject', '3'), ('1052', 'fa-ellipsis-h', '3'), ('1053', 'fa-ellipsis-v', '3'), ('1187', 'fa-empire', '3'), ('963', 'fa-envelope', '3'), ('768', 'fa-envelope-o', '3'), ('1135', 'fa-envelope-square', '3'), ('1034', 'fa-eraser', '3'), ('1069', 'fa-eur', '3'), ('975', 'fa-exchange', '3'), ('1031', 'fa-exclamation', '3'), ('865', 'fa-exclamation-circle', '3'), ('871', 'fa-exclamation-triangle', '3'), ('860', 'fa-expand', '3'), ('899', 'fa-external-link', '3'), ('1063', 'fa-external-link-square', '3'), ('869', 'fa-eye', '3'), ('870', 'fa-eye-slash', '3'), ('1227', 'fa-eyedropper', '3'), ('910', 'fa-facebook', '3'), ('887', 'fa-facebook-square', '3'), ('834', 'fa-fast-backward', '3'), ('840', 'fa-fast-forward', '3'), ('1153', 'fa-fax', '3'), ('1113', 'fa-female', '3'), ('989', 'fa-fighter-jet', '3'), ('1077', 'fa-file', '3'), ('1177', 'fa-file-archive-o', '3'), ('1178', 'fa-file-audio-o', '3'), ('1180', 'fa-file-code-o', '3'), ('1174', 'fa-file-excel-o', '3'), ('1176', 'fa-file-image-o', '3'), ('786', 'fa-file-o', '3'), ('1172', 'fa-file-pdf-o', '3'), ('1175', 'fa-file-powerpoint-o', '3'), ('1078', 'fa-file-text', '3'), ('984', 'fa-file-text-o', '3'), ('1179', 'fa-file-video-o', '3'), ('1173', 'fa-file-word-o', '3'), ('938', 'fa-files-o', '3'), ('773', 'fa-film', '3'), ('930', 'fa-filter', '3'), ('868', 'fa-fire', '3'), ('1040', 'fa-fire-extinguisher', '3'), ('798', 'fa-flag', '3'), ('1020', 'fa-flag-checkered', '3'), ('1019', 'fa-flag-o', '3'), ('936', 'fa-flask', '3'), ('1095', 'fa-flickr', '3'), ('940', 'fa-floppy-o', '3'), ('881', 'fa-folder', '3'), ('1012', 'fa-folder-o', '3'), ('882', 'fa-folder-open', '3'), ('1013', 'fa-folder-open-o', '3'), ('811', 'fa-font', '3'), ('839', 'fa-forward', '3'), ('1111', 'fa-foursquare', '3'), ('1015', 'fa-frown-o', '3'), ('1204', 'fa-futbol-o', '3'), ('1017', 'fa-gamepad', '3'), ('966', 'fa-gavel', '3'), ('1070', 'fa-gbp', '3'), ('866', 'fa-gift', '3'), ('1189', 'fa-git', '3'), ('1188', 'fa-git-square', '3'), ('911', 'fa-github', '3'), ('1011', 'fa-github-alt', '3'), ('902', 'fa-github-square', '3'), ('1115', 'fa-gittip', '3'), ('765', 'fa-glass', '3'), ('927', 'fa-globe', '3'), ('1141', 'fa-google', '3'), ('953', 'fa-google-plus', '3'), ('952', 'fa-google-plus-square', '3'), ('1215', 'fa-google-wallet', '3'), ('1139', 'fa-graduation-cap', '3'), ('991', 'fa-h-square', '3'), ('1190', 'fa-hacker-news', '3'), ('922', 'fa-hand-o-down', '3'), ('920', 'fa-hand-o-left', '3'), ('919', 'fa-hand-o-right', '3'), ('921', 'fa-hand-o-up', '3'), ('915', 'fa-hdd-o', '3'), ('1198', 'fa-header', '3'), ('799', 'fa-headphones', '3'), ('769', 'fa-heart', '3'), ('895', 'fa-heart-o', '3'), ('1196', 'fa-history', '3'), ('785', 'fa-home', '3'), ('986', 'fa-hospital-o', '3'), ('1047', 'fa-html5', '3'), ('1242', 'fa-ils', '3'), ('792', 'fa-inbox', '3'), ('822', 'fa-indent', '3'), ('1030', 'fa-info', '3'), ('850', 'fa-info-circle', '3'), ('1072', 'fa-inr', '3'), ('1094', 'fa-instagram', '3'), ('1239', 'fa-ioxhost', '3'), ('813', 'fa-italic', '3'), ('1151', 'fa-joomla', '3'), ('1073', 'fa-jpy', '3'), ('1183', 'fa-jsfiddle', '3'), ('889', 'fa-key', '3'), ('1018', 'fa-keyboard-o', '3'), ('1075', 'fa-krw', '3'), ('1152', 'fa-language', '3'), ('1002', 'fa-laptop', '3'), ('1233', 'fa-lastfm', '3'), ('1234', 'fa-lastfm-square', '3'), ('867', 'fa-leaf', '3'), ('904', 'fa-lemon-o', '3'), ('1060', 'fa-level-down', '3'), ('1059', 'fa-level-up', '3'), ('1184', 'fa-life-ring', '3'), ('974', 'fa-lightbulb-o', '3'), ('1232', 'fa-line-chart', '3'), ('934', 'fa-link', '3'), ('964', 'fa-linkedin', '3'), ('897', 'fa-linkedin-square', '3'), ('1108', 'fa-linux', '3'), ('820', 'fa-list', '3'), ('796', 'fa-list-alt', '3'), ('944', 'fa-list-ol', '3'), ('943', 'fa-list-ul', '3'), ('1025', 'fa-location-arrow', '3'), ('797', 'fa-lock', '3'), ('1101', 'fa-long-arrow-down', '3'), ('1103', 'fa-long-arrow-left', '3'), ('1104', 'fa-long-arrow-right', '3'), ('1102', 'fa-long-arrow-up', '3'), ('948', 'fa-magic', '3'), ('876', 'fa-magnet', '3'), ('1114', 'fa-male', '3'), ('826', 'fa-map-marker', '3'), ('1042', 'fa-maxcdn', '3'), ('1243', 'fa-meanpath', '3'), ('988', 'fa-medkit', '3'), ('1016', 'fa-meh-o', '3'), ('1036', 'fa-microphone', '3'), ('1037', 'fa-microphone-slash', '3'), ('863', 'fa-minus', '3'), ('846', 'fa-minus-circle', '3'), ('1057', 'fa-minus-square', '3'), ('1058', 'fa-minus-square-o', '3'), ('1004', 'fa-mobile', '3'), ('954', 'fa-money', '3'), ('1117', 'fa-moon-o', '3'), ('766', 'fa-music', '3'), ('1211', 'fa-newspaper-o', '3'), ('1137', 'fa-openid', '3'), ('821', 'fa-outdent', '3'), ('1123', 'fa-pagelines', '3'), ('1228', 'fa-paint-brush', '3'), ('1194', 'fa-paper-plane', '3'), ('1195', 'fa-paper-plane-o', '3'), ('939', 'fa-paperclip', '3'), ('1199', 'fa-paragraph', '3'), ('837', 'fa-pause', '3'), ('1156', 'fa-paw', '3'), ('1214', 'fa-paypal', '3'), ('825', 'fa-pencil', '3'), ('1062', 'fa-pencil-square', '3'), ('829', 'fa-pencil-square-o', '3'), ('905', 'fa-phone', '3'), ('908', 'fa-phone-square', '3'), ('824', 'fa-picture-o', '3'), ('1231', 'fa-pie-chart', '3'), ('1148', 'fa-pied-piper', '3'), ('1149', 'fa-pied-piper-alt', '3'), ('950', 'fa-pinterest', '3'), ('951', 'fa-pinterest-square', '3'), ('872', 'fa-plane', '3'), ('836', 'fa-play', '3'), ('1055', 'fa-play-circle', '3'), ('793', 'fa-play-circle-o', '3'), ('1207', 'fa-plug', '3'), ('862', 'fa-plus', '3'), ('845', 'fa-plus-circle', '3'), ('992', 'fa-plus-square', '3'), ('1132', 'fa-plus-square-o', '3'), ('781', 'fa-power-off', '3'), ('809', 'fa-print', '3'), ('1035', 'fa-puzzle-piece', '3'), ('1192', 'fa-qq', '3'), ('803', 'fa-qrcode', '3'), ('1029', 'fa-question', '3'), ('849', 'fa-question-circle', '3'), ('1006', 'fa-quote-left', '3'), ('1007', 'fa-quote-right', '3'), ('874', 'fa-random', '3'), ('1186', 'fa-rebel', '3'), ('1164', 'fa-recycle', '3'), ('1142', 'fa-reddit', '3'), ('1143', 'fa-reddit-square', '3'), ('795', 'fa-refresh', '3'), ('1122', 'fa-renren', '3'), ('794', 'fa-repeat', '3'), ('1010', 'fa-reply', '3'), ('1023', 'fa-reply-all', '3'), ('879', 'fa-retweet', '3'), ('788', 'fa-road', '3'), ('1041', 'fa-rocket', '3'), ('914', 'fa-rss', '3'), ('1054', 'fa-rss-square', '3'), ('1074', 'fa-rub', '3'), ('937', 'fa-scissors', '3'), ('767', 'fa-search', '3'), ('780', 'fa-search-minus', '3'), ('779', 'fa-search-plus', '3'), ('859', 'fa-share', '3'), ('1201', 'fa-share-alt', '3'), ('1202', 'fa-share-alt-square', '3'), ('1064', 'fa-share-square', '3'), ('830', 'fa-share-square-o', '3'), ('1038', 'fa-shield', '3'), ('880', 'fa-shopping-cart', '3'), ('900', 'fa-sign-in', '3'), ('896', 'fa-sign-out', '3'), ('782', 'fa-signal', '3'), ('971', 'fa-sitemap', '3'), ('1110', 'fa-skype', '3'), ('1134', 'fa-slack', '3'), ('1200', 'fa-sliders', '3'), ('1208', 'fa-slideshare', '3'), ('1014', 'fa-smile-o', '3'), ('960', 'fa-sort', '3'), ('1079', 'fa-sort-alpha-asc', '3'), ('1080', 'fa-sort-alpha-desc', '3'), ('1081', 'fa-sort-amount-asc', '3'), ('1082', 'fa-sort-amount-desc', '3'), ('962', 'fa-sort-asc', '3'), ('961', 'fa-sort-desc', '3'), ('1083', 'fa-sort-numeric-asc', '3'), ('1084', 'fa-sort-numeric-desc', '3'), ('1170', 'fa-soundcloud', '3'), ('1133', 'fa-space-shuttle', '3'), ('1008', 'fa-spinner', '3'), ('1157', 'fa-spoon', '3'), ('1168', 'fa-spotify', '3'), ('941', 'fa-square', '3'), ('906', 'fa-square-o', '3'), ('1124', 'fa-stack-exchange', '3'), ('1093', 'fa-stack-overflow', '3'), ('770', 'fa-star', '3'), ('894', 'fa-star-half', '3'), ('1024', 'fa-star-half-o', '3'), ('771', 'fa-star-o', '3'), ('1162', 'fa-steam', '3'), ('1163', 'fa-steam-square', '3'), ('833', 'fa-step-backward', '3'), ('841', 'fa-step-forward', '3'), ('979', 'fa-stethoscope', '3'), ('838', 'fa-stop', '3'), ('945', 'fa-strikethrough', '3'), ('1145', 'fa-stumbleupon', '3'), ('1144', 'fa-stumbleupon-circle', '3'), ('1033', 'fa-subscript', '3'), ('980', 'fa-suitcase', '3'), ('1116', 'fa-sun-o', '3'), ('1032', 'fa-superscript', '3'), ('947', 'fa-table', '3'), ('1003', 'fa-tablet', '3'), ('967', 'fa-tachometer', '3'), ('805', 'fa-tag', '3'), ('806', 'fa-tags', '3'), ('929', 'fa-tasks', '3'), ('1166', 'fa-taxi', '3'), ('1191', 'fa-tencent-weibo', '3'), ('1021', 'fa-terminal', '3'), ('814', 'fa-text-height', '3'), ('815', 'fa-text-width', '3'), ('775', 'fa-th', '3'), ('774', 'fa-th-large', '3'), ('776', 'fa-th-list', '3'), ('898', 'fa-thumb-tack', '3'), ('1086', 'fa-thumbs-down', '3'), ('893', 'fa-thumbs-o-down', '3'), ('892', 'fa-thumbs-o-up', '3'), ('1085', 'fa-thumbs-up', '3'), ('1056', 'fa-ticket', '3'), ('778', 'fa-times', '3'), ('847', 'fa-times-circle', '3'), ('852', 'fa-times-circle-o', '3'), ('828', 'fa-tint', '3'), ('1235', 'fa-toggle-off', '3'), ('1236', 'fa-toggle-on', '3'), ('1224', 'fa-trash', '3'), ('784', 'fa-trash-o', '3'), ('1167', 'fa-tree', '3'), ('1112', 'fa-trello', '3'), ('901', 'fa-trophy', '3'), ('949', 'fa-truck', '3'), ('1131', 'fa-try', '3'), ('1205', 'fa-tty', '3'), ('1099', 'fa-tumblr', '3'), ('1100', 'fa-tumblr-square', '3'), ('1209', 'fa-twitch', '3'), ('909', 'fa-twitter', '3'), ('886', 'fa-twitter-square', '3'), ('972', 'fa-umbrella', '3'), ('946', 'fa-underline', '3'), ('965', 'fa-undo', '3'), ('1138', 'fa-university', '3'), ('912', 'fa-unlock', '3'), ('1050', 'fa-unlock-alt', '3'), ('903', 'fa-upload', '3'), ('1071', 'fa-usd', '3'), ('772', 'fa-user', '3'), ('978', 'fa-user-md', '3'), ('933', 'fa-users', '3'), ('823', 'fa-video-camera', '3'), ('1130', 'fa-vimeo-square', '3'), ('1181', 'fa-vine', '3'), ('1120', 'fa-vk', '3'), ('801', 'fa-volume-down', '3'), ('800', 'fa-volume-off', '3'), ('802', 'fa-volume-up', '3'), ('1121', 'fa-weibo', '3'), ('1193', 'fa-weixin', '3'), ('1129', 'fa-wheelchair', '3'), ('1212', 'fa-wifi', '3'), ('1106', 'fa-windows', '3'), ('1136', 'fa-wordpress', '3'), ('928', 'fa-wrench', '3'), ('1089', 'fa-xing', '3'), ('1090', 'fa-xing-square', '3'), ('1140', 'fa-yahoo', '3'), ('1210', 'fa-yelp', '3'), ('1088', 'fa-youtube', '3'), ('1091', 'fa-youtube-play', '3'), ('1087', 'fa-youtube-square', '3'), ('10102', 'filter.png', '1'), ('10103', 'folder1.png', '1'), ('10104', 'folder10.png', '1'), ('10105', 'folder11.png', '1'), ('10106', 'folder12.png', '1'), ('10107', 'folder13.png', '1'), ('10108', 'folder14.png', '1'), ('10109', 'folder15.png', '1'), ('10110', 'folder16.png', '1'), ('10111', 'folder17.png', '1'), ('10112', 'folder18.png', '1'), ('10113', 'folder19.png', '1'), ('10114', 'folder2.png', '1'), ('10115', 'folder20.png', '1'), ('10116', 'folder21.png', '1'), ('10117', 'folder22.png', '1'), ('10118', 'folder23.png', '1'), ('10119', 'folder24.png', '1'), ('10120', 'folder25.png', '1'), ('10121', 'folder26.png', '1'), ('10122', 'folder27.png', '1'), ('10123', 'folder28.png', '1'), ('10124', 'folder4.png', '1'), ('10125', 'folder5.png', '1'), ('10126', 'folder6.png', '1'), ('10127', 'folder7.png', '1'), ('10128', 'folder8.png', '1'), ('10129', 'folder9.png', '1'), ('10130', 'forward.png', '1'), ('10131', 'freelance.png', '1'), ('10132', 'go.gif', '1'), ('10133', 'go.png', '1'), ('10134', 'go1.gif', '1'), ('10135', 'go1.png', '1'), ('10136', 'help.png', '1'), ('10137', 'home.gif', '1'), ('10138', 'home.png', '1'), ('10139', 'icon134.png', '1'), ('10140', 'icon137.png', '1'), ('10141', 'icon140.png', '1'), ('10142', 'icon141.png', '1'), ('10143', 'icon146.png', '1'), ('10144', 'icon15.png', '1'), ('10145', 'icon150.png', '1'), ('10146', 'icon152.png', '1'), ('10147', 'icon153.png', '1'), ('10148', 'icon154.png', '1'), ('10149', 'icon17.gif', '1'), ('10150', 'icon25.gif', '1'), ('10151', 'icon26.gif', '1'), ('10152', 'icon31.gif', '1'), ('10153', 'icon32.gif', '1'), ('10154', 'icon34.gif', '1'), ('10155', 'icon35.gif', '1'), ('10156', 'icon36.gif', '1'), ('10157', 'icon37.gif', '1'), ('10158', 'icon38.gif', '1'), ('10159', 'icon39.gif', '1'), ('10160', 'icon41.gif', '1'), ('10161', 'icon42.gif', '1'), ('10162', 'icon5.png', '1'), ('10163', 'icon56.png', '1'), ('10164', 'icon59.png', '1'), ('10165', 'icon63.png', '1'), ('10166', 'icon65.png', '1'), ('10167', 'icon66.png', '1'), ('10168', 'icon67.png', '1'), ('10169', 'icon68.png', '1'), ('10170', 'icon7.png', '1'), ('10171', 'icon70.png', '1'), ('10172', 'icon71.png', '1'), ('10173', 'icon72.png', '1'), ('10174', 'icon75.png', '1'), ('10175', 'icon76.png', '1'), ('10176', 'icon77.png', '1'), ('10177', 'icon78.png', '1'), ('10178', 'icon79.png', '1'), ('10179', 'icon8.png', '1'), ('10180', 'icon80.png', '1'), ('10181', 'icon82.png', '1'), ('10182', 'icon85.png', '1'), ('10183', 'icon86.png', '1'), ('10184', 'icon88.png', '1'), ('10185', 'icon9.png', '1'), ('10186', 'icon96.png', '1'), ('10187', 'icon_19.png', '1'), ('10188', 'icq.png', '1'), ('10189', 'id.png', '1'), ('10190', 'ins.png', '1'), ('10191', 'jar.png', '1'), ('10192', 'key.png', '1'), ('10193', 'layout.png', '1'), ('10194', 'layout2.png', '1'), ('10195', 'left.png', '1'), ('10196', 'lightbulb.png', '1'), ('10197', 'lock.png', '1'), ('10198', 'lock3.png', '1'), ('10199', 'modules_wizard.gif', '1'), ('10200', 'monitor.png', '1'), ('10201', 'node.png', '1'), ('10202', 'ok.png', '1'), ('10203', 'ok1.png', '1'), ('10204', 'ok3.png', '1'), ('10205', 'ok4.png', '1'), ('10206', 'ok5.png', '1'), ('10207', 'org.png', '1'), ('10208', 'org2.png', '1'), ('10209', 'outs.png', '1'), ('10210', 'own.png', '1'), ('10211', 'page.png', '1'), ('10212', 'page2.png', '1'), ('10213', 'page3.png', '1'), ('10214', 'page_code.png', '1'), ('10215', 'page_font.png', '1'), ('10216', 'page_next.png', '1'), ('10217', 'page_office.png', '1'), ('10218', 'page_paint.png', '1'), ('10219', 'page_picture.png', '1'), ('10220', 'page_vector.png', '1'), ('10221', 'paint2.png', '1'), ('10222', 'paste.png', '1'), ('10223', 'picture.png', '1'), ('10224', 'pictures.png', '1'), ('10225', 'picture_empty.png', '1'), ('10226', 'plugin.png', '1'), ('10227', 'plugin2.png', '1'), ('10228', 'printer.png', '1'), ('10229', 'query.png', '1'), ('10230', 'redo.png', '1'), ('10231', 'refresh.png', '1'), ('10232', 'refresh2.png', '1'), ('10233', 'right.png', '1'), ('10234', 'save.png', '1'), ('10235', 'save_all.png', '1'), ('10236', 'search.png', '1'), ('10237', 'security.png', '1'), ('10238', 'send_receive.png', '1'), ('10239', 'shape_align_bottom.png', '1'), ('10240', 'shape_align_center.png', '1'), ('10241', 'shape_align_middle.png', '1'), ('10242', 'shape_group.png', '1'), ('10243', 'shape_handles.png', '1'), ('10244', 'shape_move_back.png', '1'), ('10245', 'share.png', '1'), ('10246', 'sitemap.png', '1'), ('10247', 'sql.png', '1'), ('10248', 'sql2.png', '1'), ('10249', 'sql3.png', '1'), ('10250', 'stop.gif', '1'), ('10251', 'stop2.png', '1'), ('10252', 'stop3.png', '1'), ('10253', 'system.png', '1'), ('10254', 'table.png', '1'), ('10255', 'table2.png', '1'), ('10256', 'tables.png', '1'), ('10257', 'tables_relation.png', '1'), ('10258', 'table_edit.png', '1'), ('10259', 'tag.png', '1'), ('10260', 'task.png', '1'), ('10261', 'task1.png', '1'), ('10262', 'task_finish.png', '1'), ('10263', 'task_list.png', '1'), ('10264', 'terminal.png', '1'), ('10265', 'textfield.png', '1'), ('10266', 'text_cap.png', '1'), ('10267', 'text_col.png', '1'), ('10268', 'text_list.png', '1'), ('10269', 'text_upper.png', '1'), ('10270', 'theme.png', '1'), ('10271', 'time.png', '1'), ('10272', 'timeline.png', '1'), ('10273', 'undo.png', '1'), ('10274', 'up.png', '1'), ('10275', 'up2.png', '1'), ('10276', 'up_left.png', '1'), ('10277', 'up_right.png', '1'), ('10278', 'user1.png', '1'), ('10279', 'user20.png', '1'), ('10280', 'user3.png', '1'), ('10281', 'user6.png', '1'), ('10282', 'user8.png', '1'), ('10283', 'vcard.png', '1'), ('10284', 'vector.png', '1'), ('10285', 'wand.png', '1'), ('10286', 'webcam.png', '1'), ('10287', 'zoom_in.png', '1'), ('10288', 'zoom_out.png', '1');
COMMIT;

-- ----------------------------
--  Table structure for `aos_sys_module`
-- ----------------------------
DROP TABLE IF EXISTS `aos_sys_module`;
CREATE TABLE `aos_sys_module` (
  `id_` varchar(64) NOT NULL COMMENT '',
  `cascade_id_` varchar(255) NOT NULL COMMENT 'ID',
  `name_` varchar(255) NOT NULL COMMENT '',
  `url_` varchar(255) DEFAULT NULL COMMENT 'URL',
  `hotkey_` varchar(255) DEFAULT NULL COMMENT '',
  `parent_id_` varchar(64) NOT NULL COMMENT '',
  `is_leaf_` varchar(255) NOT NULL DEFAULT '1' COMMENT '',
  `is_auto_expand_` varchar(255) NOT NULL DEFAULT '0' COMMENT '',
  `icon_name_` varchar(255) DEFAULT NULL COMMENT '',
  `status_` varchar(255) NOT NULL DEFAULT '1' COMMENT '',
  `parent_name_` varchar(255) NOT NULL COMMENT '',
  `vector_` varchar(255) DEFAULT NULL COMMENT '',
  `sort_no_` int(10) DEFAULT '0' COMMENT '',
  PRIMARY KEY (`id_`)
) ENGINE=InnoDB DEFAULT CHARSET=utf8 ROW_FORMAT=COMPACT COMMENT='';

-- ----------------------------
--  Records of `aos_sys_module`
-- ----------------------------
BEGIN;
INSERT INTO `aos_sys_module` VALUES ('078df89c7b5b478cb38fd607805c6155', '0.004.002.001.007', 'API', 'demo/initFormApi.jhtml', null, 'f73a952eefa2406c9327da6252c4ca79', '1', '0', null, '1', '', null, '20'), ('09b24aac059f4ba58bfb30652636b543', '0.004.003.001', '', 'demo/misc/initMisc1.jhtml', '', '33baf8c9948b47cfa54cd8d7a5e1753d', '1', '0', '', '1', '', '', '10'), ('0b99e9d118b54ee084d9e74bd72cdd1c', '0.001.002', '', null, null, '7a6d3674e5204937951d01544e18e3aa', '0', '1', 'folder14.png', '1', '', null, '20'), ('1886bf699ec74f79959bdc8ca8e5371a', '0.001.006.004', '', 'system/sessionLog/init.jhtml', null, '5b9a439743f141729f46a07e8e222a47', '1', '0', 'c_key.png', '1', '', null, '10'), ('1906d5a892654e2bb882851e0ea7322f', '0.001.008.001', '', 'system/icon/init.jhtml', null, '524e5f5c3e5b4cdb90611cd8b15ca684', '1', '0', 'page_picture.png', '1', '', null, '60'), ('1a34ea36b51447a1a16a3ddf7f2e84fc', '0.008.001', '', 'ss/temp/user/init.jhtml', '', 'a59d840e88594f7b87b3f96d227d6707', '1', '0', '', '1', '', '', '1'), ('1cf1947152174cacaf226fa54ca51351', '0.004.002.001.009', '', 'demo/initFormValidate.jhtml', null, 'f73a952eefa2406c9327da6252c4ca79', '1', '0', null, '1', '', null, '8'), ('25406890354f4514909e2ad1c0fd678d', '0.004.002.003.001', '', 'demo/grid/initGrid1.jhtml', null, 'dbf75990cf784e79920caf7eb47856f6', '1', '0', null, '1', '', null, '10'), ('266bbec9e0af4612afa5139aade0a511', '0.004.002.001.006', '', 'demo/initFormComboBox.jhtml', null, 'f73a952eefa2406c9327da6252c4ca79', '1', '0', null, '1', '', null, '30'), ('2790bf6cc0b54c36b56c90429c112ab2', '0.001.008.005', 'WebIDE', 'system/coder/init.jhtml', null, '524e5f5c3e5b4cdb90611cd8b15ca684', '1', '0', 'icon15.png', '1', '', null, '5'), ('29873ca569fb46c3bbd951a8a1df2472', '0.002', '', '', '', '2a4c060f44d944ea926fe44522ce7b39', '0', '1', 'folder2.png', '1', '', 'fa-github-alt', '10002'), ('2a4c060f44d944ea926fe44522ce7b39', '0', '', '', '', 'p', '0', '1', 'home.png', '1', 'root', '', '1'), ('2dd9dac74b064ea98f063265b642526d', '0.005.005.001', '', 'ss/checkjob/checktem/initCheckTem.jhtml', '', '9a68cc97425344cda05e551ae5ae66cb', '1', '0', '', '1', '', '', '100'), ('327677ef8d2a4e5caf3c4cbc9b72d0b0', '0.004.002.003.004', '', 'demo/grid/initGrid3.jhtml', null, 'dbf75990cf784e79920caf7eb47856f6', '1', '0', null, '1', '', null, '40'), ('33baf8c9948b47cfa54cd8d7a5e1753d', '0.004.003', '', '', '', '6e10c86d1885434e80e6dfa0953e307d', '0', '1', '', '1', '', '', '20'), ('38e28fce49414c4c9e95d032559d5bee', '0.004.002.002', '', 'demo/initButton.jhtml', null, '6cab8b013c314b37aec7c4567d859fc8', '1', '0', null, '1', 'AOS UI', null, '10'), ('3b41af04060b414d85a05655b76801a3', '0.011.001', '', 'ss/report/initJobReport.jhtml', '', 'a4b0e8936806432181f60d53fc18e0a1', '1', '0', '', '1', '', '', '1'), ('3bb16fa3935c41bebe4d3fcf3c4ebd5c', '0.004.004', '', '', '', '6e10c86d1885434e80e6dfa0953e307d', '0', '0', '', '1', '', '', '15'), ('3dddb80dc030499c936c2ede4eaa3ab4', '0.009', '', '', '', '2a4c060f44d944ea926fe44522ce7b39', '0', '0', 'task.png', '1', '', '', '1000'), ('4d3cfce7b9b146d2bc8482ec477517aa', '0.002.001', '', 'system/preference/init.jhtml', null, '29873ca569fb46c3bbd951a8a1df2472', '1', '0', 'config1.png', '1', '', null, '10'), ('50d7cd80f5854637a576aa95839488e9', '0.007.002', '', 'ss/jxq/manager.jhtml', '', '645419cf0e1c4ea6b3b8945e5338ad58', '1', '0', '', '1', '', '', '1'), ('524e5f5c3e5b4cdb90611cd8b15ca684', '0.001.008', '', null, null, '7a6d3674e5204937951d01544e18e3aa', '0', '0', 'folder9.png', '1', '', 'fa-bug', '70'), ('52bfff4fb4fd41488d5f7c09991e997f', '0.005', '', '', '', '2a4c060f44d944ea926fe44522ce7b39', '0', '1', 'search.png', '1', '', '', '4000'), ('56fcae7c948043e3a6ba6f9ab56aaccd', '0.005.003', '', 'ss/checkjob/checktem/initCheckTem.jhtml', '', '52bfff4fb4fd41488d5f7c09991e997f', '1', '0', '', '1', '', '', '300'), ('591f2ffa62a1461887c1d6f02c60a1ff', '0.004.004.002', '', 'demo/initNotification.jhtml', null, '3bb16fa3935c41bebe4d3fcf3c4ebd5c', '1', '0', null, '1', '', null, '2'), ('5ae41d35d16247febabf631a81a0d70d', '0.004.002.001.008', '', 'demo/initFormData.jhtml', null, 'f73a952eefa2406c9327da6252c4ca79', '1', '0', null, '1', '', null, '40'), ('5b9a439743f141729f46a07e8e222a47', '0.001.006', '', null, null, '7a6d3674e5204937951d01544e18e3aa', '0', '0', 'folder27.png', '1', '', null, '60'), ('5fb994e71cb14a77891670990d7f554d', '0.001.001', '', null, null, '7a6d3674e5204937951d01544e18e3aa', '0', '1', 'folder2.png', '1', '', null, '10'), ('619cb338b278406f8368471034d5946f', '0.001.004.006', '', 'workflow/procTask/init.jhtml', '', 'cfc4e4bd367047a29e0d72e688f860a2', '1', '0', 'task_list.png', '1', '', '', '40'), ('645419cf0e1c4ea6b3b8945e5338ad58', '0.007', '', '', '', '2a4c060f44d944ea926fe44522ce7b39', '0', '0', 'text_list.png', '1', '', '', '3000'), ('647ebc4423a2409dbc3d1c91d43cdcda', '0.006.003', '', 'ss/company/init4ent.jhtml', '', 'bd0a4ba6764d4d86883cfa7aa513315d', '1', '0', '', '1', '', '', '1'), ('65320b914c18453f9ca0a84d3f8a0a7b', '0.001.003.001', '', 'system/org/init.jhtml', null, 'b656d6afbbe844d0a6626d0eb590643f', '1', '0', 'icon56.png', '1', '', null, '1'), ('68822bfa39914373afe70dc343c84e94', '0.004.002.001.005', '', 'demo/initFormElements.jhtml', null, 'f73a952eefa2406c9327da6252c4ca79', '1', '0', null, '1', '', null, '10'), ('6b500915e65949639acbe8dd9b54adbc', '0.007.001', '', 'ss/jxq/init.jhtml', '', '645419cf0e1c4ea6b3b8945e5338ad58', '1', '1', '', '1', '', '', '1'), ('6cab8b013c314b37aec7c4567d859fc8', '0.004.002', 'AOS UI', null, null, '6e10c86d1885434e80e6dfa0953e307d', '0', '1', null, '1', '', null, '10'), ('6e10c86d1885434e80e6dfa0953e307d', '0.004', '', '', '', '2a4c060f44d944ea926fe44522ce7b39', '0', '1', 'folder27.png', '1', '', 'fa-coffee', '10001'), ('6f9e2b465ad54dc4ab18ebc5896951b4', '0.006.002', '', 'ss/company/initreport.jhtml', '', 'bd0a4ba6764d4d86883cfa7aa513315d', '1', '0', '', '1', '', '', '1'), ('704d4e51ffcf473fa95ab9e680177d46', '0.004.002.003.002', '', 'demo/grid/initGrid2.jhtml', null, 'dbf75990cf784e79920caf7eb47856f6', '1', '0', null, '1', '', null, '20'), ('715f6cf8d2ce4fa694baf2259327f6b1', '0.001.003.002', '', 'system/post/init.jhtml', null, 'b656d6afbbe844d0a6626d0eb590643f', '1', '0', 'icon137.png', '1', '', null, '3'), ('73b69ca49e2240ba8717fc13acb884c2', '0.004.002.001.001', '', 'demo/initForm1.jhtml', null, 'f73a952eefa2406c9327da6252c4ca79', '1', '0', null, '1', '', null, '1'), ('75df10afbf5249f6939a4507e055f055', '0.006.001', '', 'ss/company/init.jhtml', '', 'bd0a4ba6764d4d86883cfa7aa513315d', '1', '0', '', '1', '', '', '1'), ('7a6d3674e5204937951d01544e18e3aa', '0.001', '', '', '', '2a4c060f44d944ea926fe44522ce7b39', '0', '1', 'folder22.png', '1', '', 'fa-cogs', '9999'), ('7e6951e668be44b39fb9f9fd20b21315', '0.004.003.002', '', 'demo/misc/initMisc2.jhtml', '', '33baf8c9948b47cfa54cd8d7a5e1753d', '1', '0', '', '1', '', '', '20'), ('81fc0e05049e467d976ec523182421f2', '0.001.002.004', '', 'system/idMgr/init.jhtml', null, '0b99e9d118b54ee084d9e74bd72cdd1c', '1', '0', 'id.png', '1', '', null, '30'), ('82b07f82b98046028538e925f66794d1', '0.005.002', '', 'ss/checkjob/checkitem2/init.jhtml', '', '52bfff4fb4fd41488d5f7c09991e997f', '1', '0', '', '1', '', '', '200'), ('8472acca5a9e47348b7ab3d6ebf261b5', '0.005.005.003', '', 'ss/checkjob/job/initunfinishedjob.jhtml?', '', '9a68cc97425344cda05e551ae5ae66cb', '1', '0', '', '1', '', '', '300'), ('870c482cdb2e4c8aa373dcf447964284', '0.004.002.003.003', '', 'demo/grid/initEditGrid.jhtml', null, 'dbf75990cf784e79920caf7eb47856f6', '1', '0', null, '1', '', null, '30'), ('88bc371429ce4243a49c5893ae036f6a', '0.004.002.004', '', '', '', '6cab8b013c314b37aec7c4567d859fc8', '0', '0', '', '1', 'AOS UI', '', '40'), ('8b33d532b9184f39871a861ea6f8a318', '0.008.002', '', 'ss/temp/ent/init.jhtml', null, 'a59d840e88594f7b87b3f96d227d6707', '1', '0', null, '1', '', null, '1'), ('920fe6ba911148cd810ceca31ad9d54f', '0.010', '', 'ss/dashboard/init.jhtml', '', '2a4c060f44d944ea926fe44522ce7b39', '1', '0', 'bullet_group4.gif', '1', '', '', '1500'), ('921b5164722d43698abf970a92c628d1', '0.005.001', '', 'ss/checkjob/checkitem/init.jhtml', '', '52bfff4fb4fd41488d5f7c09991e997f', '1', '0', '', '1', '', '', '100'), ('97c8a95d0aa84d7cba2a8b536ba5326a', '0.004.002.001.002', '', 'demo/initForm2.jhtml', null, 'f73a952eefa2406c9327da6252c4ca79', '1', '0', null, '1', '', null, '2'), ('98d7e720b8524600844728bcb4f8d518', '0.005.005.004', '', 'ss/checkjob/job/initmycreatedjob.jhtml?', '', '9a68cc97425344cda05e551ae5ae66cb', '1', '0', '', '1', '', '', '200'), ('9a68cc97425344cda05e551ae5ae66cb', '0.005.005', '', '', '', '52bfff4fb4fd41488d5f7c09991e997f', '0', '0', '', '1', '', '', '500'), ('9a8e5cedcd514af2b37cf5828f509f94', '0.001.001.003', '', 'system/catalog/init.jhtml', null, '5fb994e71cb14a77891670990d7f554d', '1', '0', 'icon146.png', '1', '', null, '20'), ('9e4cf77815dd49fbac4158c62af3197a', '0.001.001.001', '', 'system/param/init.jhtml', null, '5fb994e71cb14a77891670990d7f554d', '1', '0', 'icon79.png', '1', '', null, '1'), ('a21b52d911bb44c2978e52bbc523de51', '0.001.004.002', '', 'workflow/procDeploy/init.jhtml', null, 'cfc4e4bd367047a29e0d72e688f860a2', '1', '0', 'modules_wizard.gif', '1', '', null, '10'), ('a27532c1cc8948e5b9bd7d8ac2e30a42', '0.004.002.006.001', '', '', '', 'f84a495bca10403ebe8351d4737dfc72', '1', '0', '', '1', '', '', '1'), ('a3791f2557354144b58bdcbbfa400e7e', '0.005.005.002', '', 'ss/checkjob/job/initfinishedjob.jhtml?', '', '9a68cc97425344cda05e551ae5ae66cb', '1', '0', '', '1', '', '', '400'), ('a4b0e8936806432181f60d53fc18e0a1', '0.011', '', null, null, '2a4c060f44d944ea926fe44522ce7b39', '0', '0', null, '1', '', null, '5000'), ('a4d2ef333e35476680786df9a89e200b', '0.004.002.004.001', '', 'demo/report/initReport1.jhtml', null, '88bc371429ce4243a49c5893ae036f6a', '1', '0', null, '1', '', null, '1'), ('a59d840e88594f7b87b3f96d227d6707', '0.008', '', null, null, '2a4c060f44d944ea926fe44522ce7b39', '0', '0', null, '1', '', null, '1'), ('b4485f8151ae4a7db09ee6cd70c5e24f', '0.004.003.003', '', 'demo/misc/initMisc3.jhtml', null, '33baf8c9948b47cfa54cd8d7a5e1753d', '1', '0', null, '1', '', null, '30'), ('b656d6afbbe844d0a6626d0eb590643f', '0.001.003', '', null, null, '7a6d3674e5204937951d01544e18e3aa', '0', '1', 'folder23.png', '1', '', null, '30'), ('ba90369eb83540bab4d9492bc17f0937', '0.001.004.005', '', 'workflow/procInst/init.jhtml', null, 'cfc4e4bd367047a29e0d72e688f860a2', '1', '0', 'icon5.png', '1', '', null, '30'), ('bc3c9877c598404da7e31355a4deebad', '0.001.008.002', 'WebSQL', 'system/webSql/init.jhtml', null, '524e5f5c3e5b4cdb90611cd8b15ca684', '1', '0', 'sql.png', '1', '', null, '10'), ('bd0a4ba6764d4d86883cfa7aa513315d', '0.006', '', '', '', '2a4c060f44d944ea926fe44522ce7b39', '0', '0', 'vcard.png', '1', '', '', '2000'), ('bf530e26480d43b08dd20e31e31274af', '0.001.003.006', '', 'system/role/init.jhtml', null, 'b656d6afbbe844d0a6626d0eb590643f', '1', '0', 'icon134.png', '1', '', null, '5'), ('c416f519d2b74cb39e0c4ace13e168d6', '0.008.004', '22', 'ss/temp/timeline/company.jhtml', null, 'a59d840e88594f7b87b3f96d227d6707', '1', '0', null, '1', '', null, '1'), ('cfc4e4bd367047a29e0d72e688f860a2', '0.001.004', '', '', '', '7a6d3674e5204937951d01544e18e3aa', '0', '0', 'folder24.png', '1', '', '', '40'), ('d452524058ff42cfb9e5146dacd0cd79', '0.001.006.002', '', null, null, '5b9a439743f141729f46a07e8e222a47', '1', '0', 'user20.png', '1', '', null, '20'), ('dbf75990cf784e79920caf7eb47856f6', '0.004.002.003', '', null, null, '6cab8b013c314b37aec7c4567d859fc8', '0', '1', null, '1', 'AOS UI', null, '30'), ('dc404d3ef1334c5ca18dd217e4f7e2f1', '0.005.006', '', 'ss/checkjob/result/init.jhtml', '', '52bfff4fb4fd41488d5f7c09991e997f', '1', '0', '', '1', '', '', '999'), ('dd2882255a2047c99e911ccd53d47bc5', '0.008.003', '', 'ss/temp/timeline/init.jhtml', '', 'a59d840e88594f7b87b3f96d227d6707', '1', '0', '', '1', '', '', '1'), ('e3e403f7b94247c7827d8f280f06b64d', '0.004.002.001.003', '', 'demo/initForm3.jhtml', null, 'f73a952eefa2406c9327da6252c4ca79', '1', '0', null, '1', '', null, '3'), ('e7bb35f24a634a759cef64d28411901f', '0.004.004.001', '', 'demo/procedure/init.jhtml', null, '3bb16fa3935c41bebe4d3fcf3c4ebd5c', '1', '0', null, '1', '', null, '10'), ('e9de0eacf61a4aa6b1ed0c210fc209fe', '0.004.004.003', '', 'demo/initShare.jhtml', null, '3bb16fa3935c41bebe4d3fcf3c4ebd5c', '1', '0', null, '1', '', null, '20'), ('f107450058a2438eb6ad9bf6a4d7e967', '0.001.001.002', '', 'system/dictionary/init.jhtml', null, '5fb994e71cb14a77891670990d7f554d', '1', '0', 'icon154.png', '1', '', null, '10'), ('f405a849f27d4ddebf7f8a2dfbf30bea', '0.001.002.001', '', 'system/module/init.jhtml', null, '0b99e9d118b54ee084d9e74bd72cdd1c', '1', '0', 'icon75.png', '1', '', null, '10'), ('f4768a44bc6a491bbac10d6f9710b8c6', '0.009.001', '', 'ss/checkjob/job/initunfinishedjob.jhtml?', '', '3dddb80dc030499c936c2ede4eaa3ab4', '1', '0', 'folder4.png', '1', '', '', '100'), ('f73a952eefa2406c9327da6252c4ca79', '0.004.002.001', '', '', '', '6cab8b013c314b37aec7c4567d859fc8', '0', '0', '', '1', 'AOS UI', '', '20'), ('f81608054a714b60adb0b1ed574c6b6c', '0.001.003.003', '', 'system/user/init.jhtml', null, 'b656d6afbbe844d0a6626d0eb590643f', '1', '0', 'user6.png', '1', '', null, '4'), ('f84a495bca10403ebe8351d4737dfc72', '0.004.002.006', '', '', '', '6cab8b013c314b37aec7c4567d859fc8', '0', '0', '', '1', 'AOS UI', '', '35'), ('fd88d0de59024e4db81ead8510b6bd98', '0.001.002.003', '', 'system/page/init.jhtml', null, '0b99e9d118b54ee084d9e74bd72cdd1c', '1', '0', 'icon59.png', '1', '', null, '20');
COMMIT;

-- ----------------------------
--  Table structure for `aos_sys_module_post`
-- ----------------------------
DROP TABLE IF EXISTS `aos_sys_module_post`;
CREATE TABLE `aos_sys_module_post` (
  `id_` varchar(64) NOT NULL COMMENT '',
  `post_id_` varchar(64) NOT NULL COMMENT '',
  `module_id_` varchar(64) NOT NULL COMMENT '',
  `grant_type_` varchar(255) NOT NULL COMMENT '()',
  `operate_time_` varchar(255) NOT NULL COMMENT '',
  `operator_id_` varchar(64) NOT NULL COMMENT '',
  PRIMARY KEY (`id_`),
  UNIQUE KEY `aos_sys_module_post_ukey` (`post_id_`,`module_id_`,`grant_type_`)
) ENGINE=InnoDB DEFAULT CHARSET=utf8 ROW_FORMAT=COMPACT COMMENT='-';

-- ----------------------------
--  Table structure for `aos_sys_module_role`
-- ----------------------------
DROP TABLE IF EXISTS `aos_sys_module_role`;
CREATE TABLE `aos_sys_module_role` (
  `id_` varchar(64) NOT NULL COMMENT '',
  `role_id_` varchar(64) NOT NULL COMMENT ' ',
  `module_id_` varchar(64) NOT NULL COMMENT '',
  `grant_type_` varchar(255) NOT NULL COMMENT '',
  `operate_time_` varchar(255) NOT NULL COMMENT '',
  `operator_id_` varchar(64) NOT NULL COMMENT '',
  PRIMARY KEY (`id_`),
  UNIQUE KEY `aos_sys_module_role_ukey` (`role_id_`,`module_id_`,`grant_type_`)
) ENGINE=InnoDB DEFAULT CHARSET=utf8 ROW_FORMAT=COMPACT COMMENT='-';

-- ----------------------------
--  Records of `aos_sys_module_role`
-- ----------------------------
BEGIN;
INSERT INTO `aos_sys_module_role` VALUES ('0188b1648ab74fbbae624dd477fa8fb0', 'db0517b284ae4ecebe4358cb9e9d6295', '2dd9dac74b064ea98f063265b642526d', '1', '2016-05-19 14:27:22', 'fa04db9dd2f54d61b0c8202a25de2dc6'), ('050d588d27f840b88ab0f66abab19ee1', 'cb9dea34a86043be875e1729bd87df32', 'f4768a44bc6a491bbac10d6f9710b8c6', '1', '2016-05-19 14:27:32', 'fa04db9dd2f54d61b0c8202a25de2dc6'), ('0d7757a39c0e465b80afc1130bdbf29f', '84f923b5e334498494eda38d8e86ef80', 'd452524058ff42cfb9e5146dacd0cd79', '1', '2016-03-23 02:32:47', 'fa04db9dd2f54d61b0c8202a25de2dc6'), ('0f96a976ce2f4e52bb3631e3ce9a475c', '84f923b5e334498494eda38d8e86ef80', '9a8e5cedcd514af2b37cf5828f509f94', '1', '2016-03-23 02:32:47', 'fa04db9dd2f54d61b0c8202a25de2dc6'), ('1bbb15f6d8284bd9a7bc64956dd06e58', 'db0517b284ae4ecebe4358cb9e9d6295', 'b656d6afbbe844d0a6626d0eb590643f', '1', '2016-05-19 14:27:22', 'fa04db9dd2f54d61b0c8202a25de2dc6'), ('1bcfe11693e3405fad8774dd223a5707', '9fc327f9d0a54c928d490dc38ce8fa49', '98d7e720b8524600844728bcb4f8d518', '1', '2016-05-19 14:27:42', 'fa04db9dd2f54d61b0c8202a25de2dc6'), ('1ce4ef624de4486989153a02b970bc3a', 'cb9dea34a86043be875e1729bd87df32', '2dd9dac74b064ea98f063265b642526d', '1', '2016-05-19 14:27:32', 'fa04db9dd2f54d61b0c8202a25de2dc6'), ('220ebf3cb98e4aa5ae94c9bff1714916', 'db0517b284ae4ecebe4358cb9e9d6295', '715f6cf8d2ce4fa694baf2259327f6b1', '1', '2016-05-19 14:27:22', 'fa04db9dd2f54d61b0c8202a25de2dc6'), ('2486d09ed38e4ebba88cf16bae2bc65f', '84f923b5e334498494eda38d8e86ef80', '9e4cf77815dd49fbac4158c62af3197a', '1', '2016-03-23 02:32:47', 'fa04db9dd2f54d61b0c8202a25de2dc6'), ('24f35d9f5c944a2cbe5152df6aeb5963', 'db0517b284ae4ecebe4358cb9e9d6295', '920fe6ba911148cd810ceca31ad9d54f', '1', '2016-05-19 14:27:22', 'fa04db9dd2f54d61b0c8202a25de2dc6'), ('271703d9917e4fa6b6d5999021bc37b1', '84f923b5e334498494eda38d8e86ef80', '2790bf6cc0b54c36b56c90429c112ab2', '1', '2016-03-23 02:32:47', 'fa04db9dd2f54d61b0c8202a25de2dc6'), ('2bf58bcd60b34807aba13371669cb665', '84f923b5e334498494eda38d8e86ef80', 'ba90369eb83540bab4d9492bc17f0937', '1', '2016-03-23 02:32:47', 'fa04db9dd2f54d61b0c8202a25de2dc6'), ('2ce2ac4ab1b8425f83e6ce7ed047ef33', 'cb9dea34a86043be875e1729bd87df32', '75df10afbf5249f6939a4507e055f055', '1', '2016-05-19 14:27:32', 'fa04db9dd2f54d61b0c8202a25de2dc6'), ('2d546a5234ac4daf912504aa557487a0', '84f923b5e334498494eda38d8e86ef80', '7a6d3674e5204937951d01544e18e3aa', '1', '2016-03-23 02:32:47', 'fa04db9dd2f54d61b0c8202a25de2dc6'), ('2dda088ca3a045f69b42b25e342abf63', '9fc327f9d0a54c928d490dc38ce8fa49', '52bfff4fb4fd41488d5f7c09991e997f', '1', '2016-05-19 14:27:42', 'fa04db9dd2f54d61b0c8202a25de2dc6'), ('335e5f0f821e4293b42270b7c7d7ddb0', '9fc327f9d0a54c928d490dc38ce8fa49', '2dd9dac74b064ea98f063265b642526d', '1', '2016-05-19 14:27:42', 'fa04db9dd2f54d61b0c8202a25de2dc6'), ('34a2b8a342284d0c8e81e2b26cec1dda', 'db0517b284ae4ecebe4358cb9e9d6295', '921b5164722d43698abf970a92c628d1', '1', '2016-05-19 14:27:22', 'fa04db9dd2f54d61b0c8202a25de2dc6'), ('390e1d2b66ac4b5f9ba42e51e1415006', '84f923b5e334498494eda38d8e86ef80', 'f405a849f27d4ddebf7f8a2dfbf30bea', '1', '2016-03-23 02:32:47', 'fa04db9dd2f54d61b0c8202a25de2dc6'), ('3a79eb5cfe2d4e79a4c77af692555305', '84f923b5e334498494eda38d8e86ef80', 'a21b52d911bb44c2978e52bbc523de51', '1', '2016-03-23 02:32:47', 'fa04db9dd2f54d61b0c8202a25de2dc6'), ('3e570a726a554571983f8e70cfe4c511', 'db0517b284ae4ecebe4358cb9e9d6295', '6b500915e65949639acbe8dd9b54adbc', '1', '2016-05-19 14:27:22', 'fa04db9dd2f54d61b0c8202a25de2dc6'), ('3e799489aae5437d98f997e1ef978f18', 'db0517b284ae4ecebe4358cb9e9d6295', 'a4b0e8936806432181f60d53fc18e0a1', '1', '2016-05-19 14:27:22', 'fa04db9dd2f54d61b0c8202a25de2dc6'), ('42f9477b1b2342729d27853e280ed5fa', 'db0517b284ae4ecebe4358cb9e9d6295', 'dc404d3ef1334c5ca18dd217e4f7e2f1', '1', '2016-05-19 14:27:22', 'fa04db9dd2f54d61b0c8202a25de2dc6'), ('43ca9c6089ef44428c1e103fe3f45456', 'db0517b284ae4ecebe4358cb9e9d6295', '3dddb80dc030499c936c2ede4eaa3ab4', '1', '2016-05-19 14:27:21', 'fa04db9dd2f54d61b0c8202a25de2dc6'), ('51214705b3a749f99b6b55ca2e9593dc', 'db0517b284ae4ecebe4358cb9e9d6295', '82b07f82b98046028538e925f66794d1', '1', '2016-05-19 14:27:22', 'fa04db9dd2f54d61b0c8202a25de2dc6'), ('51bf0f517fde4a98b31b989aea132087', '3eee65836a4e4d5a95b4935e04a9bf6c', '2a4c060f44d944ea926fe44522ce7b39', '1', '2016-05-19 08:53:25', 'fa04db9dd2f54d61b0c8202a25de2dc6'), ('5839a2d3d321433098a54e3cca04c4d6', '84f923b5e334498494eda38d8e86ef80', '1906d5a892654e2bb882851e0ea7322f', '1', '2016-03-23 02:32:47', 'fa04db9dd2f54d61b0c8202a25de2dc6'), ('5bb27b3e203c43e28a088e0f2d6cf33e', 'db0517b284ae4ecebe4358cb9e9d6295', '2a4c060f44d944ea926fe44522ce7b39', '1', '2016-05-19 14:27:21', 'fa04db9dd2f54d61b0c8202a25de2dc6'), ('60234d270be64501bad723d4bdbc4f9d', 'db0517b284ae4ecebe4358cb9e9d6295', 'f4768a44bc6a491bbac10d6f9710b8c6', '1', '2016-05-19 14:27:21', 'fa04db9dd2f54d61b0c8202a25de2dc6'), ('6909b8bf39ee4100a4c4958e976985e8', 'db0517b284ae4ecebe4358cb9e9d6295', '65320b914c18453f9ca0a84d3f8a0a7b', '1', '2016-05-19 14:27:22', 'fa04db9dd2f54d61b0c8202a25de2dc6'), ('693c037fab3848fb84372822c9dff565', 'cb9dea34a86043be875e1729bd87df32', '6b500915e65949639acbe8dd9b54adbc', '1', '2016-05-19 14:27:32', 'fa04db9dd2f54d61b0c8202a25de2dc6'), ('69e6336219be4d809e243039ab4523aa', '9fc327f9d0a54c928d490dc38ce8fa49', '3dddb80dc030499c936c2ede4eaa3ab4', '1', '2016-05-19 14:27:42', 'fa04db9dd2f54d61b0c8202a25de2dc6'), ('6c27a9d6735146ad9b154116efd757b8', '84f923b5e334498494eda38d8e86ef80', 'f107450058a2438eb6ad9bf6a4d7e967', '1', '2016-03-23 02:32:47', 'fa04db9dd2f54d61b0c8202a25de2dc6'), ('71c43c3068ca4fc28c9ebc8cd79a4a43', 'db0517b284ae4ecebe4358cb9e9d6295', 'bf530e26480d43b08dd20e31e31274af', '1', '2016-05-19 14:27:22', 'fa04db9dd2f54d61b0c8202a25de2dc6'), ('73232240556d42abab86f1a63304354e', 'cb9dea34a86043be875e1729bd87df32', '3dddb80dc030499c936c2ede4eaa3ab4', '1', '2016-05-19 14:27:32', 'fa04db9dd2f54d61b0c8202a25de2dc6'), ('7484d55043524284bb8dd8d5984c9081', 'db0517b284ae4ecebe4358cb9e9d6295', '75df10afbf5249f6939a4507e055f055', '1', '2016-05-19 14:27:22', 'fa04db9dd2f54d61b0c8202a25de2dc6'), ('75bf2c9a3e904515b9067aeb58fb4fdd', '84f923b5e334498494eda38d8e86ef80', 'b656d6afbbe844d0a6626d0eb590643f', '1', '2016-03-23 02:32:47', 'fa04db9dd2f54d61b0c8202a25de2dc6'), ('77bd0a1ccd614116b13cc2320fe30cda', '84f923b5e334498494eda38d8e86ef80', 'bf530e26480d43b08dd20e31e31274af', '1', '2016-03-23 02:32:47', 'fa04db9dd2f54d61b0c8202a25de2dc6'), ('77d8a94836b24119aebcdd6fc70324da', '9fc327f9d0a54c928d490dc38ce8fa49', '82b07f82b98046028538e925f66794d1', '1', '2016-05-19 14:27:42', 'fa04db9dd2f54d61b0c8202a25de2dc6'), ('784c692cc819474bbbec26ac5cba54e6', '84f923b5e334498494eda38d8e86ef80', '619cb338b278406f8368471034d5946f', '1', '2016-03-23 02:32:47', 'fa04db9dd2f54d61b0c8202a25de2dc6'), ('7c2b2130d71e44c1828df1461fc9903e', 'cb9dea34a86043be875e1729bd87df32', '98d7e720b8524600844728bcb4f8d518', '1', '2016-05-19 14:27:32', 'fa04db9dd2f54d61b0c8202a25de2dc6'), ('7e262d9ecd424de28d2dc7796bb29bad', 'cb9dea34a86043be875e1729bd87df32', '9a68cc97425344cda05e551ae5ae66cb', '1', '2016-05-19 14:27:32', 'fa04db9dd2f54d61b0c8202a25de2dc6'), ('80488d5c34ca4803b46280d1218a73b0', '3eee65836a4e4d5a95b4935e04a9bf6c', 'f4768a44bc6a491bbac10d6f9710b8c6', '1', '2016-05-19 08:53:25', 'fa04db9dd2f54d61b0c8202a25de2dc6'), ('873ea12392844e519cbae489f4db8744', 'cb9dea34a86043be875e1729bd87df32', 'bd0a4ba6764d4d86883cfa7aa513315d', '1', '2016-05-19 14:27:32', 'fa04db9dd2f54d61b0c8202a25de2dc6'), ('88fd14c9fefb488daf28be9080c94d73', '84f923b5e334498494eda38d8e86ef80', '5b9a439743f141729f46a07e8e222a47', '1', '2016-03-23 02:32:47', 'fa04db9dd2f54d61b0c8202a25de2dc6'), ('8c63d15784bc4cdcab64c4e67596568b', 'db0517b284ae4ecebe4358cb9e9d6295', 'a3791f2557354144b58bdcbbfa400e7e', '1', '2016-05-19 14:27:22', 'fa04db9dd2f54d61b0c8202a25de2dc6'), ('945d429916a24f0bbfb6f9f55cb0e776', '9fc327f9d0a54c928d490dc38ce8fa49', 'bd0a4ba6764d4d86883cfa7aa513315d', '1', '2016-05-19 14:27:42', 'fa04db9dd2f54d61b0c8202a25de2dc6'), ('950d91e5479b40b3baafbb4cdb36de04', 'db0517b284ae4ecebe4358cb9e9d6295', '645419cf0e1c4ea6b3b8945e5338ad58', '1', '2016-05-19 14:27:22', 'fa04db9dd2f54d61b0c8202a25de2dc6'), ('9e7d876cd465486a94c8df7e5855a226', '84f923b5e334498494eda38d8e86ef80', '65320b914c18453f9ca0a84d3f8a0a7b', '1', '2016-03-23 02:32:47', 'fa04db9dd2f54d61b0c8202a25de2dc6'), ('9eefec427e864a52baaebde5dfe87402', '9fc327f9d0a54c928d490dc38ce8fa49', '647ebc4423a2409dbc3d1c91d43cdcda', '1', '2016-05-19 14:27:42', 'fa04db9dd2f54d61b0c8202a25de2dc6'), ('a03c228b2cf741c88a68d4d5974e26d1', '9fc327f9d0a54c928d490dc38ce8fa49', '8472acca5a9e47348b7ab3d6ebf261b5', '1', '2016-05-19 14:27:42', 'fa04db9dd2f54d61b0c8202a25de2dc6'), ('a6d628138692486eab05c5e0cb76bf7f', 'cb9dea34a86043be875e1729bd87df32', '82b07f82b98046028538e925f66794d1', '1', '2016-05-19 14:27:32', 'fa04db9dd2f54d61b0c8202a25de2dc6'), ('a86a62045bcd422882ea00c2895016fe', 'cb9dea34a86043be875e1729bd87df32', 'a4b0e8936806432181f60d53fc18e0a1', '1', '2016-05-19 14:27:32', 'fa04db9dd2f54d61b0c8202a25de2dc6'), ('a8804d424d4640ce88ac439fd31f0eb4', 'db0517b284ae4ecebe4358cb9e9d6295', '52bfff4fb4fd41488d5f7c09991e997f', '1', '2016-05-19 14:27:22', 'fa04db9dd2f54d61b0c8202a25de2dc6'), ('a8ee27e30e4741cea60adff17e8f2df4', '9fc327f9d0a54c928d490dc38ce8fa49', '9a68cc97425344cda05e551ae5ae66cb', '1', '2016-05-19 14:27:42', 'fa04db9dd2f54d61b0c8202a25de2dc6'), ('a9bfdc9f68b8480e83304b68e728aab2', '84f923b5e334498494eda38d8e86ef80', 'fd88d0de59024e4db81ead8510b6bd98', '1', '2016-03-23 02:32:47', 'fa04db9dd2f54d61b0c8202a25de2dc6'), ('a9cc960d203c4dedb735b77c6c2e98ef', 'db0517b284ae4ecebe4358cb9e9d6295', 'f81608054a714b60adb0b1ed574c6b6c', '1', '2016-05-19 14:27:22', 'fa04db9dd2f54d61b0c8202a25de2dc6'), ('a9fc257206c243e29ac58a2d35e8c13f', '84f923b5e334498494eda38d8e86ef80', '2a4c060f44d944ea926fe44522ce7b39', '1', '2016-03-23 02:32:47', 'fa04db9dd2f54d61b0c8202a25de2dc6'), ('aeaa0615d8cd4feeacdaf9ab9b0a6fd4', 'cb9dea34a86043be875e1729bd87df32', '920fe6ba911148cd810ceca31ad9d54f', '1', '2016-05-19 14:27:32', 'fa04db9dd2f54d61b0c8202a25de2dc6'), ('b25a6d3f659443f290a107556d75cc5f', 'cb9dea34a86043be875e1729bd87df32', '645419cf0e1c4ea6b3b8945e5338ad58', '1', '2016-05-19 14:27:32', 'fa04db9dd2f54d61b0c8202a25de2dc6'), ('b43b4b15f2374cd8bfe882b141e94d8b', '84f923b5e334498494eda38d8e86ef80', '0b99e9d118b54ee084d9e74bd72cdd1c', '1', '2016-03-23 02:32:47', 'fa04db9dd2f54d61b0c8202a25de2dc6'), ('bd2126707c7b4c00908a994704c741e0', 'cb9dea34a86043be875e1729bd87df32', 'a3791f2557354144b58bdcbbfa400e7e', '1', '2016-05-19 14:27:32', 'fa04db9dd2f54d61b0c8202a25de2dc6'), ('c102c61185e0432bb551745ea22d9700', '84f923b5e334498494eda38d8e86ef80', '81fc0e05049e467d976ec523182421f2', '1', '2016-03-23 02:32:47', 'fa04db9dd2f54d61b0c8202a25de2dc6'), ('c28d9a85f2934a0ca7c04d16e20a031c', 'db0517b284ae4ecebe4358cb9e9d6295', '3b41af04060b414d85a05655b76801a3', '1', '2016-05-19 14:27:22', 'fa04db9dd2f54d61b0c8202a25de2dc6'), ('c5c2913652994b1dacf9ad6c2b2a1c81', '9fc327f9d0a54c928d490dc38ce8fa49', 'f81608054a714b60adb0b1ed574c6b6c', '1', '2016-05-19 14:27:42', 'fa04db9dd2f54d61b0c8202a25de2dc6'), ('c774c855900c41cbb8e431aa6e78c863', 'cb9dea34a86043be875e1729bd87df32', '2a4c060f44d944ea926fe44522ce7b39', '1', '2016-05-19 14:27:32', 'fa04db9dd2f54d61b0c8202a25de2dc6'), ('cf9396d2874941c2be039661637fb3d3', '9fc327f9d0a54c928d490dc38ce8fa49', '2a4c060f44d944ea926fe44522ce7b39', '1', '2016-05-19 14:27:42', 'fa04db9dd2f54d61b0c8202a25de2dc6'), ('d1a975c7b7d54f9cae96eda45b3770e1', 'cb9dea34a86043be875e1729bd87df32', '52bfff4fb4fd41488d5f7c09991e997f', '1', '2016-05-19 14:27:32', 'fa04db9dd2f54d61b0c8202a25de2dc6'), ('d560c034735d497f8796d3a04fe2c409', '9fc327f9d0a54c928d490dc38ce8fa49', 'b656d6afbbe844d0a6626d0eb590643f', '1', '2016-05-19 14:27:42', 'fa04db9dd2f54d61b0c8202a25de2dc6'), ('d779a0d3cd01421c8e7dadeb7ed8999a', '9fc327f9d0a54c928d490dc38ce8fa49', '645419cf0e1c4ea6b3b8945e5338ad58', '1', '2016-05-19 14:27:42', 'fa04db9dd2f54d61b0c8202a25de2dc6'), ('d847f8e4b85e4c7493d90f3315215e4f', '9fc327f9d0a54c928d490dc38ce8fa49', '50d7cd80f5854637a576aa95839488e9', '1', '2016-05-19 14:27:42', 'fa04db9dd2f54d61b0c8202a25de2dc6'), ('d8986d30483d4fccbc9ca73a2d02ecd1', 'db0517b284ae4ecebe4358cb9e9d6295', '1886bf699ec74f79959bdc8ca8e5371a', '1', '2016-05-19 14:27:22', 'fa04db9dd2f54d61b0c8202a25de2dc6'), ('d963ae8247cf4642a0be0fed1f29e01f', 'db0517b284ae4ecebe4358cb9e9d6295', '9a68cc97425344cda05e551ae5ae66cb', '1', '2016-05-19 14:27:22', 'fa04db9dd2f54d61b0c8202a25de2dc6'), ('dbba3e637e2a40788f9879049dbf6f7e', 'db0517b284ae4ecebe4358cb9e9d6295', '8472acca5a9e47348b7ab3d6ebf261b5', '1', '2016-05-19 14:27:22', 'fa04db9dd2f54d61b0c8202a25de2dc6'), ('e2f388c27bd4484aa3e1ba31e2015694', 'db0517b284ae4ecebe4358cb9e9d6295', 'bd0a4ba6764d4d86883cfa7aa513315d', '1', '2016-05-19 14:27:22', 'fa04db9dd2f54d61b0c8202a25de2dc6'), ('e7119468622c4b22b672060e26653a93', '84f923b5e334498494eda38d8e86ef80', '715f6cf8d2ce4fa694baf2259327f6b1', '1', '2016-03-23 02:32:47', 'fa04db9dd2f54d61b0c8202a25de2dc6'), ('e92eb76ccd2b4f47978be188b68c2081', '9fc327f9d0a54c928d490dc38ce8fa49', 'a3791f2557354144b58bdcbbfa400e7e', '1', '2016-05-19 14:27:42', 'fa04db9dd2f54d61b0c8202a25de2dc6'), ('ea2594b1b19a45698ac2ff9b5aa59f48', 'cb9dea34a86043be875e1729bd87df32', '3b41af04060b414d85a05655b76801a3', '1', '2016-05-19 14:27:32', 'fa04db9dd2f54d61b0c8202a25de2dc6'), ('ec5392e974ea4da48a745a61b099a1eb', '84f923b5e334498494eda38d8e86ef80', '1886bf699ec74f79959bdc8ca8e5371a', '1', '2016-03-23 02:32:47', 'fa04db9dd2f54d61b0c8202a25de2dc6'), ('ecc9b853a25c41cda37b637b2849d779', 'cb9dea34a86043be875e1729bd87df32', '8472acca5a9e47348b7ab3d6ebf261b5', '1', '2016-05-19 14:27:32', 'fa04db9dd2f54d61b0c8202a25de2dc6'), ('ed19957898e1403a86df1c4d63ec98ba', '3eee65836a4e4d5a95b4935e04a9bf6c', '3dddb80dc030499c936c2ede4eaa3ab4', '1', '2016-05-19 08:53:25', 'fa04db9dd2f54d61b0c8202a25de2dc6'), ('ee6d97b75dd54231b7fae8dc04b0d896', '9fc327f9d0a54c928d490dc38ce8fa49', '7a6d3674e5204937951d01544e18e3aa', '1', '2016-05-19 14:27:42', 'fa04db9dd2f54d61b0c8202a25de2dc6'), ('ef2ca3c3fcb04fa0a4883636f32abb55', '9fc327f9d0a54c928d490dc38ce8fa49', 'bf530e26480d43b08dd20e31e31274af', '1', '2016-05-19 14:27:42', 'fa04db9dd2f54d61b0c8202a25de2dc6'), ('f04151346df64002bdb5a5af542540b1', '84f923b5e334498494eda38d8e86ef80', '5fb994e71cb14a77891670990d7f554d', '1', '2016-03-23 02:32:47', 'fa04db9dd2f54d61b0c8202a25de2dc6'), ('f1559c0cce8344d2b63b87bb9ac4c342', 'db0517b284ae4ecebe4358cb9e9d6295', '5b9a439743f141729f46a07e8e222a47', '1', '2016-05-19 14:27:22', 'fa04db9dd2f54d61b0c8202a25de2dc6'), ('f1a76db90f7e4881b848dc9bbe4b9864', '84f923b5e334498494eda38d8e86ef80', 'cfc4e4bd367047a29e0d72e688f860a2', '1', '2016-03-23 02:32:47', 'fa04db9dd2f54d61b0c8202a25de2dc6'), ('f2841eaa505d442bb608f79184429bd4', 'cb9dea34a86043be875e1729bd87df32', 'dc404d3ef1334c5ca18dd217e4f7e2f1', '1', '2016-05-19 14:27:32', 'fa04db9dd2f54d61b0c8202a25de2dc6'), ('f3ac8869c46c4ecb9a59f5375f777f55', '9fc327f9d0a54c928d490dc38ce8fa49', 'f4768a44bc6a491bbac10d6f9710b8c6', '1', '2016-05-19 14:27:42', 'fa04db9dd2f54d61b0c8202a25de2dc6'), ('f3c0946492b44acbb328987f382aad29', '84f923b5e334498494eda38d8e86ef80', '524e5f5c3e5b4cdb90611cd8b15ca684', '1', '2016-03-23 02:32:47', 'fa04db9dd2f54d61b0c8202a25de2dc6'), ('f4ab0bb38c6d497ca676093146144473', '84f923b5e334498494eda38d8e86ef80', 'bc3c9877c598404da7e31355a4deebad', '1', '2016-03-23 02:32:47', 'fa04db9dd2f54d61b0c8202a25de2dc6'), ('f636f65c00b5463bb75b043f1dc6ee4f', '84f923b5e334498494eda38d8e86ef80', 'f81608054a714b60adb0b1ed574c6b6c', '1', '2016-03-23 02:32:47', 'fa04db9dd2f54d61b0c8202a25de2dc6'), ('f7c1380d52504ed58b8f6d19d60736d6', 'db0517b284ae4ecebe4358cb9e9d6295', '98d7e720b8524600844728bcb4f8d518', '1', '2016-05-19 14:27:22', 'fa04db9dd2f54d61b0c8202a25de2dc6'), ('ff7ecca1769e4c09b42371e998ea7023', 'db0517b284ae4ecebe4358cb9e9d6295', '7a6d3674e5204937951d01544e18e3aa', '1', '2016-05-19 14:27:22', 'fa04db9dd2f54d61b0c8202a25de2dc6');
COMMIT;

-- ----------------------------
--  Table structure for `aos_sys_module_user`
-- ----------------------------
DROP TABLE IF EXISTS `aos_sys_module_user`;
CREATE TABLE `aos_sys_module_user` (
  `id_` varchar(64) NOT NULL COMMENT '',
  `user_id_` varchar(64) NOT NULL COMMENT ' ',
  `module_id_` varchar(64) NOT NULL COMMENT '',
  `grant_type_` varchar(255) NOT NULL COMMENT '',
  `operate_time_` varchar(255) NOT NULL COMMENT '',
  `operator_id_` varchar(64) NOT NULL COMMENT '',
  PRIMARY KEY (`id_`),
  UNIQUE KEY `aos_sys_module_user_ukey` (`user_id_`,`module_id_`,`grant_type_`)
) ENGINE=InnoDB DEFAULT CHARSET=utf8 ROW_FORMAT=COMPACT COMMENT='-';

-- ----------------------------
--  Records of `aos_sys_module_user`
-- ----------------------------
BEGIN;
INSERT INTO `aos_sys_module_user` VALUES ('c0d40a9f899b463c986a822b4969c7d2', 'c321c891521446bdac49ae2bb29d7a00', '2a4c060f44d944ea926fe44522ce7b39', '1', '2016-03-23 16:14:04', 'fa04db9dd2f54d61b0c8202a25de2dc6'), ('ce73653a710344c69da7b387b149a198', 'c321c891521446bdac49ae2bb29d7a00', 'bd0a4ba6764d4d86883cfa7aa513315d', '1', '2016-03-23 16:14:04', 'fa04db9dd2f54d61b0c8202a25de2dc6'), ('f3b97bd4ae7d457da59c50f8462e21b9', 'c321c891521446bdac49ae2bb29d7a00', '75df10afbf5249f6939a4507e055f055', '1', '2016-03-23 16:14:04', 'fa04db9dd2f54d61b0c8202a25de2dc6');
COMMIT;

-- ----------------------------
--  Table structure for `aos_sys_module_user_nav`
-- ----------------------------
DROP TABLE IF EXISTS `aos_sys_module_user_nav`;
CREATE TABLE `aos_sys_module_user_nav` (
  `id_` varchar(64) NOT NULL COMMENT '',
  `module_id_` varchar(64) NOT NULL COMMENT '',
  `user_id_` varchar(64) NOT NULL COMMENT '',
  `nav_icon_` varchar(255) DEFAULT NULL COMMENT '',
  `type_` varchar(255) NOT NULL COMMENT '',
  `sort_no_` int(10) DEFAULT NULL COMMENT '',
  PRIMARY KEY (`id_`),
  UNIQUE KEY `aos_sys_module_user_nav_ukey` (`module_id_`,`user_id_`,`type_`)
) ENGINE=InnoDB DEFAULT CHARSET=utf8 ROW_FORMAT=COMPACT COMMENT='-(|)';

-- ----------------------------
--  Records of `aos_sys_module_user_nav`
-- ----------------------------
BEGIN;
INSERT INTO `aos_sys_module_user_nav` VALUES ('069b1267b4fe4b9889a949769cb984d8', '98d7e720b8524600844728bcb4f8d518', 'e470153e65ff4acf84ef6bba89290519', null, '1', null), ('0a6bb4844863456ebe7d15df14fc719c', 'dc404d3ef1334c5ca18dd217e4f7e2f1', 'fa04db9dd2f54d61b0c8202a25de2dc6', null, '1', null), ('0dff8bc99dbf4092ab3d9332768bc116', '921b5164722d43698abf970a92c628d1', 'c4db76be7dd94f95b5213b885f919cba', null, '1', null), ('0f37be2ab99f4f05b6d683a1cef4df44', '82b07f82b98046028538e925f66794d1', '5f6b500ffdf642349a1b46203c147ee0', null, '1', null), ('0f8eab3a36ae43beb97a0b39d49830a1', 'bd0a4ba6764d4d86883cfa7aa513315d', '5f6b500ffdf642349a1b46203c147ee0', null, '1', null), ('0f9873c57552450692a4d3ba8f0dd78c', '8472acca5a9e47348b7ab3d6ebf261b5', 'e470153e65ff4acf84ef6bba89290519', null, '1', null), ('13848d731dbf4fe081c70e36a78f61ce', 'a3791f2557354144b58bdcbbfa400e7e', 'c4db76be7dd94f95b5213b885f919cba', null, '1', null), ('217a3a8e9db14937bc669c9c0987a953', '82b07f82b98046028538e925f66794d1', 'fa04db9dd2f54d61b0c8202a25de2dc6', null, '1', null), ('246e98a5e8db4fd49b08b6f8cf64bb19', 'bd0a4ba6764d4d86883cfa7aa513315d', 'fa04db9dd2f54d61b0c8202a25de2dc6', null, '1', null), ('28bf9f66ef914ccaa550b447164ff6de', '52bfff4fb4fd41488d5f7c09991e997f', 'c4db76be7dd94f95b5213b885f919cba', null, '1', null), ('363037cd4bd44ae39331085fd6f731eb', '7e6951e668be44b39fb9f9fd20b21315', 'fa04db9dd2f54d61b0c8202a25de2dc6', null, '1', null), ('371b4b1cb69649cd980753cbdcf89a0e', 'f4768a44bc6a491bbac10d6f9710b8c6', 'c4db76be7dd94f95b5213b885f919cba', null, '1', null), ('3c90885b19ae4787bf2b0bcd7e5df400', '645419cf0e1c4ea6b3b8945e5338ad58', 'c4db76be7dd94f95b5213b885f919cba', null, '1', null), ('3e02a05e55e4453f8ebdfc77c9ae9d7d', 'a59d840e88594f7b87b3f96d227d6707', 'fa04db9dd2f54d61b0c8202a25de2dc6', null, '1', null), ('528d6e76b8334fcc901cf4849c690b87', '6b500915e65949639acbe8dd9b54adbc', 'c4db76be7dd94f95b5213b885f919cba', null, '1', null), ('53b89a5dc9ba4e57ac286a988261ec3d', '9a68cc97425344cda05e551ae5ae66cb', 'e470153e65ff4acf84ef6bba89290519', null, '1', null), ('5ac9d58ebbec491aab0e05d053fabb21', '2a4c060f44d944ea926fe44522ce7b39', 'fa04db9dd2f54d61b0c8202a25de2dc6', null, '1', null), ('664086bde26547a291d92888c51e14bd', '52bfff4fb4fd41488d5f7c09991e997f', '5f6b500ffdf642349a1b46203c147ee0', null, '1', null), ('70d1d88d8db1470dadc092515f7e694a', 'c416f519d2b74cb39e0c4ace13e168d6', 'fa04db9dd2f54d61b0c8202a25de2dc6', null, '1', null), ('7269da5e43014b98bb268ac0ae0d3b7f', '647ebc4423a2409dbc3d1c91d43cdcda', '5f6b500ffdf642349a1b46203c147ee0', null, '1', null), ('7532d48a4ae34b578a5eec24ef15e5a3', '920fe6ba911148cd810ceca31ad9d54f', 'c4db76be7dd94f95b5213b885f919cba', null, '1', null), ('7b1de12af9a54da49904ce0e01f7e2ba', '647ebc4423a2409dbc3d1c91d43cdcda', 'fa04db9dd2f54d61b0c8202a25de2dc6', null, '1', null), ('7b621fd8a57f43dcadfb70dd8bfd2551', '98d7e720b8524600844728bcb4f8d518', 'c4db76be7dd94f95b5213b885f919cba', null, '1', null), ('7c71fc53be2142f2958d56317b67bc11', 'dc404d3ef1334c5ca18dd217e4f7e2f1', 'c4db76be7dd94f95b5213b885f919cba', null, '1', null), ('7ea0e1eb288f48f5a3faba7e8871e8e0', '82b07f82b98046028538e925f66794d1', 'c4db76be7dd94f95b5213b885f919cba', null, '1', null), ('8012b2caa81941a1813b89cb654633ce', 'bf530e26480d43b08dd20e31e31274af', 'c4db76be7dd94f95b5213b885f919cba', null, '1', null), ('80f45368327c4c03ae00461416bb0778', '75df10afbf5249f6939a4507e055f055', 'c4db76be7dd94f95b5213b885f919cba', null, '1', null), ('83d730c404884959b78e72f3e44d0d7a', '2a4c060f44d944ea926fe44522ce7b39', 'e470153e65ff4acf84ef6bba89290519', null, '1', null), ('89483e66a8e04855af7ef7b4d12f1727', '6e10c86d1885434e80e6dfa0953e307d', 'fa04db9dd2f54d61b0c8202a25de2dc6', null, '1', null), ('8af365d1ea364a209fbca7a76999e739', '56fcae7c948043e3a6ba6f9ab56aaccd', 'fa04db9dd2f54d61b0c8202a25de2dc6', null, '1', null), ('8d8a9ef7b00d4d2fb118b72fac02b2bc', '50d7cd80f5854637a576aa95839488e9', 'fa04db9dd2f54d61b0c8202a25de2dc6', null, '1', null), ('9fe8f9751dee41f98c9e05ddf163de8a', 'a3791f2557354144b58bdcbbfa400e7e', 'e470153e65ff4acf84ef6bba89290519', null, '1', null), ('a751f19211e14def9004dd4ab677809f', '50d7cd80f5854637a576aa95839488e9', '5f6b500ffdf642349a1b46203c147ee0', null, '1', null), ('aa5097d864e048d5b048164664a10974', '2dd9dac74b064ea98f063265b642526d', 'e470153e65ff4acf84ef6bba89290519', null, '1', null), ('aa62bb86d729433aa8e46e6e0d99826d', 'b656d6afbbe844d0a6626d0eb590643f', 'c4db76be7dd94f95b5213b885f919cba', null, '1', null), ('b4087f644bcb4d1899871967ce8aaefa', '3dddb80dc030499c936c2ede4eaa3ab4', 'c4db76be7dd94f95b5213b885f919cba', null, '1', null), ('b8e9c7e041d547168031186209197988', '52bfff4fb4fd41488d5f7c09991e997f', 'e470153e65ff4acf84ef6bba89290519', null, '1', null), ('baafea8c21f948059b950b9740e1af99', '52bfff4fb4fd41488d5f7c09991e997f', 'fa04db9dd2f54d61b0c8202a25de2dc6', null, '1', null), ('c0b448cb672c4c0caa7829f6f184d46f', '33baf8c9948b47cfa54cd8d7a5e1753d', 'fa04db9dd2f54d61b0c8202a25de2dc6', null, '1', null), ('c6dd25d7244b49ceb13297e3b0b20e06', '7a6d3674e5204937951d01544e18e3aa', 'fa04db9dd2f54d61b0c8202a25de2dc6', null, '1', null), ('c81c3c41339a4d3399911763ee9fa159', '2a4c060f44d944ea926fe44522ce7b39', 'c4db76be7dd94f95b5213b885f919cba', null, '1', null), ('ce0b78a3f86a4a498ed01846c82f5b6f', '75df10afbf5249f6939a4507e055f055', 'fa04db9dd2f54d61b0c8202a25de2dc6', null, '1', null), ('d64cc506351a4851b7b9244df3d68bfe', 'a4b0e8936806432181f60d53fc18e0a1', 'c4db76be7dd94f95b5213b885f919cba', null, '1', null), ('d84744efa4134ae4a3842d0363ee217b', '9a68cc97425344cda05e551ae5ae66cb', 'c4db76be7dd94f95b5213b885f919cba', null, '1', null), ('d91d8a7c77af40df8082b0fb1c4e9f59', '2a4c060f44d944ea926fe44522ce7b39', '5f6b500ffdf642349a1b46203c147ee0', null, '1', null), ('e073c08dc14f4bc19d253b6b67671180', 'dd2882255a2047c99e911ccd53d47bc5', 'fa04db9dd2f54d61b0c8202a25de2dc6', null, '1', null), ('e539a5ff42b545d6b4ca28766acccc71', '3b41af04060b414d85a05655b76801a3', 'c4db76be7dd94f95b5213b885f919cba', null, '1', null), ('e6a87cab16e1411891d6fdd57abc3cb0', '8472acca5a9e47348b7ab3d6ebf261b5', 'c4db76be7dd94f95b5213b885f919cba', null, '1', null), ('e8f49a48882847be946c3d94959364ad', '645419cf0e1c4ea6b3b8945e5338ad58', 'fa04db9dd2f54d61b0c8202a25de2dc6', null, '1', null), ('f1edd73234e44eada4400e2330cc797a', 'bd0a4ba6764d4d86883cfa7aa513315d', 'c4db76be7dd94f95b5213b885f919cba', null, '1', null), ('f5ef82d9920b4636950af8b2d04da3f8', '0b99e9d118b54ee084d9e74bd72cdd1c', 'fa04db9dd2f54d61b0c8202a25de2dc6', null, '1', null), ('f6424fa67d454ff6b53671d58834842c', '921b5164722d43698abf970a92c628d1', 'fa04db9dd2f54d61b0c8202a25de2dc6', null, '1', null), ('f948ea0c8b414f1a81015c8a68914949', '645419cf0e1c4ea6b3b8945e5338ad58', '5f6b500ffdf642349a1b46203c147ee0', null, '1', null), ('fa6d10cad0a54669be0add2df5c791bf', '7a6d3674e5204937951d01544e18e3aa', 'c4db76be7dd94f95b5213b885f919cba', null, '1', null), ('fb181460ba7e488a8ad3a92fa54d2518', '2dd9dac74b064ea98f063265b642526d', 'c4db76be7dd94f95b5213b885f919cba', null, '1', null), ('fb60d51c305144089ba35d7c168fde91', 'f405a849f27d4ddebf7f8a2dfbf30bea', 'fa04db9dd2f54d61b0c8202a25de2dc6', null, '1', null), ('fceaed23db6a429591f51abb7d215355', '65320b914c18453f9ca0a84d3f8a0a7b', 'c4db76be7dd94f95b5213b885f919cba', null, '1', null), ('fd6de83e1e2b4b4f911da9dd0fe1f023', '6b500915e65949639acbe8dd9b54adbc', 'fa04db9dd2f54d61b0c8202a25de2dc6', null, '1', null);
COMMIT;

-- ----------------------------
--  Table structure for `aos_sys_org`
-- ----------------------------
DROP TABLE IF EXISTS `aos_sys_org`;
CREATE TABLE `aos_sys_org` (
  `id_` varchar(64) NOT NULL COMMENT '',
  `cascade_id_` varchar(255) DEFAULT NULL COMMENT 'ID',
  `name_` varchar(255) DEFAULT NULL COMMENT '',
  `hotkey_` varchar(255) DEFAULT NULL COMMENT '',
  `parent_id_` varchar(64) DEFAULT NULL COMMENT '',
  `pareant_name_` varchar(255) DEFAULT NULL COMMENT '',
  `is_leaf_` varchar(255) DEFAULT '1' COMMENT '',
  `is_auto_expand_` varchar(255) DEFAULT '0' COMMENT '',
  `icon_name_` varchar(255) DEFAULT NULL COMMENT '',
  `status_` varchar(255) DEFAULT '1' COMMENT '',
  `type_` varchar(255) DEFAULT NULL COMMENT '',
  `biz_code_` varchar(255) DEFAULT NULL COMMENT '',
  `custom_code_` varchar(4000) DEFAULT NULL COMMENT '',
  `create_time_` varchar(255) DEFAULT NULL COMMENT '',
  `creater_id_` varchar(64) DEFAULT NULL COMMENT 'ID',
  `sort_no_` int(10) DEFAULT NULL COMMENT '',
  PRIMARY KEY (`id_`)
) ENGINE=InnoDB DEFAULT CHARSET=utf8 ROW_FORMAT=COMPACT COMMENT='';

-- ----------------------------
--  Records of `aos_sys_org`
-- ----------------------------
BEGIN;
INSERT INTO `aos_sys_org` VALUES ('0037e1a97e554373a681969531f0382b', '0.007.001.002', '', '', 'be742f86c9914e7b83bfb531c2e693df', '', '1', '0', '', '1', '1', '', '', '2016-03-23 05:49:54', 'fa04db9dd2f54d61b0c8202a25de2dc6', '1040'), ('00a6355517874ab9ac9c89184d438124', '0.008.001', '', null, 'f8137a322da24a778140d4506f9c366b', '', '1', '0', null, '1', null, null, null, null, null, null), ('02dba066a2894ac08fafe0dc599caba2', '0.008.002', '', null, 'f8137a322da24a778140d4506f9c366b', '', '1', '0', null, '1', null, null, null, null, null, null), ('03aa6e8bddce4f1599c9f7fb396fb12f', '0.008.003', '', null, 'f8137a322da24a778140d4506f9c366b', '', '1', '0', null, '1', null, null, null, null, null, null), ('044f8f34dbdd40b493a628fd793fd326', '0.008.004', '', null, 'f8137a322da24a778140d4506f9c366b', '', '1', '0', null, '1', null, null, null, null, null, null), ('0899cc0f92be4db4ab73404490c12227', '0.008.005', '', null, 'f8137a322da24a778140d4506f9c366b', '', '1', '0', null, '1', null, null, null, null, null, null), ('090c7dbb01024860aed348fe6fa5d6aa', '0.008.006', '', null, 'f8137a322da24a778140d4506f9c366b', '', '1', '0', null, '1', null, null, null, null, null, null), ('0943139299784dfa951b4af898a1958e', '0.008.007', '', null, 'f8137a322da24a778140d4506f9c366b', '', '1', '0', null, '1', null, null, null, null, null, null), ('10605b3006ce4a8fb39d5b228b3a71c8', '0.008.008', '', null, 'f8137a322da24a778140d4506f9c366b', '', '1', '0', null, '1', null, null, null, null, null, null), ('111d1124937e4fc78b975ce58298e09c', '0.008.009', '', null, 'f8137a322da24a778140d4506f9c366b', '', '1', '0', null, '1', null, null, null, null, null, null), ('1514950998944c82a8baad6189155f3d', '0.008.010', '', null, 'f8137a322da24a778140d4506f9c366b', '', '1', '0', null, '1', null, null, null, null, null, null), ('179d186fcfd2406cb0efc33d8b6497ef', '0.008.011', '', null, 'f8137a322da24a778140d4506f9c366b', '', '1', '0', null, '1', null, null, null, null, null, null), ('1877c6ec0a7946f384db9bebf1a206db', '0.008.012', '', null, 'f8137a322da24a778140d4506f9c366b', '', '1', '0', null, '1', null, null, null, null, null, null), ('196149c5be994f3eb8485de1917e4aa1', '0.008.013', '', null, 'f8137a322da24a778140d4506f9c366b', '', '1', '0', null, '1', null, null, null, null, null, null), ('1a0691dc703740d28cfc0281edfa7441', '0.008.014', '', null, 'f8137a322da24a778140d4506f9c366b', '', '1', '0', null, '1', null, null, null, null, null, null), ('1c0ee3a2c89f4b7fa66a8ffa747e3872', '0.008.015', '', null, 'f8137a322da24a778140d4506f9c366b', '', '1', '0', null, '1', null, null, null, null, null, null), ('1d56017d8c894ce0b6e38f52508392fd', '0.008.016', '', null, 'f8137a322da24a778140d4506f9c366b', '', '1', '0', null, '1', null, null, null, null, null, null), ('1e1f50d2f5b54c3bbbb5d9e6db736fdb', '0.008.017', '', null, 'f8137a322da24a778140d4506f9c366b', '', '1', '0', null, '1', null, null, null, null, null, null), ('21dec403140649c8904f500b1a588d53', '0.008.018', '', null, 'f8137a322da24a778140d4506f9c366b', '', '1', '0', null, '1', null, null, null, null, null, null), ('22777a74d8304254a4d526ae1ec14a58', '0.008.019', '', null, 'f8137a322da24a778140d4506f9c366b', '', '1', '0', null, '1', null, null, null, null, null, null), ('22cddd255c164a308f57562190a60d6b', '0.008.020', '', null, 'f8137a322da24a778140d4506f9c366b', '', '1', '0', null, '1', null, null, null, null, null, null), ('2595b4dacab9480aa62071e5194e44bb', '0.008.021', '', null, 'f8137a322da24a778140d4506f9c366b', '', '1', '0', null, '1', null, null, null, null, null, null), ('28cb96b18c1743789e5ce4120780be18', '0.008.022', '', null, 'f8137a322da24a778140d4506f9c366b', '', '1', '0', null, '1', null, null, null, null, null, null), ('2b3d92580e004e3da14cea095ae938e7', '0.008.023', '', null, 'f8137a322da24a778140d4506f9c366b', '', '1', '0', null, '1', null, null, null, null, null, null), ('2b76c04a14454c62b1765733ac2b2a67', '0.008.024', '', null, 'f8137a322da24a778140d4506f9c366b', '', '1', '0', null, '1', null, null, null, null, null, null), ('2cd6447d5585414898b483c4bca25250', '0.008.025', '', null, 'f8137a322da24a778140d4506f9c366b', '', '1', '0', null, '1', null, null, null, null, null, null), ('2f1c5f28806a4e6fa24999d66106bf04', '0.008.026', '', null, 'f8137a322da24a778140d4506f9c366b', '', '1', '0', null, '1', null, null, null, null, null, null), ('303a3d3a8fad4086a0df892247a4a676', '0.008.027', '', null, 'f8137a322da24a778140d4506f9c366b', '', '1', '0', null, '1', null, null, null, null, null, null), ('322e9ee7be714145b27d13344ae02f2f', '0.008.028', '', null, 'f8137a322da24a778140d4506f9c366b', '', '1', '0', null, '1', null, null, null, null, null, null), ('332b4cd9c8374de7862fe0a12e98e98d', '0.008.029', '', null, 'f8137a322da24a778140d4506f9c366b', '', '1', '0', null, '1', null, null, null, null, null, null), ('36ec55f6073f47358b80645a1342912f', '0.008.030', '', null, 'f8137a322da24a778140d4506f9c366b', '', '1', '0', null, '1', null, null, null, null, null, null), ('387cc86d2c78460cb2d1b51b16aaf90a', '0.008.031', '', null, 'f8137a322da24a778140d4506f9c366b', '', '1', '0', null, '1', null, null, null, null, null, null), ('3a09560d4a3643d4a5caa25adc335ff2', '0.008.032', '', null, 'f8137a322da24a778140d4506f9c366b', '', '1', '0', null, '1', null, null, null, null, null, null), ('3a7f09d4a9fd4826882dba4f2f21cd0f', '0.008.033', '', null, 'f8137a322da24a778140d4506f9c366b', '', '1', '0', null, '1', null, null, null, null, null, null), ('3c15e693da9b48b3bf17563243914a6b', '0.008.034', '', null, 'f8137a322da24a778140d4506f9c366b', '', '1', '0', null, '1', null, null, null, null, null, null), ('3c43e0ee718a4b26b9f977228cae2af4', '0.008.035', '', null, 'f8137a322da24a778140d4506f9c366b', '', '1', '0', null, '1', null, null, null, null, null, null), ('3cd8b1608a93474ebf2db664c48cd333', '0.008.036', '', null, 'f8137a322da24a778140d4506f9c366b', '', '1', '0', null, '1', null, null, null, null, null, null), ('3fb7d3743d5a45068034614e6d4fb929', '0.008.037', '', null, 'f8137a322da24a778140d4506f9c366b', '', '1', '0', null, '1', null, null, null, null, null, null), ('40a954d5f1de4acc8454ee1d5bc2b523', '0.008.038', '', null, 'f8137a322da24a778140d4506f9c366b', '', '1', '0', null, '1', null, null, null, null, null, null), ('415e0bcb711d41f18d2b37b8cfe6d5ca', '0.008.039', '', null, 'f8137a322da24a778140d4506f9c366b', '', '1', '0', null, '1', null, null, null, null, null, null), ('421fedb458334b138c8586269e10232a', '0.007.001.003', '', '', 'be742f86c9914e7b83bfb531c2e693df', '', '1', '0', '', '1', '1', '', '', '2016-03-23 05:50:11', 'fa04db9dd2f54d61b0c8202a25de2dc6', '1020'), ('437f41e064694af58fec49f04fab915a', '0.008.040', '', null, 'f8137a322da24a778140d4506f9c366b', '', '1', '0', null, '1', null, null, null, null, null, null), ('44284adb0da14a269fb0c907d0f1ceaf', '0.007.001.009', '', null, 'be742f86c9914e7b83bfb531c2e693df', '', '1', '0', null, '1', '1', null, null, '2016-05-03 03:24:07', 'fa04db9dd2f54d61b0c8202a25de2dc6', '1090'), ('4527f990b51549b98838565c743e06ef', '0.008.041', '', null, 'f8137a322da24a778140d4506f9c366b', '', '1', '0', null, '1', null, null, null, null, null, null), ('452eeab4295f4cd89e45900e7eab5921', '0.008.042', '', null, 'f8137a322da24a778140d4506f9c366b', '', '1', '0', null, '1', null, null, null, null, null, null), ('45de521566d34201b156a18e0ad647bc', '0.008.043', '', null, 'f8137a322da24a778140d4506f9c366b', '', '1', '0', null, '1', null, null, null, null, null, null), ('469a888aa7c44f209571e3c4bc8b7a63', '0.008.044', '', null, 'f8137a322da24a778140d4506f9c366b', '', '1', '0', null, '1', null, null, null, null, null, null), ('47934d1bb423473da35efb622a453d51', '0.008.045', '', null, 'f8137a322da24a778140d4506f9c366b', '', '1', '0', null, '1', null, null, null, null, null, null), ('47ac54966cef44e88dc5ef5d96776089', '0.008.046', '()', null, 'f8137a322da24a778140d4506f9c366b', '', '1', '0', null, '1', null, null, null, null, null, null), ('47b7b8ab8faa4b429a3ba3a9a1a96508', '0.008.047', '', null, 'f8137a322da24a778140d4506f9c366b', '', '1', '0', null, '1', null, null, null, null, null, null), ('4b826ed9439d4876a407a2033e7ff6d9', '0.008.048', '', null, 'f8137a322da24a778140d4506f9c366b', '', '1', '0', null, '1', null, null, null, null, null, null), ('4b8f95d8c48f47268abd499187b8f4bc', '0.008.049', '', null, 'f8137a322da24a778140d4506f9c366b', '', '1', '0', null, '1', null, null, null, null, null, null), ('4d186134eaff40479b8d0d92d2da3962', '0.008.050', '', null, 'f8137a322da24a778140d4506f9c366b', '', '1', '0', null, '1', null, null, null, null, null, null), ('4d78ceada72c41c080aa9d4d5a0685b0', '0.008.051', '', null, 'f8137a322da24a778140d4506f9c366b', '', '1', '0', null, '1', null, null, null, null, null, null), ('4f17781531d649fb8dd6ce07fc5898c1', '0.008.052', '', null, 'f8137a322da24a778140d4506f9c366b', '', '1', '0', null, '1', null, null, null, null, null, null), ('4f277ce667e24774998ee76f7d0c430a', '0.007.001.004', '', '', 'be742f86c9914e7b83bfb531c2e693df', '', '1', '0', '', '1', '1', '', '', '2016-03-23 05:50:22', 'fa04db9dd2f54d61b0c8202a25de2dc6', '1050'), ('51775000e7004d8fa022f0623216608c', '0.008.053', '', null, 'f8137a322da24a778140d4506f9c366b', '', '1', '0', null, '1', null, null, null, null, null, null), ('5698058a23384a1cb3da5336f64b35fe', '0.008.054', '', null, 'f8137a322da24a778140d4506f9c366b', '', '1', '0', null, '1', null, null, null, null, null, null), ('585fd783154c4544b982bb73f88b0013', '0.008.055', '', null, 'f8137a322da24a778140d4506f9c366b', '', '1', '0', null, '1', null, null, null, null, null, null), ('59fb43251638496395c81dbd8600e87f', '0.008.056', '', null, 'f8137a322da24a778140d4506f9c366b', '', '1', '0', null, '1', null, null, null, null, null, null), ('5d835a6b4db7495fb563a87a06af0236', '0.007.001.010', '', '', 'be742f86c9914e7b83bfb531c2e693df', '', '1', '0', '', '1', '1', '', '', '2016-05-03 03:24:21', 'fa04db9dd2f54d61b0c8202a25de2dc6', '1110'), ('5fefa24592364417bb3c401592d30be2', '0.008.057', '', null, 'f8137a322da24a778140d4506f9c366b', '', '1', '0', null, '1', null, null, null, null, null, null), ('606152be6b1d4b8a9c4f9318776ba477', '0.008.058', '', null, 'f8137a322da24a778140d4506f9c366b', '', '1', '0', null, '1', null, null, null, null, null, null), ('620e08cb60794bdaaaf3a77d1a3da473', '0.008.059', '', null, 'f8137a322da24a778140d4506f9c366b', '', '1', '0', null, '1', null, null, null, null, null, null), ('63cf387a243d4d9799367d773b853346', '0', '', '', 'p', 'root', '0', '1', 'home.png', '1', '1', '', '', '2012-01-01 12:12:12', 'fa04db9dd2f54d61b0c8202a25de2dc6', '0'), ('654d5208c27d49bba8ad0e3990bb3037', '0.008.060', '', null, 'f8137a322da24a778140d4506f9c366b', '', '1', '0', null, '1', null, null, null, null, null, null), ('65c786fcf63d4c7a844c0c9281dd537c', '0.008.061', '', null, 'f8137a322da24a778140d4506f9c366b', '', '1', '0', null, '1', null, null, null, null, null, null), ('66696e33e4ac46c6a968521494839e0a', '0.008.062', '', null, 'f8137a322da24a778140d4506f9c366b', '', '1', '0', null, '1', null, null, null, null, null, null), ('6671b5b9de764d67bb573fa9069ff15f', '0.008.063', '', null, 'f8137a322da24a778140d4506f9c366b', '', '1', '0', null, '1', null, null, null, null, null, null), ('682f07acd8dc4639812f116a9956a933', '0.008.064', '', null, 'f8137a322da24a778140d4506f9c366b', '', '1', '0', null, '1', null, null, null, null, null, null), ('6936c7d9f44842a0906e50a0aa99b983', '0.008.065', '', null, 'f8137a322da24a778140d4506f9c366b', '', '1', '0', null, '1', null, null, null, null, null, null), ('69a9dad62c1b4635acf50301b4291681', '0.008.066', '', null, 'f8137a322da24a778140d4506f9c366b', '', '1', '0', null, '1', null, null, null, null, null, null), ('6b404bc5ded741f1a9ba05310535400e', '0.008.067', '', null, 'f8137a322da24a778140d4506f9c366b', '', '1', '0', null, '1', null, null, null, null, null, null), ('6c9621c541f549e6b2dd9053a50d6211', '0.008.068', '', null, 'f8137a322da24a778140d4506f9c366b', '', '1', '0', null, '1', null, null, null, null, null, null), ('6d06fd5e187a4b3b8138cd6a86bdac73', '0.008.069', '', null, 'f8137a322da24a778140d4506f9c366b', '', '1', '0', null, '1', null, null, null, null, null, null), ('6d5cba75684c41c791ca004718a4352d', '0.008.070', '', null, 'f8137a322da24a778140d4506f9c366b', '', '1', '0', null, '1', null, null, null, null, null, null), ('6eb5b4e63b594f418f62c4299c27300b', '0.008.071', '', null, 'f8137a322da24a778140d4506f9c366b', '', '1', '0', null, '1', null, null, null, null, null, null), ('6f883873f3b7473ba9291e463ed714e9', '0.008.072', '', null, 'f8137a322da24a778140d4506f9c366b', '', '1', '0', null, '1', null, null, null, null, null, null), ('6ff079022e1f47ccab73419fb44d3660', '0.008.073', '', null, 'f8137a322da24a778140d4506f9c366b', '', '1', '0', null, '1', null, null, null, null, null, null), ('6ff4a6b3cf0548958cb1b4f212f28c64', '0.007.001.011', '', '', 'be742f86c9914e7b83bfb531c2e693df', '', '1', '0', '', '1', '1', '', '', '2016-05-03 03:24:34', 'fa04db9dd2f54d61b0c8202a25de2dc6', '1120'), ('7226f8f4d9724a58b35111fc06b3c09d', '0.008.074', '()', null, 'f8137a322da24a778140d4506f9c366b', '', '1', '0', null, '1', null, null, null, null, null, null), ('73682106f6804a1e912c1c577f93272a', '0.008.075', '', null, 'f8137a322da24a778140d4506f9c366b', '', '1', '0', null, '1', null, null, null, null, null, null), ('7411f13dbb064ba1bfb71e29718531f0', '0.008.076', '', null, 'f8137a322da24a778140d4506f9c366b', '', '1', '0', null, '1', null, null, null, null, null, null), ('748eb98151024abca76084ce3d42c413', '0.008.077', '', null, 'f8137a322da24a778140d4506f9c366b', '', '1', '0', null, '1', null, null, null, null, null, null), ('74bfa9e3fc734cc49449eaac9ac9af13', '0.008.078', '', null, 'f8137a322da24a778140d4506f9c366b', '', '1', '0', null, '1', null, null, null, null, null, null), ('78e0f656f36d4716a073ca9038de3a0b', '0.008.079', '', null, 'f8137a322da24a778140d4506f9c366b', '', '1', '0', null, '1', null, null, null, null, null, null), ('79324819c46f4659b79c77b126ace315', '0.008.080', '', null, 'f8137a322da24a778140d4506f9c366b', '', '1', '0', null, '1', null, null, null, null, null, null), ('79576cab2e9a47989b99147fd9f25bf0', '0.008.081', '', null, 'f8137a322da24a778140d4506f9c366b', '', '1', '0', null, '1', null, null, null, null, null, null), ('7aaa499eb741464e9022d851764bf209', '0.008.082', '', null, 'f8137a322da24a778140d4506f9c366b', '', '1', '0', null, '1', null, null, null, null, null, null), ('7adac28920cd44f0bba3256be50b0fcb', '0.008.083', '', null, 'f8137a322da24a778140d4506f9c366b', '', '1', '0', null, '1', null, null, null, null, null, null), ('7bde630c0dea4fd19a534d7b49655d35', '0.008.084', '', null, 'f8137a322da24a778140d4506f9c366b', '', '1', '0', null, '1', null, null, null, null, null, null), ('7e9481bc53ab4cad946f0ffa649b8a89', '0.008.085', '', null, 'f8137a322da24a778140d4506f9c366b', '', '1', '0', null, '1', null, null, null, null, null, null), ('80d94fd7a7894890ab66cfcaf5688a60', '0.008.086', '', null, 'f8137a322da24a778140d4506f9c366b', '', '1', '0', null, '1', null, null, null, null, null, null), ('822e8a620a464d368eb5168ab2a0342c', '0.008.087', '', null, 'f8137a322da24a778140d4506f9c366b', '', '1', '0', null, '1', null, null, null, null, null, null), ('83950eda8ba64ce1a6fbd44c63426518', '0.008.088', '', null, 'f8137a322da24a778140d4506f9c366b', '', '1', '0', null, '1', null, null, null, null, null, null), ('84da4e496a1841789c4f8951afc51229', '0.008.089', '', null, 'f8137a322da24a778140d4506f9c366b', '', '1', '0', null, '1', null, null, null, null, null, null), ('85a6ebd54286460b8e66acfb2c7e35b4', '0.008.090', '', null, 'f8137a322da24a778140d4506f9c366b', '', '1', '0', null, '1', null, null, null, null, null, null), ('85d923b0f58b4e5ca9bee9ed52123fca', '0.007.001.005', '', '', 'be742f86c9914e7b83bfb531c2e693df', '', '1', '0', '', '1', '1', '', '', '2016-03-23 05:51:11', 'fa04db9dd2f54d61b0c8202a25de2dc6', '1030'), ('85f8bae5ce21443fb707c3267ccd0306', '0.008.091', '', null, 'f8137a322da24a778140d4506f9c366b', '', '1', '0', null, '1', null, null, null, null, null, null), ('87987bf10dcb4009a127e8022b895a90', '0.008.092', '', null, 'f8137a322da24a778140d4506f9c366b', '', '1', '0', null, '1', null, null, null, null, null, null), ('88b69384d9004b8ab1e41033f56973da', '0.008.093', '', null, 'f8137a322da24a778140d4506f9c366b', '', '1', '0', null, '1', null, null, null, null, null, null), ('898e587010a142abb6b6dc76e2ed8120', '0.008.094', '', null, 'f8137a322da24a778140d4506f9c366b', '', '1', '0', null, '1', null, null, null, null, null, null), ('8a3473d16ff54ac3b83e27a8dc40030d', '0.008.095', '', null, 'f8137a322da24a778140d4506f9c366b', '', '1', '0', null, '1', null, null, null, null, null, null), ('8b44baa959084be2b2c2a4c695031802', '0.008.096', '', null, 'f8137a322da24a778140d4506f9c366b', '', '1', '0', null, '1', null, null, null, null, null, null), ('8c2f54689f8141f5866a01b59c488bd1', '0.008.097', '', null, 'f8137a322da24a778140d4506f9c366b', '', '1', '0', null, '1', null, null, null, null, null, null), ('8cf9577378bf488791750714bb29018d', '0.008.098', '', null, 'f8137a322da24a778140d4506f9c366b', '', '1', '0', null, '1', null, null, null, null, null, null), ('8e4066d59cd14c51a040941eb34cf578', '0.008.099', '', null, 'f8137a322da24a778140d4506f9c366b', '', '1', '0', null, '1', null, null, null, null, null, null), ('908d39f497674492ac0dd53977118a29', '0.008.100', '', null, 'f8137a322da24a778140d4506f9c366b', '', '1', '0', null, '1', null, null, null, null, null, null), ('9275da03ce43473b9ed176514ca1481b', '0.008.101', '', null, 'f8137a322da24a778140d4506f9c366b', '', '1', '0', null, '1', null, null, null, null, null, null), ('94e4b7b528f84238affc0de7621db9ef', '0.007', '', '', '63cf387a243d4d9799367d773b853346', '', '0', '0', '', '1', '1', '', '', '2016-03-23 05:48:32', 'fa04db9dd2f54d61b0c8202a25de2dc6', '10'), ('9571616ff17e4d88bf0a7d7f7f97e84c', '0.007.001.013', '', null, 'be742f86c9914e7b83bfb531c2e693df', '', '1', '0', null, '1', '1', null, null, '2016-05-03 03:26:27', 'fa04db9dd2f54d61b0c8202a25de2dc6', '1140'), ('95fce5c9ea59455ea703561446381a66', '0.008.102', '', null, 'f8137a322da24a778140d4506f9c366b', '', '1', '0', null, '1', null, null, null, null, null, null), ('963fa3cd6249476e8c3902bba808e08d', '0.008.103', '', null, 'f8137a322da24a778140d4506f9c366b', '', '1', '0', null, '1', null, null, null, null, null, null), ('9a30c0a58ed7420cbee55f8167e30e08', '0.008.104', '', null, 'f8137a322da24a778140d4506f9c366b', '', '1', '0', null, '1', null, null, null, null, null, null), ('9c91eb4651a343d7a776bb89635f816a', '0.008.105', '', null, 'f8137a322da24a778140d4506f9c366b', '', '1', '0', null, '1', null, null, null, null, null, null), ('9f81c6a2d8ed42bc961700788b18a2b5', '0.008.106', '', null, 'f8137a322da24a778140d4506f9c366b', '', '1', '0', null, '1', null, null, null, null, null, null), ('a20cfd4ce5a7442e906e120b93f391a6', '0.008.107', '', null, 'f8137a322da24a778140d4506f9c366b', '', '1', '0', null, '1', null, null, null, null, null, null), ('a3c4a39e4ff74c8a98753c84c951d0f0', '0.008.108', '', null, 'f8137a322da24a778140d4506f9c366b', '', '1', '0', null, '1', null, null, null, null, null, null), ('a47adcd64bc948389aa81d0369b7e9a6', '0.008.109', '', null, 'f8137a322da24a778140d4506f9c366b', '', '1', '0', null, '1', null, null, null, null, null, null), ('a6abe2a8292b44fd9db361ee29e6c626', '0.008.110', '', null, 'f8137a322da24a778140d4506f9c366b', '', '1', '0', null, '1', null, null, null, null, null, null), ('a6b3c13ad33b4b4186166cdede999b43', '0.008.111', '', null, 'f8137a322da24a778140d4506f9c366b', '', '1', '0', null, '1', null, null, null, null, null, null), ('aa74785b3c844fa0b7f4e23e1f6b183c', '0.008.112', '', null, 'f8137a322da24a778140d4506f9c366b', '', '1', '0', null, '1', null, null, null, null, null, null), ('ac80322d731b436aaf011b3eea189e36', '0.008.113', '', null, 'f8137a322da24a778140d4506f9c366b', '', '1', '0', null, '1', null, null, null, null, null, null), ('add739525d9c4d999e1d4157259822fa', '0.008.114', '', null, 'f8137a322da24a778140d4506f9c366b', '', '1', '0', null, '1', null, null, null, null, null, null), ('aef819fdcf0d4671a99bbed6365955e3', '0.007.001.012', '', null, 'be742f86c9914e7b83bfb531c2e693df', '', '1', '0', null, '1', '1', null, null, '2016-05-03 03:26:15', 'fa04db9dd2f54d61b0c8202a25de2dc6', '1130'), ('af1cefceb6aa47d6be12c7bd2861d518', '0.008.115', '', null, 'f8137a322da24a778140d4506f9c366b', '', '1', '0', null, '1', null, null, null, null, null, null), ('afe38067bfdb4914a4368206f5264e65', '0.008.116', '', null, 'f8137a322da24a778140d4506f9c366b', '', '1', '0', null, '1', null, null, null, null, null, null), ('b02f650f1ced4ffeaed0070aa2af8450', '0.008.117', '', null, 'f8137a322da24a778140d4506f9c366b', '', '1', '0', null, '1', null, null, null, null, null, null), ('b079d36fbb564ec0815474cfc1197858', '0.008.118', '', null, 'f8137a322da24a778140d4506f9c366b', '', '1', '0', null, '1', null, null, null, null, null, null), ('b6f11846ae8c4bd0ae83900a90cde2af', '0.008.119', '', null, 'f8137a322da24a778140d4506f9c366b', '', '1', '0', null, '1', null, null, null, null, null, null), ('b6fd1d048471442898c00042335397a6', '0.008.120', '', null, 'f8137a322da24a778140d4506f9c366b', '', '1', '0', null, '1', null, null, null, null, null, null), ('b85bdb335588411bbfedbed2bdf8f243', '0.008.121', '', null, 'f8137a322da24a778140d4506f9c366b', '', '1', '0', null, '1', null, null, null, null, null, null), ('ba1e7ef075ab4dd9b9e5285c8123ca56', '0.008.122', '', null, 'f8137a322da24a778140d4506f9c366b', '', '1', '0', null, '1', null, null, null, null, null, null), ('bb614f129b6d441f8f490076c44a4a23', '0.008.123', '', null, 'f8137a322da24a778140d4506f9c366b', '', '1', '0', null, '1', null, null, null, null, null, null), ('bcfe545bd749435d9680a551a5d86bbb', '0.008.124', '', null, 'f8137a322da24a778140d4506f9c366b', '', '1', '0', null, '1', null, null, null, null, null, null), ('be1e163cf1f04e5fb9e5e2b1ac56e702', '0.008.125', '', null, 'f8137a322da24a778140d4506f9c366b', '', '1', '0', null, '1', null, null, null, null, null, null), ('be3204960cc542cf96a7d5ea841f60b5', '0.008.126', '', null, 'f8137a322da24a778140d4506f9c366b', '', '1', '0', null, '1', null, null, null, null, null, null), ('be742f86c9914e7b83bfb531c2e693df', '0.007.001', '', '', '94e4b7b528f84238affc0de7621db9ef', '', '0', '0', '', '1', '1', '', '', '2016-03-23 05:48:59', 'fa04db9dd2f54d61b0c8202a25de2dc6', '101'), ('be8d6dacb14a42c7bb31893f3dcb922b', '0.007.001.001', '', '', 'be742f86c9914e7b83bfb531c2e693df', '', '1', '0', '', '1', '1', '', '', '2016-03-23 05:49:34', 'fa04db9dd2f54d61b0c8202a25de2dc6', '1070'), ('bf19b91c97c24f8998b74fcc771eaa29', '0.008.127', '', null, 'f8137a322da24a778140d4506f9c366b', '', '1', '0', null, '1', null, null, null, null, null, null), ('c1ea5e7966934946a3a3c393b66fb6de', '0.008.128', '', null, 'f8137a322da24a778140d4506f9c366b', '', '1', '0', null, '1', null, null, null, null, null, null), ('c4430572c86f4f3cbe7d3d8fc5cba42f', '0.008.129', '', null, 'f8137a322da24a778140d4506f9c366b', '', '1', '0', null, '1', null, null, null, null, null, null), ('c4daeb6c235947feb6fd59268eeb5b28', '0.007.001.007', '', '', 'be742f86c9914e7b83bfb531c2e693df', '', '1', '0', '', '1', '1', '', '', '2016-05-03 03:21:46', 'fa04db9dd2f54d61b0c8202a25de2dc6', '1060'), ('c5737718a0b64cee8fb7506afdb762d9', '0.008.130', '', null, 'f8137a322da24a778140d4506f9c366b', '', '1', '0', null, '1', null, null, null, null, null, null), ('c934af290b7f4ff4a024f4d05876b820', '0.008.131', '', null, 'f8137a322da24a778140d4506f9c366b', '', '1', '0', null, '1', null, null, null, null, null, null), ('ca91c9a3b4424843970aef81e15318e3', '0.008.132', '', null, 'f8137a322da24a778140d4506f9c366b', '', '1', '0', null, '1', null, null, null, null, null, null), ('ce9d8cbe65ed493fa1346acc7cec1299', '0.008.133', '', null, 'f8137a322da24a778140d4506f9c366b', '', '1', '0', null, '1', null, null, null, null, null, null), ('d042b232f1e24ddda30987eefa608416', '0.008.134', '', null, 'f8137a322da24a778140d4506f9c366b', '', '1', '0', null, '1', null, null, null, null, null, null), ('d085e3934b614abe800de2e7f1e75f1d', '0.008.135', '', null, 'f8137a322da24a778140d4506f9c366b', '', '1', '0', null, '1', null, null, null, null, null, null), ('d12df3a736c742c58da176dbbd52d128', '0.007.001.015', '', null, 'be742f86c9914e7b83bfb531c2e693df', '', '1', '0', null, '1', '1', null, null, '2016-05-03 03:26:51', 'fa04db9dd2f54d61b0c8202a25de2dc6', '1160'), ('d1442b4d0d6b4c8ea7a22c2a1a957fb6', '0.008.136', '', null, 'f8137a322da24a778140d4506f9c366b', '', '1', '0', null, '1', null, null, null, null, null, null), ('d3b63f95d02547008ed4168a12186ffc', '0.008.137', '', null, 'f8137a322da24a778140d4506f9c366b', '', '1', '0', null, '1', null, null, null, null, null, null), ('d4873f66c50d4158a363f7dbb464b157', '0.007.001.008', '', null, 'be742f86c9914e7b83bfb531c2e693df', '', '1', '0', null, '1', '1', null, null, '2016-05-03 03:23:42', 'fa04db9dd2f54d61b0c8202a25de2dc6', '1080'), ('d51bb845f4d740f59f7ba747961d4b34', '0.008.138', '', null, 'f8137a322da24a778140d4506f9c366b', '', '1', '0', null, '1', null, null, null, null, null, null), ('d80bdb12fe894f2bbe5da186f98d0988', '0.008.139', '', null, 'f8137a322da24a778140d4506f9c366b', '', '1', '0', null, '1', null, null, null, null, null, null), ('d8c3eec62b1d4316af61f095e9560f47', '0.008.140', '-', null, 'f8137a322da24a778140d4506f9c366b', '', '1', '0', null, '1', null, null, null, null, null, null), ('dc9f8cd981fa40288d5a8da36d7a6758', '0.008.141', '', null, 'f8137a322da24a778140d4506f9c366b', '', '1', '0', null, '1', null, null, null, null, null, null), ('dd5414417719488e945290aa6bd054ee', '0.008.142', '', null, 'f8137a322da24a778140d4506f9c366b', '', '1', '0', null, '1', null, null, null, null, null, null), ('dd915170a36a45d7ad1b07d012d61362', '0.008.143', '', null, 'f8137a322da24a778140d4506f9c366b', '', '1', '0', null, '1', null, null, null, null, null, null), ('df7a483b2b3f45158b9e1a30e65854fe', '0.007.001.006', '', '', 'be742f86c9914e7b83bfb531c2e693df', '', '1', '0', '', '1', '1', '', '', '2016-03-23 05:52:44', 'fa04db9dd2f54d61b0c8202a25de2dc6', '1010'), ('e0e0fb4c96ea4a128bd83c0366e433c6', '0.008.144', '', null, 'f8137a322da24a778140d4506f9c366b', '', '1', '0', null, '1', null, null, null, null, null, null), ('e205f7f1f87d48cd87841460fc339b37', '0.008.145', '', null, 'f8137a322da24a778140d4506f9c366b', '', '1', '0', null, '1', null, null, null, null, null, null), ('e35067b71b8f4ae09caa74a0280048e3', '0.008.146', '', null, 'f8137a322da24a778140d4506f9c366b', '', '1', '0', null, '1', null, null, null, null, null, null), ('e3defaee311b4c769ec97ab1e74d79f1', '0.008.147', '', null, 'f8137a322da24a778140d4506f9c366b', '', '1', '0', null, '1', null, null, null, null, null, null), ('e5cb141aa2bc4c6dbbc35703a38931e0', '0.008.148', '', null, 'f8137a322da24a778140d4506f9c366b', '', '1', '0', null, '1', null, null, null, null, null, null), ('ea9a6a68f5ef4a54b9510295905257cb', '0.008.149', '', null, 'f8137a322da24a778140d4506f9c366b', '', '1', '0', null, '1', null, null, null, null, null, null), ('eb33095dc9fc41d68928324cc99a8179', '0.008.150', '', null, 'f8137a322da24a778140d4506f9c366b', '', '1', '0', null, '1', null, null, null, null, null, null), ('ebe97416b0d54e6dacd413fca9f86b3c', '0.007.001.014', '', null, 'be742f86c9914e7b83bfb531c2e693df', '', '1', '0', null, '1', '1', null, null, '2016-05-03 03:26:40', 'fa04db9dd2f54d61b0c8202a25de2dc6', '1150'), ('ef108916c27840d7812f7ba76a33e5a5', '0.008.151', '', null, 'f8137a322da24a778140d4506f9c366b', '', '1', '0', null, '1', null, null, null, null, null, null), ('f26e49622dfd43fda221e1203d694b78', '0.008.152', '', null, 'f8137a322da24a778140d4506f9c366b', '', '1', '0', null, '1', null, null, null, null, null, null), ('f2c2a46d599a4daf8aad352094e9290b', '0.008.153', '', null, 'f8137a322da24a778140d4506f9c366b', '', '1', '0', null, '1', null, null, null, null, null, null), ('f3ec2844e5c948a5944795b6e3be943e', '0.008.154', '', null, 'f8137a322da24a778140d4506f9c366b', '', '1', '0', null, '1', null, null, null, null, null, null), ('f409fc3f4f404ed6a0ec7a61bf3bf5d1', '0.008.155', '', null, 'f8137a322da24a778140d4506f9c366b', '', '1', '0', null, '1', null, null, null, null, null, null), ('f41d49901dc94b51aad36d29d876e8e4', '0.008.156', '', null, 'f8137a322da24a778140d4506f9c366b', '', '1', '0', null, '1', null, null, null, null, null, null), ('f4cf0408308a4c9492f8dbf7f557ece4', '0.008.157', '', null, 'f8137a322da24a778140d4506f9c366b', '', '1', '0', null, '1', null, null, null, null, null, null), ('f5360406b8254cbc8d05ab390fc4f5a4', '0.008.158', '', null, 'f8137a322da24a778140d4506f9c366b', '', '1', '0', null, '1', null, null, null, null, null, null), ('f6cd5a200d994d13b91065b43e774ace', '0.008.159', '', null, 'f8137a322da24a778140d4506f9c366b', '', '1', '0', null, '1', null, null, null, null, null, null), ('f70a3d3b37024341bf57e100c0d592c3', '0.008.160', '', null, 'f8137a322da24a778140d4506f9c366b', '', '1', '0', null, '1', null, null, null, null, null, null), ('f8137a322da24a778140d4506f9c366b', '0.008', '', null, '63cf387a243d4d9799367d773b853346', '', '0', '0', null, '1', '1', null, null, '2016-03-23 05:48:44', 'fa04db9dd2f54d61b0c8202a25de2dc6', '1'), ('f8b5d8dbff3c4f2f95750f7d4cc9e757', '0.008.161', '', null, 'f8137a322da24a778140d4506f9c366b', '', '1', '0', null, '1', null, null, null, null, null, null), ('fbad53cb55d84ce59ee99d27e8b8720e', '0.008.162', '', null, 'f8137a322da24a778140d4506f9c366b', '', '1', '0', null, '1', null, null, null, null, null, null), ('fc2db97e83954c3f979a2e46c829fca6', '0.008.163', '', null, 'f8137a322da24a778140d4506f9c366b', '', '1', '0', null, '1', null, null, null, null, null, null), ('fcc2886366914942b00ac6cc7d8d81e7', '0.008.164', '', null, 'f8137a322da24a778140d4506f9c366b', '', '1', '0', null, '1', null, null, null, null, null, null);
COMMIT;

-- ----------------------------
--  Table structure for `aos_sys_page`
-- ----------------------------
DROP TABLE IF EXISTS `aos_sys_page`;
CREATE TABLE `aos_sys_page` (
  `id_` varchar(64) NOT NULL COMMENT '',
  `module_id_` varchar(64) NOT NULL COMMENT 'ID',
  `name_` varchar(255) DEFAULT NULL COMMENT '',
  `url_` varchar(255) DEFAULT NULL COMMENT 'URL',
  `type_` varchar(255) NOT NULL COMMENT '',
  `enabled_` varchar(255) NOT NULL COMMENT '',
  `is_default_` varchar(255) NOT NULL DEFAULT '0' COMMENT '',
  `icon_` varchar(255) DEFAULT NULL COMMENT '',
  `icon_big_` varchar(255) DEFAULT NULL COMMENT '',
  `vector_` varchar(255) DEFAULT NULL COMMENT '',
  `sort_no_` int(10) DEFAULT '0' COMMENT '',
  PRIMARY KEY (`id_`)
) ENGINE=InnoDB DEFAULT CHARSET=utf8 ROW_FORMAT=COMPACT COMMENT='';

-- ----------------------------
--  Records of `aos_sys_page`
-- ----------------------------
BEGIN;
INSERT INTO `aos_sys_page` VALUES ('19041a2cb7264838b48288ce9b0b8e80', '1906d5a892654e2bb882851e0ea7322f', '[64X64]', 'initIconList.jhtml?type_=2', '2', '1', '0', 'picture.png', null, null, '2'), ('9e30077a6bb043cc8db8c8d4b5fa5c91', '1906d5a892654e2bb882851e0ea7322f', '[16X16]', 'initIconList.jhtml?type_=1', '2', '1', '1', 'pictures.png', null, null, '1'), ('bcb82c68976d4527a8f1c8bdbb8b4a04', '1906d5a892654e2bb882851e0ea7322f', '', 'initIconList.jhtml?type_=3', '2', '1', '0', 'vector.png', null, null, '4'), ('c47935773e9443dd9a6ceecb69982ac2', '4d3cfce7b9b146d2bc8482ec477517aa', '', 'initMyNav.jhtml', '2', '1', '0', 'org.png', '', '', '4'), ('c8548f73784d42989363712729a320e0', '1906d5a892654e2bb882851e0ea7322f', '', null, '4', '1', '0', null, null, null, '3'), ('cacc4fcdc5454f1ebab63b00e4bf56cc', '4d3cfce7b9b146d2bc8482ec477517aa', '', 'initMyInfo.jhtml', '2', '1', '1', 'icon_19.png', '', '', '1'), ('d45aefac856942d484441481cd142212', '4d3cfce7b9b146d2bc8482ec477517aa', '', '', '2', '1', '0', 'icon75.png', '', '', '6'), ('dd3d77605b824ca18357222128aebc5b', '4d3cfce7b9b146d2bc8482ec477517aa', '', null, '4', '1', '0', null, null, null, '5');
COMMIT;

-- ----------------------------
--  Table structure for `aos_sys_page_el`
-- ----------------------------
DROP TABLE IF EXISTS `aos_sys_page_el`;
CREATE TABLE `aos_sys_page_el` (
  `id_` varchar(64) NOT NULL COMMENT '',
  `dom_id_` varchar(255) NOT NULL COMMENT 'DOM ID',
  `name_` varchar(255) NOT NULL COMMENT '',
  `type_` varchar(255) NOT NULL COMMENT '',
  `module_id_` varchar(64) NOT NULL COMMENT '',
  `page_id_` varchar(64) NOT NULL COMMENT 'ID',
  `remark_` varchar(4000) DEFAULT NULL COMMENT '',
  PRIMARY KEY (`id_`),
  UNIQUE KEY `aos_sys_page_el_ukey` (`dom_id_`,`module_id_`,`page_id_`)
) ENGINE=InnoDB DEFAULT CHARSET=utf8 ROW_FORMAT=COMPACT COMMENT='';

-- ----------------------------
--  Table structure for `aos_sys_page_el_grant`
-- ----------------------------
DROP TABLE IF EXISTS `aos_sys_page_el_grant`;
CREATE TABLE `aos_sys_page_el_grant` (
  `id_` varchar(64) NOT NULL COMMENT '',
  `el_id_` varchar(64) NOT NULL COMMENT '',
  `user_id_` varchar(64) DEFAULT NULL COMMENT '',
  `role_id_` varchar(64) DEFAULT NULL COMMENT '',
  `post_id_` varchar(64) DEFAULT NULL COMMENT '',
  `grant_type_` varchar(255) NOT NULL COMMENT '',
  PRIMARY KEY (`id_`)
) ENGINE=InnoDB DEFAULT CHARSET=utf8 ROW_FORMAT=COMPACT COMMENT='';

-- ----------------------------
--  Table structure for `aos_sys_param`
-- ----------------------------
DROP TABLE IF EXISTS `aos_sys_param`;
CREATE TABLE `aos_sys_param` (
  `id_` varchar(64) NOT NULL COMMENT '',
  `key_` varchar(255) NOT NULL COMMENT '',
  `value_` varchar(255) DEFAULT NULL COMMENT '',
  `catalog_id_` varchar(64) NOT NULL COMMENT '',
  `catalog_cascade_id_` varchar(255) NOT NULL COMMENT 'ID',
  `name_` varchar(255) NOT NULL COMMENT '',
  `is_overwrite_` varchar(255) NOT NULL COMMENT '',
  `overwrite_field_` varchar(255) DEFAULT NULL COMMENT '',
  `remark_` varchar(4000) DEFAULT NULL COMMENT '',
  PRIMARY KEY (`id_`),
  UNIQUE KEY `aos_sys_param_ukey` (`key_`)
) ENGINE=InnoDB DEFAULT CHARSET=utf8 ROW_FORMAT=COMPACT COMMENT='';

-- ----------------------------
--  Records of `aos_sys_param`
-- ----------------------------
BEGIN;
INSERT INTO `aos_sys_param` VALUES ('0dabca413781404b9cbfaae3881fc5a6', 'app_ico', '/static/icon/ico/aos2.ico', 'f22f39171b484d81a604d3eb50b33584', '0.001.002.002', '', '0', null, ''), ('19ad8d57d72b4ecf98ad133ebb6492bd', 'page_load_gif_', 'wheel.gif', 'f22f39171b484d81a604d3eb50b33584', '0.001.002.002', '', '0', '', 'run.gifwheel.gifpath/static/image/gif/pageload'), ('1bd1c0a5849d4a30b3f1eb2761b2865d', 'show_login_win_head_', 'true', 'f22f39171b484d81a604d3eb50b33584', '0.001.002.002', '', '0', '', '(Ext)falsetrue|false'), ('1cc1a1bee27f44389e7e64a89d9ccc76', 'msgtarget_', 'qtip', 'f22f39171b484d81a604d3eb50b33584', '0.001.002.002', '', '0', null, ' (1)qtip (2)title title (3)under div(4)side '), ('1f2adf3aa726447e9728a3f67b718b41', 'vercode_show_', '0', '6f94ef4ac17d4d098f91f0a4579f8591', '0.001.002.001', '', '0', '', '0() | 1()'), ('2e45751d623f48389e12bfb7c3891597', 'treenode_cursor_', 'pointer', 'f22f39171b484d81a604d3eb50b33584', '0.001.002.002', '', '0', '', 'pointerCsscursordefault | pointer | auto'), ('376a372433634af4b6d2d558f1959f5b', 'role_grant_mode_', '1', '01afa7f4bb4d4189a4817ade7b5c1b8d', '0.001.002.003', '', '0', null, '()1|212'), ('3ff54d336e57461d8cd708a8bad8bc36', 'combobox_emptytext', '...', 'f22f39171b484d81a604d3eb50b33584', '0.001.002.002', '', '0', null, null), ('43fb125bed224cbbaf2390df1041c3b0', 'dev_account_', 'root', '01afa7f4bb4d4189a4817ade7b5c1b8d', '0.001.002.003', '', '0', '', ''), ('47bd798e93314882af7244ba1ae9fbc8', 'vercode_characters_', 'abcdetx2345678', '6f94ef4ac17d4d098f91f0a4579f8591', '0.001.002.001', '', '0', '', ''), ('53267cbf8e9f4fc490798054fbe85c7e', 'copyright_', '2016 Realaicy', '4018f65de18043c899b5e21ce7328df7', '0.001.002', '', '0', '', ''), ('58099059c3004213ae0977d4ed5551f5', 'prevent_rightclick_', 'false', '01afa7f4bb4d4189a4817ade7b5c1b8d', '0.001.002.003', '', '0', null, 'true|falsetrue'), ('6032c7e953994a718f6072c956906538', 'app_title_', '', '4018f65de18043c899b5e21ce7328df7', '0.001.002', '', '0', '', ''), ('714d370fa7f54b01ae9a006806c60135', 'is_show_top_nav_', 'true', 'a072411787f545edb7e7c3c23fa6c0ff', '0.001.002.004', '', '1', 'is_show_top_nav_', '(1,2)true| false'), ('7290d8299cba41dc9e23323a0db22a95', 'json_format', '1', 'f22f39171b484d81a604d3eb50b33584', '0.001.002.002', 'JSON', '0', '', ' json01'), ('74d65234606c4f448eb06d6a07a6c138', 'user_head_catalog_id_', '613', '01afa7f4bb4d4189a4817ade7b5c1b8d', '0.001.002.003', 'ID', '0', null, 'IDID'), ('757f555c0d734539baa70e8a1788cc62', 'is_show_statusbar_', 'true', 'f22f39171b484d81a604d3eb50b33584', '0.001.002.002', '', '0', '', 'true|false'), ('7882ac5560ef4a04993279dfc24b6f23', 'user_obj_del_mode_', 'update', '01afa7f4bb4d4189a4817ade7b5c1b8d', '0.001.002.003', '', '0', null, 'deleteupdate'), ('7bc3899d2fc24e4b804e6f763c3d6b36', 'dev_account_login_', '1', '01afa7f4bb4d4189a4817ade7b5c1b8d', '0.001.002.003', '', '0', null, ',[]1 | 0'), ('7e4d320f454843739f40476dcbcdc91a', 'run_mode_', '0', '01afa7f4bb4d4189a4817ade7b5c1b8d', '0.001.002.003', '', '0', '', '012'), ('873c2cb1dde54b308211e8a2bc6edbb5', 'theme_', 'classic', 'f22f39171b484d81a604d3eb50b33584', '0.001.002.002', '', '1', 'theme_', 'classicclassic'), ('9cb03933f61e4c68a58e50873ac38fbd', 'page_load_msg_', ', ...', 'f22f39171b484d81a604d3eb50b33584', '0.001.002.002', '', '0', null, null), ('a19b559ab8804f5887867df4151ad631', 'page_size_', '50', 'f22f39171b484d81a604d3eb50b33584', '0.001.002.002', '', '0', null, 'JSP'), ('a1ad9c90f524467180bceecd1f02b8b8', 'nav_mode_', '1', 'a072411787f545edb7e7c3c23fa6c0ff', '0.001.002.004', '', '1', 'nav_mode_', '12(2)'), ('a843396066db4e77a7b9ed7ae4cdda37', 'login_page_', 'login.ext.jsp', '01afa7f4bb4d4189a4817ade7b5c1b8d', '0.001.002.003', '', '0', '', 'Ext'), ('ad9cb685144c4e36b19b31e53190221a', 'skin_', 'blue', 'f22f39171b484d81a604d3eb50b33584', '0.001.002.002', '', '1', 'skin_', 'blue|gray|neptune|aosblue'), ('b07b8e2cc1284d14b9e680a5cac0722a', 'app_name_', '', '4018f65de18043c899b5e21ce7328df7', '0.001.002', '', '0', '', ''), ('be82f58309a24ee397d3a24631e48405', 'vercode_length_', '4', '6f94ef4ac17d4d098f91f0a4579f8591', '0.001.002.001', '', '0', '', ''), ('bf26e19236654718a6aa369f3e4b4bf7', 'coder_project_rootpath_', '0', '01afa7f4bb4d4189a4817ade7b5c1b8d', '0.001.002.003', '', '0', '', '0'), ('c744b99660c74302b7a3ae5834a7b6eb', 'grid_column_algin_', 'left', 'f22f39171b484d81a604d3eb50b33584', '0.001.002.002', '', '0', '', 'left|center|right'), ('d2a8d045aa7e44ef93f0735a4c486bc6', 'nav_tab_index_', '0', 'a072411787f545edb7e7c3c23fa6c0ff', '0.001.002.004', '', '1', 'nav_tab_index_', '0'), ('d3b33d5dee5b46738f9525b8977d7673', 'login_back_img_', '-1', 'f22f39171b484d81a604d3eb50b33584', '0.001.002.002', '', '0', '', '0.jpg1.jpg2.jpg-1'), ('eeb66260a2c141b2a0bb06bb41d7803b', 'navbar_btn_style_', 'tight', 'a072411787f545edb7e7c3c23fa6c0ff', '0.001.002.004', '', '1', 'navbar_btn_style_', 'tightstandalone'), ('f18649a182a946a693b36f817374cb1c', 'welcome_page_title_', '', 'f22f39171b484d81a604d3eb50b33584', '0.001.002.002', '', '0', null, 'Tab\"\"'), ('fcf73fa9129649a08ebb41e1ec8b5340', 'layout_', 'tab', 'f22f39171b484d81a604d3eb50b33584', '0.001.002.002', 'Center', '1', 'layout_', '(center)tab|pagetabtabpage1'), ('fdd95913b7e54e3ca6be9557484159f5', 'tab_focus_color_', '#0099FF', 'f22f39171b484d81a604d3eb50b33584', '0.001.002.002', 'Tab', '1', 'tab_focus_color_', 'Tab');
COMMIT;

-- ----------------------------
--  Table structure for `aos_sys_post`
-- ----------------------------
DROP TABLE IF EXISTS `aos_sys_post`;
CREATE TABLE `aos_sys_post` (
  `id_` varchar(64) NOT NULL COMMENT ' ',
  `name_` varchar(255) NOT NULL COMMENT '',
  `status_` varchar(255) NOT NULL DEFAULT '1' COMMENT '',
  `type_` varchar(255) NOT NULL COMMENT '',
  `org_id_` varchar(64) NOT NULL COMMENT '',
  `create_time_` varchar(255) NOT NULL COMMENT '',
  `creater_id_` varchar(64) NOT NULL COMMENT 'ID',
  `org_cascade_id_` varchar(255) NOT NULL COMMENT 'ID',
  PRIMARY KEY (`id_`)
) ENGINE=InnoDB DEFAULT CHARSET=utf8 ROW_FORMAT=COMPACT COMMENT='';

-- ----------------------------
--  Table structure for `aos_sys_role`
-- ----------------------------
DROP TABLE IF EXISTS `aos_sys_role`;
CREATE TABLE `aos_sys_role` (
  `id_` varchar(64) NOT NULL COMMENT ' ',
  `name_` varchar(255) NOT NULL COMMENT '',
  `status_` varchar(255) NOT NULL DEFAULT '1' COMMENT '',
  `type_` varchar(255) NOT NULL COMMENT '',
  `create_time_` varchar(255) NOT NULL COMMENT '',
  `creater_id_` varchar(64) NOT NULL COMMENT 'ID',
  `creater_org_id_` varchar(64) NOT NULL COMMENT '',
  `creater_org_cascade_id_` varchar(255) NOT NULL COMMENT 'ID',
  PRIMARY KEY (`id_`)
) ENGINE=InnoDB DEFAULT CHARSET=utf8 ROW_FORMAT=COMPACT COMMENT='';

-- ----------------------------
--  Records of `aos_sys_role`
-- ----------------------------
BEGIN;
INSERT INTO `aos_sys_role` VALUES ('3eee65836a4e4d5a95b4935e04a9bf6c', '', '1', '1', '2016-05-03 14:01:50', 'fa04db9dd2f54d61b0c8202a25de2dc6', '63cf387a243d4d9799367d773b853346', '0'), ('84f923b5e334498494eda38d8e86ef80', '', '1', '1', '2016-02-02 21:56:20', 'fa04db9dd2f54d61b0c8202a25de2dc6', '63cf387a243d4d9799367d773b853346', '0'), ('9fc327f9d0a54c928d490dc38ce8fa49', '', '1', '1', '2016-05-03 13:52:47', 'fa04db9dd2f54d61b0c8202a25de2dc6', '63cf387a243d4d9799367d773b853346', '0'), ('cb9dea34a86043be875e1729bd87df32', '', '1', '1', '2016-05-03 10:44:04', 'fa04db9dd2f54d61b0c8202a25de2dc6', '63cf387a243d4d9799367d773b853346', '0'), ('d1f4e7fe1b9e45f3b20452a76ab58e78', '', '1', '1', '2016-05-12 10:14:30', 'c4db76be7dd94f95b5213b885f919cba', 'be742f86c9914e7b83bfb531c2e693df', '0.007.001'), ('db0517b284ae4ecebe4358cb9e9d6295', '', '1', '1', '2016-03-23 09:37:19', 'fa04db9dd2f54d61b0c8202a25de2dc6', '63cf387a243d4d9799367d773b853346', '0');
COMMIT;

-- ----------------------------
--  Table structure for `aos_sys_sequence`
-- ----------------------------
DROP TABLE IF EXISTS `aos_sys_sequence`;
CREATE TABLE `aos_sys_sequence` (
  `id_` varchar(64) NOT NULL COMMENT '',
  `name_` varchar(255) NOT NULL COMMENT '',
  `type_` varchar(255) DEFAULT NULL COMMENT '',
  `prefix_` varchar(255) DEFAULT NULL COMMENT '',
  `start_` varchar(255) DEFAULT '1' COMMENT '',
  `step_` varchar(255) DEFAULT '1' COMMENT '',
  `cur_value_` varchar(255) DEFAULT '0' COMMENT '',
  `status_` varchar(255) NOT NULL DEFAULT '1' COMMENT '',
  `connector_` varchar(255) DEFAULT NULL COMMENT '',
  `suffix_` varchar(255) DEFAULT NULL COMMENT '',
  `db_seq_name_` varchar(255) DEFAULT NULL COMMENT 'DBSequence',
  `max_value_` varchar(255) DEFAULT '9223372036854775807' COMMENT '',
  `is_circul_` varchar(255) DEFAULT '0' COMMENT '',
  `min_value_` varchar(255) DEFAULT '1' COMMENT '',
  `is_leftpad_` varchar(255) DEFAULT '0' COMMENT '',
  `format_value_` varchar(255) DEFAULT NULL COMMENT '',
  `remark_` varchar(4000) DEFAULT NULL COMMENT '',
  PRIMARY KEY (`id_`),
  UNIQUE KEY `aos_sys_sequence_name_ukey` (`name_`)
) ENGINE=InnoDB DEFAULT CHARSET=utf8 ROW_FORMAT=COMPACT COMMENT='ID';

-- ----------------------------
--  Records of `aos_sys_sequence`
-- ----------------------------
BEGIN;
INSERT INTO `aos_sys_sequence` VALUES ('2abfc360e8a74e21bcda37113269fca0', 'DEMOID', '1', null, '1', '1', '6637', '1', null, null, null, '9223372036854775807', '0', '1', '0', '6637', 'ID'), ('40b37118cebf431283415862d355c72c', 'CARDID', '1', '', '1', '1', '10004005', '1', '', '', null, '99999999', '0', '10000000', '0', '10004005', ''), ('7487db32b061465da1af721e84e9942a', 'GUUID', '2', null, '1', '1', 'a9f677c8581546168452da287d30791f', '1', null, null, null, '9223372036854775807', '0', '1', '0', 'a9f677c8581546168452da287d30791f', 'UUID');
COMMIT;

-- ----------------------------
--  Table structure for `aos_sys_user`
-- ----------------------------
DROP TABLE IF EXISTS `aos_sys_user`;
CREATE TABLE `aos_sys_user` (
  `id_` varchar(64) NOT NULL COMMENT '',
  `account_` varchar(255) NOT NULL COMMENT '',
  `password_` varchar(255) NOT NULL COMMENT '',
  `name_` varchar(255) NOT NULL COMMENT '',
  `sex_` varchar(255) NOT NULL DEFAULT '0' COMMENT '',
  `org_id_` varchar(64) NOT NULL COMMENT '',
  `status_` varchar(255) NOT NULL COMMENT '',
  `type_` varchar(255) NOT NULL COMMENT '',
  `biz_code_` varchar(255) DEFAULT NULL COMMENT '',
  `create_time_` varchar(255) NOT NULL COMMENT ' ',
  `creater_id_` varchar(64) NOT NULL COMMENT '',
  `org_cascade_id_` varchar(255) NOT NULL COMMENT 'ID',
  `delete_flag_` varchar(255) NOT NULL COMMENT '',
  `biz_type_` varchar(64) DEFAULT NULL,
  PRIMARY KEY (`id_`)
) ENGINE=InnoDB DEFAULT CHARSET=utf8 ROW_FORMAT=COMPACT COMMENT='';

-- ----------------------------
--  Records of `aos_sys_user`
-- ----------------------------
BEGIN;
INSERT INTO `aos_sys_user` VALUES ('2c275af5a5464404a11ba49b63b4b900', 'entuser1', 'EffPtixplPo=', 'A', '3', '00a6355517874ab9ac9c89184d438124', '1', '1', null, '2016-05-03 13:54:28', 'fa04db9dd2f54d61b0c8202a25de2dc6', '0.008.001', '0', 'ent'), ('5f6b500ffdf642349a1b46203c147ee0', 'entadmin1', 'EffPtixplPo=', 'A', '3', '00a6355517874ab9ac9c89184d438124', '1', '1', null, '2016-05-03 13:49:46', 'fa04db9dd2f54d61b0c8202a25de2dc6', '0.008.001', '0', 'ent'), ('76288addaae04cfa972e2f1b3a55079a', 'test2', 'EffPtixplPo=', 'test2', '3', '00a6355517874ab9ac9c89184d438124', '1', '1', null, '2016-05-03 15:22:16', '5f6b500ffdf642349a1b46203c147ee0', '0.008.001', '0', 'ent'), ('793ad1a8370b4f9e9180c975ef1bb1fa', 'companyatest1', 'EffPtixplPo=', 'companyatest1', '3', '00a6355517874ab9ac9c89184d438124', '1', '1', null, '2016-05-10 15:02:06', 'fa04db9dd2f54d61b0c8202a25de2dc6', '0.008.001', '0', 'ent'), ('7a2ff6749f3d43a5976c46dd70fef7cd', 'bcadmin', 'EffPtixplPo=', '', '3', '44284adb0da14a269fb0c907d0f1ceaf', '1', '1', null, '2016-05-03 10:39:08', 'c321c891521446bdac49ae2bb29d7a00', '0.007.001.009', '0', 'jianguan'), ('899beb31a2e84369b5b0d1b8bfaefb38', 'entadmin2', 'EffPtixplPo=', 'B', '3', '02dba066a2894ac08fafe0dc599caba2', '1', '1', null, '2016-05-03 13:53:37', 'fa04db9dd2f54d61b0c8202a25de2dc6', '0.008.002', '0', 'ent'), ('a015b01b28a446629e9f08eda6594b20', 'entbuser1', 'EffPtixplPo=', 'B1', '3', '02dba066a2894ac08fafe0dc599caba2', '1', '1', null, '2016-05-03 13:55:42', 'fa04db9dd2f54d61b0c8202a25de2dc6', '0.008.002', '0', 'ent'), ('c321c891521446bdac49ae2bb29d7a00', 'bhadmin', 'EffPtixplPo=', '', '3', 'be8d6dacb14a42c7bb31893f3dcb922b', '1', '1', '', '2016-03-23 16:13:11', 'fa04db9dd2f54d61b0c8202a25de2dc6', '0.007.001.001', '0', 'jianguan'), ('c4db76be7dd94f95b5213b885f919cba', 'tjadmin', 'EffPtixplPo=', '', '3', 'be742f86c9914e7b83bfb531c2e693df', '1', '1', null, '2016-03-23 09:36:34', 'fa04db9dd2f54d61b0c8202a25de2dc6', '0.007.001', '0', 'jianguan'), ('c7d4173d7d1c4b6cb13a79b69bd8b726', 'jxadmin2', 'EffPtixplPo=', 'test', '3', 'd12df3a736c742c58da176dbbd52d128', '1', '1', null, '2016-05-10 15:01:13', 'fa04db9dd2f54d61b0c8202a25de2dc6', '0.007.001.015', '0', 'jianguan'), ('e470153e65ff4acf84ef6bba89290519', 'jxadmin', 'EffPtixplPo=', '', '3', 'd12df3a736c742c58da176dbbd52d128', '1', '1', null, '2016-05-10 13:35:31', 'fa04db9dd2f54d61b0c8202a25de2dc6', '0.007.001.015', '0', 'jianguan'), ('fa04db9dd2f54d61b0c8202a25de2dc6', 'root', 'gnRD3IiRP6s=', '', '1', '63cf387a243d4d9799367d773b853346', '1', '2', '', '2014-09-27 22:12:56', 'fa04db9dd2f54d61b0c8202a25de2dc6', '0', '0', 'super'), ('fe24c4ac34444902a2129ec1debf9ed4', 'caocao', 'gnRD3IiRP6s=', '', '3', 'b2fa97f8bed34eee86201f01fa786ed4', '1', '1', null, '2016-02-02 21:55:57', 'fa04db9dd2f54d61b0c8202a25de2dc6', '0.001', '1', 'other');
COMMIT;

-- ----------------------------
--  Table structure for `aos_sys_user_cfg`
-- ----------------------------
DROP TABLE IF EXISTS `aos_sys_user_cfg`;
CREATE TABLE `aos_sys_user_cfg` (
  `id_` varchar(64) NOT NULL COMMENT 'ID',
  `theme_` varchar(255) DEFAULT NULL COMMENT '',
  `skin_` varchar(255) DEFAULT NULL COMMENT '',
  `is_show_top_nav_` varchar(255) DEFAULT NULL COMMENT '',
  `navbar_btn_style_` varchar(255) DEFAULT NULL COMMENT '',
  `tab_focus_color_` varchar(255) DEFAULT NULL COMMENT 'Tab',
  `nav_tab_index_` varchar(255) DEFAULT NULL COMMENT '',
  PRIMARY KEY (`id_`)
) ENGINE=InnoDB DEFAULT CHARSET=utf8 ROW_FORMAT=COMPACT COMMENT='';

-- ----------------------------
--  Records of `aos_sys_user_cfg`
-- ----------------------------
BEGIN;
INSERT INTO `aos_sys_user_cfg` VALUES ('2c275af5a5464404a11ba49b63b4b900', 'classic', 'blue', 'true', 'tight', '#0099FF', '0'), ('5f6b500ffdf642349a1b46203c147ee0', 'classic', 'blue', 'true', 'tight', '#0099FF', '1'), ('76288addaae04cfa972e2f1b3a55079a', 'classic', 'blue', 'true', 'tight', '#0099FF', '0'), ('793ad1a8370b4f9e9180c975ef1bb1fa', 'classic', 'blue', 'true', 'tight', '#0099FF', '0'), ('7a2ff6749f3d43a5976c46dd70fef7cd', 'classic', 'blue', 'true', 'tight', '#0099FF', '0'), ('899beb31a2e84369b5b0d1b8bfaefb38', 'classic', 'blue', 'true', 'tight', '#0099FF', '0'), ('a015b01b28a446629e9f08eda6594b20', 'classic', 'blue', 'true', 'tight', '#0099FF', '0'), ('c321c891521446bdac49ae2bb29d7a00', 'classic', 'blue', 'true', 'tight', '#0099FF', '0'), ('c4db76be7dd94f95b5213b885f919cba', 'classic', 'blue', 'true', 'tight', '#0099FF', '1'), ('c7d4173d7d1c4b6cb13a79b69bd8b726', 'classic', 'blue', 'true', 'tight', '#0099FF', '0'), ('e470153e65ff4acf84ef6bba89290519', 'classic', 'blue', 'true', 'tight', '#0099FF', '1'), ('fa04db9dd2f54d61b0c8202a25de2dc6', 'classic', 'blue', 'true', 'tight', '#0099FF', '1'), ('fe24c4ac34444902a2129ec1debf9ed4', 'classic', 'blue', 'true', 'tight', '#0099FF', '0');
COMMIT;

-- ----------------------------
--  Table structure for `aos_sys_user_ext`
-- ----------------------------
DROP TABLE IF EXISTS `aos_sys_user_ext`;
CREATE TABLE `aos_sys_user_ext` (
  `id_` varchar(64) NOT NULL COMMENT 'ID',
  `email_` varchar(255) DEFAULT NULL COMMENT '',
  `fixed_phone_` varchar(255) DEFAULT NULL COMMENT '',
  `mobile_phone_` varchar(255) DEFAULT NULL COMMENT '',
  `address_` varchar(255) DEFAULT NULL COMMENT '',
  `zip_` varchar(255) DEFAULT NULL COMMENT '',
  `birthday_` varchar(255) DEFAULT NULL COMMENT '',
  `idno_` varchar(255) DEFAULT NULL COMMENT '',
  `qq_` varchar(255) DEFAULT NULL COMMENT 'QQ',
  `dynamic_field_` varchar(4000) DEFAULT NULL COMMENT '',
  `remark_` varchar(4000) DEFAULT NULL COMMENT '',
  `filed1_` varchar(255) DEFAULT NULL COMMENT '1',
  `filed2_` varchar(255) DEFAULT NULL COMMENT '2',
  `filed3_` varchar(255) DEFAULT NULL COMMENT '3',
  PRIMARY KEY (`id_`)
) ENGINE=InnoDB DEFAULT CHARSET=utf8 ROW_FORMAT=COMPACT COMMENT='';

-- ----------------------------
--  Records of `aos_sys_user_ext`
-- ----------------------------
BEGIN;
INSERT INTO `aos_sys_user_ext` VALUES ('2c275af5a5464404a11ba49b63b4b900', null, null, null, null, null, null, null, null, null, null, null, null, null), ('5f6b500ffdf642349a1b46203c147ee0', '', '', '', '', '', '', '', '', null, '', null, null, null), ('76288addaae04cfa972e2f1b3a55079a', null, null, null, null, null, null, null, null, null, null, null, null, null), ('793ad1a8370b4f9e9180c975ef1bb1fa', null, null, null, null, null, null, null, null, null, null, null, null, null), ('7a2ff6749f3d43a5976c46dd70fef7cd', null, null, null, null, null, null, null, null, null, null, null, null, null), ('899beb31a2e84369b5b0d1b8bfaefb38', null, null, null, null, null, null, null, null, null, null, null, null, null), ('a015b01b28a446629e9f08eda6594b20', null, null, null, null, null, null, null, null, null, null, null, null, null), ('c321c891521446bdac49ae2bb29d7a00', '', '', '', '', '', '', '', '', '', '', '', '', null), ('c4db76be7dd94f95b5213b885f919cba', null, null, null, null, null, null, null, null, null, null, null, null, null), ('c7d4173d7d1c4b6cb13a79b69bd8b726', null, null, null, null, null, null, null, null, null, null, null, null, null), ('e470153e65ff4acf84ef6bba89290519', null, null, null, null, null, null, null, null, null, null, null, null, null), ('fa04db9dd2f54d61b0c8202a25de2dc6', '307916217@qq.com', '', '186188188188', '', '', '', '', '307916217', '', '', '', '', null), ('fe24c4ac34444902a2129ec1debf9ed4', null, null, null, null, null, null, null, null, null, null, null, null, null);
COMMIT;

-- ----------------------------
--  Table structure for `aos_sys_user_post`
-- ----------------------------
DROP TABLE IF EXISTS `aos_sys_user_post`;
CREATE TABLE `aos_sys_user_post` (
  `id_` varchar(64) NOT NULL COMMENT '',
  `user_id_` varchar(64) NOT NULL COMMENT '',
  `post_id_` varchar(64) NOT NULL COMMENT '',
  `operate_time_` varchar(255) NOT NULL COMMENT '',
  `operator_id_` varchar(64) NOT NULL COMMENT '',
  PRIMARY KEY (`id_`),
  UNIQUE KEY `aos_sys_user_post_ukey` (`user_id_`,`post_id_`)
) ENGINE=InnoDB DEFAULT CHARSET=utf8 ROW_FORMAT=COMPACT COMMENT='-';

-- ----------------------------
--  Table structure for `aos_sys_user_role`
-- ----------------------------
DROP TABLE IF EXISTS `aos_sys_user_role`;
CREATE TABLE `aos_sys_user_role` (
  `id_` varchar(64) NOT NULL COMMENT '',
  `user_id_` varchar(64) NOT NULL COMMENT '',
  `role_id_` varchar(64) NOT NULL COMMENT '',
  `operate_time_` varchar(255) NOT NULL COMMENT '',
  `operator_id_` varchar(64) NOT NULL COMMENT '',
  PRIMARY KEY (`id_`),
  UNIQUE KEY `aos_sys_user_role_ukey` (`user_id_`,`role_id_`)
) ENGINE=InnoDB DEFAULT CHARSET=utf8 ROW_FORMAT=COMPACT COMMENT='-';

-- ----------------------------
--  Records of `aos_sys_user_role`
-- ----------------------------
BEGIN;
INSERT INTO `aos_sys_user_role` VALUES ('1561a1062796470095c78f76b0056766', '7a2ff6749f3d43a5976c46dd70fef7cd', 'cb9dea34a86043be875e1729bd87df32', '2016-05-03 10:50:04', 'fa04db9dd2f54d61b0c8202a25de2dc6'), ('24e07f1246994f138e99f70bdc634715', '2c275af5a5464404a11ba49b63b4b900', '3eee65836a4e4d5a95b4935e04a9bf6c', '2016-05-03 14:03:12', 'fa04db9dd2f54d61b0c8202a25de2dc6'), ('3f0658974df1474ab8a6cbd7d1583475', '899beb31a2e84369b5b0d1b8bfaefb38', '9fc327f9d0a54c928d490dc38ce8fa49', '2016-05-03 14:01:23', 'fa04db9dd2f54d61b0c8202a25de2dc6'), ('4c1e5869f9b240879e187ab899af25ab', 'a015b01b28a446629e9f08eda6594b20', '3eee65836a4e4d5a95b4935e04a9bf6c', '2016-05-03 14:03:12', 'fa04db9dd2f54d61b0c8202a25de2dc6'), ('539d9dd51d5f44b4b1587546ba132569', '5f6b500ffdf642349a1b46203c147ee0', '9fc327f9d0a54c928d490dc38ce8fa49', '2016-05-03 14:01:23', 'fa04db9dd2f54d61b0c8202a25de2dc6'), ('ac8b39a24f4b42dfbb2c8f23ad048122', 'c321c891521446bdac49ae2bb29d7a00', 'cb9dea34a86043be875e1729bd87df32', '2016-05-03 10:50:04', 'fa04db9dd2f54d61b0c8202a25de2dc6'), ('b11e0662a185416a8a338b9cc65f3ab1', '5f6b500ffdf642349a1b46203c147ee0', '3eee65836a4e4d5a95b4935e04a9bf6c', '2016-05-03 14:03:45', 'fa04db9dd2f54d61b0c8202a25de2dc6'), ('b3fea94f5f0d4065b26c1b2e28fe3a75', 'fe24c4ac34444902a2129ec1debf9ed4', '84f923b5e334498494eda38d8e86ef80', '2016-02-02 21:56:35', 'fa04db9dd2f54d61b0c8202a25de2dc6'), ('c61263f16764451aab377e4325bd3e18', '899beb31a2e84369b5b0d1b8bfaefb38', '3eee65836a4e4d5a95b4935e04a9bf6c', '2016-05-03 14:03:45', 'fa04db9dd2f54d61b0c8202a25de2dc6'), ('c937961d841e4daebf988bdc1bf74084', 'e470153e65ff4acf84ef6bba89290519', 'cb9dea34a86043be875e1729bd87df32', '2016-05-10 13:35:40', 'fa04db9dd2f54d61b0c8202a25de2dc6'), ('d7010e06f59a400db5625b97c95f6939', 'c4db76be7dd94f95b5213b885f919cba', 'db0517b284ae4ecebe4358cb9e9d6295', '2016-03-23 09:40:35', 'fa04db9dd2f54d61b0c8202a25de2dc6');
COMMIT;

-- ----------------------------
--  Table structure for `jc_common_tree`
-- ----------------------------
DROP TABLE IF EXISTS `jc_common_tree`;
CREATE TABLE `jc_common_tree` (
  `id` bigint(64) unsigned NOT NULL AUTO_INCREMENT COMMENT '',
  `RES_TYPE` smallint(255) unsigned NOT NULL DEFAULT '1' COMMENT '',
  `CASCADE_ID` varchar(255) NOT NULL COMMENT 'ID',
  `PID` bigint(64) unsigned DEFAULT NULL COMMENT '',
  `NAME` varchar(255) NOT NULL COMMENT '',
  `URI` varchar(512) DEFAULT NULL COMMENT 'URLmo',
  `HOTKEY` varchar(255) DEFAULT NULL COMMENT '',
  `RES_ICON` varchar(255) DEFAULT '0' COMMENT '',
  `RES_WEIGHT` int(10) unsigned DEFAULT '0' COMMENT '',
  `IS_SHOW` bit(1) DEFAULT NULL,
  `IS_FOLDER` varchar(255) DEFAULT '1' COMMENT '',
  `IS_AUTO_EXPAND` varchar(255) DEFAULT '0' COMMENT '',
  `STATUS` smallint(255) DEFAULT '1' COMMENT '',
  `IDENTITY` varchar(255) DEFAULT NULL COMMENT '',
  `CREATETIME` datetime NOT NULL COMMENT '',
  `CREATERID` bigint(64) unsigned NOT NULL COMMENT 'ID',
  `UPDATETIME` datetime NOT NULL,
  `UPDATERID` bigint(64) unsigned NOT NULL,
  `CUSTOM_CODE` varchar(4000) DEFAULT NULL COMMENT '',
  PRIMARY KEY (`id`)
) ENGINE=InnoDB AUTO_INCREMENT=18 DEFAULT CHARSET=utf8 ROW_FORMAT=COMPACT COMMENT='';

-- ----------------------------
--  Records of `jc_common_tree`
-- ----------------------------
BEGIN;
INSERT INTO `jc_common_tree` VALUES ('1', '1', '1', '0', '', null, null, null, null, b'1', '1', '1', '1', '', '2016-07-07 10:34:50', '1', '2016-07-07 10:34:50', '1', ''), ('2', '1', '1.001', '1', 'SOP', null, null, null, '1000', b'1', '1', '1', '1', '', '2016-07-07 10:45:23', '1', '2016-07-07 10:45:23', '1', ''), ('3', '1', '1.002', '1', '', null, null, null, '3000', b'1', '1', '1', '1', '', '2016-07-07 14:24:05', '1', '2016-07-07 14:24:05', '1', ''), ('4', '1', '1.003', '1', '', null, null, '0', '2000', b'1', '1', '1', '1', null, '2016-07-19 15:52:21', '1', '2016-07-19 15:52:26', '1', null), ('5', '1', '1.004', '1', '', '', '', '0', '4000', b'1', '1', '1', '1', '', '2016-07-19 15:55:06', '1', '2016-07-19 15:55:13', '1', ''), ('6', '1', '1.002.0000001', '3', 'Real_1', null, null, '0', '1000', b'1', '0', '0', '1', 'test', '2016-07-19 15:56:23', '1', '2016-07-19 15:56:25', '1', null), ('7', '1', '1.002.0000002', '3', 'Real_Tue Jul 19 16:00:53 CST 2016', null, null, null, '3000', b'1', '0', '0', '1', 'test', '2016-07-19 16:00:53', '3', '2016-07-19 16:00:53', '3', ''), ('8', '1', '1.002.0000003', '3', 'Real_Tue Jul 19 16:01:06 CST 2016', null, null, null, '2000', b'1', '0', '0', '1', 'test', '2016-07-19 16:01:06', '3', '2016-07-19 16:01:06', '3', ''), ('9', '1', '1.005', '1', '111111', null, null, '0', '999', b'1', '1', '0', '1', null, '2016-07-19 16:32:18', '1', '2016-07-19 16:32:21', '1', null), ('10', '1', '1.005.001', '9', '2', null, null, null, '1000', b'0', '1', '1', '1', '', '2016-07-19 16:35:35', '9', '2016-07-19 16:35:35', '9', ''), ('11', '1', '1.005.001.001', '10', '3', null, null, null, '1000', b'0', '1', '1', '1', '', '2016-07-19 16:37:25', '10', '2016-07-19 16:37:25', '10', ''), ('12', '1', '1.005.001.001.001', '11', '4', null, null, null, '1000', b'0', '1', '1', '1', '', '2016-07-19 16:39:44', '11', '2016-07-19 16:39:44', '11', ''), ('13', '1', '1.005.001.001.001.0000001', '12', '1', null, null, null, '1000', b'0', '0', '1', '1', '', '2016-07-19 16:50:52', '12', '2016-07-19 16:50:52', '12', ''), ('14', '1', '1.005.001.001.001.0000001', '10', '3_002', null, null, null, '1000', b'0', '1', '1', '1', '', '2016-07-20 01:08:00', '1', '2016-07-20 01:08:00', '1', ''), ('15', '1', '1.005.001.001.001.0000001', '10', '3_003', null, null, null, '1000', b'0', '1', '1', '1', '', '2016-07-20 01:13:42', '1', '2016-07-20 01:13:42', '1', ''), ('16', '1', '1.005.001.001.001.0000001', '12', '5', null, null, null, '1000', b'0', '1', '1', '1', '', '2016-07-20 01:14:02', '1', '2016-07-20 01:14:02', '1', ''), ('17', '1', '0', '0', '', null, null, '0', '0', null, '1', '0', '1', null, '2016-07-19 16:14:19', '1', '2016-07-19 16:14:21', '1', null);
COMMIT;

-- ----------------------------
--  Table structure for `jc_m_checkdb_all`
-- ----------------------------
DROP TABLE IF EXISTS `jc_m_checkdb_all`;
CREATE TABLE `jc_m_checkdb_all` (
  `id` bigint(64) unsigned NOT NULL AUTO_INCREMENT COMMENT '',
  `RES_TYPE` smallint(255) unsigned NOT NULL DEFAULT '1' COMMENT '',
  `CASCADE_ID` varchar(255) NOT NULL COMMENT 'ID',
  `PID` bigint(64) unsigned DEFAULT NULL COMMENT '',
  `NAME` varchar(255) NOT NULL COMMENT '',
  `URI` varchar(512) DEFAULT NULL COMMENT 'URLmo',
  `HOTKEY` varchar(255) DEFAULT NULL COMMENT '',
  `RES_ICON` varchar(255) DEFAULT '0' COMMENT '',
  `RES_WEIGHT` int(10) unsigned DEFAULT '0' COMMENT '',
  `IS_SHOW` bit(1) DEFAULT NULL,
  `IS_FOLDER` varchar(255) DEFAULT '1' COMMENT '',
  `IS_AUTO_EXPAND` varchar(255) DEFAULT '0' COMMENT '',
  `STATUS` smallint(255) DEFAULT '1' COMMENT '',
  `IDENTITY` varchar(255) DEFAULT NULL COMMENT '',
  `CREATETIME` datetime DEFAULT NULL COMMENT '',
  `CREATERID` bigint(64) unsigned DEFAULT NULL COMMENT 'ID',
  `UPDATETIME` datetime DEFAULT NULL,
  `UPDATERID` bigint(64) unsigned DEFAULT NULL,
  `CUSTOM_CODE` varchar(4000) DEFAULT NULL COMMENT '',
  PRIMARY KEY (`id`)
) ENGINE=InnoDB AUTO_INCREMENT=9 DEFAULT CHARSET=utf8 ROW_FORMAT=COMPACT COMMENT='';

-- ----------------------------
--  Records of `jc_m_checkdb_all`
-- ----------------------------
BEGIN;
INSERT INTO `jc_m_checkdb_all` VALUES ('1', '1', '1', '1', '', null, null, '0', '0', null, '1', '0', '1', null, null, null, null, null, null), ('2', '1', '1', '1', '', null, null, '0', '0', null, '1', '0', '1', null, null, null, null, null, null), ('3', '1', '1.001', '2', 'GCP', null, null, '0', '0', null, '1', '0', '1', null, null, null, null, null, null), ('4', '1', '1.002', '2', 'CDISC', null, null, '0', '0', null, '1', '0', '1', null, null, null, null, null, null), ('5', '1', '1.003', '2', 'XX', null, null, '0', '0', null, '1', '0', '1', null, null, null, null, null, null), ('6', '1', '1.004', '2', '', null, null, '0', '0', null, '1', '0', '1', null, null, null, null, null, null), ('7', '1', '1.001.0000001', '3', 'GCP1', null, null, '0', '0', null, '0', '0', '1', null, null, null, null, null, null), ('8', '1', '1.001.0000002', '3', 'GCP2', null, null, '0', '0', null, '0', '0', '1', null, null, null, null, null, null);
COMMIT;

-- ----------------------------
--  Table structure for `jc_m_doc_all`
-- ----------------------------
DROP TABLE IF EXISTS `jc_m_doc_all`;
CREATE TABLE `jc_m_doc_all` (
  `id` int(64) NOT NULL AUTO_INCREMENT COMMENT '',
  `cascade_id` varchar(255) DEFAULT NULL COMMENT 'ID',
  `name` varchar(255) DEFAULT NULL COMMENT '',
  `hotkey` varchar(255) DEFAULT NULL COMMENT '',
  `parent_id` varchar(64) DEFAULT NULL COMMENT '',
  `parent_name` varchar(255) DEFAULT NULL COMMENT '',
  `is_leaf` varchar(255) DEFAULT '1' COMMENT '',
  `is_auto_expand` varchar(255) DEFAULT '0' COMMENT '',
  `icon_name` varchar(255) DEFAULT NULL COMMENT '',
  `status` varchar(255) DEFAULT '1' COMMENT '',
  `type` varchar(255) DEFAULT NULL COMMENT '',
  `biz_code` varchar(255) DEFAULT NULL COMMENT '',
  `custom_code` varchar(4000) DEFAULT NULL COMMENT '',
  `create_time` varchar(255) DEFAULT NULL COMMENT '',
  `creater_id` varchar(64) DEFAULT NULL COMMENT 'ID',
  `sort_no` int(10) DEFAULT NULL COMMENT '',
  `uri` varchar(255) DEFAULT NULL COMMENT 'uri',
  `visit_count` int(11) DEFAULT NULL COMMENT '',
  PRIMARY KEY (`id`)
) ENGINE=InnoDB AUTO_INCREMENT=6 DEFAULT CHARSET=utf8 ROW_FORMAT=COMPACT COMMENT='';

-- ----------------------------
--  Records of `jc_m_doc_all`
-- ----------------------------
BEGIN;
INSERT INTO `jc_m_doc_all` VALUES ('1', '0', '', null, '1', null, '0', '0', null, '1', null, null, null, null, null, null, null, null), ('2', '0.001', 'SOP', null, '1', '', '0', '0', null, '1', null, null, null, null, null, null, null, null), ('3', '0.002', '', null, '1', '', '0', '0', null, '1', null, null, null, null, null, null, null, null), ('4', '0.003', '', null, '1', '', '0', '0', null, '1', null, null, null, null, null, null, null, null), ('5', '0.004', '', null, '1', '', '0', '0', null, '1', null, null, null, null, null, null, null, null);
COMMIT;

-- ----------------------------
--  Table structure for `jc_m_doc_allinone`
-- ----------------------------
DROP TABLE IF EXISTS `jc_m_doc_allinone`;
CREATE TABLE `jc_m_doc_allinone` (
  `id` bigint(64) unsigned NOT NULL AUTO_INCREMENT COMMENT '',
  `RES_TYPE` smallint(255) unsigned NOT NULL DEFAULT '1' COMMENT '',
  `CASCADE_ID` varchar(255) NOT NULL COMMENT 'ID',
  `PID` bigint(64) unsigned DEFAULT NULL COMMENT '',
  `NAME` varchar(255) NOT NULL COMMENT '',
  `URI` varchar(512) DEFAULT NULL COMMENT 'URLmo',
  `HOTKEY` varchar(255) DEFAULT NULL COMMENT '',
  `RES_ICON` varchar(255) DEFAULT '0' COMMENT '',
  `RES_WEIGHT` int(10) unsigned DEFAULT '0' COMMENT '',
  `IS_SHOW` bit(1) DEFAULT NULL,
  `IS_FOLDER` varchar(255) DEFAULT '1' COMMENT '',
  `IS_AUTO_EXPAND` varchar(255) DEFAULT '0' COMMENT '',
  `STATUS` smallint(255) DEFAULT '1' COMMENT '',
  `IDENTITY` varchar(255) DEFAULT NULL COMMENT '',
  `CREATETIME` datetime NOT NULL COMMENT '',
  `CREATERID` bigint(64) unsigned NOT NULL COMMENT 'ID',
  `UPDATETIME` datetime NOT NULL,
  `UPDATERID` bigint(64) unsigned NOT NULL,
  `CUSTOM_CODE` varchar(4000) DEFAULT NULL COMMENT '',
  PRIMARY KEY (`id`)
) ENGINE=InnoDB AUTO_INCREMENT=100 DEFAULT CHARSET=utf8 ROW_FORMAT=COMPACT COMMENT='';

-- ----------------------------
--  Records of `jc_m_doc_allinone`
-- ----------------------------
BEGIN;
INSERT INTO `jc_m_doc_allinone` VALUES ('1', '1', '1', '99', '', null, null, null, null, b'1', '1', '1', '1', '', '2016-07-07 10:34:50', '1', '2016-07-07 10:34:50', '1', ''), ('2', '1', '1.001', '1', 'SOP', null, null, null, '1000', b'1', '1', '1', '1', '', '2016-07-07 10:45:23', '1', '2016-07-07 10:45:23', '1', ''), ('3', '1', '1.002', '1', '', null, null, null, '3000', b'1', '1', '1', '1', '', '2016-07-07 14:24:05', '1', '2016-07-07 14:24:05', '1', ''), ('4', '1', '1.003', '1', '', null, null, '0', '2000', b'1', '1', '1', '1', null, '2016-07-19 15:52:21', '1', '2016-07-19 15:52:26', '1', null), ('5', '1', '1.004', '1', '', '', '', '0', '4000', b'1', '1', '1', '1', '', '2016-07-19 15:55:06', '1', '2016-07-19 15:55:13', '1', ''), ('6', '1', '1.002.0000001', '3', 'Real_1', null, null, '0', '1000', b'1', '0', '0', '1', 'test', '2016-07-19 15:56:23', '1', '2016-07-19 15:56:25', '1', null), ('7', '1', '1.002.0000002', '3', 'Real_Tue Jul 19 16:00:53 CST 2016', null, null, null, '3000', b'1', '0', '0', '1', 'test', '2016-07-19 16:00:53', '3', '2016-07-19 16:00:53', '3', ''), ('8', '1', '1.002.0000003', '3', 'Real_Tue Jul 19 16:01:06 CST 2016', null, null, null, '2000', b'1', '0', '0', '1', 'test', '2016-07-19 16:01:06', '3', '2016-07-19 16:01:06', '3', ''), ('9', '1', '1.005', '1', '1', null, null, '0', '999', b'1', '1', '0', '1', null, '2016-07-19 16:32:18', '1', '2016-07-19 16:32:21', '1', null), ('10', '1', '1.005.001', '9', '2', null, null, null, '1000', b'0', '1', '1', '1', '', '2016-07-19 16:35:35', '9', '2016-07-19 16:35:35', '9', ''), ('11', '1', '1.005.001.001', '10', '3', null, null, null, '1000', b'0', '1', '1', '1', '', '2016-07-19 16:37:25', '10', '2016-07-19 16:37:25', '10', ''), ('12', '1', '1.005.001.001.001', '11', '4', null, null, null, '1000', b'0', '1', '1', '1', '', '2016-07-19 16:39:44', '11', '2016-07-19 16:39:44', '11', ''), ('13', '1', '1.005.001.001.001.0000001', '12', '1', null, null, null, '1000', b'0', '0', '1', '1', '', '2016-07-19 16:50:52', '12', '2016-07-19 16:50:52', '12', ''), ('14', '1', '1.005.001.001.001.0000001', '10', '3_002', null, null, null, '1000', b'0', '1', '1', '1', '', '2016-07-20 01:08:00', '1', '2016-07-20 01:08:00', '1', ''), ('15', '1', '1.005.001.001.001.0000001', '10', '3_0033', null, null, null, '1000', b'0', '1', '1', '1', '', '2016-07-20 01:13:42', '1', '2016-07-20 01:13:42', '1', ''), ('16', '1', '1.005.001.001.001.0000001', '12', '5test', null, null, null, '1000', b'0', '1', '1', '1', '', '2016-07-20 01:14:02', '1', '2016-07-20 01:14:02', '1', ''), ('99', '1', '0', '99', '', null, null, '0', '0', null, '1', '0', '1', null, '2016-07-19 16:14:19', '1', '2016-07-19 16:14:21', '1', null);
COMMIT;

-- ----------------------------
--  Table structure for `jc_m_doc_catalog`
-- ----------------------------
DROP TABLE IF EXISTS `jc_m_doc_catalog`;
CREATE TABLE `jc_m_doc_catalog` (
  `id` bigint(64) unsigned NOT NULL AUTO_INCREMENT COMMENT '',
  `RES_TYPE` smallint(255) unsigned NOT NULL DEFAULT '1' COMMENT '',
  `CASCADE_ID` varchar(255) NOT NULL COMMENT 'ID',
  `PID` bigint(64) unsigned DEFAULT NULL COMMENT '',
  `NAME` varchar(255) NOT NULL COMMENT '',
  `URI` varchar(512) DEFAULT NULL COMMENT 'URLmo',
  `HOTKEY` varchar(255) DEFAULT NULL COMMENT '',
  `RES_ICON` varchar(255) DEFAULT '0' COMMENT '',
  `RES_WEIGHT` int(10) unsigned DEFAULT '0' COMMENT '',
  `IS_SHOW` bit(1) DEFAULT NULL,
  `IS_FOLDER` varchar(255) DEFAULT '1' COMMENT '',
  `IS_AUTO_EXPAND` varchar(255) DEFAULT '0' COMMENT '',
  `STATUS` smallint(255) DEFAULT '1' COMMENT '',
  `IDENTITY` varchar(255) DEFAULT NULL COMMENT '',
  `CREATETIME` datetime NOT NULL COMMENT '',
  `CREATERID` bigint(64) unsigned NOT NULL COMMENT 'ID',
  `UPDATETIME` datetime NOT NULL,
  `UPDATERID` bigint(64) unsigned NOT NULL,
  `CUSTOM_CODE` varchar(4000) DEFAULT NULL COMMENT '',
  PRIMARY KEY (`id`)
) ENGINE=InnoDB AUTO_INCREMENT=18 DEFAULT CHARSET=utf8 ROW_FORMAT=COMPACT COMMENT='';

-- ----------------------------
--  Records of `jc_m_doc_catalog`
-- ----------------------------
BEGIN;
INSERT INTO `jc_m_doc_catalog` VALUES ('1', '1', '1', '0', '', null, null, null, null, b'1', '1', '1', '1', '', '2016-07-07 10:34:50', '1', '2016-07-07 10:34:50', '1', ''), ('2', '1', '1.001', '1', 'SOP', null, null, null, '1000', b'1', '1', '1', '1', '', '2016-07-07 10:45:23', '1', '2016-07-07 10:45:23', '1', ''), ('3', '1', '1.002', '1', '', null, null, null, '3000', b'1', '1', '1', '1', '', '2016-07-07 14:24:05', '1', '2016-07-07 14:24:05', '1', ''), ('4', '1', '1.003', '1', '', null, null, '0', '2000', b'1', '1', '1', '1', null, '2016-07-19 15:52:21', '1', '2016-07-19 15:52:26', '1', null), ('5', '1', '1.004', '1', '', '', '', '0', '4000', b'1', '1', '1', '1', '', '2016-07-19 15:55:06', '1', '2016-07-19 15:55:13', '1', ''), ('6', '1', '1.002.0000001', '3', 'Real_1', null, null, '0', '1000', b'1', '0', '0', '1', 'test', '2016-07-19 15:56:23', '1', '2016-07-19 15:56:25', '1', null), ('7', '1', '1.002.0000002', '3', 'Real_Tue Jul 19 16:00:53 CST 2016', null, null, null, '3000', b'1', '0', '0', '1', 'test', '2016-07-19 16:00:53', '3', '2016-07-19 16:00:53', '3', ''), ('8', '1', '1.002.0000003', '3', 'Real_Tue Jul 19 16:01:06 CST 2016', null, null, null, '2000', b'1', '0', '0', '1', 'test', '2016-07-19 16:01:06', '3', '2016-07-19 16:01:06', '3', ''), ('9', '1', '1.005', '1', '111111', null, null, '0', '999', b'1', '1', '0', '1', null, '2016-07-19 16:32:18', '1', '2016-07-19 16:32:21', '1', null), ('10', '1', '1.005.001', '9', '2', null, null, null, '1000', b'0', '1', '1', '1', '', '2016-07-19 16:35:35', '9', '2016-07-19 16:35:35', '9', ''), ('11', '1', '1.005.001.001', '10', '3', null, null, null, '1000', b'0', '1', '1', '1', '', '2016-07-19 16:37:25', '10', '2016-07-19 16:37:25', '10', ''), ('12', '1', '1.005.001.001.001', '11', '4', null, null, null, '1000', b'0', '1', '1', '1', '', '2016-07-19 16:39:44', '11', '2016-07-19 16:39:44', '11', ''), ('13', '1', '1.005.001.001.001.0000001', '12', '1', null, null, null, '1000', b'0', '0', '1', '1', '', '2016-07-19 16:50:52', '12', '2016-07-19 16:50:52', '12', ''), ('14', '1', '1.005.001.001.001.0000001', '10', '3_002', null, null, null, '1000', b'0', '1', '1', '1', '', '2016-07-20 01:08:00', '1', '2016-07-20 01:08:00', '1', ''), ('15', '1', '1.005.001.001.001.0000001', '10', '3_003', null, null, null, '1000', b'0', '1', '1', '1', '', '2016-07-20 01:13:42', '1', '2016-07-20 01:13:42', '1', ''), ('16', '1', '1.005.001.001.001.0000001', '12', '5', null, null, null, '1000', b'0', '1', '1', '1', '', '2016-07-20 01:14:02', '1', '2016-07-20 01:14:02', '1', ''), ('17', '1', '0', '0', '', null, null, '0', '0', null, '1', '0', '1', null, '2016-07-19 16:14:19', '1', '2016-07-19 16:14:21', '1', null);
COMMIT;

-- ----------------------------
--  Table structure for `jc_m_doc_file`
-- ----------------------------
DROP TABLE IF EXISTS `jc_m_doc_file`;
CREATE TABLE `jc_m_doc_file` (
  `id` bigint(64) unsigned NOT NULL AUTO_INCREMENT COMMENT '',
  `RES_TYPE` smallint(255) unsigned NOT NULL DEFAULT '1' COMMENT '',
  `CASCADE_ID` varchar(255) NOT NULL COMMENT 'ID',
  `PID` bigint(64) unsigned DEFAULT NULL COMMENT '',
  `NAME` varchar(255) NOT NULL COMMENT '',
  `URI` varchar(512) DEFAULT NULL COMMENT 'URLmo',
  `HOTKEY` varchar(255) DEFAULT NULL COMMENT '',
  `RES_ICON` varchar(255) DEFAULT '0' COMMENT '',
  `RES_WEIGHT` int(10) unsigned DEFAULT '0' COMMENT '',
  `IS_SHOW` bit(1) DEFAULT NULL,
  `IS_FOLDER` varchar(255) DEFAULT '1' COMMENT '',
  `IS_AUTO_EXPAND` varchar(255) DEFAULT '0' COMMENT '',
  `STATUS` smallint(255) DEFAULT '1' COMMENT '',
  `IDENTITY` varchar(255) DEFAULT NULL COMMENT '',
  `CREATETIME` datetime NOT NULL COMMENT '',
  `CREATERID` bigint(64) unsigned NOT NULL COMMENT 'ID',
  `UPDATETIME` datetime NOT NULL,
  `UPDATERID` bigint(64) unsigned NOT NULL,
  `CUSTOM_CODE` varchar(4000) DEFAULT NULL COMMENT '',
  PRIMARY KEY (`id`)
) ENGINE=InnoDB AUTO_INCREMENT=18 DEFAULT CHARSET=utf8 ROW_FORMAT=COMPACT COMMENT='';

-- ----------------------------
--  Records of `jc_m_doc_file`
-- ----------------------------
BEGIN;
INSERT INTO `jc_m_doc_file` VALUES ('1', '1', '1', '0', '', null, null, null, null, b'1', '1', '1', '1', '', '2016-07-07 10:34:50', '1', '2016-07-07 10:34:50', '1', ''), ('2', '1', '1.001', '1', 'SOP', null, null, null, '1000', b'1', '1', '1', '1', '', '2016-07-07 10:45:23', '1', '2016-07-07 10:45:23', '1', ''), ('3', '1', '1.002', '1', '', null, null, null, '3000', b'1', '1', '1', '1', '', '2016-07-07 14:24:05', '1', '2016-07-07 14:24:05', '1', ''), ('4', '1', '1.003', '1', '', null, null, '0', '2000', b'1', '1', '1', '1', null, '2016-07-19 15:52:21', '1', '2016-07-19 15:52:26', '1', null), ('5', '1', '1.004', '1', '', '', '', '0', '4000', b'1', '1', '1', '1', '', '2016-07-19 15:55:06', '1', '2016-07-19 15:55:13', '1', ''), ('6', '1', '1.002.0000001', '3', 'Real_1', null, null, '0', '1000', b'1', '0', '0', '1', 'test', '2016-07-19 15:56:23', '1', '2016-07-19 15:56:25', '1', null), ('7', '1', '1.002.0000002', '3', 'Real_Tue Jul 19 16:00:53 CST 2016', null, null, null, '3000', b'1', '0', '0', '1', 'test', '2016-07-19 16:00:53', '3', '2016-07-19 16:00:53', '3', ''), ('8', '1', '1.002.0000003', '3', 'Real_Tue Jul 19 16:01:06 CST 2016', null, null, null, '2000', b'1', '0', '0', '1', 'test', '2016-07-19 16:01:06', '3', '2016-07-19 16:01:06', '3', ''), ('9', '1', '1.005', '1', '111111', null, null, '0', '999', b'1', '1', '0', '1', null, '2016-07-19 16:32:18', '1', '2016-07-19 16:32:21', '1', null), ('10', '1', '1.005.001', '9', '2', null, null, null, '1000', b'0', '1', '1', '1', '', '2016-07-19 16:35:35', '9', '2016-07-19 16:35:35', '9', ''), ('11', '1', '1.005.001.001', '10', '3', null, null, null, '1000', b'0', '1', '1', '1', '', '2016-07-19 16:37:25', '10', '2016-07-19 16:37:25', '10', ''), ('12', '1', '1.005.001.001.001', '11', '4', null, null, null, '1000', b'0', '1', '1', '1', '', '2016-07-19 16:39:44', '11', '2016-07-19 16:39:44', '11', ''), ('13', '1', '1.005.001.001.001.0000001', '12', '1', null, null, null, '1000', b'0', '0', '1', '1', '', '2016-07-19 16:50:52', '12', '2016-07-19 16:50:52', '12', ''), ('14', '1', '1.005.001.001.001.0000001', '10', '3_002', null, null, null, '1000', b'0', '1', '1', '1', '', '2016-07-20 01:08:00', '1', '2016-07-20 01:08:00', '1', ''), ('15', '1', '1.005.001.001.001.0000001', '10', '3_003', null, null, null, '1000', b'0', '1', '1', '1', '', '2016-07-20 01:13:42', '1', '2016-07-20 01:13:42', '1', ''), ('16', '1', '1.005.001.001.001.0000001', '12', '5', null, null, null, '1000', b'0', '1', '1', '1', '', '2016-07-20 01:14:02', '1', '2016-07-20 01:14:02', '1', ''), ('17', '1', '0', '0', '', null, null, '0', '0', null, '1', '0', '1', null, '2016-07-19 16:14:19', '1', '2016-07-19 16:14:21', '1', null);
COMMIT;

-- ----------------------------
--  Table structure for `jc_sys_role`
-- ----------------------------
DROP TABLE IF EXISTS `jc_sys_role`;
CREATE TABLE `jc_sys_role` (
  `ID` bigint(64) unsigned NOT NULL AUTO_INCREMENT COMMENT ' ',
  `ROLENAME` varchar(255) NOT NULL COMMENT '',
  `ROLESTATUS` tinyint(255) DEFAULT '1' COMMENT '',
  `ROLETYPE` tinyint(255) DEFAULT NULL COMMENT '',
  `CREATETIME` timestamp NULL DEFAULT CURRENT_TIMESTAMP ON UPDATE CURRENT_TIMESTAMP COMMENT '',
  `CREATERID` bigint(64) DEFAULT NULL COMMENT 'ID',
  `UPDATETIME` datetime DEFAULT NULL,
  `UPDATERID` bigint(64) DEFAULT NULL,
  PRIMARY KEY (`ID`)
) ENGINE=InnoDB AUTO_INCREMENT=6 DEFAULT CHARSET=utf8 ROW_FORMAT=COMPACT COMMENT='';

-- ----------------------------
--  Records of `jc_sys_role`
-- ----------------------------
BEGIN;
INSERT INTO `jc_sys_role` VALUES ('1', '1', '1', '1', '2016-07-18 09:23:44', null, null, null), ('2', '2', '1', '1', '2016-07-18 09:23:44', null, null, null), ('3', '3', '1', '1', '2016-07-18 09:23:44', null, null, null), ('4', '4', '1', '1', '2016-07-18 09:23:44', null, null, null), ('5', '5', '1', '1', '2016-07-18 09:23:44', null, null, null);
COMMIT;

-- ----------------------------
--  Table structure for `jc_sys_user`
-- ----------------------------
DROP TABLE IF EXISTS `jc_sys_user`;
CREATE TABLE `jc_sys_user` (
  `ID` bigint(64) unsigned NOT NULL AUTO_INCREMENT COMMENT '',
  `USERNAME` varchar(64) NOT NULL COMMENT '',
  `PASSWORD` varchar(255) NOT NULL COMMENT '',
  `NICKNAME` varchar(64) NOT NULL COMMENT '',
  `SEX` char(1) DEFAULT NULL COMMENT '',
  `AGE` tinyint(11) DEFAULT NULL,
  `EMAIL` varchar(64) DEFAULT NULL,
  `R_TOUXIANG` char(64) DEFAULT NULL COMMENT '',
  `ORGID` varchar(64) DEFAULT NULL COMMENT '',
  `STATUS` tinyint(255) DEFAULT NULL COMMENT '',
  `USERTYPE` tinyint(255) DEFAULT NULL COMMENT '',
  `CREATETIME` datetime DEFAULT CURRENT_TIMESTAMP COMMENT ' ',
  `CREATERID` bigint(64) DEFAULT NULL COMMENT '',
  `ORGCASID` varchar(255) DEFAULT NULL COMMENT 'ID',
  `F_DELETE` varchar(255) DEFAULT NULL COMMENT '',
  `USERSALT` varchar(255) DEFAULT NULL,
  `UPDATETIME` datetime DEFAULT CURRENT_TIMESTAMP,
  `UPDATERID` bigint(64) DEFAULT NULL,
  PRIMARY KEY (`ID`),
  UNIQUE KEY `username` (`USERNAME`)
) ENGINE=InnoDB AUTO_INCREMENT=145 DEFAULT CHARSET=utf8 ROW_FORMAT=COMPACT COMMENT='';

-- ----------------------------
--  Records of `jc_sys_user`
-- ----------------------------
BEGIN;
INSERT INTO `jc_sys_user` VALUES ('1', 'test_1', '$2a$10$i07EXDvszCW1dDRhwjcOA.fq35YMd11R2Ymm.OpEYH0uKauv/dMdu', '', '1', '100', 'testonly@realaicy.com', null, null, '1', '1', '2016-08-25 10:25:46', null, '', '0', null, '2016-01-01 08:08:08', null), ('2', 'test_2', '12345678', '', '1', '100', 'testonly@realaicy.com', null, null, '1', '1', '2016-08-25 10:25:46', null, '', '0', null, '2016-01-01 08:08:08', null), ('3', 'test_3', '12345678', '', '1', '100', 'testonly@realaicy.com', null, null, '1', '1', '2016-08-25 10:25:46', null, '', '0', null, '2016-01-01 08:08:08', null), ('4', 'test_4', '12345678', '', '1', '100', 'testonly@realaicy.com', null, null, '1', '1', '2016-08-25 10:25:46', null, '', '0', null, '2016-01-01 08:08:08', null), ('6', 'realaicy', '$2a$10$WTbwTNwRq3.HKbmawkW.XeqLDTsyWmIhNKjmQm08v7VuI9cuTL1CC', '', '1', '100', 'testonly@realaicy.com', null, null, '1', '1', '2016-08-25 10:25:46', null, null, null, null, '2016-01-01 08:08:08', null), ('7', 'test_5', '12345678', '', '1', '100', 'testonly@realaicy.com', null, null, '1', '1', '2016-08-25 10:25:46', null, '', '0', null, '2016-01-01 08:08:08', null), ('8', 'test_6', '12345678', '', '1', '100', 'testonly@realaicy.com', null, null, '1', '1', '2016-08-25 10:25:46', null, '', '0', null, '2016-01-01 08:08:08', null), ('9', 'test_7', '12345678', '', '1', '100', 'testonly@realaicy.com', null, null, '1', '1', '2016-08-25 10:25:46', null, '', '0', null, '2016-01-01 08:08:08', null), ('10', 'test_8', '12345678', '', '1', '100', 'testonly@realaicy.com', null, null, '1', '1', '2016-08-25 10:25:46', null, '', '0', null, '2016-01-01 08:08:08', null), ('11', 'test_9', '12345678', '', '1', '100', 'testonly@realaicy.com', null, null, '1', '1', '2016-08-25 10:25:46', null, '', '0', null, '2016-01-01 08:08:08', null), ('12', 'test_10', '12345678', '', '1', '100', 'testonly@realaicy.com', null, null, '1', '1', '2016-08-25 10:25:46', null, '', '0', null, '2016-01-01 08:08:08', null), ('13', 'test_11', '12345678', '', '1', '100', 'testonly@realaicy.com', null, null, '1', '1', '2016-08-25 10:25:46', null, '', '0', null, '2016-01-01 08:08:08', null), ('14', 'test_12', '12345678', '', '1', '100', 'testonly@realaicy.com', null, null, '1', '1', '2016-08-25 10:25:46', null, '', '0', null, '2016-01-01 08:08:08', null), ('15', 'test_13', '12345678', '', '1', '100', 'testonly@realaicy.com', null, null, '1', '1', '2016-08-25 10:25:46', null, '', '0', null, '2016-01-01 08:08:08', null), ('16', 'test_14', '12345678', '', '1', '100', 'testonly@realaicy.com', null, null, '1', '1', '2016-08-25 10:25:46', null, '', '0', null, '2016-01-01 08:08:08', null), ('17', 'test_15', '12345678', '', '1', '100', 'testonly@realaicy.com', null, null, '1', '1', '2016-08-25 10:25:46', null, '', '0', null, '2016-01-01 08:08:08', null), ('18', 'test_16', '12345678', '', '1', '100', 'testonly@realaicy.com', null, null, '1', '1', '2016-08-25 10:25:46', null, '', '0', null, '2016-01-01 08:08:08', null), ('19', 'test_17', '12345678', '', '1', '100', 'testonly@realaicy.com', null, null, '1', '1', '2016-08-25 10:25:46', null, '', '0', null, '2016-01-01 08:08:08', null), ('20', 'test_18', '12345678', '', '1', '100', 'testonly@realaicy.com', null, null, '1', '1', '2016-08-25 10:25:46', null, '', '0', null, '2016-01-01 08:08:08', null), ('21', 'test_19', '12345678', '', '1', '100', 'testonly@realaicy.com', null, null, '1', '1', '2016-08-25 10:25:46', null, '', '0', null, '2016-01-01 08:08:08', null), ('22', 'test_20', '12345678', '', '1', '100', 'testonly@realaicy.com', null, null, '1', '1', '2016-08-25 10:25:46', null, '', '0', null, '2016-01-01 08:08:08', null), ('23', 'test_21', '12345678', '', '1', '100', 'testonly@realaicy.com', null, null, '1', '1', '2016-08-25 10:25:46', null, '', '0', null, '2016-01-01 08:08:08', null), ('24', 'test_22', '12345678', '', '1', '100', 'testonly@realaicy.com', null, null, '1', '1', '2016-08-25 10:25:46', null, '', '0', null, '2016-01-01 08:08:08', null), ('25', 'test_23', '12345678', '', '1', '100', 'testonly@realaicy.com', null, null, '1', '1', '2016-08-25 10:25:46', null, '', '0', null, '2016-01-01 08:08:08', null), ('26', 'test_24', '12345678', '', '1', '100', 'testonly@realaicy.com', null, null, '1', '1', '2016-08-25 10:25:46', null, '', '0', null, '2016-01-01 08:08:08', null), ('27', 'test_25', '12345678', '', '1', '100', 'testonly@realaicy.com', null, null, '1', '1', '2016-08-25 10:25:46', null, '', '0', null, '2016-01-01 08:08:08', null), ('28', 'test_26', '12345678', '', '1', '100', 'testonly@realaicy.com', null, null, '1', '1', '2016-08-25 10:25:46', null, '', '0', null, '2016-01-01 08:08:08', null), ('29', 'test_27', '12345678', '', '1', '100', 'testonly@realaicy.com', null, null, '1', '1', '2016-08-25 10:25:46', null, '', '0', null, '2016-01-01 08:08:08', null), ('30', 'test_28', '12345678', '', '1', '100', 'testonly@realaicy.com', null, null, '1', '1', '2016-08-25 10:25:46', null, '', '0', null, '2016-01-01 08:08:08', null), ('31', 'test_29', '12345678', '', '1', '100', 'testonly@realaicy.com', null, null, '1', '1', '2016-08-25 10:25:46', null, '', '0', null, '2016-01-01 08:08:08', null), ('32', 'test_30', '12345678', '', '1', '100', 'testonly@realaicy.com', null, null, '1', '1', '2016-08-25 10:25:46', null, '', '0', null, '2016-01-01 08:08:08', null), ('33', 'test_31', '12345678', '', '1', '100', 'testonly@realaicy.com', null, null, '1', '1', '2016-08-25 10:25:46', null, '', '0', null, '2016-01-01 08:08:08', null), ('34', 'test_32', '12345678', '', '1', '100', 'testonly@realaicy.com', null, null, '1', '1', '2016-08-25 10:25:46', null, '', '0', null, '2016-01-01 08:08:08', null), ('35', 'test_33', '12345678', '', '1', '100', 'testonly@realaicy.com', null, null, '1', '1', '2016-08-25 10:25:46', null, '', '0', null, '2016-01-01 08:08:08', null), ('36', 'test_34', '12345678', '', '1', '100', 'testonly@realaicy.com', null, null, '1', '1', '2016-08-25 10:25:46', null, '', '0', null, '2016-01-01 08:08:08', null), ('37', 'test_35', '12345678', '', '1', '100', 'testonly@realaicy.com', null, null, '1', '1', '2016-08-25 10:25:46', null, '', '0', null, '2016-01-01 08:08:08', null), ('38', 'test_36', '12345678', '', '1', '100', 'testonly@realaicy.com', null, null, '1', '1', '2016-08-25 10:25:46', null, '', '0', null, '2016-01-01 08:08:08', null), ('39', 'test_37', '12345678', '', '1', '100', 'testonly@realaicy.com', null, null, '1', '1', '2016-08-25 10:25:46', null, '', '0', null, '2016-01-01 08:08:08', null), ('40', 'test_38', '12345678', '', '1', '100', 'testonly@realaicy.com', null, null, '1', '1', '2016-08-25 10:25:46', null, '', '0', null, '2016-01-01 08:08:08', null), ('41', 'test_39', '12345678', '', '1', '100', 'testonly@realaicy.com', null, null, '1', '1', '2016-08-25 10:25:46', null, '', '0', null, '2016-01-01 08:08:08', null), ('42', 'test_40', '12345678', '', '1', '100', 'testonly@realaicy.com', null, null, '1', '1', '2016-08-25 10:25:46', null, '', '0', null, '2016-01-01 08:08:08', null), ('43', 'test_41', '12345678', '', '1', '100', 'testonly@realaicy.com', null, null, '1', '1', '2016-08-25 10:25:46', null, '', '0', null, '2016-01-01 08:08:08', null), ('44', 'test_42', '12345678', '', '1', '100', 'testonly@realaicy.com', null, null, '1', '1', '2016-08-25 10:25:46', null, '', '0', null, '2016-01-01 08:08:08', null), ('45', 'test_43', '12345678', '', '1', '100', 'testonly@realaicy.com', null, null, '1', '1', '2016-08-25 10:25:46', null, '', '0', null, '2016-01-01 08:08:08', null), ('46', 'test_44', '12345678', '', '1', '100', 'testonly@realaicy.com', null, null, '1', '1', '2016-08-25 10:25:46', null, '', '0', null, '2016-01-01 08:08:08', null), ('47', 'test_45', '12345678', '', '1', '100', 'testonly@realaicy.com', null, null, '1', '1', '2016-08-25 10:25:46', null, '', '0', null, '2016-01-01 08:08:08', null), ('48', 'test_46', '12345678', '', '1', '100', 'testonly@realaicy.com', null, null, '1', '1', '2016-08-25 10:25:46', null, '', '0', null, '2016-01-01 08:08:08', null), ('49', 'test_47', '12345678', '', '1', '100', 'testonly@realaicy.com', null, null, '1', '1', '2016-08-25 10:25:46', null, '', '0', null, '2016-01-01 08:08:08', null), ('50', 'test_48', '12345678', '', '1', '100', 'testonly@realaicy.com', null, null, '1', '1', '2016-08-25 10:25:46', null, '', '0', null, '2016-01-01 08:08:08', null), ('51', 'test_49', '12345678', '', '1', '100', 'testonly@realaicy.com', null, null, '1', '1', '2016-08-25 10:25:46', null, '', '0', null, '2016-01-01 08:08:08', null), ('52', 'test_50', '12345678', '', '1', '100', 'testonly@realaicy.com', null, null, '1', '1', '2016-08-25 10:25:46', null, '', '0', null, '2016-01-01 08:08:08', null), ('53', 'test_51', '12345678', '', '1', '100', 'testonly@realaicy.com', null, null, '1', '1', '2016-08-25 10:25:46', null, '', '0', null, '2016-01-01 08:08:08', null), ('54', 'test_52', '12345678', '', '1', '100', 'testonly@realaicy.com', null, null, '1', '1', '2016-08-25 10:25:46', null, '', '0', null, '2016-01-01 08:08:08', null), ('55', 'test_53', '12345678', '', '1', '100', 'testonly@realaicy.com', null, null, '1', '1', '2016-08-25 10:25:46', null, '', '0', null, '2016-01-01 08:08:08', null), ('56', 'test_54', '12345678', '', '1', '100', 'testonly@realaicy.com', null, null, '1', '1', '2016-08-25 10:25:46', null, '', '0', null, '2016-01-01 08:08:08', null), ('57', 'test_55', '12345678', '', '1', '100', 'testonly@realaicy.com', null, null, '1', '1', '2016-08-25 10:25:46', null, '', '0', null, '2016-01-01 08:08:08', null), ('58', 'test_56', '12345678', '', '1', '100', 'testonly@realaicy.com', null, null, '1', '1', '2016-08-25 10:25:46', null, '', '0', null, '2016-01-01 08:08:08', null), ('59', 'test_57', '12345678', '', '1', '100', 'testonly@realaicy.com', null, null, '1', '1', '2016-08-25 10:25:46', null, '', '0', null, '2016-01-01 08:08:08', null), ('60', 'test_58', '12345678', '', '1', '100', 'testonly@realaicy.com', null, null, '1', '1', '2016-08-25 10:25:46', null, '', '0', null, '2016-01-01 08:08:08', null), ('61', 'test_59', '12345678', '', '1', '100', 'testonly@realaicy.com', null, null, '1', '1', '2016-08-25 10:25:46', null, '', '0', null, '2016-01-01 08:08:08', null), ('62', 'test_60', '12345678', '', '1', '100', 'testonly@realaicy.com', null, null, '1', '1', '2016-08-25 10:25:46', null, '', '0', null, '2016-01-01 08:08:08', null), ('63', 'test_61', '12345678', '', '1', '100', 'testonly@realaicy.com', null, null, '1', '1', '2016-08-25 10:25:46', null, '', '0', null, '2016-01-01 08:08:08', null), ('64', 'test_62', '12345678', '', '1', '100', 'testonly@realaicy.com', null, null, '1', '1', '2016-08-25 10:25:46', null, '', '0', null, '2016-01-01 08:08:08', null), ('65', 'test_63', '12345678', '', '1', '100', 'testonly@realaicy.com', null, null, '1', '1', '2016-08-25 10:25:46', null, '', '0', null, '2016-01-01 08:08:08', null), ('66', 'test_64', '12345678', '', '1', '100', 'testonly@realaicy.com', null, null, '1', '1', '2016-08-25 10:25:46', null, '', '0', null, '2016-01-01 08:08:08', null), ('67', 'test_65', '12345678', '', '1', '100', 'testonly@realaicy.com', null, null, '1', '1', '2016-08-25 10:25:46', null, '', '0', null, '2016-01-01 08:08:08', null), ('68', 'test_66', '12345678', '', '1', '100', 'testonly@realaicy.com', null, null, '1', '1', '2016-08-25 10:25:46', null, '', '0', null, '2016-01-01 08:08:08', null), ('69', 'test_67', '12345678', '', '1', '100', 'testonly@realaicy.com', null, null, '1', '1', '2016-08-25 10:25:46', null, '', '0', null, '2016-01-01 08:08:08', null), ('70', 'test_68', '12345678', '', '1', '100', 'testonly@realaicy.com', null, null, '1', '1', '2016-08-25 10:25:46', null, '', '0', null, '2016-01-01 08:08:08', null), ('71', 'test_69', '12345678', '', '1', '100', 'testonly@realaicy.com', null, null, '1', '1', '2016-08-25 10:25:46', null, '', '0', null, '2016-01-01 08:08:08', null), ('72', 'test_70', '12345678', '', '1', '100', 'testonly@realaicy.com', null, null, '1', '1', '2016-08-25 10:25:46', null, '', '0', null, '2016-01-01 08:08:08', null), ('73', 'test_71', '12345678', '', '1', '100', 'testonly@realaicy.com', null, null, '1', '1', '2016-08-25 10:25:46', null, '', '0', null, '2016-01-01 08:08:08', null), ('74', 'test_72', '12345678', '', '1', '100', 'testonly@realaicy.com', null, null, '1', '1', '2016-08-25 10:25:46', null, '', '0', null, '2016-01-01 08:08:08', null), ('75', 'test_73', '12345678', '', '1', '100', 'testonly@realaicy.com', null, null, '1', '1', '2016-08-25 10:25:46', null, '', '0', null, '2016-01-01 08:08:08', null), ('76', 'test_74', '12345678', '', '1', '100', 'testonly@realaicy.com', null, null, '1', '1', '2016-08-25 10:25:46', null, '', '0', null, '2016-01-01 08:08:08', null), ('77', 'test_75', '12345678', '', '1', '100', 'testonly@realaicy.com', null, null, '1', '1', '2016-08-25 10:25:46', null, '', '0', null, '2016-01-01 08:08:08', null), ('78', 'test_76', '12345678', '', '1', '100', 'testonly@realaicy.com', null, null, '1', '1', '2016-08-25 10:25:46', null, '', '0', null, '2016-01-01 08:08:08', null), ('79', 'test_77', '12345678', '', '1', '100', 'testonly@realaicy.com', null, null, '1', '1', '2016-08-25 10:25:46', null, '', '0', null, '2016-01-01 08:08:08', null), ('80', 'test_78', '12345678', '', '1', '100', 'testonly@realaicy.com', null, null, '1', '1', '2016-08-25 10:25:46', null, '', '0', null, '2016-01-01 08:08:08', null), ('81', 'test_79', '12345678', '', '1', '100', 'testonly@realaicy.com', null, null, '1', '1', '2016-08-25 10:25:46', null, '', '0', null, '2016-01-01 08:08:08', null), ('82', 'test_80', '12345678', '', '1', '100', 'testonly@realaicy.com', null, null, '1', '1', '2016-08-25 10:25:46', null, '', '0', null, '2016-01-01 08:08:08', null), ('83', 'test_81', '12345678', '', '1', '100', 'testonly@realaicy.com', null, null, '1', '1', '2016-08-25 10:25:46', null, '', '0', null, '2016-01-01 08:08:08', null), ('84', 'test_82', '12345678', '', '1', '100', 'testonly@realaicy.com', null, null, '1', '1', '2016-08-25 10:25:46', null, '', '0', null, '2016-01-01 08:08:08', null), ('85', 'test_83', '12345678', '', '1', '100', 'testonly@realaicy.com', null, null, '1', '1', '2016-08-25 10:25:46', null, '', '0', null, '2016-01-01 08:08:08', null), ('86', 'test_84', '12345678', '', '1', '100', 'testonly@realaicy.com', null, null, '1', '1', '2016-08-25 10:25:46', null, '', '0', null, '2016-01-01 08:08:08', null), ('87', 'test_85', '12345678', '', '1', '100', 'testonly@realaicy.com', null, null, '1', '1', '2016-08-25 10:25:46', null, '', '0', null, '2016-01-01 08:08:08', null), ('88', 'test_86', '12345678', '', '1', '100', 'testonly@realaicy.com', null, null, '1', '1', '2016-08-25 10:25:46', null, '', '0', null, '2016-01-01 08:08:08', null), ('89', 'test_87', '12345678', '', '1', '100', 'testonly@realaicy.com', null, null, '1', '1', '2016-08-25 10:25:46', null, '', '0', null, '2016-01-01 08:08:08', null), ('90', 'test_88', '12345678', '', '1', '100', 'testonly@realaicy.com', null, null, '1', '1', '2016-08-25 10:25:46', null, '', '0', null, '2016-01-01 08:08:08', null), ('91', 'test_89', '12345678', '', '1', '100', 'testonly@realaicy.com', null, null, '1', '1', '2016-08-25 10:25:46', null, '', '0', null, '2016-01-01 08:08:08', null), ('92', 'test_90', '12345678', '', '1', '100', 'testonly@realaicy.com', null, null, '1', '1', '2016-08-25 10:25:46', null, '', '0', null, '2016-01-01 08:08:08', null), ('93', 'test_91', '12345678', '', '1', '100', 'testonly@realaicy.com', null, null, '1', '1', '2016-08-25 10:25:46', null, '', '0', null, '2016-01-01 08:08:08', null), ('94', 'test_92', '12345678', '', '1', '100', 'testonly@realaicy.com', null, null, '1', '1', '2016-08-25 10:25:46', null, '', '0', null, '2016-01-01 08:08:08', null), ('95', 'test_93', '12345678', '', '1', '100', 'testonly@realaicy.com', null, null, '1', '1', '2016-08-25 10:25:46', null, '', '0', null, '2016-01-01 08:08:08', null), ('96', 'test_94', '12345678', '', '1', '100', 'testonly@realaicy.com', null, null, '1', '1', '2016-08-25 10:25:46', null, '', '0', null, '2016-01-01 08:08:08', null), ('97', 'test_95', '12345678', '', '1', '100', 'testonly@realaicy.com', null, null, '1', '1', '2016-08-25 10:25:46', null, '', '0', null, '2016-01-01 08:08:08', null), ('98', 'test_96', '12345678', '', '1', '100', 'testonly@realaicy.com', null, null, '1', '1', '2016-08-25 10:25:46', null, '', '0', null, '2016-01-01 08:08:08', null), ('99', 'test_97', '12345678', '', '1', '100', 'testonly@realaicy.com', null, null, '1', '1', '2016-08-25 10:25:46', null, '', '0', null, '2016-01-01 08:08:08', null), ('100', 'test_98', '12345678', '', '1', '100', 'testonly@realaicy.com', null, null, '1', '1', '2016-08-25 10:25:46', null, '', '0', null, '2016-01-01 08:08:08', null), ('101', 'test_99', '12345678', '', '1', '100', 'testonly@realaicy.com', null, null, '1', '1', '2016-08-25 10:25:46', null, '', '0', null, '2016-01-01 08:08:08', null), ('126', 'a2', 'aaa', 'a22', '\0', '0', 'testonly@realaicy.com', null, null, '1', '1', '2016-08-27 18:23:33', '6', '', '0', null, '2016-08-28 10:18:35', '6'), ('127', 'a', '$2a$10$wWmrSNuHUY7eKI5lPhe7.eY6IdGc8TZ19P4FoT1rgj4jnYc4UlKim', 'a', '\0', '0', '', null, null, '1', '1', '2016-08-27 18:34:21', '6', '', '0', null, null, null), ('130', 'b', '$2a$10$B96TColbQ7ic3xCLiwIJseQxO4dh2x5acCDrV8DVykQ1uitUuu7TK', 'bbb', '\0', '0', 'testonly@realaicy.com', null, null, '1', '1', '2016-08-27 19:20:22', '6', '', '0', null, null, null), ('131', 'c', '$2a$10$F.BmFJwNpWiIOEZOmmmV3u9w.GxLGzzygkvKVe0vi5Rz.CoJy22fi', 'c', '\0', '0', '', null, null, '1', '1', '2016-08-27 20:08:06', '6', '', '0', null, null, null), ('132', 'c2', '$2a$10$YoNMiTrmcKgWOvVuyjJpnOZDKMzxi/O6y6LClArGSseIuXNP1MkCy', 'c2', '\0', '0', '', null, null, '1', '1', '2016-08-27 20:09:54', '6', '', '0', null, null, null), ('133', 'c3', '$2a$10$R/d2gU7F/ZNgAWsc2x8KkeMdJYEU7qFUUCnv4YD4B5S4jgXl7I7Ay', 'c2', '\0', '0', '', null, null, '1', '1', '2016-08-27 20:12:07', '6', '', '0', null, null, null), ('134', 'c4', '$2a$10$oUkQMZNYSEYtP50AgPuh/u.kN3ilDnVWT6r5SUBU2gACeR4m92z1W', 'c5', '\0', '0', '', null, null, '1', '1', '2016-08-27 20:12:17', '6', '', '0', null, '2016-08-28 10:32:00', '6'), ('136', 'a3', '$2a$10$swYLDj3sPRJsRleu6k3DO.H/2IrA4.Ca5.pK5Rkc862xh1HLElKM2', 'a333', '\0', '0', '', null, null, '0', '0', '2016-08-28 10:18:56', '6', null, null, null, '2016-08-28 10:22:14', '6'), ('137', 'e1', '$2a$10$uaQ4wGyOK1na8dLfXiIXsOpNE/qS35W5TSaDLmxTW0KiUkLzQvWji', 'e', '\0', '0', '', null, null, '0', '0', '2016-08-28 21:21:25', '6', null, null, null, '2016-08-28 21:21:25', '6'), ('138', 'e2', '$2a$10$d5wWZBMiE0RZLUst74bW..630uPcY6sqJPzt29sBPfxCa9lXg5fOO', 'e', '\0', '0', '', null, null, '0', '0', '2016-08-28 21:23:28', '6', null, null, null, '2016-08-28 21:23:28', '6'), ('140', 'e3', '$2a$10$T1gaLTkkpHtrf3J9tOYFq.ssyg.V0HouwoQPXkAPJAIfYo7kJC1v.', 'e', '\0', '0', '', null, null, '0', '0', '2016-08-28 21:36:19', '6', null, null, null, '2016-08-28 21:36:19', '6'), ('141', 'e4', '$2a$10$TCja1JRN4Dop/eYag2fi9uSP5eKkW1eTcyQDhoAnA9iANwi406Uxe', 'e', '\0', '0', '', null, null, '0', '0', '2016-08-28 21:47:26', '6', null, null, null, '2016-08-28 21:47:26', '6'), ('142', 'e5', '$2a$10$W90uvw8iDdV5i6IOY2H72uF6xVk5MtQ4BYwjj4NspT2eoKjlNwWEe', 'e', '\0', '0', '', 'http://127.0.0.1:32002/tmp/upload/tmp/realfile_1472392147675', null, '0', '0', '2016-08-28 21:49:19', '6', null, null, null, '2016-08-28 21:49:19', '6'), ('143', 'new1', '$2a$10$RKxRdpVukMQ3aAGIa978Xumfl961eYo/KT8StcG6Ym2JeaVi2bLZ.', 'new11', '\0', '0', '', 'http://127.0.0.1:32002/tmp/upload/tmp/realfile_1472406598960', null, '0', '0', '2016-08-29 01:52:09', '6', null, null, null, '2016-08-29 02:01:01', '6'), ('144', 'new2', '$2a$10$m9iC.PeDOkh1v6WNk51YXOTJfZ/qeZELL01KOcEx1w83XEKfEJFTK', 'new22', '\0', '0', '', '', null, '0', '0', '2016-08-29 02:01:29', '6', null, null, null, '2016-08-29 02:01:45', '6');
COMMIT;

-- ----------------------------
--  Table structure for `jc_sys_user_role`
-- ----------------------------
DROP TABLE IF EXISTS `jc_sys_user_role`;
CREATE TABLE `jc_sys_user_role` (
  `ID` bigint(64) unsigned NOT NULL AUTO_INCREMENT COMMENT '',
  `USERID` bigint(64) NOT NULL COMMENT '',
  `ROLEID` bigint(64) NOT NULL COMMENT '',
  `CREATERID` bigint(64) DEFAULT NULL,
  `CREATETIME` datetime DEFAULT NULL,
  `OPERATETIME` datetime DEFAULT NULL,
  `OPERATERID` bigint(64) DEFAULT NULL,
  PRIMARY KEY (`ID`),
  UNIQUE KEY `aos_sys_user_role_ukey` (`USERID`,`ROLEID`)
) ENGINE=InnoDB AUTO_INCREMENT=19 DEFAULT CHARSET=utf8 ROW_FORMAT=COMPACT COMMENT='-';

-- ----------------------------
--  Records of `jc_sys_user_role`
-- ----------------------------
BEGIN;
INSERT INTO `jc_sys_user_role` VALUES ('1', '4', '4', null, null, null, null), ('15', '5', '3', null, null, null, null), ('16', '5', '4', null, null, null, null), ('17', '5', '5', null, null, null, null), ('18', '5', '2', null, null, null, null);
COMMIT;

-- ----------------------------
--  Table structure for `jc_sys_user_role_copy`
-- ----------------------------
DROP TABLE IF EXISTS `jc_sys_user_role_copy`;
CREATE TABLE `jc_sys_user_role_copy` (
  `ID` bigint(64) unsigned NOT NULL AUTO_INCREMENT COMMENT '',
  `USERID` bigint(64) NOT NULL COMMENT '',
  `ROLEID` bigint(64) NOT NULL COMMENT '',
  `CREATERID` bigint(64) DEFAULT NULL,
  `CREATETIME` datetime DEFAULT NULL,
  `OPERATETIME` datetime DEFAULT NULL,
  `OPERATERID` bigint(64) DEFAULT NULL,
  PRIMARY KEY (`ID`),
  UNIQUE KEY `aos_sys_user_role_ukey` (`USERID`,`ROLEID`)
) ENGINE=InnoDB DEFAULT CHARSET=utf8 ROW_FORMAT=COMPACT COMMENT='-';

-- ----------------------------
--  Table structure for `jc_sys_user_sec`
-- ----------------------------
DROP TABLE IF EXISTS `jc_sys_user_sec`;
CREATE TABLE `jc_sys_user_sec` (
  `ID` bigint(64) unsigned NOT NULL AUTO_INCREMENT COMMENT '',
  `USERNAME` varchar(64) DEFAULT NULL COMMENT '',
  `PASSWORD` varchar(255) DEFAULT NULL COMMENT '',
  `NICKNAME` varchar(64) DEFAULT NULL,
  `ACCOUNTNONEXPIRED` char(1) DEFAULT NULL COMMENT '',
  `ACCOUNTNONLOCKED` char(1) DEFAULT NULL COMMENT '',
  `CREDENTIALSNONEXPIRED` char(1) DEFAULT NULL COMMENT '',
  `ENABLED` char(1) DEFAULT NULL COMMENT '',
  `CREATETIME` timestamp NULL DEFAULT NULL,
  `CREATERID` bigint(64) DEFAULT NULL,
  `UPDATETIME` timestamp NULL DEFAULT NULL,
  `UPDATERID` bigint(64) DEFAULT NULL,
  PRIMARY KEY (`ID`)
) ENGINE=InnoDB AUTO_INCREMENT=115 DEFAULT CHARSET=utf8 ROW_FORMAT=COMPACT COMMENT='';

-- ----------------------------
--  Records of `jc_sys_user_sec`
-- ----------------------------
BEGIN;
INSERT INTO `jc_sys_user_sec` VALUES ('1', 'test_1', '$2a$10$i07EXDvszCW1dDRhwjcOA.fq35YMd11R2Ymm.OpEYH0uKauv/dMdu', '', '1', '1', '1', '1', null, null, null, null), ('6', 'realaicy', '$2a$10$WTbwTNwRq3.HKbmawkW.XeqLDTsyWmIhNKjmQm08v7VuI9cuTL1CC', '', '1', '1', '1', '1', null, null, null, null), ('102', 'b', '$2a$10$B96TColbQ7ic3xCLiwIJseQxO4dh2x5acCDrV8DVykQ1uitUuu7TK', 'bbb', '1', '1', '1', '1', '2016-08-27 19:20:22', '6', null, null), ('103', 'c', '$2a$10$F.BmFJwNpWiIOEZOmmmV3u9w.GxLGzzygkvKVe0vi5Rz.CoJy22fi', 'c', '1', '1', '1', '1', '2016-08-27 20:08:06', '6', null, null), ('104', 'c2', '$2a$10$YoNMiTrmcKgWOvVuyjJpnOZDKMzxi/O6y6LClArGSseIuXNP1MkCy', 'c2', '1', '1', '1', '1', '2016-08-27 20:09:54', '6', null, null), ('105', 'c3', '$2a$10$R/d2gU7F/ZNgAWsc2x8KkeMdJYEU7qFUUCnv4YD4B5S4jgXl7I7Ay', 'c2', '1', '1', '1', '1', '2016-08-27 20:12:07', '6', null, null), ('106', 'c4', '$2a$10$oUkQMZNYSEYtP50AgPuh/u.kN3ilDnVWT6r5SUBU2gACeR4m92z1W', 'c4', '1', '1', '1', '1', '2016-08-27 20:12:17', '6', null, null), ('107', 'a3', '$2a$10$swYLDj3sPRJsRleu6k3DO.H/2IrA4.Ca5.pK5Rkc862xh1HLElKM2', 'a3', '1', '1', '1', '1', '2016-08-28 10:18:56', '6', '2016-08-28 10:18:56', '6'), ('108', 'e1', '$2a$10$uaQ4wGyOK1na8dLfXiIXsOpNE/qS35W5TSaDLmxTW0KiUkLzQvWji', 'e', '1', '1', '1', '1', '2016-08-28 21:21:25', '6', '2016-08-28 21:21:25', '6'), ('109', 'e2', '$2a$10$d5wWZBMiE0RZLUst74bW..630uPcY6sqJPzt29sBPfxCa9lXg5fOO', 'e', '1', '1', '1', '1', '2016-08-28 21:23:28', '6', '2016-08-28 21:23:28', '6'), ('110', 'e3', '$2a$10$T1gaLTkkpHtrf3J9tOYFq.ssyg.V0HouwoQPXkAPJAIfYo7kJC1v.', 'e', '1', '1', '1', '1', '2016-08-28 21:36:19', '6', '2016-08-28 21:36:19', '6'), ('111', 'e4', '$2a$10$TCja1JRN4Dop/eYag2fi9uSP5eKkW1eTcyQDhoAnA9iANwi406Uxe', 'e', '1', '1', '1', '1', '2016-08-28 21:47:26', '6', '2016-08-28 21:47:26', '6'), ('112', 'e5', '$2a$10$W90uvw8iDdV5i6IOY2H72uF6xVk5MtQ4BYwjj4NspT2eoKjlNwWEe', 'e', '1', '1', '1', '1', '2016-08-28 21:49:19', '6', '2016-08-28 21:49:19', '6'), ('113', 'new1', '$2a$10$RKxRdpVukMQ3aAGIa978Xumfl961eYo/KT8StcG6Ym2JeaVi2bLZ.', 'new1', '1', '1', '1', '1', '2016-08-29 01:52:09', '6', '2016-08-29 01:52:09', '6'), ('114', 'new2', '$2a$10$m9iC.PeDOkh1v6WNk51YXOTJfZ/qeZELL01KOcEx1w83XEKfEJFTK', 'new2', '1', '1', '1', '1', '2016-08-29 02:01:29', '6', '2016-08-29 02:01:29', '6');
COMMIT;

-- ----------------------------
--  Table structure for `ss_checkjob_checkitem`
-- ----------------------------
DROP TABLE IF EXISTS `ss_checkjob_checkitem`;
CREATE TABLE `ss_checkjob_checkitem` (
  `id_` varchar(64) NOT NULL COMMENT '',
  `cascade_id_` varchar(255) NOT NULL COMMENT 'ID',
  `root_key_` varchar(255) NOT NULL COMMENT '',
  `root_name_` varchar(255) NOT NULL COMMENT '',
  `name_` varchar(255) NOT NULL COMMENT '',
  `hotkey_` varchar(255) DEFAULT NULL COMMENT '',
  `parent_id_` varchar(64) NOT NULL COMMENT '',
  `is_leaf_` varchar(255) NOT NULL DEFAULT '1' COMMENT '',
  `is_auto_expand_` varchar(255) NOT NULL DEFAULT '0' COMMENT '',
  `icon_name_` varchar(255) DEFAULT NULL COMMENT '',
  `sort_no_` int(10) DEFAULT NULL COMMENT '',
  PRIMARY KEY (`id_`),
  UNIQUE KEY `aos_sys_catalog_ukey` (`cascade_id_`)
) ENGINE=InnoDB DEFAULT CHARSET=utf8 ROW_FORMAT=COMPACT COMMENT='';

-- ----------------------------
--  Records of `ss_checkjob_checkitem`
-- ----------------------------
BEGIN;
INSERT INTO `ss_checkjob_checkitem` VALUES ('000ec3d1c48d45ca8d321be55f44e495', '0.003.010.255.001', 'ss_a', '', '10.255.1 ', null, 'ceaa67ae87284c4db2d7845fa0ebe542', '1', '0', 'default.png', '10'), ('0017ff2d13cb44168edaf1f2fe693555', '0.003.012.295', 'ss_a', '', '12.295 ', null, '9749060c72574c9ea5f279bb45885a27', '1', '0', 'default.png', '30'), ('00a0aeba317840509f2f15d94fd6a1b3', '0.003.003.021.002', 'ss_a', '', '3.21.2 ', null, 'e249c25610154493a294f7e52cc0a0d4', '1', '0', 'default.png', '20'), ('01cafe8e25f740538f0e9b57bd64bba5', '0.003.003.030', 'ss_a', '', '3.30 ', null, '18ab8dcf7740492ca667eb9fb0bdc864', '0', '0', 'folder2.png', '150'), ('020bd3e0b3154c69a94ec14f0f20e61a', '0.003.004.066', 'ss_a', '', '4.66 ', null, 'c0d4522d01b341d8bb037210aeec27a2', '1', '0', 'default.png', '290'), ('02ee8dd8e86348b4b840d70c08c1960c', '0.003.002.011', 'ss_a', '', '2.11 ;', null, 'c68adc0394334bfa929c70f989789275', '1', '0', 'default.png', '70'), ('02eec96dfbf0440fa16a2caaf168c812', '0.003.006.131', 'ss_a', '', '6.131 ', null, 'aad3ac1a1a5b4da3b4e43d4102dbbed9', '1', '0', 'default.png', '300'), ('03a5a95d55764fe696ad10eaa375d0f6', '0.003.006.102.001', 'ss_a', '', '6.102.1 ', null, '69eef02c1a474f44b73c6393c65833c2', '1', '0', 'default.png', '10'), ('03d8a31ffcb94e4c849fcdbef516d417', '0.003.004.055', 'ss_a', '', '4.55 ', null, 'c0d4522d01b341d8bb037210aeec27a2', '1', '0', 'default.png', '180'), ('0426d11562f44ce69aa1bf544923d4d6', '0.003.009.207', 'ss_a', '', '9.207 ', null, 'cbd91f27b5e04f4bad7b0e0f71ce8993', '1', '0', 'default.png', '240'), ('0431a290fbf14ea2b6a6017d55dbdbfe', '0.003.004.057', 'ss_a', '', '4.57 ', null, 'c0d4522d01b341d8bb037210aeec27a2', '1', '0', 'default.png', '200'), ('04d461e5ff1649a1aa831dc94c861d28', '0.003.001.002.001', 'ss_a', '', '1.2.1 ', null, '8d459793fbda4ca0b094278e8d0910ca', '1', '0', 'default.png', '10'), ('0516d9cff90846df8c939d3fb8bf572f', '0.003.008.177', 'ss_a', '', '8.177 ', null, 'baf03d4d64ee43058ed87fd53fcaa6f1', '1', '0', 'default.png', '280'), ('05294b6b587b4d7fbd7c3dfbf0012523', '0.003.005.092.001', 'ss_a', '', '5.92.1 ', null, '0901af27890d4112a55c0c4c18c2329e', '1', '0', 'default.png', '10'), ('0538644823af4ccaba7bdbbeff1e8054', '0.003.006.116', 'ss_a', '', '6.116 ', null, 'aad3ac1a1a5b4da3b4e43d4102dbbed9', '1', '0', 'default.png', '150'), ('0591167e15e84f87b6b140ba1aea3ad3', '0.003.010.267', 'ss_a', '', '10.267 ', null, 'e5ea16ae33514c43a5417440f1970a0a', '1', '0', 'default.png', '510'), ('061fed69d2314950b22ad2ff053e5aed', '0.003.010.223.006', 'ss_a', '', '10.223.6 ', null, '57de58f1774d4f90852961a935310aef', '0', '0', 'folder2.png', '60'), ('06254582303d4460a97b92d2b2113146', '0.003.002.009.002', 'ss_a', '', '2.9.2 ', null, '567d2749135e43c1a4ce3f1240bbb538', '1', '0', 'default.png', '20'), ('0663db5cff8e423781cf2d30d310bc7f', '0.003.008.183.007', 'ss_a', '', '8.183.7 ', null, 'af27c55ad4fb42f8b366ebbc5a8567c4', '1', '0', 'default.png', '70'), ('0671fc0f30914564a17678976b9c6473', '0.003.004.052', 'ss_a', '', '4.52 ', null, 'c0d4522d01b341d8bb037210aeec27a2', '1', '0', 'default.png', '150'), ('067235520e4e4a999f31ed36ec5d3b0c', '0.003.010.270', 'ss_a', '', '10.270 ', null, 'e5ea16ae33514c43a5417440f1970a0a', '1', '0', 'default.png', '540'), ('0677953827d24baaa15fa6479fd58e09', '0.003.010.266.001', 'ss_a', '', '10.266.1 ', null, '10b7d5734a4a416084374d68e2b53279', '1', '0', 'default.png', '10'), ('070b59d343f4459b846d2ff649514f8b', '0.003.010.223.006.004', 'ss_a', '', '10.223.6.4 ', null, '061fed69d2314950b22ad2ff053e5aed', '1', '0', 'default.png', '40'), ('07a33a25344140beae53805663e04ef4', '0.003.006.119.005', 'ss_a', '', '6.119.5 ', null, '850dfc1b012e464a8e24efe8568dd8d6', '1', '0', 'default.png', '50'), ('07e0f065f3c9426499633d4c642a2de2', '0.003.010.226', 'ss_a', '', '10.226 ', null, 'e5ea16ae33514c43a5417440f1970a0a', '0', '0', 'folder2.png', '100'), ('08121f0d805841b0a83de4a043947e44', '0.003.006.114', 'ss_a', '', '6.114 ', null, 'aad3ac1a1a5b4da3b4e43d4102dbbed9', '1', '0', 'default.png', '130'), ('083992395c2647a9b0dfa3a57613ad79', '0.003.010.234.005', 'ss_a', '', '10.234.5 ', null, '9e5ea3ab16184876863a96f59cb37c29', '1', '0', 'default.png', '50'), ('085a07757a0b463a9ebed34b5c601e08', '0.003.008.156', 'ss_a', '', '8.156 ', null, 'baf03d4d64ee43058ed87fd53fcaa6f1', '1', '0', 'default.png', '70'), ('0861a290f47c423b8bec6905ab9d30c8', '0.003.010.225.001.004.002', 'ss_a', '', '10.225.1.4.2 ', null, 'ba3ae1b792564c52926b9e6185737780', '1', '0', 'default.png', '20'), ('0888bccfda33406f81e014a1b2d1872a', '0.003.010.265', 'ss_a', '', '10.265 ', null, 'e5ea16ae33514c43a5417440f1970a0a', '1', '0', 'default.png', '490'), ('08f43a3729da415bb1b56dcd7a2e68ab', '0.003.001.004', 'ss_a', '', '1.4 ', null, '2324d2d6fb9949c7abb19c4c45587207', '1', '0', 'default.png', '40'), ('0901af27890d4112a55c0c4c18c2329e', '0.003.005.092', 'ss_a', '', '5.92 ', null, 'db912341ff7c46fb90cba85d6bc0825a', '0', '0', 'folder2.png', '220'), ('097063939f1c422c9a1e9c7ac1347c27', '0.003.010.227', 'ss_a', '', '10.227 ', null, 'e5ea16ae33514c43a5417440f1970a0a', '0', '0', 'folder2.png', '110'), ('098574fbf8ad4a60810ea832d970065b', '0.003.009.208', 'ss_a', '', '9.208 ', null, 'cbd91f27b5e04f4bad7b0e0f71ce8993', '1', '0', 'default.png', '250'), ('098d322868fe43e081be36346c99d8a7', '0.003.005.090.001', 'ss_a', '', '5.90.1 ', null, '108b25f28d2a41b7bfdd0f1f45b59413', '1', '0', 'default.png', '10'), ('0a37f5cf89204c3ab7e6dbb9e94936de', '0.003.009.187', 'ss_a', '', '9.187 ', null, 'cbd91f27b5e04f4bad7b0e0f71ce8993', '1', '0', 'default.png', '40'), ('0a4b4fa5c6dc4a7a89a651191197925e', '0.003.010.242', 'ss_a', '', '10.242 ', null, 'e5ea16ae33514c43a5417440f1970a0a', '1', '0', 'default.png', '260'), ('0b1b988046f946079303815df8423e05', '0.003.009.194', 'ss_a', '', '9.194 ', null, 'cbd91f27b5e04f4bad7b0e0f71ce8993', '1', '0', 'default.png', '110'), ('0b589d6d34ab41e3b59539a071c96eec', '0.003.002.012.003', 'ss_a', '', '2.12.3 ', null, 'c1b982139b9147dfb599137366c9f2f6', '1', '0', 'default.png', '30'), ('0bb7ce792fbc4cff809c71af3c70a8e1', '0.003.003.016.001', 'ss_a', '', '3.16.1 ;', null, '3421864fd8e845f8950e5e162341b3a5', '1', '0', 'default.png', '10'), ('0be0eb053bb649b3bf62bc360c1345f3', '0.003.004.064', 'ss_a', '', '4.64 ', null, 'c0d4522d01b341d8bb037210aeec27a2', '1', '0', 'default.png', '270'), ('0d5ace0abcb9403581bbf217f983d82b', '0.003.010.253.007', 'ss_a', '', '10.253.7 ', null, '73bfa184258241efa0446b7a09feac3f', '1', '0', 'default.png', '70'), ('0d9eb278f1d4430280c453c92f550f6d', '0.003.010.230.004', 'ss_a', '', '10.230.4 ', null, 'f8ff0293102a4fa8a3cface3ceb33dbd', '1', '0', 'default.png', '40'), ('0da85c2cd1a04979ae19198326e6b806', '0.001.001', 'PARAM_TYPE', '', '1 fsdafsa', null, 'cd14928a239b448b867c2e45246cd038', '1', '0', null, '0'), ('0dad3d00ff754bcba397de1831108029', '0.003.008.159', 'ss_a', '', '8.159 ', null, 'baf03d4d64ee43058ed87fd53fcaa6f1', '1', '0', 'default.png', '100'), ('0dcb5aeb23a747ea8ab367bda3f06989', '0.003.004.053', 'ss_a', '', '4.53 ', null, 'c0d4522d01b341d8bb037210aeec27a2', '1', '0', 'default.png', '160'), ('0dda47b15fdb436abe4d7e84622f5879', '0.003.010.271', 'ss_a', '', '10.271 ', null, 'e5ea16ae33514c43a5417440f1970a0a', '1', '0', 'default.png', '550'), ('0ddff71c42164db3b755ab0198bbfdcc', '0.003.005.081', 'ss_a', '', '5.81 ', null, 'db912341ff7c46fb90cba85d6bc0825a', '1', '0', 'default.png', '110'), ('0f156e5386a2404cb559734cb4c723d4', '0.003.003.025', 'ss_a', '', '3.25 ', null, '18ab8dcf7740492ca667eb9fb0bdc864', '0', '0', 'folder2.png', '100'), ('0f7658a54fd24e17a9dfc91dbb833722', '0.003.005.088', 'ss_a', '', '5.88 ', null, 'db912341ff7c46fb90cba85d6bc0825a', '1', '0', 'default.png', '180'), ('0fa96b431b3c4d3096ea95c9945e369d', '0.003.009.213', 'ss_a', '', '9.213 ', null, 'cbd91f27b5e04f4bad7b0e0f71ce8993', '0', '0', 'folder2.png', '300'), ('0fcfc58cff9542d190d09d0ca43a03fb', '0.003.010.266.002.011', 'ss_a', '', '10.266.2.11 ', null, '523844c52a6d48b88327de4eaf675792', '1', '0', 'default.png', '110'), ('106a89d7353b439cb5eb000da7e6d881', '0.003.008.153', 'ss_a', '', '8.153 ', null, 'baf03d4d64ee43058ed87fd53fcaa6f1', '1', '0', 'default.png', '40'), ('108b25f28d2a41b7bfdd0f1f45b59413', '0.003.005.090', 'ss_a', '', '5.90 ', null, 'db912341ff7c46fb90cba85d6bc0825a', '0', '0', 'folder2.png', '200'), ('1097397546504248994506aefdc75c43', '0.003.008.175.005', 'ss_a', '', '8.175.5 ', null, 'bd822e547bad4586ac0493776a0f89e6', '1', '0', 'default.png', '50'), ('10b7d5734a4a416084374d68e2b53279', '0.003.010.266', 'ss_a', '', '10.266 ', null, 'e5ea16ae33514c43a5417440f1970a0a', '0', '0', 'folder2.png', '500'), ('10fcb1a6177343d4acbf291f347fce29', '0.003.010.226.007', 'ss_a', '', '10.226.7 ', null, '07e0f065f3c9426499633d4c642a2de2', '1', '0', 'default.png', '70'), ('11fb39ce43904480b5c741c23074d489', '0.003.003.025.002.002', 'ss_a', '', '3.25.2.2 ', null, 'dae6bf77adbb42d0aaf88dd4c59048f4', '1', '0', 'default.png', '20'), ('12ef81ff422441eab5924c18443e1807', '0.003.002.009.006', 'ss_a', '', '2.9.6 ', null, '567d2749135e43c1a4ce3f1240bbb538', '1', '0', 'default.png', '60'), ('139ab680b5e741229ab105768a774ac0', '0.003.005.077', 'ss_a', '', '5.77 ', null, 'db912341ff7c46fb90cba85d6bc0825a', '1', '0', 'default.png', '70'), ('13c6fa8acea847aa8de37a674b2b2b3d', '0.003.003.023.002.010', 'ss_a', '', '3.23.2.10 ', null, 'cab8972cecb3464b8766ade52aa5afdd', '1', '0', 'default.png', '100'), ('1412d3f4a24a48a7b692cbc86340e1dc', '0.003.006.113', 'ss_a', '', '6.113 ', null, 'aad3ac1a1a5b4da3b4e43d4102dbbed9', '1', '0', 'default.png', '120'), ('141dde2f78d54ef9abb119cfbe5cfeac', '0.003.006.106.002.008', 'ss_a', '', '6.106.2.8 ', null, '99e1819ec61e4b539c244bcb95686e60', '1', '0', 'default.png', '80'), ('142aacdabb384b3e96d3f8bb748944fd', '0.003.008.178', 'ss_a', '', '8.178 ', null, 'baf03d4d64ee43058ed87fd53fcaa6f1', '1', '0', 'default.png', '290'), ('14a59f6a2f634affaa5adc8194b9432e', '0.003.003.023.002.006', 'ss_a', '', '3.23.2.6 ', null, 'cab8972cecb3464b8766ade52aa5afdd', '1', '0', 'default.png', '60'), ('15b1e12e9064465bbe7160db10251351', '0.003.010.243', 'ss_a', '', '10.243 ', null, 'e5ea16ae33514c43a5417440f1970a0a', '1', '0', 'default.png', '270'), ('15e3c8bed84e420aae5dc3704d582e7c', '0.003.003.018.002', 'ss_a', '', '3.18.2 ', null, '513f0ba88fbd4ff0baa9fcfcd24b9bab', '1', '0', 'default.png', '20'), ('162c11c93b5545beb5f8255ba0c677e8', '0.003.010.232', 'ss_a', '', '10.232 ', null, 'e5ea16ae33514c43a5417440f1970a0a', '1', '0', 'default.png', '160'), ('16c8e1581a32447191b6c12ae78d7703', '0.003.009.197.003', 'ss_a', '', '9.197.3 ', null, '9811013aa5084117b04fb78a6db48030', '1', '0', 'default.png', '30'), ('16d934d24d4b450299d7d8c8fe62f559', '0.003.008.166', 'ss_a', '', '8.166 ', null, 'baf03d4d64ee43058ed87fd53fcaa6f1', '1', '0', 'default.png', '170'), ('170959a6056843f8ab8c128fea72afd6', '0.003.005.095.001', 'ss_a', '', '5.95.1 ', null, '9d9a9b61accf43169eee6c1366c04b34', '1', '0', 'default.png', '10'), ('17af630d2129411189b48cd6b733fb6e', '0.003.008.165.001.003', 'ss_a', '', '8.165.1.3 ', null, 'e6cbfb8000e3486a8dcff2f630ab8c02', '1', '0', 'default.png', '30'), ('1809e810e0994707bcf6ae104b160710', '0.003.002.010.009', 'ss_a', '', '2.10.9 ', null, 'd1a1a600ce354a6ca99dcf7eb3998695', '1', '0', 'default.png', '90'), ('18ab8dcf7740492ca667eb9fb0bdc864', '0.003.003', 'ss_a', '', '3 ', null, 'eb1e0ffd3f5946fca35b23a2f7798c47', '0', '0', 'folder2.png', '30'), ('18eac196edb54f9da76541d0253e9e11', '0.003.002.015', 'ss_a', '', '2.15 ', null, 'c68adc0394334bfa929c70f989789275', '1', '0', 'default.png', '110'), ('1909d8e7e3bc4422a2b824ba666b66ab', '0.003.009.202', 'ss_a', '', '9.202 ', null, 'cbd91f27b5e04f4bad7b0e0f71ce8993', '1', '0', 'default.png', '190'), ('1918cb9d3a24408da45b9fa2d9efec6c', '0.003.013.309', 'ss_a', '', '13.309 ', null, '6e48d6cc50ba41cba4e6fede4d798c35', '1', '0', 'default.png', '40'), ('198cf8524e434062ab5bb76f5d4f805e', '0.003.008.170.002.004', 'ss_a', '', '8.170.2.4 ', null, '27d99e9f3a5e4e9cbe6b254c05c23be9', '1', '0', 'default.png', '40'), ('19e36afe02de439c8fdcf75e9f14a064', '0.003.002.012.006', 'ss_a', '', '2.12.6 ', null, 'c1b982139b9147dfb599137366c9f2f6', '1', '0', 'default.png', '60'), ('1a66f7071b784ab9bd647652c3d93429', '0.003.002.010.008', 'ss_a', '', '2.10.8 ', null, 'd1a1a600ce354a6ca99dcf7eb3998695', '1', '0', 'default.png', '80'), ('1a82f7b4f96b4002b26eb706cfe1097e', '0.003.010.223.001', 'ss_a', '', '10.223.1 ', null, '57de58f1774d4f90852961a935310aef', '1', '0', 'default.png', '10'), ('1a99ce29abfd4f4c8589b6261eabae2f', '0.003.010.223.006.005', 'ss_a', '', '10.223.6.5 ', null, '061fed69d2314950b22ad2ff053e5aed', '1', '0', 'default.png', '50'), ('1aef806987c64104b4db8300555dbc30', '0.003.009.197.001', 'ss_a', '', '9.197.1 ', null, '9811013aa5084117b04fb78a6db48030', '1', '0', 'default.png', '10'), ('1b0cd1599760481ab800864cee84191a', '0.003.009.188', 'ss_a', '', '9.188 ', null, 'cbd91f27b5e04f4bad7b0e0f71ce8993', '1', '0', 'default.png', '50'), ('1bd8c3dabd1a4f2aa5ef0c24e6e286d2', '0.003.004.046.002', 'ss_a', '', '4.46.2 ', null, '646cc50840244f55982cdddad599b133', '1', '0', 'default.png', '20'), ('1c7904b91249464aaf279624e3fc2a1a', '0.003.009.210', 'ss_a', '', '9.210 ', null, 'cbd91f27b5e04f4bad7b0e0f71ce8993', '1', '0', 'default.png', '270'), ('1caf4534a0544bf986a7252e7f09695a', '0.003.002.010.003.002', 'ss_a', '', '2.10.3.2 ', null, '40a0aa96bdad44a88929f140700183ce', '1', '0', 'default.png', '20'), ('1cb4228a85e44a6e9e0ae3b9b94d09cc', '0.003.013.308', 'ss_a', '', '13.308 ', null, '6e48d6cc50ba41cba4e6fede4d798c35', '1', '0', 'default.png', '30'), ('1d8251a2d2b04827b6bdab5bc201f4e6', '0.003.008.162.002', 'ss_a', '', '8.162.2 ', null, 'c7a7a5dad6a84d1e8e8680867fa010e3', '1', '0', 'default.png', '20'), ('1e62d063625f45fface416f617728890', '0.003.010.219', 'ss_a', '', '10.219 ', null, 'e5ea16ae33514c43a5417440f1970a0a', '1', '0', 'default.png', '30'), ('1e9b17346b0f436d9da9903df12c0449', '0.003.003.030.002', 'ss_a', '', '3.30.2 ', null, '01cafe8e25f740538f0e9b57bd64bba5', '1', '0', 'default.png', '20'), ('1ef6c8cb8a77445a82fc085a1dbdfa30', '0.003.004.043', 'ss_a', '', '4.43 ', null, 'c0d4522d01b341d8bb037210aeec27a2', '1', '0', 'default.png', '60'), ('1f204699a48148e1a04e3d390baf4f4f', '0.003.009.186.002', 'ss_a', '', '9.186.2 ', null, 'ffbdf6f1aef0405080547b2be2c6c170', '1', '0', 'default.png', '20'), ('1f323abb6b2145cd86acf5ef0510a74d', '0.003.008.174', 'ss_a', '', '8.174 ', null, 'baf03d4d64ee43058ed87fd53fcaa6f1', '1', '0', 'default.png', '250'), ('1fa0f289694e4759af43b0f5d3a370d8', '0.003.011.287.001', 'ss_a', '', '11.287.1 ', null, '68a13f5c418d4050b63e14ec5c5832e5', '1', '0', 'default.png', '10'), ('1fae2021c63d4bb8bda08e47df3cc175', '0.003.010.217', 'ss_a', '', '10.217 ', null, 'e5ea16ae33514c43a5417440f1970a0a', '1', '0', 'default.png', '10'), ('1fd51c62e7624d92a40d2a0c816be5df', '0.003.010.222.002.001', 'ss_a', '', '10.222.2.1 ', null, '43b2d7e605d2496683ab290fdba63975', '1', '0', 'default.png', '10'), ('200aa421f6dd4781a2bc05f3649620cc', '0.003.010.250', 'ss_a', '', '10.250 ', null, 'e5ea16ae33514c43a5417440f1970a0a', '0', '0', 'folder2.png', '340'), ('21c400482d5f49088bba1d33c3a64134', '0.003.010.223.006.009', 'ss_a', '', '10.223.6.9 ', null, '061fed69d2314950b22ad2ff053e5aed', '1', '0', 'default.png', '90'), ('21cc72d314b846d3a5db888285d06677', '0.003.008.167.002', 'ss_a', '', '8.167.2 ', null, 'd207761b01c04b8291e2e23e5591c85b', '1', '0', 'default.png', '20'), ('2204701c883443368b234c48f835e4e6', '0.003.004.070', 'ss_a', '', '4.70 ', null, 'c0d4522d01b341d8bb037210aeec27a2', '1', '0', 'default.png', '330'), ('221a5cab5f99476882065e846a91baf7', '0.003.004.056', 'ss_a', '', '4.56 ', null, 'c0d4522d01b341d8bb037210aeec27a2', '1', '0', 'default.png', '190'), ('221ce568b3b244e3aaa12d4530dbf7bf', '0.003.010.221.001.007', 'ss_a', '', '10.221.1.7 ', null, '33e7911066554cd3a3d8227aa775f138', '1', '0', 'default.png', '70'), ('2268786550c04b3797de11510337b548', '0.003.010.218', 'ss_a', '', '10.218 ', null, 'e5ea16ae33514c43a5417440f1970a0a', '1', '0', 'default.png', '20'), ('228fb3a3a54649f8b3d84d759f916e1c', '0.003.005.082', 'ss_a', '', '5.82 ', null, 'db912341ff7c46fb90cba85d6bc0825a', '1', '0', 'default.png', '120'), ('231f5b0f79c34b09b747a1720b7f40f3', '0.003.010.223.009', 'ss_a', '', '10.223.9 ', null, '57de58f1774d4f90852961a935310aef', '1', '0', 'default.png', '90'), ('2324d2d6fb9949c7abb19c4c45587207', '0.003.001', 'ss_a', '', '1 ', null, 'eb1e0ffd3f5946fca35b23a2f7798c47', '0', '0', 'folder2.png', '10'), ('2365f90d42f14ace8f4298f236643a7f', '0.003.004.049', 'ss_a', '', '4.49 ', null, 'c0d4522d01b341d8bb037210aeec27a2', '1', '0', 'default.png', '120'), ('236734b822524e35b37fbd921b0d284c', '0.003.002.009.005', 'ss_a', '', '2.9.5 ', null, '567d2749135e43c1a4ce3f1240bbb538', '1', '0', 'default.png', '50'), ('2478477038dd426aa6ffe1d4e83f432c', '0.003.010.222.003', 'ss_a', '', '10.222.3 ', null, '4a30ae096a2d469086ef62b55c1f3d57', '1', '0', 'default.png', '30'), ('25f8bbcdd4d643c4a90cad11a33a8dae', '0.003.004.065', 'ss_a', '', '4.65 ', null, 'c0d4522d01b341d8bb037210aeec27a2', '1', '0', 'default.png', '280'), ('261f8edaa2bf4707a8b9f86c3168dcc3', '0.003.003.017', 'ss_a', '', '3.17 0.3.17.1', null, '18ab8dcf7740492ca667eb9fb0bdc864', '1', '0', 'default.png', '20'), ('268f031aadf343e7bd29af61f8714983', '0.003.011.280', 'ss_a', '', '11.280 ', null, '76189b338913443aa65b7d3dc83cb549', '1', '0', 'default.png', '30'), ('26cdef312da04bef8d496fca825f3215', '0.003.008.183.005', 'ss_a', '', '8.183.5 ', null, 'af27c55ad4fb42f8b366ebbc5a8567c4', '1', '0', 'default.png', '50'), ('27240e39a91e431587e74d73562ddb13', '0.003.008.180', 'ss_a', '', '8.180 ', null, 'baf03d4d64ee43058ed87fd53fcaa6f1', '0', '0', 'folder2.png', '310'), ('27a1d0d3e6364fdf9dfce3d552212e53', '0.003.010.226.002', 'ss_a', '', '10.226.2 ', null, '07e0f065f3c9426499633d4c642a2de2', '1', '0', 'default.png', '20'), ('27ad1953d24e4a2b84116249e65d7bb8', '0.003.003.023.002.011', 'ss_a', '', '3.23.2.11 ', null, 'cab8972cecb3464b8766ade52aa5afdd', '1', '0', 'default.png', '110'), ('27d99e9f3a5e4e9cbe6b254c05c23be9', '0.003.008.170.002', 'ss_a', '', '8.170.2 ', null, '4d5267631db44a94b845c70f4d338bb2', '0', '0', 'folder2.png', '20'), ('28fd3e0831954ac6bfb1cf0038c79378', '0.003.006.119.002', 'ss_a', '', '6.119.2 ', null, '850dfc1b012e464a8e24efe8568dd8d6', '1', '0', 'default.png', '20'), ('292b76e267f74e7c9039f5227f6ff75c', '0.003.010.230.003', 'ss_a', '', '10.230.3 ', null, 'f8ff0293102a4fa8a3cface3ceb33dbd', '1', '0', 'default.png', '30'), ('2944bf75723d4a51b9e15b3086ab3300', '0.003.010.246', 'ss_a', '', '10.246 ', null, 'e5ea16ae33514c43a5417440f1970a0a', '1', '0', 'default.png', '300'), ('29999d34870b41f9ad4e791b5feec11e', '0.003.003.022.003.001', 'ss_a', '', '3.22.3.1 ', null, '5804d3ba08a641399ab7ef4ac5d6735c', '1', '0', 'default.png', '10'), ('29b81c1d4802456ea8025a56636bc79b', '0.003.011.290', 'ss_a', '', '11.290 ', null, '76189b338913443aa65b7d3dc83cb549', '1', '0', 'default.png', '130'), ('2a0440e46db9427ab3364a8dbc289fee', '0.003.008.160', 'ss_a', '', '8.160 ', null, 'baf03d4d64ee43058ed87fd53fcaa6f1', '1', '0', 'default.png', '110'), ('2a641809f589405fa5bd4c5941a59b07', '0.003.008.167.005', 'ss_a', '', '8.167.5 ', null, 'd207761b01c04b8291e2e23e5591c85b', '1', '0', 'default.png', '50'), ('2a940a23b6624f15aec95df96e711f34', '0.003.010.231', 'ss_a', '', '10.231 ', null, 'e5ea16ae33514c43a5417440f1970a0a', '1', '0', 'default.png', '150'), ('2add8a3960514dac9c16ae91c7304554', '0.003.006.119.003', 'ss_a', '', '6.119.3 ', null, '850dfc1b012e464a8e24efe8568dd8d6', '1', '0', 'default.png', '30'), ('2af3400e2e3f4b0a99c016dec8edeafd', '0.003.010.266.002.002', 'ss_a', '', '10.266.2.2 ', null, '523844c52a6d48b88327de4eaf675792', '1', '0', 'default.png', '20'), ('2b53b3a1e8ca4b81874ad762bfe012d9', '0.003.010.230.001.001', 'ss_a', '', '10.230.1.1 ', null, '354054eabcef490eaf2162a3864a69ad', '1', '0', 'default.png', '10'), ('2b966450eb08470ab505f78d4700cc33', '0.003.010.266.002.004', 'ss_a', '', '10.266.2.4 ', null, '523844c52a6d48b88327de4eaf675792', '1', '0', 'default.png', '40'), ('2bcba1c8ab384b64991de1e4448f21bc', '0.003.009.192', 'ss_a', '', '9.192 ', null, 'cbd91f27b5e04f4bad7b0e0f71ce8993', '1', '0', 'default.png', '90'), ('2c3d50ac1f0f4a029f3812af0e0336d4', '0.003.006.104', 'ss_a', '', '6.104 ', null, 'aad3ac1a1a5b4da3b4e43d4102dbbed9', '1', '0', 'default.png', '30'), ('2c5af3a659924fb18ca1e950726db41b', '0.003.010.226.008', 'ss_a', '', '10.226.8 ', null, '07e0f065f3c9426499633d4c642a2de2', '1', '0', 'default.png', '80'), ('2c6871dd8f354c74991aa3c6b631e527', '0.003.010.257', 'ss_a', '', '10.257 ', null, 'e5ea16ae33514c43a5417440f1970a0a', '1', '0', 'default.png', '410'), ('2c89a99ff88d43e78fb7577e31c4e114', '0.003.010.221.002', 'ss_a', '', '10.221.2 ', null, 'e898bdbbc2324cd49340cef20a89c8f8', '1', '0', 'default.png', '20'), ('2d7af66ddec7413c842c294dc599bb4a', '0.003.005.076', 'ss_a', '', '5.76 ', null, 'db912341ff7c46fb90cba85d6bc0825a', '1', '0', 'default.png', '60'), ('2dbff7d7c0d6469993a4f137e37b2f0c', '0.003.009.197.002', 'ss_a', '', '9.197.2 ', null, '9811013aa5084117b04fb78a6db48030', '1', '0', 'default.png', '20'), ('2e203302dd80429fa395539e7dd9da62', '0.003.010.275', 'ss_a', '', '10.275 ', null, 'e5ea16ae33514c43a5417440f1970a0a', '1', '0', 'default.png', '590'), ('2fc17e9b1af840768353246615c73970', '0.003.008.180.005', 'ss_a', '', '8.180.5 ', null, '27240e39a91e431587e74d73562ddb13', '1', '0', 'default.png', '50'), ('2fcefb3533a3460c8fab9735ef79c5f3', '0.003.010.249', 'ss_a', '', '10.249 ', null, 'e5ea16ae33514c43a5417440f1970a0a', '1', '0', 'default.png', '330'), ('30648364781d400e93765d17a9b50973', '0.003.006.118', 'ss_a', '', '6.118 ', null, 'aad3ac1a1a5b4da3b4e43d4102dbbed9', '1', '0', 'default.png', '170'), ('30924526443c4764b22cb3ed094680d5', '0.003.010.222.002.007', 'ss_a', '', '10.222.2.7 ', null, '43b2d7e605d2496683ab290fdba63975', '1', '0', 'default.png', '70'), ('30ff70c79797405abee2ef03471082f8', '0.003.003.024', 'ss_a', '', '3.24 ', null, '18ab8dcf7740492ca667eb9fb0bdc864', '0', '0', 'folder2.png', '90'), ('317d8aa200af4e3599b91dc6c034bd93', '0.003.010.223.006.001', 'ss_a', '', '10.223.6.1 ', null, '061fed69d2314950b22ad2ff053e5aed', '1', '0', 'default.png', '10'), ('31ce174bd01446659f7f82c74a7b145d', '0.003.010.229', 'ss_a', '', '10.229 ', null, 'e5ea16ae33514c43a5417440f1970a0a', '0', '0', 'folder2.png', '130'), ('31ea333d3e8f4f108ac4848c0200e3ba', '0.003.004.063', 'ss_a', '', '4.63 ', null, 'c0d4522d01b341d8bb037210aeec27a2', '1', '0', 'default.png', '260'), ('329ec9d4e6a0444e83e32c5906637641', '0.003.008.175.004', 'ss_a', '', '8.175.4 ', null, 'bd822e547bad4586ac0493776a0f89e6', '1', '0', 'default.png', '40'), ('33292f2c24384e7197742f40b8018e71', '0.003.003.022.003.002', 'ss_a', '', '3.22.3.2 ', null, '5804d3ba08a641399ab7ef4ac5d6735c', '1', '0', 'default.png', '20'), ('332ad5dbdf014f60b27cba92780feee4', '0.003.010.222.002.002', 'ss_a', '', '10.222.2.2 ', null, '43b2d7e605d2496683ab290fdba63975', '1', '0', 'default.png', '20'), ('33e7911066554cd3a3d8227aa775f138', '0.003.010.221.001', 'ss_a', '', '10.221.1 ', null, 'e898bdbbc2324cd49340cef20a89c8f8', '0', '0', 'folder2.png', '10'), ('3421864fd8e845f8950e5e162341b3a5', '0.003.003.016', 'ss_a', '', '3.16 ;', null, '18ab8dcf7740492ca667eb9fb0bdc864', '0', '0', 'folder2.png', '10'), ('343389a3dc8749b69f46d05f742450f5', '0.003.008.163', 'ss_a', '', '8.163 ', null, 'baf03d4d64ee43058ed87fd53fcaa6f1', '0', '0', 'folder2.png', '140'), ('3448d598192e4b69943aca1a1a443641', '0.003.004.046.005', 'ss_a', '', '4.46.5 ', null, '646cc50840244f55982cdddad599b133', '1', '0', 'default.png', '50'), ('348fe09d7b5c46dc9c8f842886976d55', '0.003.004.048', 'ss_a', '', '4.48 ', null, 'c0d4522d01b341d8bb037210aeec27a2', '0', '0', 'folder2.png', '110'), ('34d1b554d06346e1b444b55958558665', '0.003.010.255.002', 'ss_a', '', '10.255.2 ', null, 'ceaa67ae87284c4db2d7845fa0ebe542', '1', '0', 'default.png', '20'), ('354054eabcef490eaf2162a3864a69ad', '0.003.010.230.001', 'ss_a', '', '10.230.1 ', null, 'f8ff0293102a4fa8a3cface3ceb33dbd', '0', '0', 'folder2.png', '10'), ('35cdfffd034845c3a37e785fb127889d', '0.003.003.023.002.012', 'ss_a', '', '3.23.2.12 ', null, 'cab8972cecb3464b8766ade52aa5afdd', '1', '0', 'default.png', '120'), ('3688d73258cf4144876f0af78325e782', '0.003.010.234.006', 'ss_a', '', '10.234.6 ', null, '9e5ea3ab16184876863a96f59cb37c29', '1', '0', 'default.png', '60'), ('36ff40d83d444180b13ea7a6ecd319bb', '0.003.002.010.002', 'ss_a', '', '2.10.2 ', null, 'd1a1a600ce354a6ca99dcf7eb3998695', '1', '0', 'default.png', '20'), ('3751b23776ec47afa0f7be7c396f98ef', '0.003.005.073', 'ss_a', '', '5.73 ', null, 'db912341ff7c46fb90cba85d6bc0825a', '1', '0', 'default.png', '30'), ('3776ae04982348a2a14469ed3e57abcb', '0.003.008.164', 'ss_a', '', '8.164 ', null, 'baf03d4d64ee43058ed87fd53fcaa6f1', '1', '0', 'default.png', '150'), ('37e65c6b652348b984e34f41fef3f614', '0.003.005.083', 'ss_a', '', '5.83 ', null, 'db912341ff7c46fb90cba85d6bc0825a', '1', '0', 'default.png', '130'), ('37e72140320d4cdfb52acf286a70f4e2', '0.003.005.079', 'ss_a', '', '5.79 ', null, 'db912341ff7c46fb90cba85d6bc0825a', '1', '0', 'default.png', '90'), ('37fe8ae58d1845d8a79b199e494ce26e', '0.003.010.266.002.012', 'ss_a', '', '10.266.2.12 ', null, '523844c52a6d48b88327de4eaf675792', '1', '0', 'default.png', '120'), ('38f21e980951463a92fc572ba94226ba', '0.003.003.037', 'ss_a', '', '3.37 ', null, '18ab8dcf7740492ca667eb9fb0bdc864', '1', '0', 'default.png', '220'), ('392bf14c61e64feeb568f5ef770abfb0', '0.003.006.137', 'ss_a', '', '6.137 ', null, 'aad3ac1a1a5b4da3b4e43d4102dbbed9', '0', '0', 'folder2.png', '360'), ('39386d0173b74e7bad09b0c157ae2ed1', '0.003.008.150', 'ss_a', '', '8.150 ', null, 'baf03d4d64ee43058ed87fd53fcaa6f1', '1', '0', 'default.png', '10'), ('3aab4f6b308045b9a3d7b229ec9103c9', '0.003.010.230.001.003', 'ss_a', '', '10.230.1.3 ', null, '354054eabcef490eaf2162a3864a69ad', '1', '0', 'default.png', '30'), ('3b40e3543a0a4cda9397dd9d079d9164', '0.003.006.119.001', 'ss_a', '', '6.119.1 ', null, '850dfc1b012e464a8e24efe8568dd8d6', '1', '0', 'default.png', '10'), ('3b83a4447ff94f0cbd40d259b2845439', '0.003.003.031', 'ss_a', '', '3.31 ', null, '18ab8dcf7740492ca667eb9fb0bdc864', '0', '0', 'folder2.png', '160'), ('3b87e2a052ce41d4902ea4ad8a5be515', '0.003.010.225.001.003.002', 'ss_a', '', '10.225.1.3.2 ', null, '74658df043774a82a7657e7f99d6d6ef', '1', '0', 'default.png', '20'), ('3bcd9588f6274486a7a1b36e2a53b1fe', '0.003.010.238', 'ss_a', '', '10.238 ', null, 'e5ea16ae33514c43a5417440f1970a0a', '1', '0', 'default.png', '220'), ('3c15d2ce9e0e409ab8dd8d6fb7eff56b', '0.003.005.100', 'ss_a', '', '5.100 ', null, 'db912341ff7c46fb90cba85d6bc0825a', '1', '0', 'default.png', '300'), ('3c181e54f2e04c24a9e7c4fa2ead60e4', '0.003.006.112.003', 'ss_a', '', '6.112.3 ', null, '592e4ee14c654bf1a91b016cb3258f23', '1', '0', 'default.png', '30'), ('3c7ce2395fdb410ca576e2c87b8400eb', '0.003.002.009.008', 'ss_a', '', '2.9.8 ', null, '567d2749135e43c1a4ce3f1240bbb538', '1', '0', 'default.png', '80'), ('3d15cb0826cf416084ee368d9afd23b9', '0.003.010.221.003', 'ss_a', '', '10.221.3 ', null, 'e898bdbbc2324cd49340cef20a89c8f8', '1', '0', 'default.png', '30'), ('3d9ec4f672dd42fa90dc9afe1aaa5931', '0.003.010.224', 'ss_a', '', '10.224 ', null, 'e5ea16ae33514c43a5417440f1970a0a', '1', '0', 'default.png', '80'), ('3e5799025d264e4d8d5cba2f804e4b7e', '0.003.004.068', 'ss_a', '', '4.68 ', null, 'c0d4522d01b341d8bb037210aeec27a2', '1', '0', 'default.png', '310'), ('3e5e7f9b9dd340db99e110ece615db94', '0.003.008.167.004', 'ss_a', '', '8.167.4 ', null, 'd207761b01c04b8291e2e23e5591c85b', '1', '0', 'default.png', '40'), ('3e73743f2e024d12bce72c4aed8a4c40', '0.003.010.244', 'ss_a', '', '10.244 ', null, 'e5ea16ae33514c43a5417440f1970a0a', '1', '0', 'default.png', '280'), ('3ebf75057fe243608897da8288aff057', '0.003.002.010.007', 'ss_a', '', '2.10.7 ', null, 'd1a1a600ce354a6ca99dcf7eb3998695', '1', '0', 'default.png', '70'), ('3f3a4b007870411aad2410aad00b7678', '0.003.008.158', 'ss_a', '', '8.158 ', null, 'baf03d4d64ee43058ed87fd53fcaa6f1', '1', '0', 'default.png', '90'), ('3f51b3302c4d4cca8fd4d24866351995', '0.003.008.180.001', 'ss_a', '', '8.180.1 ', null, '27240e39a91e431587e74d73562ddb13', '1', '0', 'default.png', '10'), ('3fcbf15d6b61485da3eb330041d5fd3a', '0.003.003.029', 'ss_a', '', '3.29 ', null, '18ab8dcf7740492ca667eb9fb0bdc864', '1', '0', 'default.png', '140'), ('3fd98e1d6ec245899795c3a60303732c', '0.003.003.024.008', 'ss_a', '', '3.24.8 ', null, '30ff70c79797405abee2ef03471082f8', '1', '0', 'default.png', '80'), ('406069fb556446249b282218929ba29a', '0.003.012.299', 'ss_a', '', '12.299 ', null, '9749060c72574c9ea5f279bb45885a27', '1', '0', 'default.png', '70'), ('40a0aa96bdad44a88929f140700183ce', '0.003.002.010.003', 'ss_a', '', '2.10.3 ', null, 'd1a1a600ce354a6ca99dcf7eb3998695', '0', '0', 'folder2.png', '30'), ('40acf96b58f046de8fc4b9b3fcfb7d34', '0.003.010.229.002', 'ss_a', '', '10.229.2 ', null, '31ce174bd01446659f7f82c74a7b145d', '1', '0', 'default.png', '20'), ('426ff20c14194a98b161c93e9e7770e5', '0.003.009.199.001', 'ss_a', '', '9.199.1 ', null, '8b2e4f49b81c467596c030b696e55ec6', '1', '0', 'default.png', '10'), ('42b9b9791b714e39bae6dbf5690d16d8', '0.003.010.222.005', 'ss_a', '', '10.222.5 ', null, '4a30ae096a2d469086ef62b55c1f3d57', '1', '0', 'default.png', '50'), ('42c30d52925d487dbd421b1b77276a5e', '0.003.010.266.002.001', 'ss_a', '', '10.266.2.1 ', null, '523844c52a6d48b88327de4eaf675792', '1', '0', 'default.png', '10'), ('42fa75f81a264971ac4b41af192e5042', '0.003.003.025.001', 'ss_a', '', '3.25.1 ', null, '0f156e5386a2404cb559734cb4c723d4', '0', '0', 'folder2.png', '10'), ('434ec4850990445086eb81a6f84f26db', '0.003.002.009.007', 'ss_a', '', '2.9.7 ', null, '567d2749135e43c1a4ce3f1240bbb538', '1', '0', 'default.png', '70'), ('43b2d7e605d2496683ab290fdba63975', '0.003.010.222.002', 'ss_a', '', '10.222.2 ', null, '4a30ae096a2d469086ef62b55c1f3d57', '0', '0', 'folder2.png', '20'), ('43c0b1197c444e2cba7c09efffa010d9', '0.003.010.253.005', 'ss_a', '', '10.253.5 ', null, '73bfa184258241efa0446b7a09feac3f', '1', '0', 'default.png', '50'), ('44864aa8341d472285899f2bafeecd73', '0.003.002.010.003.001', 'ss_a', '', '2.10.3.1 ', null, '40a0aa96bdad44a88929f140700183ce', '1', '0', 'default.png', '10'), ('44d21f31957c46a293e81377bcdeaded', '0.003.005.096', 'ss_a', '', '5.96 ', null, 'db912341ff7c46fb90cba85d6bc0825a', '1', '0', 'default.png', '260'), ('45129b544a3148caa7ed11a69db06f64', '0.003.009.197.004', 'ss_a', '', '9.197.4 ', null, '9811013aa5084117b04fb78a6db48030', '1', '0', 'default.png', '40'), ('4530c9d3e70b4381be9f22153204d9d1', '0.003.012.303', 'ss_a', '', '12.303 ', null, '9749060c72574c9ea5f279bb45885a27', '1', '0', 'default.png', '110'), ('467b88acf41447698539ddef4baf0f56', '0.003.009.197.008', 'ss_a', '', '9.197.8 ', null, '9811013aa5084117b04fb78a6db48030', '1', '0', 'default.png', '80'), ('46aff64e9e264d5ea6c0118cbf949333', '0.003.008.163.002', 'ss_a', '', '8.163.2 ', null, '343389a3dc8749b69f46d05f742450f5', '1', '0', 'default.png', '20'), ('46e8552b8e134b309b6399bb74389fe5', '0.003.010.221.001.003', 'ss_a', '', '10.221.1.3 ', null, '33e7911066554cd3a3d8227aa775f138', '1', '0', 'default.png', '30'), ('4719581c60aa4a36b985bf1c1361238d', '0.003.010.221.001.004', 'ss_a', '', '10.221.1.4 ', null, '33e7911066554cd3a3d8227aa775f138', '1', '0', 'default.png', '40'), ('472a032b4f534675acac3602e946ef69', '0.003.007.146', 'ss_a', '', '7.146 ', null, 'ff6eb52a08744320bc7255ec6ec142f5', '1', '0', 'default.png', '90'), ('47ff1faf6e8a4fd986eed87955820765', '0.003.003.022.003.005', 'ss_a', '', '3.22.3.5 ', null, '5804d3ba08a641399ab7ef4ac5d6735c', '1', '0', 'default.png', '50'), ('482488e5a28e4be68672a69fe386299b', '0.003.006.120', 'ss_a', '', '6.120 ', null, 'aad3ac1a1a5b4da3b4e43d4102dbbed9', '1', '0', 'default.png', '190'), ('483b74dacc094bb4bd6760ed61348b91', '0.003.003.022', 'ss_a', '', '3.22 ', null, '18ab8dcf7740492ca667eb9fb0bdc864', '0', '0', 'folder2.png', '70'), ('48cc5d1492f64cc6a8e36e80ca8f6657', '0.003.003.035', 'ss_a', '', '3.35 ', null, '18ab8dcf7740492ca667eb9fb0bdc864', '1', '0', 'default.png', '200'), ('48ce1844048444e990a24e205fc29c90', '0.003.011.278', 'ss_a', '', '11.278 ', null, '76189b338913443aa65b7d3dc83cb549', '1', '0', 'default.png', '10'), ('4a2c8705152448faac081d67a5ec00b5', '0.003.008.169', 'ss_a', '', '8.169 ', null, 'baf03d4d64ee43058ed87fd53fcaa6f1', '1', '0', 'default.png', '200'), ('4a30ae096a2d469086ef62b55c1f3d57', '0.003.010.222', 'ss_a', '', '10.222 ', null, 'e5ea16ae33514c43a5417440f1970a0a', '0', '0', 'folder2.png', '60'), ('4a4fc9834d9e4d8ebdd46b7a52360ad8', '0.003.010.223.004', 'ss_a', '', '10.223.4 ', null, '57de58f1774d4f90852961a935310aef', '1', '0', 'default.png', '40'), ('4b3ec78fb64b40119efa1c74c456fb76', '0.003.005.097', 'ss_a', '', '5.97 ', null, 'db912341ff7c46fb90cba85d6bc0825a', '0', '0', 'folder2.png', '270'), ('4bd98ec5389848a0953f38fa17f6b1e2', '0.003.010.223.002.004', 'ss_a', '', '10.223.2.4 ', null, 'cb5e5e98b4fe43968c91f3ca6e39a3b1', '1', '0', 'default.png', '40'), ('4becc7109c4a4eaaa3e02411fa5ea301', '0.003.002.012.001', 'ss_a', '', '2.12.1 ', null, 'c1b982139b9147dfb599137366c9f2f6', '1', '0', 'default.png', '10'), ('4c1bac841bf944a5aeb7139776c88f8f', '0.003.005.084.002', 'ss_a', '', '5.84.2 ', null, 'd62f9bba23364f50b79aceb519765066', '1', '0', 'default.png', '20'), ('4c308a1f75af40eb8270b60c9fc3778a', '0.003.008.182', 'ss_a', '', '8.182 ', null, 'baf03d4d64ee43058ed87fd53fcaa6f1', '1', '0', 'default.png', '330'), ('4c388f7b76f94608aa1e483303322475', '0.003.006.123', 'ss_a', '', '6.123 ', null, 'aad3ac1a1a5b4da3b4e43d4102dbbed9', '1', '0', 'default.png', '220'), ('4c894a0d200a48e785aa4feb95163aeb', '0.003.008.170.003.006', 'ss_a', '', '8.170.3.6 ', null, '505a5ceada204646bb0c10c6db4a5b90', '1', '0', 'default.png', '60'), ('4d3b9ab8adda4edbbb6be4ecbc2ce3a4', '0.003.003.028', 'ss_a', '', '3.28 ', null, '18ab8dcf7740492ca667eb9fb0bdc864', '1', '0', 'default.png', '130'), ('4d5267631db44a94b845c70f4d338bb2', '0.003.008.170', 'ss_a', '', '8.170 ', null, 'baf03d4d64ee43058ed87fd53fcaa6f1', '0', '0', 'folder2.png', '210'), ('4d5a72079b4c49f8b2f22ba10e02d6e9', '0.003.010.250.001', 'ss_a', '', '10.250.1 ', null, '200aa421f6dd4781a2bc05f3649620cc', '1', '0', 'default.png', '10'), ('4dd3ebc2ee5f431f83849faba4425cad', '0.003.002.012.007', 'ss_a', '', '2.12.7 ', null, 'c1b982139b9147dfb599137366c9f2f6', '1', '0', 'default.png', '70'), ('4e2c4640dbcd45fd9937aea4c738e6e8', '0.003.008.170.002.001', 'ss_a', '', '8.170.2.1 ', null, '27d99e9f3a5e4e9cbe6b254c05c23be9', '1', '0', 'default.png', '10'), ('4ee4531b971d4840afd2505672c887f0', '0.003.008.183.011', 'ss_a', '', '8.183.11 ', null, 'af27c55ad4fb42f8b366ebbc5a8567c4', '1', '0', 'default.png', '110'), ('4f59d1ff7cb94d2bb33e36b51e5ba29b', '0.003.006.112.001', 'ss_a', '', '6.112.1 ', null, '592e4ee14c654bf1a91b016cb3258f23', '1', '0', 'default.png', '10'), ('505a5ceada204646bb0c10c6db4a5b90', '0.003.008.170.003', 'ss_a', '', '8.170.3 ', null, '4d5267631db44a94b845c70f4d338bb2', '0', '0', 'folder2.png', '30'), ('50846bcc9df44b8ca9a3cc30537e51f9', '0.003.009.214', 'ss_a', '', '9.214 ', null, 'cbd91f27b5e04f4bad7b0e0f71ce8993', '1', '0', 'default.png', '310'), ('511d9a48a3164f07abf3afc8c83c43fd', '0.003.010.226.001', 'ss_a', '', '10.226.1 ', null, '07e0f065f3c9426499633d4c642a2de2', '1', '0', 'default.png', '10'), ('513f0ba88fbd4ff0baa9fcfcd24b9bab', '0.003.003.018', 'ss_a', '', '3.18 ', null, '18ab8dcf7740492ca667eb9fb0bdc864', '0', '0', 'folder2.png', '30'), ('51e4493425074894a863dae4d80dcb0c', '0.003.003.023', 'ss_a', '', '3.23 ', null, '18ab8dcf7740492ca667eb9fb0bdc864', '0', '0', 'folder2.png', '80'), ('51f394d7b58c4a70a2a6f71080002e44', '0.003.008.180.003', 'ss_a', '', '8.180.3 ', null, '27240e39a91e431587e74d73562ddb13', '1', '0', 'default.png', '30'), ('523844c52a6d48b88327de4eaf675792', '0.003.010.266.002', 'ss_a', '', '10.266.2 ', null, '10b7d5734a4a416084374d68e2b53279', '0', '0', 'folder2.png', '20'), ('525bdeba083d4de5ab363b37c4493ecc', '0.003.003.023.002.013', 'ss_a', '', '3.23.2.13 ', null, 'cab8972cecb3464b8766ade52aa5afdd', '1', '0', 'default.png', '130'), ('5280f7744f2e43ad80bd7555a94356c1', '0.003.008.175.007', 'ss_a', '', '8.175.7 ', null, 'bd822e547bad4586ac0493776a0f89e6', '1', '0', 'default.png', '70'), ('52c74b6c898143e9a2d2bcdca8d95338', '0.003.009.189', 'ss_a', '', '9.189 ', null, 'cbd91f27b5e04f4bad7b0e0f71ce8993', '1', '0', 'default.png', '60'), ('53716187adcb473a87cf206e2d687135', '0.003.006.122', 'ss_a', '', '6.122 ', null, 'aad3ac1a1a5b4da3b4e43d4102dbbed9', '1', '0', 'default.png', '210'), ('53a91fd4e1794585a4d49942a84e4710', '0.003.009.197.011', 'ss_a', '', '9.197.11 ', null, '9811013aa5084117b04fb78a6db48030', '1', '0', 'default.png', '110'), ('53c327399b5e4334be831daa415a42b3', '0.003.006.106.002.007', 'ss_a', '', '6.106.2.7 ', null, '99e1819ec61e4b539c244bcb95686e60', '1', '0', 'default.png', '70'), ('53e9ded7b4754c82964963e3850068a6', '0.003.003.022.001', 'ss_a', '', '3.22.1 ', null, '483b74dacc094bb4bd6760ed61348b91', '1', '0', 'default.png', '10'), ('54baa8900f3d4fe8860ea3012f0c1be4', '0.003.008.154', 'ss_a', '', '8.154 ', null, 'baf03d4d64ee43058ed87fd53fcaa6f1', '1', '0', 'default.png', '50'), ('54e0b8c9c34a4c268a601654216ab2c1', '0.003.006.106.002.004', 'ss_a', '', '6.106.2.4 ', null, '99e1819ec61e4b539c244bcb95686e60', '1', '0', 'default.png', '40'), ('5576ec291f354c18aa86f21b1e39cf9f', '0.003.003.024.007', 'ss_a', '', '3.24.7 ', null, '30ff70c79797405abee2ef03471082f8', '1', '0', 'default.png', '70'), ('558fd2dd3b0a45158d86a4ab8b0084b1', '0.003.008.183.004', 'ss_a', '', '8.183.4 ', null, 'af27c55ad4fb42f8b366ebbc5a8567c4', '1', '0', 'default.png', '40'), ('567d2749135e43c1a4ce3f1240bbb538', '0.003.002.009', 'ss_a', '', '2.9 ', null, 'c68adc0394334bfa929c70f989789275', '0', '0', 'folder2.png', '50'), ('57de58f1774d4f90852961a935310aef', '0.003.010.223', 'ss_a', '', '10.223 ', null, 'e5ea16ae33514c43a5417440f1970a0a', '0', '0', 'folder2.png', '70'), ('5804d3ba08a641399ab7ef4ac5d6735c', '0.003.003.022.003', 'ss_a', '', '3.22.3 ', null, '483b74dacc094bb4bd6760ed61348b91', '0', '0', 'folder2.png', '30'), ('588bc5c4c34340d09e92c1938acd5d67', '0.003.010.261', 'ss_a', '', '10.261 ', null, 'e5ea16ae33514c43a5417440f1970a0a', '1', '0', 'default.png', '450'), ('58ea3ffc36f04e5f82084d1f6abfe433', '0.003.003.023.002.002', 'ss_a', '', '3.23.2.2 ', null, 'cab8972cecb3464b8766ade52aa5afdd', '1', '0', 'default.png', '20'), ('592e4ee14c654bf1a91b016cb3258f23', '0.003.006.112', 'ss_a', '', '6.112 ', null, 'aad3ac1a1a5b4da3b4e43d4102dbbed9', '0', '0', 'folder2.png', '110'), ('593401edf90d4085b53c4c5e139dc4c1', '0.003.010.223.003', 'ss_a', '', '10.223.3 ', null, '57de58f1774d4f90852961a935310aef', '1', '0', 'default.png', '30'), ('59434ab6ed18472f8811bda7c914696b', '0.003.008.183.001', 'ss_a', '', '8.183.1 ', null, 'af27c55ad4fb42f8b366ebbc5a8567c4', '1', '0', 'default.png', '10'), ('594c457f61d84316aa253de4a2df4dae', '0.003.008.165.004', 'ss_a', '', '8.165.4 ', null, 'cd5644684ce646c1bab34c93b578d6ab', '1', '0', 'default.png', '40'), ('59f9422d36414718b72fc604ee5acf2a', '0.003.004.048.001', 'ss_a', '', '4.48.1 10', null, '348fe09d7b5c46dc9c8f842886976d55', '1', '0', 'default.png', '10'), ('5aedcd4543af4534a8f0dd42e52be167', '0.003.009.215', 'ss_a', '', '9.215 ', null, 'cbd91f27b5e04f4bad7b0e0f71ce8993', '1', '0', 'default.png', '320'), ('5ba89728daeb4a6999238a2939748145', '0.003.002.009.004', 'ss_a', '', '2.9.4 ', null, '567d2749135e43c1a4ce3f1240bbb538', '1', '0', 'default.png', '40'), ('5c6f65656ae1483faf02ac96c70ad186', '0.003.008.180.010', 'ss_a', '', '8.180.10 ', null, '27240e39a91e431587e74d73562ddb13', '1', '0', 'default.png', '100'), ('5c91d6116c3e4a19879ed20127246aae', '0.003.003.020.002', 'ss_a', '', '3.20.2 ', null, '702ec11db90c491c95575f2eaee10f6e', '1', '0', 'default.png', '20'), ('5cc8d6e586094a118b793575f24dda1e', '0.003.012.298', 'ss_a', '', '12.298 ', null, '9749060c72574c9ea5f279bb45885a27', '1', '0', 'default.png', '60'), ('5d35d1e62a13441a8f56378d8afaf094', '0.003.006.117', 'ss_a', '', '6.117 ', null, 'aad3ac1a1a5b4da3b4e43d4102dbbed9', '1', '0', 'default.png', '160'), ('5d87ab9a03554792b5050b284218c00f', '0.003.010.276', 'ss_a', '', '10.276 ', null, 'e5ea16ae33514c43a5417440f1970a0a', '1', '0', 'default.png', '600'), ('5d89ecc0558e46ebbf301ab4e933d435', '0.003.002.005', 'ss_a', '', '2.5 ', null, 'c68adc0394334bfa929c70f989789275', '0', '0', 'folder2.png', '10'), ('5d9ec80c4df7478dbc58cac6ca36fe0c', '0.003.002.009.009', 'ss_a', '', '2.9.9 ', null, '567d2749135e43c1a4ce3f1240bbb538', '1', '0', 'default.png', '90'), ('5e2d2fdbcc524c16952ea6d6cdd7b335', '0.003.010.223.006.008', 'ss_a', '', '10.223.6.8 ', null, '061fed69d2314950b22ad2ff053e5aed', '1', '0', 'default.png', '80'), ('5f01a9476a954dbaace9c044e9a70f9e', '0.003.004.061', 'ss_a', '', '4.61 ', null, 'c0d4522d01b341d8bb037210aeec27a2', '0', '0', 'folder2.png', '240'), ('5f901562a67545e1951de9c60852714a', '0.003.010.235', 'ss_a', '', '10.235 ', null, 'e5ea16ae33514c43a5417440f1970a0a', '1', '0', 'default.png', '190'), ('5fb659e7bcff486aa3849194bba8fd14', '0.003.010.248', 'ss_a', '', '10.248 ', null, 'e5ea16ae33514c43a5417440f1970a0a', '1', '0', 'default.png', '320'), ('5fc58867e9994545b77cb63e3e25daae', '0.003.002.005.001', 'ss_a', '', '2.5.1 ', null, '5d89ecc0558e46ebbf301ab4e933d435', '1', '0', 'default.png', '10'), ('603fd8bf8b49404f97b94f9afe61a21f', '0.003.009.213.001', 'ss_a', '', '9.213.1 ', null, '0fa96b431b3c4d3096ea95c9945e369d', '1', '0', 'default.png', '10'), ('60618eabcae547ad8bc1ac99874c2612', '0.003.010.221.001.002', 'ss_a', '', '10.221.1.2 ', null, '33e7911066554cd3a3d8227aa775f138', '1', '0', 'default.png', '20'), ('60f547abbc4f4062a193f1a59e04d8b9', '0.003.008.170.003.003', 'ss_a', '', '8.170.3.3 ', null, '505a5ceada204646bb0c10c6db4a5b90', '1', '0', 'default.png', '30'), ('61a43f0b09f74a28b8488012c64f0416', '0.003.003.023.002.007', 'ss_a', '', '3.23.2.7 ', null, 'cab8972cecb3464b8766ade52aa5afdd', '1', '0', 'default.png', '70'), ('61ff959b3c2e4bfab3f5b7e3a347d338', '0.003.002.012.004', 'ss_a', '', '2.12.4 ', null, 'c1b982139b9147dfb599137366c9f2f6', '1', '0', 'default.png', '40'), ('6252b1c89ef247179d46db0a08b6e5b6', '0.003.008.165.001.001', 'ss_a', '', '8.165.1.1 ', null, 'e6cbfb8000e3486a8dcff2f630ab8c02', '1', '0', 'default.png', '10'), ('63045d1450d24e27a9f9b7d682a0607e', '0.003.008.183.008', 'ss_a', '', '8.183.8 ', null, 'af27c55ad4fb42f8b366ebbc5a8567c4', '1', '0', 'default.png', '80'), ('633fd99a1ed449d7bf4456538f6f3471', '0.003.004.046.006', 'ss_a', '', '4.46.6 ', null, '646cc50840244f55982cdddad599b133', '1', '0', 'default.png', '60'), ('63f398dac55e44d48e17c1b757d21e34', '0.003.003.025.001.002', 'ss_a', '', '3.25.1.2 ', null, '42fa75f81a264971ac4b41af192e5042', '1', '0', 'default.png', '20'), ('645e2eb0be1540acb7f8364bb1de13d7', '0.003.003.016.002', 'ss_a', '', '3.16.2 ', null, '3421864fd8e845f8950e5e162341b3a5', '1', '0', 'default.png', '20'), ('646cc50840244f55982cdddad599b133', '0.003.004.046', 'ss_a', '', '4.46 ', null, 'c0d4522d01b341d8bb037210aeec27a2', '0', '0', 'folder2.png', '90'), ('66183a308515452485aad6510931e0d9', '0.003.005.071', 'ss_a', '', '5.71 ', null, 'db912341ff7c46fb90cba85d6bc0825a', '1', '0', 'default.png', '10'), ('668a0b6a33a34bd1b67efd2e3d486eed', '0.003.011.282', 'ss_a', '', '11.282 ', null, '76189b338913443aa65b7d3dc83cb549', '1', '0', 'default.png', '50'), ('66c0459ec39242b8b623e10a7edbd770', '0.003.008.165.001.004', 'ss_a', '', '8.165.1.4 ', null, 'e6cbfb8000e3486a8dcff2f630ab8c02', '1', '0', 'default.png', '40'), ('67300088b3b340bb8e03f65f2c5e5752', '0.003.010.223.007', 'ss_a', '', '10.223.7 ', null, '57de58f1774d4f90852961a935310aef', '1', '0', 'default.png', '70'), ('684db4b4286f44ad956dfaeea857dfdf', '0.003.004.047', 'ss_a', '', '4.47 ', null, 'c0d4522d01b341d8bb037210aeec27a2', '1', '0', 'default.png', '100'), ('685b9f3f32dc49528c368645c5546ee5', '0.003.006.121', 'ss_a', '', '6.121 ', null, 'aad3ac1a1a5b4da3b4e43d4102dbbed9', '1', '0', 'default.png', '200'), ('6867cec2bba14071a1929a7b9e8f7932', '0.003.004.038', 'ss_a', '', '4.38 ', null, 'c0d4522d01b341d8bb037210aeec27a2', '1', '0', 'default.png', '10'), ('686de8e2d0c64ababaf747434c0097d0', '0.003.006.137.002', 'ss_a', '', '6.137.2 ', null, '392bf14c61e64feeb568f5ef770abfb0', '1', '0', 'default.png', '20'), ('68a13f5c418d4050b63e14ec5c5832e5', '0.003.011.287', 'ss_a', '', '11.287 ', null, '76189b338913443aa65b7d3dc83cb549', '0', '0', 'folder2.png', '100'), ('6924b76419e943d590f36fc398ee7220', '0.003.010.266.002.006', 'ss_a', '', '10.266.2.6 ', null, '523844c52a6d48b88327de4eaf675792', '1', '0', 'default.png', '60'), ('698a48b88ad94c89a8adc70bb5fdd63b', '0.003.011.291', 'ss_a', '', '11.291 ', null, '76189b338913443aa65b7d3dc83cb549', '1', '0', 'default.png', '140'), ('699879d259af49c09fb8a961b2bfa7f5', '0.003.009.201.002', 'ss_a', '', '9.201.2 ', null, 'ab2aeacbef644038bedce9b7ce0d6a37', '1', '0', 'default.png', '20'), ('69a4e635dd054110a76bad3c8423c081', '0.003.008.167.003', 'ss_a', '', '8.167.3 ', null, 'd207761b01c04b8291e2e23e5591c85b', '1', '0', 'default.png', '30'), ('69d560bd02ab46abb07adea545696d87', '0.003.007.140.003', 'ss_a', '', '7.140.3 ', null, '9459c44eb06e4d698bc86d9e45b8995f', '1', '0', 'default.png', '30'), ('69eef02c1a474f44b73c6393c65833c2', '0.003.006.102', 'ss_a', '', '6.102 ', null, 'aad3ac1a1a5b4da3b4e43d4102dbbed9', '0', '0', 'folder2.png', '10'), ('6a49077e1d554c999a9cdd79e0fb397f', '0.003.008.180.007', 'ss_a', '', '8.180.7 ', null, '27240e39a91e431587e74d73562ddb13', '1', '0', 'default.png', '70'), ('6ad724c3118c4d8b8026509f1a7a96b2', '0.003.010.274', 'ss_a', '', '10.274 ', null, 'e5ea16ae33514c43a5417440f1970a0a', '1', '0', 'default.png', '580'), ('6af809ac2123477997daf4982f532594', '0.003.002.010.003.006', 'ss_a', '', '2.10.3.6 ', null, '40a0aa96bdad44a88929f140700183ce', '1', '0', 'default.png', '60'), ('6b82d7824d994bb3aee1fbf827135e77', '0.003.006.137.003', 'ss_a', '', '6.137.3 0.6.133', null, '392bf14c61e64feeb568f5ef770abfb0', '1', '0', 'default.png', '30'), ('6bb50b1902964648a6f9bf4db82a3306', '0.003.011.285', 'ss_a', '', '11.285 ', null, '76189b338913443aa65b7d3dc83cb549', '1', '0', 'default.png', '80'), ('6c4d3d49309642d98088c759f703b270', '0.003.008.173', 'ss_a', '', '8.173 ', null, 'baf03d4d64ee43058ed87fd53fcaa6f1', '1', '0', 'default.png', '240'), ('6d0fe6e941444a19813694dc2fd7f45c', '0.003.003.021.001', 'ss_a', '', '3.21.1 ', null, 'e249c25610154493a294f7e52cc0a0d4', '1', '0', 'default.png', '10'), ('6d3e449431944c129371ed6be8be3d11', '0.003.012.305', 'ss_a', '', '12.305 ', null, '9749060c72574c9ea5f279bb45885a27', '1', '0', 'default.png', '130'), ('6e48d6cc50ba41cba4e6fede4d798c35', '0.003.013', 'ss_a', '', '13 ', null, 'eb1e0ffd3f5946fca35b23a2f7798c47', '0', '0', 'folder2.png', '130'), ('6ec650cb3efe4cd785b4a6277985d255', '0.003.011.283', 'ss_a', '', '11.283 ', null, '76189b338913443aa65b7d3dc83cb549', '1', '0', 'default.png', '60'), ('6eea078283214dbaa3612819b59346b0', '0.003.004.061.001', 'ss_a', '', '4.61.1 ', null, '5f01a9476a954dbaace9c044e9a70f9e', '1', '0', 'default.png', '10'), ('6f77e20a432448279b6c4d0cff8f2983', '0.003.004.067', 'ss_a', '', '4.67 ', null, 'c0d4522d01b341d8bb037210aeec27a2', '1', '0', 'default.png', '300'), ('6f8a70a9ec2b407998cc3d81a1a5baa3', '0.003.009.198', 'ss_a', '', '9.198 ', null, 'cbd91f27b5e04f4bad7b0e0f71ce8993', '1', '0', 'default.png', '150'), ('6fcab2ec600d492bb17d3c8eb142a92d', '0.003.002.009.003', 'ss_a', '', '2.9.3 ', null, '567d2749135e43c1a4ce3f1240bbb538', '1', '0', 'default.png', '30'), ('702ec11db90c491c95575f2eaee10f6e', '0.003.003.020', 'ss_a', '', '3.20 ', null, '18ab8dcf7740492ca667eb9fb0bdc864', '0', '0', 'folder2.png', '50'), ('70756f7d8b7c4fb09d4c5de564c97f0d', '0.003.010.222.001', 'ss_a', '', '10.222.1 ', null, '4a30ae096a2d469086ef62b55c1f3d57', '1', '0', 'default.png', '10'), ('711bb6672cf34ff2a106f0823dad25a6', '0.003.006.127', 'ss_a', '', '6.127 ', null, 'aad3ac1a1a5b4da3b4e43d4102dbbed9', '1', '0', 'default.png', '260'), ('712e2c9d68774c4e93ebcea3a9aa54f3', '0.003.004.042', 'ss_a', '', '4.42 ', null, 'c0d4522d01b341d8bb037210aeec27a2', '1', '0', 'default.png', '50'), ('715d4259be6545e586af8253fec04405', '0.003.010.223.006.006', 'ss_a', '', '10.223.6.6 ', null, '061fed69d2314950b22ad2ff053e5aed', '1', '0', 'default.png', '60'), ('718e94d3273a46379cda2ed9718967f6', '0.003.010.230.001.002', 'ss_a', '', '10.230.1.2 ', null, '354054eabcef490eaf2162a3864a69ad', '1', '0', 'default.png', '20'), ('7273c287dcf044939e43ddcbb8dee899', '0.003.005.101.001', 'ss_a', '', '5.101.1 ', null, '9ec94a0622314aa2943cde74ab6bb7df', '1', '0', 'default.png', '10'), ('72b8ed3b598a444883d59c159e73a7bf', '0.003.006.112.002', 'ss_a', '', '6.112.2 ', null, '592e4ee14c654bf1a91b016cb3258f23', '1', '0', 'default.png', '20'), ('72d65040039f4c3f8ca72e22495797fc', '0.003.007.149', 'ss_a', '', '7.149 ', null, 'ff6eb52a08744320bc7255ec6ec142f5', '1', '0', 'default.png', '120'), ('73103a3f767e45fe925284f47e1dc0fe', '0.003.010.225.001.004.004', 'ss_a', '', '10.225.1.4.4 ', null, 'ba3ae1b792564c52926b9e6185737780', '1', '0', 'default.png', '40'), ('73842ea9aff84bbaa90898cc64be3ab6', '0.003.012.297', 'ss_a', '', '12.297 ', null, '9749060c72574c9ea5f279bb45885a27', '1', '0', 'default.png', '50'), ('73beb21c00454dba8b6ba5099dfef38e', '0.003.008.180.008', 'ss_a', '', '8.180.8 ', null, '27240e39a91e431587e74d73562ddb13', '1', '0', 'default.png', '80'), ('73bfa184258241efa0446b7a09feac3f', '0.003.010.253', 'ss_a', '', '10.253 ', null, 'e5ea16ae33514c43a5417440f1970a0a', '0', '0', 'folder2.png', '370'), ('743c31262abb4b29a7f4326ab398be34', '0.003.010.253.002', 'ss_a', '', '10.253.2 ', null, '73bfa184258241efa0446b7a09feac3f', '1', '0', 'default.png', '20'), ('74658df043774a82a7657e7f99d6d6ef', '0.003.010.225.001.003', 'ss_a', '', '10.225.1.3 ', null, 'b37d3d6ffdcd4efda8e14f92027e3edb', '0', '0', 'folder2.png', '30'), ('755295eff8744e5f93e9360e91bc12ec', '0.003.010.223.006.010', 'ss_a', '', '10.223.6.10 ', null, '061fed69d2314950b22ad2ff053e5aed', '1', '0', 'default.png', '100'), ('75860722e0484afa8a8ba95c6613b709', '0.003.009.197.005', 'ss_a', '', '9.197.5 ', null, '9811013aa5084117b04fb78a6db48030', '1', '0', 'default.png', '50'), ('76189b338913443aa65b7d3dc83cb549', '0.003.011', 'ss_a', '', '11 ', null, 'eb1e0ffd3f5946fca35b23a2f7798c47', '0', '0', 'folder2.png', '110'), ('766a824162a14b3fa7a6808078a8ac8a', '0.003.009.211', 'ss_a', '', '9.211 ', null, 'cbd91f27b5e04f4bad7b0e0f71ce8993', '1', '0', 'default.png', '280'), ('773310dd39964ba081b3db053a94e2ac', '0.003.010.222.002.008', 'ss_a', '', '10.222.2.8 ', null, '43b2d7e605d2496683ab290fdba63975', '1', '0', 'default.png', '80'), ('7747e2bf7aa645a6ac8d3f43d37e259b', '0.003.002.008', 'ss_a', '', '2.8 ', null, 'c68adc0394334bfa929c70f989789275', '0', '0', 'folder2.png', '40'), ('775a47f0a7544bbbaca9bec517cc6e1c', '0.003.012.293', 'ss_a', '', '12.293 ', null, '9749060c72574c9ea5f279bb45885a27', '1', '0', 'default.png', '10'), ('77996256af164d4cb485847eaf9d121e', '0.003.005.089', 'ss_a', '', '5.89 ', null, 'db912341ff7c46fb90cba85d6bc0825a', '1', '0', 'default.png', '190');
INSERT INTO `ss_checkjob_checkitem` VALUES ('77ef62f7f6644cbba6c3011cac207b68', '0.003.005.084.001', 'ss_a', '', '5.84.1 ', null, 'd62f9bba23364f50b79aceb519765066', '1', '0', 'default.png', '10'), ('78d1712bfe4546d1a23bfdd187cc475e', '0.003.010.230.001.006', 'ss_a', '', '10.230.1.6 ', null, '354054eabcef490eaf2162a3864a69ad', '1', '0', 'default.png', '60'), ('795dccc155734ff28c5ce144f986b246', '0.003.009.206', 'ss_a', '', '9.206 ', null, 'cbd91f27b5e04f4bad7b0e0f71ce8993', '1', '0', 'default.png', '230'), ('79b417931ffb4e1fa7a49af433d8becd', '0.003.003.023.002.003', 'ss_a', '', '3.23.2.3 ', null, 'cab8972cecb3464b8766ade52aa5afdd', '1', '0', 'default.png', '30'), ('79b801e9b2994040ab08da8b9e7431f7', '0.003.003.024.002', 'ss_a', '', '3.24.2 ', null, '30ff70c79797405abee2ef03471082f8', '1', '0', 'default.png', '20'), ('79b8db09bf144b84b0115e87d0e2e8b6', '0.003.002.010.003.005', 'ss_a', '', '2.10.3.5 ', null, '40a0aa96bdad44a88929f140700183ce', '1', '0', 'default.png', '50'), ('7ac17da1cf4d48bbab48a1e712e54585', '0.003.011.279', 'ss_a', '', '11.279 ', null, '76189b338913443aa65b7d3dc83cb549', '1', '0', 'default.png', '20'), ('7b0727ca43f64232ae869d4ec7632899', '0.003.010.260', 'ss_a', '', '10.260 ', null, 'e5ea16ae33514c43a5417440f1970a0a', '1', '0', 'default.png', '440'), ('7b8801a08e20422aacf6d5a5a55b8e05', '0.003.010.245', 'ss_a', '', '10.245 ', null, 'e5ea16ae33514c43a5417440f1970a0a', '1', '0', 'default.png', '290'), ('7c5c52dc7fe84faa86657506cbeb05c1', '0.003.004.058', 'ss_a', '', '4.58 ', null, 'c0d4522d01b341d8bb037210aeec27a2', '1', '0', 'default.png', '210'), ('7c73335b484b46c0a30fda7799e568e1', '0.003.010.264', 'ss_a', '', '10.264 ', null, 'e5ea16ae33514c43a5417440f1970a0a', '1', '0', 'default.png', '480'), ('7ca840d004044b15907053a7ab5ef744', '0.003.008.155', 'ss_a', '', '8.155 ', null, 'baf03d4d64ee43058ed87fd53fcaa6f1', '1', '0', 'default.png', '60'), ('7cb2f53597894a938a2ecbd7e142e350', '0.003.009.203', 'ss_a', '', '9.203 ', null, 'cbd91f27b5e04f4bad7b0e0f71ce8993', '1', '0', 'default.png', '200'), ('7cba9759d04742b18f90fc4fa08721e7', '0.003.010.222.002.006', 'ss_a', '', '10.222.2.6 ', null, '43b2d7e605d2496683ab290fdba63975', '1', '0', 'default.png', '60'), ('7dcee87f47794a91a29eb36e22070de6', '0.003.008.170.002.006', 'ss_a', '', '8.170.2.6 ', null, '27d99e9f3a5e4e9cbe6b254c05c23be9', '1', '0', 'default.png', '60'), ('7eabb08027b04b3bad5e1a8fc07a0732', '0.003.010.225.001.001', 'ss_a', '', '10.225.1.1 ', null, 'b37d3d6ffdcd4efda8e14f92027e3edb', '1', '0', 'default.png', '10'), ('7ee8520a63ea40fbb5a44a72aedd8542', '0.003.004.040', 'ss_a', '', '4.40 ', null, 'c0d4522d01b341d8bb037210aeec27a2', '1', '0', 'default.png', '30'), ('7efd7f6c80b24c4b9206a42206265bbb', '0.003.003.033', 'ss_a', '', '3.33 ', null, '18ab8dcf7740492ca667eb9fb0bdc864', '1', '0', 'default.png', '180'), ('7f4192caefb348eea56d711039d4c4b9', '0.003.008.170.003.002', 'ss_a', '', '8.170.3.2 ', null, '505a5ceada204646bb0c10c6db4a5b90', '1', '0', 'default.png', '20'), ('7f5defb0bc974d36ba1f5d1ee77aa087', '0.003.010.230.001.004', 'ss_a', '', '10.230.1.4 ', null, '354054eabcef490eaf2162a3864a69ad', '1', '0', 'default.png', '40'), ('7fc92604383e4b5eb13efb50c882ea05', '0.003.008.183.009', 'ss_a', '', '8.183.9 ', null, 'af27c55ad4fb42f8b366ebbc5a8567c4', '1', '0', 'default.png', '90'), ('801d176730eb42ba9476f6d627605ca9', '0.003.008.170.002.002', 'ss_a', '', '8.170.2.2 ', null, '27d99e9f3a5e4e9cbe6b254c05c23be9', '1', '0', 'default.png', '20'), ('81418e427c9b439dba47d38b551c4aa6', '0.003.010.223.002.003', 'ss_a', '', '10.223.2.3 ', null, 'cb5e5e98b4fe43968c91f3ca6e39a3b1', '1', '0', 'default.png', '30'), ('81ca0d1ef2244140bf1f381edc9fd1d7', '0.003.007.142', 'ss_a', '', '7.142 ', null, 'ff6eb52a08744320bc7255ec6ec142f5', '1', '0', 'default.png', '50'), ('823ea6c2bb1146cb974a1f88627f97cc', '0.003.010.241', 'ss_a', '', '10.241 ', null, 'e5ea16ae33514c43a5417440f1970a0a', '1', '0', 'default.png', '250'), ('82b05bfdedc74b0390a2e56305cd37c1', '0.003.009.197.009', 'ss_a', '', '9.197.9 ', null, '9811013aa5084117b04fb78a6db48030', '1', '0', 'default.png', '90'), ('8339f698c8944a55a1e13af47485aa06', '0.003.004.060', 'ss_a', '', '4.60 ', null, 'c0d4522d01b341d8bb037210aeec27a2', '1', '0', 'default.png', '230'), ('83fd054fd20e44359f898816c0297104', '0.003.006.133.001', 'ss_a', '', '6.133.1 ', null, 'd1cf71e1c8f84a42b3716e61d4c389c8', '1', '0', 'default.png', '10'), ('8472f241590d4d38984a1cf6520585ab', '0.003.003.024.005', 'ss_a', '', '3.24.5 ', null, '30ff70c79797405abee2ef03471082f8', '1', '0', 'default.png', '50'), ('850dfc1b012e464a8e24efe8568dd8d6', '0.003.006.119', 'ss_a', '', '6.119 ', null, 'aad3ac1a1a5b4da3b4e43d4102dbbed9', '0', '0', 'folder2.png', '180'), ('853ecdd98d3048c3a0bf3d4773bcdfda', '0.003.002.010.010', 'ss_a', '', '2.10.10 ;', null, 'd1a1a600ce354a6ca99dcf7eb3998695', '1', '0', 'default.png', '100'), ('85857e7ad00a489694c171545108b51d', '0.003.008.179', 'ss_a', '', '8.179 ', null, 'baf03d4d64ee43058ed87fd53fcaa6f1', '1', '0', 'default.png', '300'), ('85b3c3f90f374d0697203446b464e44c', '0.003.012.296', 'ss_a', '', '12.296 ', null, '9749060c72574c9ea5f279bb45885a27', '1', '0', 'default.png', '40'), ('85c01be5af524b589733f0d0743d26d5', '0.003.002.006', 'ss_a', '', '2.6 ', null, 'c68adc0394334bfa929c70f989789275', '1', '0', 'default.png', '20'), ('8626fdaeefa64aa28ce1bcc41c8c8488', '0.003.010.234.008', 'ss_a', '', '10.234.8 ', null, '9e5ea3ab16184876863a96f59cb37c29', '1', '0', 'default.png', '80'), ('865e28af48984acb97611fae7df91f88', '0.003.011.292', 'ss_a', '', '11.292 ', null, '76189b338913443aa65b7d3dc83cb549', '1', '0', 'default.png', '150'), ('86b52d935dfc4ab9a587cbcf5f7feae1', '0.003.009.184', 'ss_a', '', '9.184 ', null, 'cbd91f27b5e04f4bad7b0e0f71ce8993', '1', '0', 'default.png', '10'), ('87d922c87449409e94af94446eb3bd68', '0.003.004.048.002', 'ss_a', '', '4.48.2 D', null, '348fe09d7b5c46dc9c8f842886976d55', '1', '0', 'default.png', '20'), ('88cf543d33dc45cba71012c04bbd17ba', '0.003.009.196', 'ss_a', '', '9.196 ', null, 'cbd91f27b5e04f4bad7b0e0f71ce8993', '1', '0', 'default.png', '130'), ('89796decc44745c395faa70bfe41aa9b', '0.003.010.222.002.010', 'ss_a', '', '10.222.2.10 ', null, '43b2d7e605d2496683ab290fdba63975', '1', '0', 'default.png', '100'), ('89b48008f420404d92f6932db5f03239', '0.003.010.273', 'ss_a', '', '10.273 ', null, 'e5ea16ae33514c43a5417440f1970a0a', '1', '0', 'default.png', '570'), ('8a2ce512289e42aa9ee4b4f5cd5fd2fe', '0.003.010.266.002.007', 'ss_a', '', '10.266.2.7 ', null, '523844c52a6d48b88327de4eaf675792', '1', '0', 'default.png', '70'), ('8a39cc8902694c4b93a415154d8ae805', '0.003.004.059', 'ss_a', '', '4.59 ', null, 'c0d4522d01b341d8bb037210aeec27a2', '1', '0', 'default.png', '220'), ('8a4bf3be4c1641439ed85abcf5bfe759', '0.003.007.140.002', 'ss_a', '', '7.140.2 ', null, '9459c44eb06e4d698bc86d9e45b8995f', '1', '0', 'default.png', '20'), ('8ae373a6baa942c89de22aedd06c065d', '0.003.003.023.002.001', 'ss_a', '', '3.23.2.1 ', null, 'cab8972cecb3464b8766ade52aa5afdd', '1', '0', 'default.png', '10'), ('8b24bde8caa146518a8778e8f61c04c9', '0.003.010.272', 'ss_a', '', '10.272 ', null, 'e5ea16ae33514c43a5417440f1970a0a', '1', '0', 'default.png', '560'), ('8b2e4f49b81c467596c030b696e55ec6', '0.003.009.199', 'ss_a', '', '9.199 ', null, 'cbd91f27b5e04f4bad7b0e0f71ce8993', '0', '0', 'folder2.png', '160'), ('8bb06f3ad82545ffb0b387d723442bc3', '0.003.012.294', 'ss_a', '', '12.294 ', null, '9749060c72574c9ea5f279bb45885a27', '1', '0', 'default.png', '20'), ('8ca48b9e58384060a08aa39bfbc14b48', '0.003.004.046.004', 'ss_a', '', '4.46.4 ', null, '646cc50840244f55982cdddad599b133', '1', '0', 'default.png', '40'), ('8d459793fbda4ca0b094278e8d0910ca', '0.003.001.002', 'ss_a', '', '1.2 ', null, '2324d2d6fb9949c7abb19c4c45587207', '0', '0', 'folder2.png', '20'), ('8da5bf212a654ecaa2292411fe68a096', '0.003.006.106.002.005', 'ss_a', '', '6.106.2.5 ', null, '99e1819ec61e4b539c244bcb95686e60', '1', '0', 'default.png', '50'), ('8daa22e6661643b3b60316c0f6c62ead', '0.003.005.078', 'ss_a', '', '5.78 ', null, 'db912341ff7c46fb90cba85d6bc0825a', '1', '0', 'default.png', '80'), ('8e0a0c9ef3bf4348b5be414fa164dbcd', '0.003.007.140.004', 'ss_a', '', '7.140.4 ', null, '9459c44eb06e4d698bc86d9e45b8995f', '1', '0', 'default.png', '40'), ('8f0412c3f50e4cdfb5da626e339f6fa7', '0.003.005.091', 'ss_a', '', '5.91 ', null, 'db912341ff7c46fb90cba85d6bc0825a', '1', '0', 'default.png', '210'), ('8f39f1cba9914e5ebbdd3486cb2c87f2', '0.003.006.102.002', 'ss_a', '', '6.102.2 ', null, '69eef02c1a474f44b73c6393c65833c2', '1', '0', 'default.png', '20'), ('8f60e02df6e44f0d942d909f3f87f8f4', '0.003.008.170.003.001', 'ss_a', '', '8.170.3.1 ', null, '505a5ceada204646bb0c10c6db4a5b90', '1', '0', 'default.png', '10'), ('907a767787af48f49e172362926234f5', '0.003.005.072', 'ss_a', '', '5.72 ', null, 'db912341ff7c46fb90cba85d6bc0825a', '1', '0', 'default.png', '20'), ('90a104a62cb4461ea874132ec252efa5', '0.003.002.010.004', 'ss_a', '', '2.10.4 ', null, 'd1a1a600ce354a6ca99dcf7eb3998695', '1', '0', 'default.png', '40'), ('91d42e23ae3140669da49cdde63bfc62', '0.003.008.180.002', 'ss_a', '', '8.180.2 ', null, '27240e39a91e431587e74d73562ddb13', '1', '0', 'default.png', '20'), ('91ed9701c2754788b98f88bbbc30a71d', '0.003.009.201.001', 'ss_a', '', '9.201.1 ', null, 'ab2aeacbef644038bedce9b7ce0d6a37', '1', '0', 'default.png', '10'), ('91f0ee74b1854f16b13ac9a54ffe03dc', '0.003.003.023.002.005', 'ss_a', '', '3.23.2.5 ', null, 'cab8972cecb3464b8766ade52aa5afdd', '1', '0', 'default.png', '50'), ('92ea9dd5c24940348e94a059daacefac', '0.003.003.025.002.003', 'ss_a', '', '3.25.2.3 2', null, 'dae6bf77adbb42d0aaf88dd4c59048f4', '1', '0', 'default.png', '30'), ('937a4020df8a400d8d3deedec659798f', '0.003.008.162.001', 'ss_a', '', '8.162.1 ', null, 'c7a7a5dad6a84d1e8e8680867fa010e3', '1', '0', 'default.png', '10'), ('93b6f9f8615f40e3beb042ac3d1924d3', '0.003.010.227.002', 'ss_a', '', '10.227.2 ', null, '097063939f1c422c9a1e9c7ac1347c27', '1', '0', 'default.png', '20'), ('9459c44eb06e4d698bc86d9e45b8995f', '0.003.007.140', 'ss_a', '', '7.140 ', null, 'ff6eb52a08744320bc7255ec6ec142f5', '0', '0', 'folder2.png', '30'), ('94b585a47b8b426897b1320574a0cb7e', '0.003.003.034', 'ss_a', '', '3.34 ', null, '18ab8dcf7740492ca667eb9fb0bdc864', '0', '0', 'folder2.png', '190'), ('95dbb97291af4957b02ec791f3f234ca', '0.003.008.170.002.003', 'ss_a', '', '8.170.2.3 ', null, '27d99e9f3a5e4e9cbe6b254c05c23be9', '1', '0', 'default.png', '30'), ('95e71c576b434a3e93f22737abc20c88', '0.003.010.266.002.008', 'ss_a', '', '10.266.2.8 ', null, '523844c52a6d48b88327de4eaf675792', '1', '0', 'default.png', '80'), ('96ad0cac8d0649aa9505185dcf805491', '0.003.001.001', 'ss_a', '', '1.1 ', null, '2324d2d6fb9949c7abb19c4c45587207', '1', '0', 'default.png', '10'), ('96d0c52d111148159b86f36e5c0cb7da', '0.003.003.025.002.001', 'ss_a', '', '3.25.2.1 ', null, 'dae6bf77adbb42d0aaf88dd4c59048f4', '1', '0', 'default.png', '10'), ('96deb86dde1145f485b22644d510ada4', '0.003.010.266.002.009', 'ss_a', '', '10.266.2.9 ', null, '523844c52a6d48b88327de4eaf675792', '1', '0', 'default.png', '90'), ('96e872a7922842baad9a7f99712394ed', '0.003.010.230.001.005', 'ss_a', '', '10.230.1.5 ', null, '354054eabcef490eaf2162a3864a69ad', '1', '0', 'default.png', '50'), ('97003585193849b7a1661e1b8afe6f94', '0.003.003.022.003.006', 'ss_a', '', '3.22.3.6 ', null, '5804d3ba08a641399ab7ef4ac5d6735c', '1', '0', 'default.png', '60'), ('970fb6b3a4bb4a40b872c35ea797eee7', '0.003.006.106', 'ss_a', '', '6.106 ', null, 'aad3ac1a1a5b4da3b4e43d4102dbbed9', '0', '0', 'folder2.png', '50'), ('9749060c72574c9ea5f279bb45885a27', '0.003.012', 'ss_a', '', '12 ', null, 'eb1e0ffd3f5946fca35b23a2f7798c47', '0', '0', 'folder2.png', '120'), ('974b43cd9b294fb78a053f570176d93b', '0.003.003.024.004', 'ss_a', '', '3.24.4 ', null, '30ff70c79797405abee2ef03471082f8', '1', '0', 'default.png', '40'), ('978a6dbef37c4232949a59565b3d5e58', '0.003.008.183.010', 'ss_a', '', '8.183.10 ', null, 'af27c55ad4fb42f8b366ebbc5a8567c4', '1', '0', 'default.png', '100'), ('97e296dae88242d6a170220c39bcc95f', '0.003.003.023.001.001', 'ss_a', '', '3.23.1.1 ', null, '9ff6516cbcd4467987ababfbcc1d7056', '1', '0', 'default.png', '10'), ('9811013aa5084117b04fb78a6db48030', '0.003.009.197', 'ss_a', '', '9.197 ', null, 'cbd91f27b5e04f4bad7b0e0f71ce8993', '0', '0', 'folder2.png', '140'), ('9822118068af43919cd245bf8d1f33e0', '0.003.010.247', 'ss_a', '', '10.247 ', null, 'e5ea16ae33514c43a5417440f1970a0a', '1', '0', 'default.png', '310'), ('98caa5d1bcf145218d9910687db6ef8f', '0.003.008.170.001.002', 'ss_a', '', '8.170.1.2 ', null, 'ecb749656a80416a82b35c02c1be1e6a', '1', '0', 'default.png', '20'), ('99c71a6a15ef496686012f9a8fdee8e9', '0.003.005.093', 'ss_a', '', '5.93 ', null, 'db912341ff7c46fb90cba85d6bc0825a', '1', '0', 'default.png', '230'), ('99d7edce55c545c093fdbe6d606760c0', '0.003.003.034.001', 'ss_a', '', '3.34.1 ', null, '94b585a47b8b426897b1320574a0cb7e', '1', '0', 'default.png', '10'), ('99e1819ec61e4b539c244bcb95686e60', '0.003.006.106.002', 'ss_a', '', '6.106.2 ', null, '970fb6b3a4bb4a40b872c35ea797eee7', '0', '0', 'folder2.png', '20'), ('9a3d10ae835c467194e9f66d2869cb73', '0.003.008.168', 'ss_a', '', '8.168 ', null, 'baf03d4d64ee43058ed87fd53fcaa6f1', '1', '0', 'default.png', '190'), ('9afe6292eed84760b4f8851bb11d3999', '0.003.010.262', 'ss_a', '', '10.262 ', null, 'e5ea16ae33514c43a5417440f1970a0a', '1', '0', 'default.png', '460'), ('9c02a0190c0449fd9b7b49ad2df649a5', '0.003.010.222.004', 'ss_a', '', '10.222.4 ', null, '4a30ae096a2d469086ef62b55c1f3d57', '1', '0', 'default.png', '40'), ('9c3ccbcf90bc494786f080d2b8f7fa4c', '0.003.003.020.001', 'ss_a', '', '3.20.1 ', null, '702ec11db90c491c95575f2eaee10f6e', '1', '0', 'default.png', '10'), ('9c496ad57e4e4d1e96e6f4ac501802b0', '0.003.010.263', 'ss_a', '', '10.263 ', null, 'e5ea16ae33514c43a5417440f1970a0a', '1', '0', 'default.png', '470'), ('9c638ba5adcc4a29aabc78d90cc53d58', '0.003.003.020.003', 'ss_a', '', '3.20.3 ', null, '702ec11db90c491c95575f2eaee10f6e', '1', '0', 'default.png', '30'), ('9c952a7f1e1044a687f073a737fc8179', '0.003.010.223.005', 'ss_a', '', '10.223.5 ', null, '57de58f1774d4f90852961a935310aef', '1', '0', 'default.png', '50'), ('9cad5efef18a472184e69f752496b4b9', '0.003.003.023.002.014', 'ss_a', '', '3.23.2.14 ', null, 'cab8972cecb3464b8766ade52aa5afdd', '1', '0', 'default.png', '150'), ('9d9a9b61accf43169eee6c1366c04b34', '0.003.005.095', 'ss_a', '', '5.95 ', null, 'db912341ff7c46fb90cba85d6bc0825a', '0', '0', 'folder2.png', '250'), ('9da1787394a24c68a88bb317934bbb89', '0.003.006.134.001', 'ss_a', '', '6.134.1 ', null, 'a35147e95d464685a931e24bb067a7a7', '1', '0', 'default.png', '10'), ('9dffab413bf7403188f8d8d7571a2f8c', '0.003.008.183.006', 'ss_a', '', '8.183.6 ', null, 'af27c55ad4fb42f8b366ebbc5a8567c4', '1', '0', 'default.png', '60'), ('9e5ea3ab16184876863a96f59cb37c29', '0.003.010.234', 'ss_a', '', '10.234 ', null, 'e5ea16ae33514c43a5417440f1970a0a', '0', '0', 'folder2.png', '180'), ('9e75610a6e974237b97493af4524543b', '0.003.011.281.001', 'ss_a', '', '11.281.1 ', null, 'd70605b58e88439fb3a00bcdbaeda7bf', '1', '0', 'default.png', '10'), ('9eb7f6dae4834fd1916b413d7312de2b', '0.003.010.221.004', 'ss_a', '', '10.221.4 ', null, 'e898bdbbc2324cd49340cef20a89c8f8', '1', '0', 'default.png', '40'), ('9ec94a0622314aa2943cde74ab6bb7df', '0.003.005.101', 'ss_a', '', '5.101 ', null, 'db912341ff7c46fb90cba85d6bc0825a', '0', '0', 'folder2.png', '310'), ('9f11b4b9d1ac438ebc7be137867c13e1', '0.003.008.170.003.007', 'ss_a', '', '8.170.3.7 ', null, '505a5ceada204646bb0c10c6db4a5b90', '1', '0', 'default.png', '70'), ('9f8201fc2b084be29df0ec93feceeb8c', '0.003.002.010.003.003', 'ss_a', '', '2.10.3.3 ', null, '40a0aa96bdad44a88929f140700183ce', '1', '0', 'default.png', '30'), ('9faed470a7874cd8b96fd24940e3ebf2', '0.003.012.304', 'ss_a', '', '12.304 ', null, '9749060c72574c9ea5f279bb45885a27', '1', '0', 'default.png', '120'), ('9ff6516cbcd4467987ababfbcc1d7056', '0.003.003.023.001', 'ss_a', '', '3.23.1 ', null, '51e4493425074894a863dae4d80dcb0c', '0', '0', 'folder2.png', '10'), ('a09d87ce110240adbc5a959f9b46b4ed', '0.003.002.007', 'ss_a', '', '2.7 ', null, 'c68adc0394334bfa929c70f989789275', '1', '0', 'default.png', '30'), ('a0cf430b1e0a4f1a8abce51fcb275599', '0.003.010.225.001.003.001', 'ss_a', '', '10.225.1.3.1 ', null, '74658df043774a82a7657e7f99d6d6ef', '1', '0', 'default.png', '10'), ('a146dd23950d475db819cc05033a5339', '0.003.003.032', 'ss_a', '', '3.32 ', null, '18ab8dcf7740492ca667eb9fb0bdc864', '1', '0', 'default.png', '170'), ('a28be3e190da4ced8b3cb8a30a59ac73', '0.003.009.193', 'ss_a', '', '9.193 ', null, 'cbd91f27b5e04f4bad7b0e0f71ce8993', '1', '0', 'default.png', '100'), ('a2a82a2044244055ad3f34b857b91dd0', '0.003.003.031.001', 'ss_a', '', '3.31.1 ', null, '3b83a4447ff94f0cbd40d259b2845439', '1', '0', 'default.png', '10'), ('a2b1565c3eb8487098e5910d4cd930a3', '0.003.010.253.006', 'ss_a', '', '10.253.6 ', null, '73bfa184258241efa0446b7a09feac3f', '1', '0', 'default.png', '60'), ('a34f8687b96340369304d06c9a755119', '0.003.012.301', 'ss_a', '', '12.301 ', null, '9749060c72574c9ea5f279bb45885a27', '1', '0', 'default.png', '90'), ('a35147e95d464685a931e24bb067a7a7', '0.003.006.134', 'ss_a', '', '6.134 ', null, 'aad3ac1a1a5b4da3b4e43d4102dbbed9', '0', '0', 'folder2.png', '330'), ('a3641488ac1344d5a02315dc540393b6', '0.003.009.209', 'ss_a', '', '9.209 ', null, 'cbd91f27b5e04f4bad7b0e0f71ce8993', '1', '0', 'default.png', '260'), ('a3c1d3a5a4664a2aae928ec175b359d3', '0.003.010.221.001.005', 'ss_a', '', '10.221.1.5 ', null, '33e7911066554cd3a3d8227aa775f138', '1', '0', 'default.png', '50'), ('a3f95fe0ff4a4df7991130fbaaf91543', '0.003.010.234.003', 'ss_a', '', '10.234.3 ', null, '9e5ea3ab16184876863a96f59cb37c29', '1', '0', 'default.png', '30'), ('a416287ac6dc439da09531bf6e88a9b6', '0.003.009.200', 'ss_a', '', '9.200 ', null, 'cbd91f27b5e04f4bad7b0e0f71ce8993', '1', '0', 'default.png', '170'), ('a429456c50714c4ca646146024656915', '0.003.006.125', 'ss_a', '', '6.125 ', null, 'aad3ac1a1a5b4da3b4e43d4102dbbed9', '1', '0', 'default.png', '240'), ('a43f86668c3441c69c795e1188320eb5', '0.003.007.143', 'ss_a', '', '7.143 ', null, 'ff6eb52a08744320bc7255ec6ec142f5', '1', '0', 'default.png', '60'), ('a628a5ab3a344ac388172200a81d11ad', '0.003.003.024.010', 'ss_a', '', '3.24.10 ', null, '30ff70c79797405abee2ef03471082f8', '1', '0', 'default.png', '100'), ('a629a587321449fe9b6ff98a51465e3c', '0.003.002.010.006', 'ss_a', '', '2.10.6 ', null, 'd1a1a600ce354a6ca99dcf7eb3998695', '1', '0', 'default.png', '60'), ('a67e6ea4b460461cbe0a8ace3f0a6b1a', '0.003.009.195', 'ss_a', '', '9.195 ', null, 'cbd91f27b5e04f4bad7b0e0f71ce8993', '1', '0', 'default.png', '120'), ('a751fb25ea6143a789d4025bfc5cb466', '0.003.005.098', 'ss_a', '', '5.98 ', null, 'db912341ff7c46fb90cba85d6bc0825a', '0', '0', 'folder2.png', '280'), ('a8a2e50c07e14690858984b7052abe7b', '0.003.009.213.005', 'ss_a', '', '9.213.5 ', null, '0fa96b431b3c4d3096ea95c9945e369d', '1', '0', 'default.png', '50'), ('a8e68a22bab4412098de7698b086f9fc', '0.003.008.171', 'ss_a', '', '8.171 ', null, 'baf03d4d64ee43058ed87fd53fcaa6f1', '1', '0', 'default.png', '220'), ('a9b72a3e00a74b2c9e5c8b054fa48587', '0.003.003.022.003.003', 'ss_a', '', '3.22.3.3 ', null, '5804d3ba08a641399ab7ef4ac5d6735c', '1', '0', 'default.png', '30'), ('aa26b2b703234852b88fcb6efd023cc2', '0.003.004.046.001', 'ss_a', '', '4.46.1 ', null, '646cc50840244f55982cdddad599b133', '1', '0', 'default.png', '10'), ('aac09bcaaea04401aaa03624cc06e824', '0.003.009.205', 'ss_a', '', '9.205 ', null, 'cbd91f27b5e04f4bad7b0e0f71ce8993', '1', '0', 'default.png', '220'), ('aad3ac1a1a5b4da3b4e43d4102dbbed9', '0.003.006', 'ss_a', '', '6 ', null, 'eb1e0ffd3f5946fca35b23a2f7798c47', '0', '0', 'folder2.png', '60'), ('aae1caa47c1f49c497a18f6d7e6e1b9f', '0.003.003.027.001', 'ss_a', '', '3.27.1 ', null, 'e6b95c4c50c7418cbbb0fe663b0c2087', '1', '0', 'default.png', '10'), ('ab268b5261354918929a040cf2843203', '0.003.006.115', 'ss_a', '', '6.115 ', null, 'aad3ac1a1a5b4da3b4e43d4102dbbed9', '1', '0', 'default.png', '140'), ('ab2aeacbef644038bedce9b7ce0d6a37', '0.003.009.201', 'ss_a', '', '9.201 ', null, 'cbd91f27b5e04f4bad7b0e0f71ce8993', '0', '0', 'folder2.png', '180'), ('acde633d9d754e64912b7340f7d11414', '0.003.005.087', 'ss_a', '', '5.87 ', null, 'db912341ff7c46fb90cba85d6bc0825a', '1', '0', 'default.png', '170'), ('acdfb25d6fca4cdaab17f5d63aad7a0a', '0.003.010.221.001.006', 'ss_a', '', '10.221.1.6 ', null, '33e7911066554cd3a3d8227aa775f138', '1', '0', 'default.png', '60'), ('adebb43766d740fc9115509f71fdb89c', '0.003.010.222.002.003', 'ss_a', '', '10.222.2.3 ', null, '43b2d7e605d2496683ab290fdba63975', '1', '0', 'default.png', '30'), ('ae051185bc3a498e85568b030b8b98ab', '0.003.008.151', 'ss_a', '', '8.151 ', null, 'baf03d4d64ee43058ed87fd53fcaa6f1', '1', '0', 'default.png', '20'), ('ae210b502a4f47a9a9faab5a82c7682c', '0.003.011.289', 'ss_a', '', '11.289 ', null, '76189b338913443aa65b7d3dc83cb549', '0', '0', 'folder2.png', '120'), ('ae287f2ffa7a44d087629e3ad486f3fe', '0.003.010.233', 'ss_a', '', '10.233 ', null, 'e5ea16ae33514c43a5417440f1970a0a', '1', '0', 'default.png', '170'), ('ae2e67112eea40938d4e1dc45b6b5c15', '0.003.010.225', 'ss_a', '', '10.225 ', null, 'e5ea16ae33514c43a5417440f1970a0a', '0', '0', 'folder2.png', '90'), ('ae7a64952068457ca60f6c5771a0b0cb', '0.003.008.170.003.005', 'ss_a', '', '8.170.3.5 ', null, '505a5ceada204646bb0c10c6db4a5b90', '1', '0', 'default.png', '50'), ('aea7395ba87f48a6880095042d10d74e', '0.003.008.175.003', 'ss_a', '', '8.175.3 ', null, 'bd822e547bad4586ac0493776a0f89e6', '1', '0', 'default.png', '30'), ('aeaa779e824d487281ef7b53ca086b67', '0.003.010.269', 'ss_a', '', '10.269 ', null, 'e5ea16ae33514c43a5417440f1970a0a', '1', '0', 'default.png', '530'), ('af06a3239a724678b089c2ad41fa58c7', '0.003.010.230.002', 'ss_a', '', '10.230.2 ', null, 'f8ff0293102a4fa8a3cface3ceb33dbd', '1', '0', 'default.png', '20'), ('af27c55ad4fb42f8b366ebbc5a8567c4', '0.003.008.183', 'ss_a', '', '8.183 ', null, 'baf03d4d64ee43058ed87fd53fcaa6f1', '0', '0', 'folder2.png', '340'), ('afbf0f389d644b02b3a83e0210e325ca', '0.003.006.105', 'ss_a', '', '6.105 ', null, 'aad3ac1a1a5b4da3b4e43d4102dbbed9', '1', '0', 'default.png', '40'), ('affef3568b7b4565aff3e8f84811b47f', '0.003.010.252', 'ss_a', '', '10.252 ', null, 'e5ea16ae33514c43a5417440f1970a0a', '1', '0', 'default.png', '360'), ('b0cc314bdff2445db79244ddffbd628d', '0.003.003.024.009', 'ss_a', '', '3.24.9 ', null, '30ff70c79797405abee2ef03471082f8', '1', '0', 'default.png', '90'), ('b0eed5791124485bac83ed89ccb011cd', '0.003.006.106.002.001', 'ss_a', '', '6.106.2.1 ', null, '99e1819ec61e4b539c244bcb95686e60', '1', '0', 'default.png', '10'), ('b16a7a2f9d804a749fa583e41a5581c7', '0.003.005.080', 'ss_a', '', '5.80 ', null, 'db912341ff7c46fb90cba85d6bc0825a', '1', '0', 'default.png', '100'), ('b1abbb2ce98a4253b065ac94acdff13b', '0.003.003.030.001', 'ss_a', '', '3.30.1 ', null, '01cafe8e25f740538f0e9b57bd64bba5', '1', '0', 'default.png', '10'), ('b1c722a9d2d24d2cbe7f65bb5ade0a88', '0.003.010.254', 'ss_a', '', '10.254 ', null, 'e5ea16ae33514c43a5417440f1970a0a', '1', '0', 'default.png', '380'), ('b20e7020c78248c7afc6c818bce61446', '0.003.004.051', 'ss_a', '', '4.51 ', null, 'c0d4522d01b341d8bb037210aeec27a2', '1', '0', 'default.png', '140'), ('b24cd627d143431e96f91e08f79c8ef5', '0.003.003.023.002.009', 'ss_a', '', '3.23.2.9 ', null, 'cab8972cecb3464b8766ade52aa5afdd', '1', '0', 'default.png', '90'), ('b37d3d6ffdcd4efda8e14f92027e3edb', '0.003.010.225.001', 'ss_a', '', '10.225.1 ', null, 'ae2e67112eea40938d4e1dc45b6b5c15', '0', '0', 'folder2.png', '10'), ('b382d4b2470745e09d0c01cc3c8bbd8b', '0.003.008.170.002.007', 'ss_a', '', '8.170.2.7 ', null, '27d99e9f3a5e4e9cbe6b254c05c23be9', '1', '0', 'default.png', '70'), ('b4f28e34037b4d19975c4eb63c737c37', '0.003.010.253.001', 'ss_a', '', '10.253.1 ', null, '73bfa184258241efa0446b7a09feac3f', '1', '0', 'default.png', '10'), ('b69679d9c52047b6a04283bbbf6ca4f7', '0.003.009.204', 'ss_a', '', '9.204 ', null, 'cbd91f27b5e04f4bad7b0e0f71ce8993', '1', '0', 'default.png', '210'), ('b6dbf6579b834b0a96860cdaca666c7d', '0.003.012.302', 'ss_a', '', '12.302 ', null, '9749060c72574c9ea5f279bb45885a27', '1', '0', 'default.png', '100'), ('b86e364ba05a44cd83a15c4d6c9b96b5', '0.003.010.251', 'ss_a', '', '10.251 ', null, 'e5ea16ae33514c43a5417440f1970a0a', '1', '0', 'default.png', '350'), ('b8aabaf414814ed8bdee66d74fcf349c', '0.003.010.234.004', 'ss_a', '', '10.234.4 ', null, '9e5ea3ab16184876863a96f59cb37c29', '1', '0', 'default.png', '40'), ('b8ca9732296e49778f27d23cebc67d5c', '0.003.010.223.006.003', 'ss_a', '', '10.223.6.3 ', null, '061fed69d2314950b22ad2ff053e5aed', '1', '0', 'default.png', '30'), ('b91cb851cf7142d3be3864826aa8f9db', '0.003.006.111', 'ss_a', '', '6.111 ', null, 'aad3ac1a1a5b4da3b4e43d4102dbbed9', '1', '0', 'default.png', '100'), ('b94068ad64be4f36a9a1db38c8e323e3', '0.003.010.220', 'ss_a', '', '10.220 ', null, 'e5ea16ae33514c43a5417440f1970a0a', '1', '0', 'default.png', '40'), ('b97ce6566c7241fb93ef29ec040d95ab', '0.003.009.216', 'ss_a', '', '9.216 ', null, 'cbd91f27b5e04f4bad7b0e0f71ce8993', '1', '0', 'default.png', '330'), ('b9f5175f3fd34d5abf195876085d4376', '0.003.010.221.001.001', 'ss_a', '', '10.221.1.1 ', null, '33e7911066554cd3a3d8227aa775f138', '1', '0', 'default.png', '10'), ('ba15563c4e5f4ff58bcef2c67c2bf955', '0.003.008.161', 'ss_a', '', '8.161 ', null, 'baf03d4d64ee43058ed87fd53fcaa6f1', '1', '0', 'default.png', '120'), ('ba1b151180b24c4db07f9d4599f18999', '0.003.010.222.006', 'ss_a', '', '10.222.6 ', null, '4a30ae096a2d469086ef62b55c1f3d57', '1', '0', 'default.png', '60'), ('ba3ae1b792564c52926b9e6185737780', '0.003.010.225.001.004', 'ss_a', '', '10.225.1.4 ', null, 'b37d3d6ffdcd4efda8e14f92027e3edb', '0', '0', 'folder2.png', '40'), ('ba4a6153b64b4dcfb6943000b2a0f82f', '0.003.002.009.001', 'ss_a', '', '2.9.1 ', null, '567d2749135e43c1a4ce3f1240bbb538', '1', '0', 'default.png', '10'), ('ba4fa61ab4a446018c04ac0ae8d052d5', '0.003.010.266.002.010', 'ss_a', '', '10.266.2.10 ', null, '523844c52a6d48b88327de4eaf675792', '1', '0', 'default.png', '100'), ('baa9d6bb315e416fa72dd3038c340bfd', '0.003.003.024.006', 'ss_a', '', '3.24.6 ', null, '30ff70c79797405abee2ef03471082f8', '1', '0', 'default.png', '60'), ('bae4a6a560e04f818a15997377c42a8d', '0.003.008.175.006', 'ss_a', '', '8.175.6 ', null, 'bd822e547bad4586ac0493776a0f89e6', '1', '0', 'default.png', '60'), ('baf03d4d64ee43058ed87fd53fcaa6f1', '0.003.008', 'ss_a', '', '8 ', null, 'eb1e0ffd3f5946fca35b23a2f7798c47', '0', '0', 'folder2.png', '80'), ('bb41ab918eba441fa3c7b8da5cba792f', '0.003.011.284', 'ss_a', '', '11.284 ', null, '76189b338913443aa65b7d3dc83cb549', '1', '0', 'default.png', '70'), ('bb797c8b886b4cad86b05bc65b94c807', '0.003.007.148', 'ss_a', '', '7.148 ', null, 'ff6eb52a08744320bc7255ec6ec142f5', '1', '0', 'default.png', '110'), ('bc008f2cc84b49709b64465f576ec160', '0.003.010.228', 'ss_a', '', '10.228 ', null, 'e5ea16ae33514c43a5417440f1970a0a', '1', '0', 'default.png', '120'), ('bc1cec0166824e059d1e93372b49f4a6', '0.003.010.223.006.007', 'ss_a', '', '10.223.6.7 ', null, '061fed69d2314950b22ad2ff053e5aed', '1', '0', 'default.png', '70'), ('bcb9babc67fd4e1abf3d41ce822a232a', '0.003.008.165.005', 'ss_a', '', '8.165.5 ', null, 'cd5644684ce646c1bab34c93b578d6ab', '1', '0', 'default.png', '50'), ('bd274ea7d3a84536b47e2f9aa14f5005', '0.003.004.061.002', 'ss_a', '', '4.61.2 ', null, '5f01a9476a954dbaace9c044e9a70f9e', '1', '0', 'default.png', '20'), ('bd822e547bad4586ac0493776a0f89e6', '0.003.008.175', 'ss_a', '', '8.175 ', null, 'baf03d4d64ee43058ed87fd53fcaa6f1', '0', '0', 'folder2.png', '260'), ('be60792440cc4dfca846b3e673ebf2a4', '0.003.002.005.002', 'ss_a', '', '2.5.2 ', null, '5d89ecc0558e46ebbf301ab4e933d435', '1', '0', 'default.png', '20'), ('be6f1441f6df4178bc588499f5ddb5fc', '0.003.010.225.001.003.005', 'ss_a', '', '10.225.1.3.5 ', null, '74658df043774a82a7657e7f99d6d6ef', '1', '0', 'default.png', '50'), ('be77637766234dea9607e4fe0f5ad76f', '0.003.002.010.005', 'ss_a', '', '2.10.5 ', null, 'd1a1a600ce354a6ca99dcf7eb3998695', '1', '0', 'default.png', '50'), ('c0ccb55e74bf47ce9cbda41be7c56107', '0.003.006.106.002.003', 'ss_a', '', '6.106.2.3 ', null, '99e1819ec61e4b539c244bcb95686e60', '1', '0', 'default.png', '30'), ('c0d37596b88e4e2a954a90ba4a7af153', '0.003.010.225.001.003.004', 'ss_a', '', '10.225.1.3.4 ', null, '74658df043774a82a7657e7f99d6d6ef', '1', '0', 'default.png', '40'), ('c0d4522d01b341d8bb037210aeec27a2', '0.003.004', 'ss_a', '', '4 ', null, 'eb1e0ffd3f5946fca35b23a2f7798c47', '0', '0', 'folder2.png', '40'), ('c11fc6aca90540078c7a80511d486ef8', '0.003.004.069', 'ss_a', '', '4.69 ', null, 'c0d4522d01b341d8bb037210aeec27a2', '1', '0', 'default.png', '320'), ('c14818e248e3456c8f63091716d6a363', '0.003.003.024.003', 'ss_a', '', '3.24.3 ', null, '30ff70c79797405abee2ef03471082f8', '1', '0', 'default.png', '30'), ('c16e14b1c9c548c08bc2c5d2e097b182', '0.003.010.258', 'ss_a', '', '10.258 ', null, 'e5ea16ae33514c43a5417440f1970a0a', '1', '0', 'default.png', '420'), ('c1b2e44ecf974dc4becd61dc6404c5e7', '0.003.008.157', 'ss_a', '', '8.157 ', null, 'baf03d4d64ee43058ed87fd53fcaa6f1', '1', '0', 'default.png', '80'), ('c1b982139b9147dfb599137366c9f2f6', '0.003.002.012', 'ss_a', '', '2.12 ', null, 'c68adc0394334bfa929c70f989789275', '0', '0', 'folder2.png', '80'), ('c1eabd3626454705a12147415ec01d66', '0.003.007.139', 'ss_a', '', '7.139 ', null, 'ff6eb52a08744320bc7255ec6ec142f5', '1', '0', 'default.png', '20'), ('c220e0481d2641cd8770cc4adae3f76a', '0.003.010.266.002.003', 'ss_a', '', '10.266.2.3 ', null, '523844c52a6d48b88327de4eaf675792', '1', '0', 'default.png', '30'), ('c22a04edd68f416daeb6ef4097bea83e', '0.003.010.256', 'ss_a', '', '10.256 ', null, 'e5ea16ae33514c43a5417440f1970a0a', '0', '0', 'folder2.png', '400'), ('c2729b7b0a1e47408cfbe378b7a90a51', '0.003.003.022.002', 'ss_a', '', '3.22.2 ', null, '483b74dacc094bb4bd6760ed61348b91', '1', '0', 'default.png', '20'), ('c2ec9e8a8ed1489191082b1224a6f1de', '0.003.013.307', 'ss_a', '', '13.307 ', null, '6e48d6cc50ba41cba4e6fede4d798c35', '1', '0', 'default.png', '20'), ('c35ba60dca8749d5995821f0be6a9e17', '0.003.006.106.002.002', 'ss_a', '', '6.106.2.2 ', null, '99e1819ec61e4b539c244bcb95686e60', '1', '0', 'default.png', '20'), ('c556081aa01f477a8f47841b49c64c87', '0.003.010.234.001', 'ss_a', '', '10.234.1 ', null, '9e5ea3ab16184876863a96f59cb37c29', '1', '0', 'default.png', '10'), ('c57ca6d580224a9ab7d4163dbf10c585', '0.003.005.085', 'ss_a', '', '5.85 ', null, 'db912341ff7c46fb90cba85d6bc0825a', '1', '0', 'default.png', '150'), ('c68adc0394334bfa929c70f989789275', '0.003.002', 'ss_a', '', '2 ', null, 'eb1e0ffd3f5946fca35b23a2f7798c47', '0', '0', 'folder2.png', '20'), ('c6b0c7680d2741c1b6eec58905b6bc46', '0.003.002.014', 'ss_a', '', '2.14 ', null, 'c68adc0394334bfa929c70f989789275', '1', '0', 'default.png', '100'), ('c6fc2069aeb24d15afd788891356b401', '0.003.006.137.001', 'ss_a', '', '6.137.1 ', null, '392bf14c61e64feeb568f5ef770abfb0', '1', '0', 'default.png', '10'), ('c768f2d9aa8b442d83f199d2400bfd16', '0.003.006.135', 'ss_a', '', '6.135 ', null, 'aad3ac1a1a5b4da3b4e43d4102dbbed9', '1', '0', 'default.png', '340'), ('c7a7a5dad6a84d1e8e8680867fa010e3', '0.003.008.162', 'ss_a', '', '8.162 ', null, 'baf03d4d64ee43058ed87fd53fcaa6f1', '0', '0', 'folder2.png', '130'), ('c80fc1052a1d491ea9843099b18faf89', '0.003.008.170.001.001', 'ss_a', '', '8.170.1.1 ', null, 'ecb749656a80416a82b35c02c1be1e6a', '1', '0', 'default.png', '10'), ('c8d2061a24eb4e5cbf19b9a9f0911547', '0.003.010.223.008', 'ss_a', '', '10.223.8 ', null, '57de58f1774d4f90852961a935310aef', '1', '0', 'default.png', '80'), ('c93e7cb48d2c47759c7937d9af33f96c', '0.003.006.137.004', 'ss_a', '', '6.137.4 ', null, '392bf14c61e64feeb568f5ef770abfb0', '1', '0', 'default.png', '40'), ('cab8972cecb3464b8766ade52aa5afdd', '0.003.003.023.002', 'ss_a', '', '3.23.2 ', null, '51e4493425074894a863dae4d80dcb0c', '0', '0', 'folder2.png', '20'), ('cb2fcd1cb5c74339bcda36581cd97c08', '0.003.009.191', 'ss_a', '', '9.191 ', null, 'cbd91f27b5e04f4bad7b0e0f71ce8993', '1', '0', 'default.png', '80'), ('cb5e5e98b4fe43968c91f3ca6e39a3b1', '0.003.010.223.002', 'ss_a', '', '10.223.2 ', null, '57de58f1774d4f90852961a935310aef', '0', '0', 'folder2.png', '20'), ('cb7fcf162bb34ded9d0694afa2cce127', '0.003.008.175.009', 'ss_a', '', '8.175.9 ', null, 'bd822e547bad4586ac0493776a0f89e6', '1', '0', 'default.png', '90'), ('cbc599498e9b4408916565f163c42014', '0.003.010.223.006.002', 'ss_a', '', '10.223.6.2 ', null, '061fed69d2314950b22ad2ff053e5aed', '1', '0', 'default.png', '20'), ('cbd91f27b5e04f4bad7b0e0f71ce8993', '0.003.009', 'ss_a', '', '9 ', null, 'eb1e0ffd3f5946fca35b23a2f7798c47', '0', '0', 'folder2.png', '90'), ('cbdda2906144424a8153ff8a82785e95', '0.003.006.119.004', 'ss_a', '', '6.119.4 ', null, '850dfc1b012e464a8e24efe8568dd8d6', '1', '0', 'default.png', '40'), ('cc1351b04e924637bb7c8d6e62719ac2', '0.003.006.130', 'ss_a', '', '6.130 ', null, 'aad3ac1a1a5b4da3b4e43d4102dbbed9', '1', '0', 'default.png', '290'), ('ccb69e6e8c6446f1b047a11cad7442d8', '0.003.007.140.001', 'ss_a', '', '7.140.1 ', null, '9459c44eb06e4d698bc86d9e45b8995f', '1', '0', 'default.png', '10'), ('cce580d1e61d41e1b2fb71e20f9f2f20', '0.003.004.062', 'ss_a', '', '4.62 ', null, 'c0d4522d01b341d8bb037210aeec27a2', '1', '0', 'default.png', '250'), ('ccfc7d42bad242d2ac3bbb5211e21fe2', '0.003.008.181', 'ss_a', '', '8.181 ', null, 'baf03d4d64ee43058ed87fd53fcaa6f1', '1', '0', 'default.png', '320'), ('cd14928a239b448b867c2e45246cd038', '0.001', 'PARAM_TYPE', '', ' ', '', '0', '0', '0', 'book.png', '1'), ('cd5644684ce646c1bab34c93b578d6ab', '0.003.008.165', 'ss_a', '', '8.165 ', null, 'baf03d4d64ee43058ed87fd53fcaa6f1', '0', '0', 'folder2.png', '160'), ('ce094f877f7845ac88f99b9d19d1bb8e', '0.003.006.106.001', 'ss_a', '', '6.106.1 ', null, '970fb6b3a4bb4a40b872c35ea797eee7', '1', '0', 'default.png', '10'), ('ceaa67ae87284c4db2d7845fa0ebe542', '0.003.010.255', 'ss_a', '', '10.255 ', null, 'e5ea16ae33514c43a5417440f1970a0a', '0', '0', 'folder2.png', '390'), ('cfdcef6248704ea8b373dc0a22ee18e0', '0.003.005.099', 'ss_a', '', '5.99 70', null, 'db912341ff7c46fb90cba85d6bc0825a', '1', '0', 'default.png', '290'), ('d051676dde2b4bfaaceed1ba321e16de', '0.003.009.213.004', 'ss_a', '', '9.213.4 ', null, '0fa96b431b3c4d3096ea95c9945e369d', '1', '0', 'default.png', '40'), ('d0cf4f74c4c64b67b99e79e438806edf', '0.003.010.225.001.003.007', 'ss_a', '', '10.225.1.3.7 ', null, '74658df043774a82a7657e7f99d6d6ef', '1', '0', 'default.png', '70'), ('d11204412fbb45d893c182ad02440805', '0.003.002.012.005', 'ss_a', '', '2.12.5 ', null, 'c1b982139b9147dfb599137366c9f2f6', '1', '0', 'default.png', '50'), ('d18d1b8225254489aaaa88d41a84969b', '0.003.003.019', 'ss_a', '', '3.19 ', null, '18ab8dcf7740492ca667eb9fb0bdc864', '1', '0', 'default.png', '40'), ('d191faa3fbff4c36a5d5319b17c48b9c', '0.003.004.041', 'ss_a', '', '4.41 ', null, 'c0d4522d01b341d8bb037210aeec27a2', '1', '0', 'default.png', '40'), ('d1922b39a89e4d4cb80f41b05ef4379c', '0.003.006.112.004', 'ss_a', '', '6.112.4 ', null, '592e4ee14c654bf1a91b016cb3258f23', '1', '0', 'default.png', '40'), ('d1a1a600ce354a6ca99dcf7eb3998695', '0.003.002.010', 'ss_a', '', '2.10 ', null, 'c68adc0394334bfa929c70f989789275', '0', '0', 'folder2.png', '60'), ('d1a99b7da3ad4bbba46cb7ca595e1650', '0.003.005.074', 'ss_a', '', '5.74 ', null, 'db912341ff7c46fb90cba85d6bc0825a', '1', '0', 'default.png', '40'), ('d1cf71e1c8f84a42b3716e61d4c389c8', '0.003.006.133', 'ss_a', '', '6.133 ', null, 'aad3ac1a1a5b4da3b4e43d4102dbbed9', '0', '0', 'folder2.png', '320'), ('d207761b01c04b8291e2e23e5591c85b', '0.003.008.167', 'ss_a', '', '8.167 ', null, 'baf03d4d64ee43058ed87fd53fcaa6f1', '0', '0', 'folder2.png', '180'), ('d2105ae6da7c4231b44d47a3abf68a79', '0.003.010.277', 'ss_a', '', '10.277 ', null, 'e5ea16ae33514c43a5417440f1970a0a', '1', '0', 'default.png', '610'), ('d3301063fca3450ea9798467597a9145', '0.003.008.172', 'ss_a', '', '8.172 ', null, 'baf03d4d64ee43058ed87fd53fcaa6f1', '1', '0', 'default.png', '230'), ('d37c36aafe8948d9aa9512154b3dcce8', '0.003.010.226.004', 'ss_a', '', '10.226.4 ', null, '07e0f065f3c9426499633d4c642a2de2', '1', '0', 'default.png', '40'), ('d398275d3c8c475489e754fc8e66642f', '0.003.005.075', 'ss_a', '', '5.75 ', null, 'db912341ff7c46fb90cba85d6bc0825a', '1', '0', 'default.png', '50'), ('d3df7c68fbcd4dbebcc033ea9b9b749a', '0.003.010.225.001.003.003', 'ss_a', '', '10.225.1.3.3 ', null, '74658df043774a82a7657e7f99d6d6ef', '1', '0', 'default.png', '30'), ('d40545c60f194b30bba50356056ee353', '0.003.008.165.003', 'ss_a', '', '8.165.3 ', null, 'cd5644684ce646c1bab34c93b578d6ab', '1', '0', 'default.png', '30'), ('d40883038b964c389761d0bb8b3f0396', '0.003.010.225.001.003.006', 'ss_a', '', '10.225.1.3.6 ', null, '74658df043774a82a7657e7f99d6d6ef', '1', '0', 'default.png', '60'), ('d40ba7c934514792850c5dacee69991f', '0.003.008.165.002', 'ss_a', '', '8.165.2 ', null, 'cd5644684ce646c1bab34c93b578d6ab', '1', '0', 'default.png', '20'), ('d4470bb287754b42b717f34873471d6c', '0.003.008.183.002', 'ss_a', '', '8.183.2 ', null, 'af27c55ad4fb42f8b366ebbc5a8567c4', '1', '0', 'default.png', '20'), ('d4490d4e0a0247119066eb8c71aca510', '0.003.009.213.002', 'ss_a', '', '9.213.2 ', null, '0fa96b431b3c4d3096ea95c9945e369d', '1', '0', 'default.png', '20'), ('d4926ab0165c45e6ab223a7a262f7b83', '0.003.008.152', 'ss_a', '', '8.152 ', null, 'baf03d4d64ee43058ed87fd53fcaa6f1', '1', '0', 'default.png', '30'), ('d498c6fefb3c4d359ab769b8f63ffb3b', '0.003.010.222.002.004', 'ss_a', '', '10.222.2.4 ', null, '43b2d7e605d2496683ab290fdba63975', '1', '0', 'default.png', '40'), ('d4b6eadaf61b4c3ba93d4cc9e76e5852', '0.003.003.026', 'ss_a', '', '3.26 ', null, '18ab8dcf7740492ca667eb9fb0bdc864', '1', '0', 'default.png', '110'), ('d52c836981014f7592987f5216811516', '0.003.006.103.001', 'ss_a', '', '6.103.1 ', null, 'f218d7d693944519bc4004c5a2213091', '1', '0', 'default.png', '10'), ('d60a5b04880047b48d728457bf590f9b', '0.003.011.286', 'ss_a', '', '11.286 ', null, '76189b338913443aa65b7d3dc83cb549', '1', '0', 'default.png', '90'), ('d62f9bba23364f50b79aceb519765066', '0.003.005.084', 'ss_a', '', '5.84 ', null, 'db912341ff7c46fb90cba85d6bc0825a', '0', '0', 'folder2.png', '140'), ('d66f797a3e8e42089e98712bd2f3dc45', '0.003.010.226.003', 'ss_a', '', '10.226.3 ', null, '07e0f065f3c9426499633d4c642a2de2', '1', '0', 'default.png', '30'), ('d6ae8a919aca4185aedf04e3200a4c33', '0.003.006.124', 'ss_a', '', '6.124 ', null, 'aad3ac1a1a5b4da3b4e43d4102dbbed9', '1', '0', 'default.png', '230'), ('d6c0f91567a14141a047c2d9c96c061e', '0.003.008.167.006', 'ss_a', '', '8.167.6 ', null, 'd207761b01c04b8291e2e23e5591c85b', '1', '0', 'default.png', '60'), ('d6ef94901bfc483ba80bfede48b79753', '0.003.010.227.001', 'ss_a', '', '10.227.1 ', null, '097063939f1c422c9a1e9c7ac1347c27', '1', '0', 'default.png', '10'), ('d70605b58e88439fb3a00bcdbaeda7bf', '0.003.011.281', 'ss_a', '', '11.281 ', null, '76189b338913443aa65b7d3dc83cb549', '0', '0', 'folder2.png', '40'), ('d747f6fa34a14f39b3661726874c353c', '0.003.008.180.006', 'ss_a', '', '8.180.6 ', null, '27240e39a91e431587e74d73562ddb13', '1', '0', 'default.png', '60'), ('d75e44422f7641e484fac4d8c0dd5df9', '0.003.010.236', 'ss_a', '', '10.236 ', null, 'e5ea16ae33514c43a5417440f1970a0a', '1', '0', 'default.png', '200'), ('d7d7fcf5233d46a9abab7132f2fddd18', '0.003.003.025.001.001', 'ss_a', '', '3.25.1.1 ', null, '42fa75f81a264971ac4b41af192e5042', '1', '0', 'default.png', '10'), ('d7dc38f552a04b7ca25ac0867865569a', '0.003.002.010.001', 'ss_a', '', '2.10.1 ', null, 'd1a1a600ce354a6ca99dcf7eb3998695', '1', '0', 'default.png', '10'), ('d817d7917e6a41978f1376d78037f430', '0.003.001.003.001', 'ss_a', '', '1.3.1 ', null, 'db26174ea02742949914658de8ca637e', '1', '0', 'default.png', '10'), ('d81a4774efe448118f93b9baaf34a36f', '0.003.007.140.005', 'ss_a', '', '7.140.5 ', null, '9459c44eb06e4d698bc86d9e45b8995f', '1', '0', 'default.png', '50'), ('d8407a4a393b44d3a059bdc7bed184ef', '0.003.006.132', 'ss_a', '', '6.132 ', null, 'aad3ac1a1a5b4da3b4e43d4102dbbed9', '1', '0', 'default.png', '310'), ('d871fb2905d6466db70d6adb75b5eb81', '0.003.010.253.004', 'ss_a', '', '10.253.4 ', null, '73bfa184258241efa0446b7a09feac3f', '1', '0', 'default.png', '40'), ('d8efd2e25f294a41a32500a63335888d', '0.003.007.144', 'ss_a', '', '7.144 ', null, 'ff6eb52a08744320bc7255ec6ec142f5', '1', '0', 'default.png', '70'), ('d921e5a64a18486e90c0006dd841282a', '0.003.007.141', 'ss_a', '', '7.141 ', null, 'ff6eb52a08744320bc7255ec6ec142f5', '1', '0', 'default.png', '40'), ('d9723c6e68a2406d934d8c4493a93b25', '0.003.002.010.003.004', 'ss_a', '', '2.10.3.4 ', null, '40a0aa96bdad44a88929f140700183ce', '1', '0', 'default.png', '40'), ('d983eb02be0f42b1aa0e0fa3150f4395', '0.003.004.045', 'ss_a', '', '4.45 ', null, 'c0d4522d01b341d8bb037210aeec27a2', '1', '0', 'default.png', '80'), ('dae63d2e4a9e41408030378764b98558', '0.003.009.213.003', 'ss_a', '', '9.213.3 ', null, '0fa96b431b3c4d3096ea95c9945e369d', '1', '0', 'default.png', '30'), ('dae6bf77adbb42d0aaf88dd4c59048f4', '0.003.003.025.002', 'ss_a', '', '3.25.2 ', null, '0f156e5386a2404cb559734cb4c723d4', '0', '0', 'folder2.png', '20'), ('db0ce0e74b164e13889db18acfa0baa2', '0.003.010.229.003', 'ss_a', '', '10.229.3 ', null, '31ce174bd01446659f7f82c74a7b145d', '1', '0', 'default.png', '30'), ('db26174ea02742949914658de8ca637e', '0.003.001.003', 'ss_a', '', '1.3 ', null, '2324d2d6fb9949c7abb19c4c45587207', '0', '0', 'folder2.png', '30'), ('db8e0f82c25e4c28bef63e070066c91b', '0.003.002.013', 'ss_a', '', '2.13 ', null, 'c68adc0394334bfa929c70f989789275', '1', '0', 'default.png', '90'), ('db912341ff7c46fb90cba85d6bc0825a', '0.003.005', 'ss_a', '', '5 ', null, 'eb1e0ffd3f5946fca35b23a2f7798c47', '0', '0', 'folder2.png', '50'), ('dc144feb673845009c88a9750d6c3860', '0.003.003.018.001', 'ss_a', '', '3.18.1 ', null, '513f0ba88fbd4ff0baa9fcfcd24b9bab', '1', '0', 'default.png', '10'), ('dc941c2d802042d1844887d9dfb2a7a3', '0.003.008.170.003.004', 'ss_a', '', '8.170.3.4 ', null, '505a5ceada204646bb0c10c6db4a5b90', '1', '0', 'default.png', '40'), ('dcadb62d45494076b83692f4d6aaa1b8', '0.003.009.213.006', 'ss_a', '', '9.213.6 ', null, '0fa96b431b3c4d3096ea95c9945e369d', '1', '0', 'default.png', '60'), ('dd2af270cc794d81ad23d0652ef6d0df', '0.003.010.256.001', 'ss_a', '', '10.256.1 ', null, 'c22a04edd68f416daeb6ef4097bea83e', '1', '0', 'default.png', '10'), ('dd80776763d54ff6ad130f8cb55fd5da', '0.003.005.098.001', 'ss_a', '', '5.98.1 ', null, 'a751fb25ea6143a789d4025bfc5cb466', '1', '0', 'default.png', '10'), ('dd83bd9c5734470db267403e82a4e22c', '0.003.010.223.002.001', 'ss_a', '', '10.223.2.1 ', null, 'cb5e5e98b4fe43968c91f3ca6e39a3b1', '1', '0', 'default.png', '10'), ('de35744dc9914d018de7e9585b31b782', '0.003.006.109.001', 'ss_a', '', '6.109.1 ', null, 'eb4426cb6be14363b3c4bd7a5cf669f8', '1', '0', 'default.png', '10'), ('de7efa18cddc493cb97e69b424562b20', '0.003.008.170.002.005', 'ss_a', '', '8.170.2.5 ', null, '27d99e9f3a5e4e9cbe6b254c05c23be9', '1', '0', 'default.png', '50'), ('dee27c258ed34630b60ed833a4b7fa3c', '0.003.004.050', 'ss_a', '', '4.50 ', null, 'c0d4522d01b341d8bb037210aeec27a2', '1', '0', 'default.png', '130'), ('df30fd1f6dfb4b738def1e023e937fed', '0.003.008.170.001.003', 'ss_a', '', '8.170.1.3 ', null, 'ecb749656a80416a82b35c02c1be1e6a', '1', '0', 'default.png', '30'), ('e004fb338c414da586289213d5987635', '0.003.009.197.010', 'ss_a', '', '9.197.10 ', null, '9811013aa5084117b04fb78a6db48030', '1', '0', 'default.png', '100'), ('e09fb912c36a415da9785f75a4489a6d', '0.003.007.138', 'ss_a', '', '7.138 ', null, 'ff6eb52a08744320bc7255ec6ec142f5', '1', '0', 'default.png', '10'), ('e0d1682b220341f9980b3785c45f8604', '0.001.002', 'PARAM_TYPE', '', '2 ', null, 'cd14928a239b448b867c2e45246cd038', '1', '0', null, '0'), ('e0f5a2bcd28a4459996e133d1db0faf6', '0.003.009.197.006', 'ss_a', '', '9.197.6 ', null, '9811013aa5084117b04fb78a6db48030', '1', '0', 'default.png', '60'), ('e18de5c9d0284f18a05603bb1cc86cd8', '0.003.003.024.001', 'ss_a', '', '3.24.1 ', null, '30ff70c79797405abee2ef03471082f8', '1', '0', 'default.png', '10'), ('e1947e4d73c6450bbebe724595a2276d', '0.003.007.147', 'ss_a', '', '7.147 ', null, 'ff6eb52a08744320bc7255ec6ec142f5', '1', '0', 'default.png', '100'), ('e21b5d035844478f9cef05e8687c9b85', '0.003.008.180.004', 'ss_a', '', '8.180.4 ', null, '27240e39a91e431587e74d73562ddb13', '1', '0', 'default.png', '40'), ('e249c25610154493a294f7e52cc0a0d4', '0.003.003.021', 'ss_a', '', '3.21 ', null, '18ab8dcf7740492ca667eb9fb0bdc864', '0', '0', 'folder2.png', '60'), ('e3a77addc673422fb2bd3cf87f2bd2f5', '0.003.008.165.001.002', 'ss_a', '', '8.165.1.2 ', null, 'e6cbfb8000e3486a8dcff2f630ab8c02', '1', '0', 'default.png', '20'), ('e3f8e335ea17447b8711362dd1d03539', '0.003.008.167.001', 'ss_a', '', '8.167.1 ', null, 'd207761b01c04b8291e2e23e5591c85b', '1', '0', 'default.png', '10'), ('e41ae4e57743413f9a7e8300a9df6c9a', '0.003.011.288', 'ss_a', '', '11.288 ', null, '76189b338913443aa65b7d3dc83cb549', '1', '0', 'default.png', '110'), ('e4294ddff24f4d8dab8de3be61070820', '0.003.008.180.009', 'ss_a', '', '8.180.9 ', null, '27240e39a91e431587e74d73562ddb13', '1', '0', 'default.png', '90'), ('e45fe95dc98f4973b2ed29f2491e2a7c', '0.003.006.136.001', 'ss_a', '', '6.136.1 ', null, 'f4e7a70329f94388938f742457fb45d5', '1', '0', 'default.png', '10'), ('e4c018fea67f43f9aab0758f7592b5ab', '0.003.010.227.003', 'ss_a', '', '10.227.3 ', null, '097063939f1c422c9a1e9c7ac1347c27', '1', '0', 'default.png', '30'), ('e50a033faf4240feacde1995c24c2524', '0.003.010.222.002.009', 'ss_a', '', '10.222.2.9 ', null, '43b2d7e605d2496683ab290fdba63975', '1', '0', 'default.png', '90'), ('e5ea16ae33514c43a5417440f1970a0a', '0.003.010', 'ss_a', '', '10 ', null, 'eb1e0ffd3f5946fca35b23a2f7798c47', '0', '0', 'folder2.png', '100'), ('e650cbb30e924d5199accc7ae2fb7dcf', '0.003.010.253.003', 'ss_a', '', '10.253.3 ', null, '73bfa184258241efa0446b7a09feac3f', '1', '0', 'default.png', '30'), ('e6a5493c90f84e20b49b6b2481581b2d', '0.003.006.107', 'ss_a', '', '6.107 ', null, 'aad3ac1a1a5b4da3b4e43d4102dbbed9', '1', '0', 'default.png', '60'), ('e6b95c4c50c7418cbbb0fe663b0c2087', '0.003.003.027', 'ss_a', '', '3.27 ', null, '18ab8dcf7740492ca667eb9fb0bdc864', '0', '0', 'folder2.png', '120'), ('e6cbfb8000e3486a8dcff2f630ab8c02', '0.003.008.165.001', 'ss_a', '', '8.165.1 ', null, 'cd5644684ce646c1bab34c93b578d6ab', '0', '0', 'folder2.png', '10'), ('e6ee3df87f284b1a96bcacadd72fbb8f', '0.003.008.175.001', 'ss_a', '', '8.175.1 ', null, 'bd822e547bad4586ac0493776a0f89e6', '1', '0', 'default.png', '10'), ('e79b4728b8654499b736d413e4e8f2cf', '0.003.012.300', 'ss_a', '', '12.300 ', null, '9749060c72574c9ea5f279bb45885a27', '1', '0', 'default.png', '80'), ('e80f02637689470da9165fc8d4b932d3', '0.003.006.128', 'ss_a', '', '6.128 ', null, 'aad3ac1a1a5b4da3b4e43d4102dbbed9', '1', '0', 'default.png', '270'), ('e87d84390e7d4c2abe47bf20c3821098', '0.003.008.176', 'ss_a', '', '8.176 ', null, 'baf03d4d64ee43058ed87fd53fcaa6f1', '1', '0', 'default.png', '270'), ('e898bdbbc2324cd49340cef20a89c8f8', '0.003.010.221', 'ss_a', '', '10.221 ', null, 'e5ea16ae33514c43a5417440f1970a0a', '0', '0', 'folder2.png', '50'), ('e8b5ace53dea45a297ff641cc3015fe7', '0.003.008.175.008', 'ss_a', '', '8.175.8 ', null, 'bd822e547bad4586ac0493776a0f89e6', '1', '0', 'default.png', '80'), ('e8c93e1814e64b54ad733c434bddfe5a', '0.003.002.012.002', 'ss_a', '', '2.12.2 ', null, 'c1b982139b9147dfb599137366c9f2f6', '1', '0', 'default.png', '20'), ('e957a5c5419b423eba225f255f559c1f', '0.003.005.098.002', 'ss_a', '', '5.98.2 ', null, 'a751fb25ea6143a789d4025bfc5cb466', '1', '0', 'default.png', '20'), ('ea4be59f7dd64dca8709109ce0857652', '0.003.002.009.010', 'ss_a', '', '2.9.10 ', null, '567d2749135e43c1a4ce3f1240bbb538', '1', '0', 'default.png', '100'), ('eaa6b57cc3bf498289e0be20c63d2ac4', '0.003.008.167.007', 'ss_a', '', '8.167.7 ', null, 'd207761b01c04b8291e2e23e5591c85b', '1', '0', 'default.png', '70'), ('eb1e0ffd3f5946fca35b23a2f7798c47', '0.003', 'ss_a', '', ' ', '', '0', '0', '1', 'book.png', '0'), ('eb4426cb6be14363b3c4bd7a5cf669f8', '0.003.006.109', 'ss_a', '', '6.109 ', null, 'aad3ac1a1a5b4da3b4e43d4102dbbed9', '0', '0', 'folder2.png', '80'), ('eb783d48bea34bb9aad4269a2696e762', '0.003.003.036', 'ss_a', '', '3.36 ', null, '18ab8dcf7740492ca667eb9fb0bdc864', '1', '0', 'default.png', '210'), ('ec9c0b134b8e4076af0067ac402e40de', '0.003.010.237', 'ss_a', '', '10.237 ', null, 'e5ea16ae33514c43a5417440f1970a0a', '1', '0', 'default.png', '210'), ('ec9e2018abff415c98f88128b2f2cca0', '0.003.010.225.001.002', 'ss_a', '', '10.225.1.2 ', null, 'b37d3d6ffdcd4efda8e14f92027e3edb', '1', '0', 'default.png', '20'), ('ecb749656a80416a82b35c02c1be1e6a', '0.003.008.170.001', 'ss_a', '', '8.170.1 ', null, '4d5267631db44a94b845c70f4d338bb2', '0', '0', 'folder2.png', '10'), ('ecd49d3b15e449348f97e4affef365cf', '0.003.008.183.003', 'ss_a', '', '8.183.3 ', null, 'af27c55ad4fb42f8b366ebbc5a8567c4', '1', '0', 'default.png', '30'), ('ecec458fad9245d8a504c69921e53a02', '0.003.010.226.006', 'ss_a', '', '10.226.6 ', null, '07e0f065f3c9426499633d4c642a2de2', '1', '0', 'default.png', '60'), ('edab2eb34a504fdc9b9095371767d913', '0.003.010.234.007', 'ss_a', '', '10.234.7 ', null, '9e5ea3ab16184876863a96f59cb37c29', '1', '0', 'default.png', '70'), ('ee58053de69c4f7a83d742ae674dbfe7', '0.003.004.046.003', 'ss_a', '', '4.46.3 -', null, '646cc50840244f55982cdddad599b133', '1', '0', 'default.png', '30'), ('ee7719a501fe494db7834379a55e1d5d', '0.003.004.044', 'ss_a', '', '4.44 ', null, 'c0d4522d01b341d8bb037210aeec27a2', '1', '0', 'default.png', '70'), ('eef8fe8c67824d23bb21c1ea9ab82449', '0.003.006.129', 'ss_a', '', '6.129 ', null, 'aad3ac1a1a5b4da3b4e43d4102dbbed9', '1', '0', 'default.png', '280'), ('f00146bee0094f098dd1ca8b190b3d7b', '0.003.010.250.002', 'ss_a', '', '10.250.2 ', null, '200aa421f6dd4781a2bc05f3649620cc', '1', '0', 'default.png', '20'), ('f06d6387e7484d34a0a680b6eac72f96', '0.003.009.185', 'ss_a', '', '9.185 ', null, 'cbd91f27b5e04f4bad7b0e0f71ce8993', '1', '0', 'default.png', '20'), ('f1802dd92ad142c8b1b9193f3279626a', '0.003.010.226.005', 'ss_a', '', '10.226.5 ', null, '07e0f065f3c9426499633d4c642a2de2', '1', '0', 'default.png', '50'), ('f1cfcb9f7d884f9cb9d36214465a0b8a', '0.003.009.190', 'ss_a', '', '9.190 ', null, 'cbd91f27b5e04f4bad7b0e0f71ce8993', '1', '0', 'default.png', '70'), ('f218d7d693944519bc4004c5a2213091', '0.003.006.103', 'ss_a', '', '6.103 ', null, 'aad3ac1a1a5b4da3b4e43d4102dbbed9', '0', '0', 'folder2.png', '20'), ('f255f88cc7f54fe5a5397e8bed014124', '0.003.010.240', 'ss_a', '', '10.240 ', null, 'e5ea16ae33514c43a5417440f1970a0a', '1', '0', 'default.png', '240');
INSERT INTO `ss_checkjob_checkitem` VALUES ('f2ee3280a3eb4335a1d8c5c2146a3220', '0.003.010.222.002.005', 'ss_a', '', '10.222.2.5 ', null, '43b2d7e605d2496683ab290fdba63975', '1', '0', 'default.png', '50'), ('f3750a99af9f4650ba5dc31df4fddd27', '0.003.006.126', 'ss_a', '', '6.126 ', null, 'aad3ac1a1a5b4da3b4e43d4102dbbed9', '1', '0', 'default.png', '250'), ('f469f6a4fdda406284577dec7fb18421', '0.003.003.023.002.004', 'ss_a', '', '3.23.2.4 ', null, 'cab8972cecb3464b8766ade52aa5afdd', '1', '0', 'default.png', '40'), ('f47ca4b173e34e23adebe5ab50507178', '0.003.007.145', 'ss_a', '', '7.145 ', null, 'ff6eb52a08744320bc7255ec6ec142f5', '1', '0', 'default.png', '80'), ('f488b8e8151c4a2e90eb41b6e1ddab9c', '0.003.008.175.002', 'ss_a', '', '8.175.2 ', null, 'bd822e547bad4586ac0493776a0f89e6', '1', '0', 'default.png', '20'), ('f4e7a70329f94388938f742457fb45d5', '0.003.006.136', 'ss_a', '', '6.136 ', null, 'aad3ac1a1a5b4da3b4e43d4102dbbed9', '0', '0', 'folder2.png', '350'), ('f56d0d92eaab45329453f9bccbb36fe3', '0.003.010.225.001.004.001', 'ss_a', '', '10.225.1.4.1 ', null, 'ba3ae1b792564c52926b9e6185737780', '1', '0', 'default.png', '10'), ('f5dcbe0314bb4cbcade92eeb454de494', '0.003.006.106.002.006', 'ss_a', '', '6.106.2.6 ', null, '99e1819ec61e4b539c244bcb95686e60', '1', '0', 'default.png', '60'), ('f640466a21cb452d831f57624b826b31', '0.003.010.234.002', 'ss_a', '', '10.234.2 ', null, '9e5ea3ab16184876863a96f59cb37c29', '1', '0', 'default.png', '20'), ('f677ed564ba340f8ac32ebe32bb75573', '0.003.005.097.001', 'ss_a', '', '5.97.1 ', null, '4b3ec78fb64b40119efa1c74c456fb76', '1', '0', 'default.png', '10'), ('f6b81bdc2ebb4b4a9812a18ad0a09587', '0.003.009.197.007', 'ss_a', '', '9.197.7 ', null, '9811013aa5084117b04fb78a6db48030', '1', '0', 'default.png', '70'), ('f74b2a58630d447188c0a205145a54aa', '0.003.002.008.001', 'ss_a', '', '2.8.1 ', null, '7747e2bf7aa645a6ac8d3f43d37e259b', '1', '0', 'default.png', '10'), ('f78353bbf1d848efacca84aa5a427b15', '0.003.003.023.002.008', 'ss_a', '', '3.23.2.8 ', null, 'cab8972cecb3464b8766ade52aa5afdd', '1', '0', 'default.png', '80'), ('f7c136f9e57341eb9c3c9418144664e7', '0.003.004.039', 'ss_a', '', '4.39 ', null, 'c0d4522d01b341d8bb037210aeec27a2', '1', '0', 'default.png', '20'), ('f801331c3ea643478b12813b43f68e55', '0.003.005.086', 'ss_a', '', '5.86 ', null, 'db912341ff7c46fb90cba85d6bc0825a', '1', '0', 'default.png', '160'), ('f8c2ac31fddd41ce93ba4c9a71eb791f', '0.003.010.268', 'ss_a', '', '10.268 ', null, 'e5ea16ae33514c43a5417440f1970a0a', '1', '0', 'default.png', '520'), ('f8ff0293102a4fa8a3cface3ceb33dbd', '0.003.010.230', 'ss_a', '', '10.230 ', null, 'e5ea16ae33514c43a5417440f1970a0a', '0', '0', 'folder2.png', '140'), ('f9914cf61c0343efb2d327f7f95042c2', '0.003.006.110', 'ss_a', '', '6.110 ', null, 'aad3ac1a1a5b4da3b4e43d4102dbbed9', '1', '0', 'default.png', '90'), ('fa4712fd6d51444bae7449f3618f32f4', '0.003.013.306', 'ss_a', '', '13.306 ', null, '6e48d6cc50ba41cba4e6fede4d798c35', '1', '0', 'default.png', '10'), ('fa54a3e021bc4128bc0caf9274144a2a', '0.003.010.259', 'ss_a', '', '10.259 ', null, 'e5ea16ae33514c43a5417440f1970a0a', '1', '0', 'default.png', '430'), ('faa1cb779b4d4edfa155bd75b48a63c9', '0.003.005.094', 'ss_a', '', '5.94 ', null, 'db912341ff7c46fb90cba85d6bc0825a', '1', '0', 'default.png', '240'), ('fae8efe5861c405abdd12e01f9eac27d', '0.003.010.229.001', 'ss_a', '', '10.229.1 ', null, '31ce174bd01446659f7f82c74a7b145d', '1', '0', 'default.png', '10'), ('fb0e9d7a67e94cfb9c65cb10d753e005', '0.003.010.223.002.002', 'ss_a', '', '10.223.2.2 ', null, 'cb5e5e98b4fe43968c91f3ca6e39a3b1', '1', '0', 'default.png', '20'), ('fb1bb00ed17f49aab5bca7a92c5f0ec7', '0.003.011.289.001', 'ss_a', '', '11.289.1 ', null, 'ae210b502a4f47a9a9faab5a82c7682c', '1', '0', 'default.png', '10'), ('fb753c2e0ae54cfc8e8795edc959bd75', '0.003.003.022.003.004', 'ss_a', '', '3.22.3.4 ', null, '5804d3ba08a641399ab7ef4ac5d6735c', '1', '0', 'default.png', '40'), ('fbf84fb446a442c5854f2c900a7be5e0', '0.003.009.186.001', 'ss_a', '', '9.186.1 ', null, 'ffbdf6f1aef0405080547b2be2c6c170', '1', '0', 'default.png', '10'), ('fc0a7119b5174e14a6eef9884ffaaeda', '0.003.010.239', 'ss_a', '', '10.239 ', null, 'e5ea16ae33514c43a5417440f1970a0a', '1', '0', 'default.png', '230'), ('fcf9376948104da1b8d7cb43f71f4f78', '0.003.006.108', 'ss_a', '', '6.108 ', null, 'aad3ac1a1a5b4da3b4e43d4102dbbed9', '1', '0', 'default.png', '70'), ('fd9773377b2649a9bde3bc354ccf69f4', '0.003.008.163.001', 'ss_a', '', '8.163.1 ', null, '343389a3dc8749b69f46d05f742450f5', '1', '0', 'default.png', '10'), ('fe19292755524456aebd88637c973860', '0.003.004.054', 'ss_a', '', '4.54 ', null, 'c0d4522d01b341d8bb037210aeec27a2', '1', '0', 'default.png', '170'), ('fe2fbf44f2d94750b49e286aabd3ad07', '0.003.010.225.001.004.003', 'ss_a', '', '10.225.1.4.3 ', null, 'ba3ae1b792564c52926b9e6185737780', '1', '0', 'default.png', '30'), ('fe915b0898524988939a144667d7f71e', '0.003.010.266.002.005', 'ss_a', '', '10.266.2.5 ', null, '523844c52a6d48b88327de4eaf675792', '1', '0', 'default.png', '50'), ('ff6eb52a08744320bc7255ec6ec142f5', '0.003.007', 'ss_a', '', '7 ', null, 'eb1e0ffd3f5946fca35b23a2f7798c47', '0', '0', 'folder2.png', '70'), ('ffadf8ce87db410a8c38673f41123bac', '0.003.009.212', 'ss_a', '', '9.212 ', null, 'cbd91f27b5e04f4bad7b0e0f71ce8993', '1', '0', 'default.png', '290'), ('ffbdf6f1aef0405080547b2be2c6c170', '0.003.009.186', 'ss_a', '', '9.186 ', null, 'cbd91f27b5e04f4bad7b0e0f71ce8993', '0', '0', 'folder2.png', '30');
COMMIT;

-- ----------------------------
--  Table structure for `ss_checkjob_checkitem_copy`
-- ----------------------------
DROP TABLE IF EXISTS `ss_checkjob_checkitem_copy`;
CREATE TABLE `ss_checkjob_checkitem_copy` (
  `id_` varchar(64) NOT NULL COMMENT '',
  `cascade_id_` varchar(255) NOT NULL COMMENT 'ID',
  `root_key_` varchar(255) NOT NULL COMMENT '',
  `root_name_` varchar(255) NOT NULL COMMENT '',
  `name_` varchar(255) NOT NULL COMMENT '',
  `hotkey_` varchar(255) DEFAULT NULL COMMENT '',
  `parent_id_` varchar(64) NOT NULL COMMENT '',
  `is_leaf_` varchar(255) NOT NULL DEFAULT '1' COMMENT '',
  `is_auto_expand_` varchar(255) NOT NULL DEFAULT '0' COMMENT '',
  `icon_name_` varchar(255) DEFAULT NULL COMMENT '',
  `sort_no_` int(10) DEFAULT NULL COMMENT '',
  PRIMARY KEY (`id_`),
  UNIQUE KEY `aos_sys_catalog_ukey` (`cascade_id_`)
) ENGINE=InnoDB DEFAULT CHARSET=utf8 ROW_FORMAT=COMPACT COMMENT='';

-- ----------------------------
--  Records of `ss_checkjob_checkitem_copy`
-- ----------------------------
BEGIN;
INSERT INTO `ss_checkjob_checkitem_copy` VALUES ('000ec3d1c48d45ca8d321be55f44e495', '0.003.010.255.001', 'ss_a', '', '', null, 'ceaa67ae87284c4db2d7845fa0ebe542', '1', '0', 'default.png', '10'), ('0017ff2d13cb44168edaf1f2fe693555', '0.003.012.295', 'ss_a', '', '', null, '9749060c72574c9ea5f279bb45885a27', '1', '0', 'default.png', '30'), ('00a0aeba317840509f2f15d94fd6a1b3', '0.003.003.021.002', 'ss_a', '', '', null, 'e249c25610154493a294f7e52cc0a0d4', '1', '0', 'default.png', '20'), ('01cafe8e25f740538f0e9b57bd64bba5', '0.003.003.030', 'ss_a', '', '', null, '18ab8dcf7740492ca667eb9fb0bdc864', '0', '0', 'folder2.png', '150'), ('020bd3e0b3154c69a94ec14f0f20e61a', '0.003.004.066', 'ss_a', '', '', null, 'c0d4522d01b341d8bb037210aeec27a2', '1', '0', 'default.png', '290'), ('02ee8dd8e86348b4b840d70c08c1960c', '0.003.002.011', 'ss_a', '', ';', null, 'c68adc0394334bfa929c70f989789275', '1', '0', 'default.png', '70'), ('02eec96dfbf0440fa16a2caaf168c812', '0.003.006.131', 'ss_a', '', '', null, 'aad3ac1a1a5b4da3b4e43d4102dbbed9', '1', '0', 'default.png', '300'), ('03a5a95d55764fe696ad10eaa375d0f6', '0.003.006.102.001', 'ss_a', '', '', null, '69eef02c1a474f44b73c6393c65833c2', '1', '0', 'default.png', '10'), ('03d8a31ffcb94e4c849fcdbef516d417', '0.003.004.055', 'ss_a', '', '', null, 'c0d4522d01b341d8bb037210aeec27a2', '1', '0', 'default.png', '180'), ('0426d11562f44ce69aa1bf544923d4d6', '0.003.009.207', 'ss_a', '', '', null, 'cbd91f27b5e04f4bad7b0e0f71ce8993', '1', '0', 'default.png', '240'), ('0431a290fbf14ea2b6a6017d55dbdbfe', '0.003.004.057', 'ss_a', '', '', null, 'c0d4522d01b341d8bb037210aeec27a2', '1', '0', 'default.png', '200'), ('04d461e5ff1649a1aa831dc94c861d28', '0.003.001.002.001', 'ss_a', '', '', null, '8d459793fbda4ca0b094278e8d0910ca', '1', '0', 'default.png', '10'), ('0516d9cff90846df8c939d3fb8bf572f', '0.003.008.177', 'ss_a', '', '', null, 'baf03d4d64ee43058ed87fd53fcaa6f1', '1', '0', 'default.png', '280'), ('05294b6b587b4d7fbd7c3dfbf0012523', '0.003.005.092.001', 'ss_a', '', '', null, '0901af27890d4112a55c0c4c18c2329e', '1', '0', 'default.png', '10'), ('0538644823af4ccaba7bdbbeff1e8054', '0.003.006.116', 'ss_a', '', '', null, 'aad3ac1a1a5b4da3b4e43d4102dbbed9', '1', '0', 'default.png', '150'), ('0591167e15e84f87b6b140ba1aea3ad3', '0.003.010.267', 'ss_a', '', '', null, 'e5ea16ae33514c43a5417440f1970a0a', '1', '0', 'default.png', '510'), ('061fed69d2314950b22ad2ff053e5aed', '0.003.010.223.006', 'ss_a', '', '', null, '57de58f1774d4f90852961a935310aef', '0', '0', 'folder2.png', '60'), ('06254582303d4460a97b92d2b2113146', '0.003.002.009.002', 'ss_a', '', '', null, '567d2749135e43c1a4ce3f1240bbb538', '1', '0', 'default.png', '20'), ('0663db5cff8e423781cf2d30d310bc7f', '0.003.008.183.007', 'ss_a', '', '', null, 'af27c55ad4fb42f8b366ebbc5a8567c4', '1', '0', 'default.png', '70'), ('0671fc0f30914564a17678976b9c6473', '0.003.004.052', 'ss_a', '', '', null, 'c0d4522d01b341d8bb037210aeec27a2', '1', '0', 'default.png', '150'), ('067235520e4e4a999f31ed36ec5d3b0c', '0.003.010.270', 'ss_a', '', '', null, 'e5ea16ae33514c43a5417440f1970a0a', '1', '0', 'default.png', '540'), ('0677953827d24baaa15fa6479fd58e09', '0.003.010.266.001', 'ss_a', '', '', null, '10b7d5734a4a416084374d68e2b53279', '1', '0', 'default.png', '10'), ('070b59d343f4459b846d2ff649514f8b', '0.003.010.223.006.004', 'ss_a', '', '', null, '061fed69d2314950b22ad2ff053e5aed', '1', '0', 'default.png', '40'), ('07a33a25344140beae53805663e04ef4', '0.003.006.119.005', 'ss_a', '', '', null, '850dfc1b012e464a8e24efe8568dd8d6', '1', '0', 'default.png', '50'), ('07e0f065f3c9426499633d4c642a2de2', '0.003.010.226', 'ss_a', '', '', null, 'e5ea16ae33514c43a5417440f1970a0a', '0', '0', 'folder2.png', '100'), ('08121f0d805841b0a83de4a043947e44', '0.003.006.114', 'ss_a', '', '', null, 'aad3ac1a1a5b4da3b4e43d4102dbbed9', '1', '0', 'default.png', '130'), ('083992395c2647a9b0dfa3a57613ad79', '0.003.010.234.005', 'ss_a', '', '', null, '9e5ea3ab16184876863a96f59cb37c29', '1', '0', 'default.png', '50'), ('085a07757a0b463a9ebed34b5c601e08', '0.003.008.156', 'ss_a', '', '', null, 'baf03d4d64ee43058ed87fd53fcaa6f1', '1', '0', 'default.png', '70'), ('0861a290f47c423b8bec6905ab9d30c8', '0.003.010.225.001.004.002', 'ss_a', '', '', null, 'ba3ae1b792564c52926b9e6185737780', '1', '0', 'default.png', '20'), ('0888bccfda33406f81e014a1b2d1872a', '0.003.010.265', 'ss_a', '', '', null, 'e5ea16ae33514c43a5417440f1970a0a', '1', '0', 'default.png', '490'), ('08f43a3729da415bb1b56dcd7a2e68ab', '0.003.001.004', 'ss_a', '', '', null, '2324d2d6fb9949c7abb19c4c45587207', '1', '0', 'default.png', '40'), ('0901af27890d4112a55c0c4c18c2329e', '0.003.005.092', 'ss_a', '', '', null, 'db912341ff7c46fb90cba85d6bc0825a', '0', '0', 'folder2.png', '220'), ('097063939f1c422c9a1e9c7ac1347c27', '0.003.010.227', 'ss_a', '', '', null, 'e5ea16ae33514c43a5417440f1970a0a', '0', '0', 'folder2.png', '110'), ('098574fbf8ad4a60810ea832d970065b', '0.003.009.208', 'ss_a', '', '', null, 'cbd91f27b5e04f4bad7b0e0f71ce8993', '1', '0', 'default.png', '250'), ('098d322868fe43e081be36346c99d8a7', '0.003.005.090.001', 'ss_a', '', '', null, '108b25f28d2a41b7bfdd0f1f45b59413', '1', '0', 'default.png', '10'), ('0a37f5cf89204c3ab7e6dbb9e94936de', '0.003.009.187', 'ss_a', '', '', null, 'cbd91f27b5e04f4bad7b0e0f71ce8993', '1', '0', 'default.png', '40'), ('0a4b4fa5c6dc4a7a89a651191197925e', '0.003.010.242', 'ss_a', '', '', null, 'e5ea16ae33514c43a5417440f1970a0a', '1', '0', 'default.png', '260'), ('0b1b988046f946079303815df8423e05', '0.003.009.194', 'ss_a', '', '', null, 'cbd91f27b5e04f4bad7b0e0f71ce8993', '1', '0', 'default.png', '110'), ('0b589d6d34ab41e3b59539a071c96eec', '0.003.002.012.003', 'ss_a', '', '', null, 'c1b982139b9147dfb599137366c9f2f6', '1', '0', 'default.png', '30'), ('0bb7ce792fbc4cff809c71af3c70a8e1', '0.003.003.016.001', 'ss_a', '', ';', null, '3421864fd8e845f8950e5e162341b3a5', '1', '0', 'default.png', '10'), ('0be0eb053bb649b3bf62bc360c1345f3', '0.003.004.064', 'ss_a', '', '', null, 'c0d4522d01b341d8bb037210aeec27a2', '1', '0', 'default.png', '270'), ('0d5ace0abcb9403581bbf217f983d82b', '0.003.010.253.007', 'ss_a', '', '', null, '73bfa184258241efa0446b7a09feac3f', '1', '0', 'default.png', '70'), ('0d9eb278f1d4430280c453c92f550f6d', '0.003.010.230.004', 'ss_a', '', '', null, 'f8ff0293102a4fa8a3cface3ceb33dbd', '1', '0', 'default.png', '40'), ('0da85c2cd1a04979ae19198326e6b806', '0.001.001', 'PARAM_TYPE', '', 'fsdafsa', null, 'cd14928a239b448b867c2e45246cd038', '1', '0', null, '0'), ('0dad3d00ff754bcba397de1831108029', '0.003.008.159', 'ss_a', '', '', null, 'baf03d4d64ee43058ed87fd53fcaa6f1', '1', '0', 'default.png', '100'), ('0dcb5aeb23a747ea8ab367bda3f06989', '0.003.004.053', 'ss_a', '', '', null, 'c0d4522d01b341d8bb037210aeec27a2', '1', '0', 'default.png', '160'), ('0dda47b15fdb436abe4d7e84622f5879', '0.003.010.271', 'ss_a', '', '', null, 'e5ea16ae33514c43a5417440f1970a0a', '1', '0', 'default.png', '550'), ('0ddff71c42164db3b755ab0198bbfdcc', '0.003.005.081', 'ss_a', '', '', null, 'db912341ff7c46fb90cba85d6bc0825a', '1', '0', 'default.png', '110'), ('0f156e5386a2404cb559734cb4c723d4', '0.003.003.025', 'ss_a', '', '', null, '18ab8dcf7740492ca667eb9fb0bdc864', '0', '0', 'folder2.png', '100'), ('0f7658a54fd24e17a9dfc91dbb833722', '0.003.005.088', 'ss_a', '', '', null, 'db912341ff7c46fb90cba85d6bc0825a', '1', '0', 'default.png', '180'), ('0fa96b431b3c4d3096ea95c9945e369d', '0.003.009.213', 'ss_a', '', '', null, 'cbd91f27b5e04f4bad7b0e0f71ce8993', '0', '0', 'folder2.png', '300'), ('0fcfc58cff9542d190d09d0ca43a03fb', '0.003.010.266.002.011', 'ss_a', '', '', null, '523844c52a6d48b88327de4eaf675792', '1', '0', 'default.png', '110'), ('106a89d7353b439cb5eb000da7e6d881', '0.003.008.153', 'ss_a', '', '', null, 'baf03d4d64ee43058ed87fd53fcaa6f1', '1', '0', 'default.png', '40'), ('108b25f28d2a41b7bfdd0f1f45b59413', '0.003.005.090', 'ss_a', '', '', null, 'db912341ff7c46fb90cba85d6bc0825a', '0', '0', 'folder2.png', '200'), ('1097397546504248994506aefdc75c43', '0.003.008.175.005', 'ss_a', '', '', null, 'bd822e547bad4586ac0493776a0f89e6', '1', '0', 'default.png', '50'), ('10b7d5734a4a416084374d68e2b53279', '0.003.010.266', 'ss_a', '', '', null, 'e5ea16ae33514c43a5417440f1970a0a', '0', '0', 'folder2.png', '500'), ('10fcb1a6177343d4acbf291f347fce29', '0.003.010.226.007', 'ss_a', '', '', null, '07e0f065f3c9426499633d4c642a2de2', '1', '0', 'default.png', '70'), ('11fb39ce43904480b5c741c23074d489', '0.003.003.025.002.002', 'ss_a', '', '', null, 'dae6bf77adbb42d0aaf88dd4c59048f4', '1', '0', 'default.png', '20'), ('12ef81ff422441eab5924c18443e1807', '0.003.002.009.006', 'ss_a', '', '', null, '567d2749135e43c1a4ce3f1240bbb538', '1', '0', 'default.png', '60'), ('139ab680b5e741229ab105768a774ac0', '0.003.005.077', 'ss_a', '', '', null, 'db912341ff7c46fb90cba85d6bc0825a', '1', '0', 'default.png', '70'), ('13c6fa8acea847aa8de37a674b2b2b3d', '0.003.003.023.002.010', 'ss_a', '', '', null, 'cab8972cecb3464b8766ade52aa5afdd', '1', '0', 'default.png', '100'), ('1412d3f4a24a48a7b692cbc86340e1dc', '0.003.006.113', 'ss_a', '', '', null, 'aad3ac1a1a5b4da3b4e43d4102dbbed9', '1', '0', 'default.png', '120'), ('141dde2f78d54ef9abb119cfbe5cfeac', '0.003.006.106.002.008', 'ss_a', '', '', null, '99e1819ec61e4b539c244bcb95686e60', '1', '0', 'default.png', '80'), ('142aacdabb384b3e96d3f8bb748944fd', '0.003.008.178', 'ss_a', '', '', null, 'baf03d4d64ee43058ed87fd53fcaa6f1', '1', '0', 'default.png', '290'), ('14a59f6a2f634affaa5adc8194b9432e', '0.003.003.023.002.006', 'ss_a', '', '', null, 'cab8972cecb3464b8766ade52aa5afdd', '1', '0', 'default.png', '60'), ('15b1e12e9064465bbe7160db10251351', '0.003.010.243', 'ss_a', '', '', null, 'e5ea16ae33514c43a5417440f1970a0a', '1', '0', 'default.png', '270'), ('15e3c8bed84e420aae5dc3704d582e7c', '0.003.003.018.002', 'ss_a', '', '', null, '513f0ba88fbd4ff0baa9fcfcd24b9bab', '1', '0', 'default.png', '20'), ('162c11c93b5545beb5f8255ba0c677e8', '0.003.010.232', 'ss_a', '', '', null, 'e5ea16ae33514c43a5417440f1970a0a', '1', '0', 'default.png', '160'), ('16c8e1581a32447191b6c12ae78d7703', '0.003.009.197.003', 'ss_a', '', '', null, '9811013aa5084117b04fb78a6db48030', '1', '0', 'default.png', '30'), ('16d934d24d4b450299d7d8c8fe62f559', '0.003.008.166', 'ss_a', '', '', null, 'baf03d4d64ee43058ed87fd53fcaa6f1', '1', '0', 'default.png', '170'), ('170959a6056843f8ab8c128fea72afd6', '0.003.005.095.001', 'ss_a', '', '', null, '9d9a9b61accf43169eee6c1366c04b34', '1', '0', 'default.png', '10'), ('17af630d2129411189b48cd6b733fb6e', '0.003.008.165.001.003', 'ss_a', '', '', null, 'e6cbfb8000e3486a8dcff2f630ab8c02', '1', '0', 'default.png', '30'), ('1809e810e0994707bcf6ae104b160710', '0.003.002.010.009', 'ss_a', '', '', null, 'd1a1a600ce354a6ca99dcf7eb3998695', '1', '0', 'default.png', '90'), ('18ab8dcf7740492ca667eb9fb0bdc864', '0.003.003', 'ss_a', '', '', null, 'eb1e0ffd3f5946fca35b23a2f7798c47', '0', '0', 'folder2.png', '30'), ('18eac196edb54f9da76541d0253e9e11', '0.003.002.015', 'ss_a', '', '', null, 'c68adc0394334bfa929c70f989789275', '1', '0', 'default.png', '110'), ('1909d8e7e3bc4422a2b824ba666b66ab', '0.003.009.202', 'ss_a', '', '', null, 'cbd91f27b5e04f4bad7b0e0f71ce8993', '1', '0', 'default.png', '190'), ('1918cb9d3a24408da45b9fa2d9efec6c', '0.003.013.309', 'ss_a', '', '', null, '6e48d6cc50ba41cba4e6fede4d798c35', '1', '0', 'default.png', '40'), ('198cf8524e434062ab5bb76f5d4f805e', '0.003.008.170.002.004', 'ss_a', '', '', null, '27d99e9f3a5e4e9cbe6b254c05c23be9', '1', '0', 'default.png', '40'), ('19e36afe02de439c8fdcf75e9f14a064', '0.003.002.012.006', 'ss_a', '', '', null, 'c1b982139b9147dfb599137366c9f2f6', '1', '0', 'default.png', '60'), ('1a66f7071b784ab9bd647652c3d93429', '0.003.002.010.008', 'ss_a', '', '', null, 'd1a1a600ce354a6ca99dcf7eb3998695', '1', '0', 'default.png', '80'), ('1a82f7b4f96b4002b26eb706cfe1097e', '0.003.010.223.001', 'ss_a', '', '', null, '57de58f1774d4f90852961a935310aef', '1', '0', 'default.png', '10'), ('1a99ce29abfd4f4c8589b6261eabae2f', '0.003.010.223.006.005', 'ss_a', '', '', null, '061fed69d2314950b22ad2ff053e5aed', '1', '0', 'default.png', '50'), ('1aef806987c64104b4db8300555dbc30', '0.003.009.197.001', 'ss_a', '', '', null, '9811013aa5084117b04fb78a6db48030', '1', '0', 'default.png', '10'), ('1b0cd1599760481ab800864cee84191a', '0.003.009.188', 'ss_a', '', '', null, 'cbd91f27b5e04f4bad7b0e0f71ce8993', '1', '0', 'default.png', '50'), ('1bd8c3dabd1a4f2aa5ef0c24e6e286d2', '0.003.004.046.002', 'ss_a', '', '', null, '646cc50840244f55982cdddad599b133', '1', '0', 'default.png', '20'), ('1c7904b91249464aaf279624e3fc2a1a', '0.003.009.210', 'ss_a', '', '', null, 'cbd91f27b5e04f4bad7b0e0f71ce8993', '1', '0', 'default.png', '270'), ('1caf4534a0544bf986a7252e7f09695a', '0.003.002.010.003.002', 'ss_a', '', '', null, '40a0aa96bdad44a88929f140700183ce', '1', '0', 'default.png', '20'), ('1cb4228a85e44a6e9e0ae3b9b94d09cc', '0.003.013.308', 'ss_a', '', '', null, '6e48d6cc50ba41cba4e6fede4d798c35', '1', '0', 'default.png', '30'), ('1d8251a2d2b04827b6bdab5bc201f4e6', '0.003.008.162.002', 'ss_a', '', '', null, 'c7a7a5dad6a84d1e8e8680867fa010e3', '1', '0', 'default.png', '20'), ('1e62d063625f45fface416f617728890', '0.003.010.219', 'ss_a', '', '', null, 'e5ea16ae33514c43a5417440f1970a0a', '1', '0', 'default.png', '30'), ('1e9b17346b0f436d9da9903df12c0449', '0.003.003.030.002', 'ss_a', '', '', null, '01cafe8e25f740538f0e9b57bd64bba5', '1', '0', 'default.png', '20'), ('1ef6c8cb8a77445a82fc085a1dbdfa30', '0.003.004.043', 'ss_a', '', '', null, 'c0d4522d01b341d8bb037210aeec27a2', '1', '0', 'default.png', '60'), ('1f204699a48148e1a04e3d390baf4f4f', '0.003.009.186.002', 'ss_a', '', '', null, 'ffbdf6f1aef0405080547b2be2c6c170', '1', '0', 'default.png', '20'), ('1f323abb6b2145cd86acf5ef0510a74d', '0.003.008.174', 'ss_a', '', '', null, 'baf03d4d64ee43058ed87fd53fcaa6f1', '1', '0', 'default.png', '250'), ('1fa0f289694e4759af43b0f5d3a370d8', '0.003.011.287.001', 'ss_a', '', '', null, '68a13f5c418d4050b63e14ec5c5832e5', '1', '0', 'default.png', '10'), ('1fae2021c63d4bb8bda08e47df3cc175', '0.003.010.217', 'ss_a', '', '', null, 'e5ea16ae33514c43a5417440f1970a0a', '1', '0', 'default.png', '10'), ('1fd51c62e7624d92a40d2a0c816be5df', '0.003.010.222.002.001', 'ss_a', '', '', null, '43b2d7e605d2496683ab290fdba63975', '1', '0', 'default.png', '10'), ('200aa421f6dd4781a2bc05f3649620cc', '0.003.010.250', 'ss_a', '', '', null, 'e5ea16ae33514c43a5417440f1970a0a', '0', '0', 'folder2.png', '340'), ('21c400482d5f49088bba1d33c3a64134', '0.003.010.223.006.009', 'ss_a', '', '', null, '061fed69d2314950b22ad2ff053e5aed', '1', '0', 'default.png', '90'), ('21cc72d314b846d3a5db888285d06677', '0.003.008.167.002', 'ss_a', '', '', null, 'd207761b01c04b8291e2e23e5591c85b', '1', '0', 'default.png', '20'), ('2204701c883443368b234c48f835e4e6', '0.003.004.070', 'ss_a', '', '', null, 'c0d4522d01b341d8bb037210aeec27a2', '1', '0', 'default.png', '330'), ('221a5cab5f99476882065e846a91baf7', '0.003.004.056', 'ss_a', '', '', null, 'c0d4522d01b341d8bb037210aeec27a2', '1', '0', 'default.png', '190'), ('221ce568b3b244e3aaa12d4530dbf7bf', '0.003.010.221.001.007', 'ss_a', '', '', null, '33e7911066554cd3a3d8227aa775f138', '1', '0', 'default.png', '70'), ('2268786550c04b3797de11510337b548', '0.003.010.218', 'ss_a', '', '', null, 'e5ea16ae33514c43a5417440f1970a0a', '1', '0', 'default.png', '20'), ('228fb3a3a54649f8b3d84d759f916e1c', '0.003.005.082', 'ss_a', '', '', null, 'db912341ff7c46fb90cba85d6bc0825a', '1', '0', 'default.png', '120'), ('231f5b0f79c34b09b747a1720b7f40f3', '0.003.010.223.009', 'ss_a', '', '', null, '57de58f1774d4f90852961a935310aef', '1', '0', 'default.png', '90'), ('2324d2d6fb9949c7abb19c4c45587207', '0.003.001', 'ss_a', '', '', null, 'eb1e0ffd3f5946fca35b23a2f7798c47', '0', '0', 'folder2.png', '10'), ('2365f90d42f14ace8f4298f236643a7f', '0.003.004.049', 'ss_a', '', '', null, 'c0d4522d01b341d8bb037210aeec27a2', '1', '0', 'default.png', '120'), ('236734b822524e35b37fbd921b0d284c', '0.003.002.009.005', 'ss_a', '', '', null, '567d2749135e43c1a4ce3f1240bbb538', '1', '0', 'default.png', '50'), ('2478477038dd426aa6ffe1d4e83f432c', '0.003.010.222.003', 'ss_a', '', '', null, '4a30ae096a2d469086ef62b55c1f3d57', '1', '0', 'default.png', '30'), ('25f8bbcdd4d643c4a90cad11a33a8dae', '0.003.004.065', 'ss_a', '', '', null, 'c0d4522d01b341d8bb037210aeec27a2', '1', '0', 'default.png', '280'), ('261f8edaa2bf4707a8b9f86c3168dcc3', '0.003.003.017', 'ss_a', '', '0.3.17.1', null, '18ab8dcf7740492ca667eb9fb0bdc864', '1', '0', 'default.png', '20'), ('268f031aadf343e7bd29af61f8714983', '0.003.011.280', 'ss_a', '', '', null, '76189b338913443aa65b7d3dc83cb549', '1', '0', 'default.png', '30'), ('26cdef312da04bef8d496fca825f3215', '0.003.008.183.005', 'ss_a', '', '', null, 'af27c55ad4fb42f8b366ebbc5a8567c4', '1', '0', 'default.png', '50'), ('27240e39a91e431587e74d73562ddb13', '0.003.008.180', 'ss_a', '', '', null, 'baf03d4d64ee43058ed87fd53fcaa6f1', '0', '0', 'folder2.png', '310'), ('27a1d0d3e6364fdf9dfce3d552212e53', '0.003.010.226.002', 'ss_a', '', '', null, '07e0f065f3c9426499633d4c642a2de2', '1', '0', 'default.png', '20'), ('27ad1953d24e4a2b84116249e65d7bb8', '0.003.003.023.002.011', 'ss_a', '', '', null, 'cab8972cecb3464b8766ade52aa5afdd', '1', '0', 'default.png', '110'), ('27d99e9f3a5e4e9cbe6b254c05c23be9', '0.003.008.170.002', 'ss_a', '', '', null, '4d5267631db44a94b845c70f4d338bb2', '0', '0', 'folder2.png', '20'), ('28fd3e0831954ac6bfb1cf0038c79378', '0.003.006.119.002', 'ss_a', '', '', null, '850dfc1b012e464a8e24efe8568dd8d6', '1', '0', 'default.png', '20'), ('292b76e267f74e7c9039f5227f6ff75c', '0.003.010.230.003', 'ss_a', '', '', null, 'f8ff0293102a4fa8a3cface3ceb33dbd', '1', '0', 'default.png', '30'), ('2944bf75723d4a51b9e15b3086ab3300', '0.003.010.246', 'ss_a', '', '', null, 'e5ea16ae33514c43a5417440f1970a0a', '1', '0', 'default.png', '300'), ('29999d34870b41f9ad4e791b5feec11e', '0.003.003.022.003.001', 'ss_a', '', '', null, '5804d3ba08a641399ab7ef4ac5d6735c', '1', '0', 'default.png', '10'), ('29b81c1d4802456ea8025a56636bc79b', '0.003.011.290', 'ss_a', '', '', null, '76189b338913443aa65b7d3dc83cb549', '1', '0', 'default.png', '130'), ('2a0440e46db9427ab3364a8dbc289fee', '0.003.008.160', 'ss_a', '', '', null, 'baf03d4d64ee43058ed87fd53fcaa6f1', '1', '0', 'default.png', '110'), ('2a641809f589405fa5bd4c5941a59b07', '0.003.008.167.005', 'ss_a', '', '', null, 'd207761b01c04b8291e2e23e5591c85b', '1', '0', 'default.png', '50'), ('2a940a23b6624f15aec95df96e711f34', '0.003.010.231', 'ss_a', '', '', null, 'e5ea16ae33514c43a5417440f1970a0a', '1', '0', 'default.png', '150'), ('2add8a3960514dac9c16ae91c7304554', '0.003.006.119.003', 'ss_a', '', '', null, '850dfc1b012e464a8e24efe8568dd8d6', '1', '0', 'default.png', '30'), ('2af3400e2e3f4b0a99c016dec8edeafd', '0.003.010.266.002.002', 'ss_a', '', '', null, '523844c52a6d48b88327de4eaf675792', '1', '0', 'default.png', '20'), ('2b53b3a1e8ca4b81874ad762bfe012d9', '0.003.010.230.001.001', 'ss_a', '', '', null, '354054eabcef490eaf2162a3864a69ad', '1', '0', 'default.png', '10'), ('2b966450eb08470ab505f78d4700cc33', '0.003.010.266.002.004', 'ss_a', '', '', null, '523844c52a6d48b88327de4eaf675792', '1', '0', 'default.png', '40'), ('2bcba1c8ab384b64991de1e4448f21bc', '0.003.009.192', 'ss_a', '', '', null, 'cbd91f27b5e04f4bad7b0e0f71ce8993', '1', '0', 'default.png', '90'), ('2c3d50ac1f0f4a029f3812af0e0336d4', '0.003.006.104', 'ss_a', '', '', null, 'aad3ac1a1a5b4da3b4e43d4102dbbed9', '1', '0', 'default.png', '30'), ('2c5af3a659924fb18ca1e950726db41b', '0.003.010.226.008', 'ss_a', '', '', null, '07e0f065f3c9426499633d4c642a2de2', '1', '0', 'default.png', '80'), ('2c6871dd8f354c74991aa3c6b631e527', '0.003.010.257', 'ss_a', '', '', null, 'e5ea16ae33514c43a5417440f1970a0a', '1', '0', 'default.png', '410'), ('2c89a99ff88d43e78fb7577e31c4e114', '0.003.010.221.002', 'ss_a', '', '', null, 'e898bdbbc2324cd49340cef20a89c8f8', '1', '0', 'default.png', '20'), ('2d7af66ddec7413c842c294dc599bb4a', '0.003.005.076', 'ss_a', '', '', null, 'db912341ff7c46fb90cba85d6bc0825a', '1', '0', 'default.png', '60'), ('2dbff7d7c0d6469993a4f137e37b2f0c', '0.003.009.197.002', 'ss_a', '', '', null, '9811013aa5084117b04fb78a6db48030', '1', '0', 'default.png', '20'), ('2e203302dd80429fa395539e7dd9da62', '0.003.010.275', 'ss_a', '', '', null, 'e5ea16ae33514c43a5417440f1970a0a', '1', '0', 'default.png', '590'), ('2fc17e9b1af840768353246615c73970', '0.003.008.180.005', 'ss_a', '', '', null, '27240e39a91e431587e74d73562ddb13', '1', '0', 'default.png', '50'), ('2fcefb3533a3460c8fab9735ef79c5f3', '0.003.010.249', 'ss_a', '', '', null, 'e5ea16ae33514c43a5417440f1970a0a', '1', '0', 'default.png', '330'), ('30648364781d400e93765d17a9b50973', '0.003.006.118', 'ss_a', '', '', null, 'aad3ac1a1a5b4da3b4e43d4102dbbed9', '1', '0', 'default.png', '170'), ('30924526443c4764b22cb3ed094680d5', '0.003.010.222.002.007', 'ss_a', '', '', null, '43b2d7e605d2496683ab290fdba63975', '1', '0', 'default.png', '70'), ('30ff70c79797405abee2ef03471082f8', '0.003.003.024', 'ss_a', '', '', null, '18ab8dcf7740492ca667eb9fb0bdc864', '0', '0', 'folder2.png', '90'), ('317d8aa200af4e3599b91dc6c034bd93', '0.003.010.223.006.001', 'ss_a', '', '', null, '061fed69d2314950b22ad2ff053e5aed', '1', '0', 'default.png', '10'), ('31ce174bd01446659f7f82c74a7b145d', '0.003.010.229', 'ss_a', '', '', null, 'e5ea16ae33514c43a5417440f1970a0a', '0', '0', 'folder2.png', '130'), ('31ea333d3e8f4f108ac4848c0200e3ba', '0.003.004.063', 'ss_a', '', '', null, 'c0d4522d01b341d8bb037210aeec27a2', '1', '0', 'default.png', '260'), ('329ec9d4e6a0444e83e32c5906637641', '0.003.008.175.004', 'ss_a', '', '', null, 'bd822e547bad4586ac0493776a0f89e6', '1', '0', 'default.png', '40'), ('33292f2c24384e7197742f40b8018e71', '0.003.003.022.003.002', 'ss_a', '', '', null, '5804d3ba08a641399ab7ef4ac5d6735c', '1', '0', 'default.png', '20'), ('332ad5dbdf014f60b27cba92780feee4', '0.003.010.222.002.002', 'ss_a', '', '', null, '43b2d7e605d2496683ab290fdba63975', '1', '0', 'default.png', '20'), ('33e7911066554cd3a3d8227aa775f138', '0.003.010.221.001', 'ss_a', '', '', null, 'e898bdbbc2324cd49340cef20a89c8f8', '0', '0', 'folder2.png', '10'), ('3421864fd8e845f8950e5e162341b3a5', '0.003.003.016', 'ss_a', '', ';', null, '18ab8dcf7740492ca667eb9fb0bdc864', '0', '0', 'folder2.png', '10'), ('343389a3dc8749b69f46d05f742450f5', '0.003.008.163', 'ss_a', '', '', null, 'baf03d4d64ee43058ed87fd53fcaa6f1', '0', '0', 'folder2.png', '140'), ('3448d598192e4b69943aca1a1a443641', '0.003.004.046.005', 'ss_a', '', '', null, '646cc50840244f55982cdddad599b133', '1', '0', 'default.png', '50'), ('348fe09d7b5c46dc9c8f842886976d55', '0.003.004.048', 'ss_a', '', '', null, 'c0d4522d01b341d8bb037210aeec27a2', '0', '0', 'folder2.png', '110'), ('34d1b554d06346e1b444b55958558665', '0.003.010.255.002', 'ss_a', '', '', null, 'ceaa67ae87284c4db2d7845fa0ebe542', '1', '0', 'default.png', '20'), ('354054eabcef490eaf2162a3864a69ad', '0.003.010.230.001', 'ss_a', '', '', null, 'f8ff0293102a4fa8a3cface3ceb33dbd', '0', '0', 'folder2.png', '10'), ('35cdfffd034845c3a37e785fb127889d', '0.003.003.023.002.012', 'ss_a', '', '', null, 'cab8972cecb3464b8766ade52aa5afdd', '1', '0', 'default.png', '120'), ('3688d73258cf4144876f0af78325e782', '0.003.010.234.006', 'ss_a', '', '', null, '9e5ea3ab16184876863a96f59cb37c29', '1', '0', 'default.png', '60'), ('36ff40d83d444180b13ea7a6ecd319bb', '0.003.002.010.002', 'ss_a', '', '', null, 'd1a1a600ce354a6ca99dcf7eb3998695', '1', '0', 'default.png', '20'), ('3751b23776ec47afa0f7be7c396f98ef', '0.003.005.073', 'ss_a', '', '', null, 'db912341ff7c46fb90cba85d6bc0825a', '1', '0', 'default.png', '30'), ('3776ae04982348a2a14469ed3e57abcb', '0.003.008.164', 'ss_a', '', '', null, 'baf03d4d64ee43058ed87fd53fcaa6f1', '1', '0', 'default.png', '150'), ('37e65c6b652348b984e34f41fef3f614', '0.003.005.083', 'ss_a', '', '', null, 'db912341ff7c46fb90cba85d6bc0825a', '1', '0', 'default.png', '130'), ('37e72140320d4cdfb52acf286a70f4e2', '0.003.005.079', 'ss_a', '', '', null, 'db912341ff7c46fb90cba85d6bc0825a', '1', '0', 'default.png', '90'), ('37fe8ae58d1845d8a79b199e494ce26e', '0.003.010.266.002.012', 'ss_a', '', '', null, '523844c52a6d48b88327de4eaf675792', '1', '0', 'default.png', '120'), ('38f21e980951463a92fc572ba94226ba', '0.003.003.037', 'ss_a', '', '', null, '18ab8dcf7740492ca667eb9fb0bdc864', '1', '0', 'default.png', '220'), ('392bf14c61e64feeb568f5ef770abfb0', '0.003.006.137', 'ss_a', '', '', null, 'aad3ac1a1a5b4da3b4e43d4102dbbed9', '0', '0', 'folder2.png', '360'), ('39386d0173b74e7bad09b0c157ae2ed1', '0.003.008.150', 'ss_a', '', '', null, 'baf03d4d64ee43058ed87fd53fcaa6f1', '1', '0', 'default.png', '10'), ('3aab4f6b308045b9a3d7b229ec9103c9', '0.003.010.230.001.003', 'ss_a', '', '', null, '354054eabcef490eaf2162a3864a69ad', '1', '0', 'default.png', '30'), ('3b40e3543a0a4cda9397dd9d079d9164', '0.003.006.119.001', 'ss_a', '', '', null, '850dfc1b012e464a8e24efe8568dd8d6', '1', '0', 'default.png', '10'), ('3b83a4447ff94f0cbd40d259b2845439', '0.003.003.031', 'ss_a', '', '', null, '18ab8dcf7740492ca667eb9fb0bdc864', '0', '0', 'folder2.png', '160'), ('3b87e2a052ce41d4902ea4ad8a5be515', '0.003.010.225.001.003.002', 'ss_a', '', '', null, '74658df043774a82a7657e7f99d6d6ef', '1', '0', 'default.png', '20'), ('3bcd9588f6274486a7a1b36e2a53b1fe', '0.003.010.238', 'ss_a', '', '', null, 'e5ea16ae33514c43a5417440f1970a0a', '1', '0', 'default.png', '220'), ('3c15d2ce9e0e409ab8dd8d6fb7eff56b', '0.003.005.100', 'ss_a', '', '', null, 'db912341ff7c46fb90cba85d6bc0825a', '1', '0', 'default.png', '300'), ('3c181e54f2e04c24a9e7c4fa2ead60e4', '0.003.006.112.003', 'ss_a', '', '', null, '592e4ee14c654bf1a91b016cb3258f23', '1', '0', 'default.png', '30'), ('3c7ce2395fdb410ca576e2c87b8400eb', '0.003.002.009.008', 'ss_a', '', '', null, '567d2749135e43c1a4ce3f1240bbb538', '1', '0', 'default.png', '80'), ('3d15cb0826cf416084ee368d9afd23b9', '0.003.010.221.003', 'ss_a', '', '', null, 'e898bdbbc2324cd49340cef20a89c8f8', '1', '0', 'default.png', '30'), ('3d9ec4f672dd42fa90dc9afe1aaa5931', '0.003.010.224', 'ss_a', '', '', null, 'e5ea16ae33514c43a5417440f1970a0a', '1', '0', 'default.png', '80'), ('3e5799025d264e4d8d5cba2f804e4b7e', '0.003.004.068', 'ss_a', '', '', null, 'c0d4522d01b341d8bb037210aeec27a2', '1', '0', 'default.png', '310'), ('3e5e7f9b9dd340db99e110ece615db94', '0.003.008.167.004', 'ss_a', '', '', null, 'd207761b01c04b8291e2e23e5591c85b', '1', '0', 'default.png', '40'), ('3e73743f2e024d12bce72c4aed8a4c40', '0.003.010.244', 'ss_a', '', '', null, 'e5ea16ae33514c43a5417440f1970a0a', '1', '0', 'default.png', '280'), ('3ebf75057fe243608897da8288aff057', '0.003.002.010.007', 'ss_a', '', '', null, 'd1a1a600ce354a6ca99dcf7eb3998695', '1', '0', 'default.png', '70'), ('3f3a4b007870411aad2410aad00b7678', '0.003.008.158', 'ss_a', '', '', null, 'baf03d4d64ee43058ed87fd53fcaa6f1', '1', '0', 'default.png', '90'), ('3f51b3302c4d4cca8fd4d24866351995', '0.003.008.180.001', 'ss_a', '', '', null, '27240e39a91e431587e74d73562ddb13', '1', '0', 'default.png', '10'), ('3fcbf15d6b61485da3eb330041d5fd3a', '0.003.003.029', 'ss_a', '', '', null, '18ab8dcf7740492ca667eb9fb0bdc864', '1', '0', 'default.png', '140'), ('3fd98e1d6ec245899795c3a60303732c', '0.003.003.024.008', 'ss_a', '', '', null, '30ff70c79797405abee2ef03471082f8', '1', '0', 'default.png', '80'), ('406069fb556446249b282218929ba29a', '0.003.012.299', 'ss_a', '', '', null, '9749060c72574c9ea5f279bb45885a27', '1', '0', 'default.png', '70'), ('40a0aa96bdad44a88929f140700183ce', '0.003.002.010.003', 'ss_a', '', '', null, 'd1a1a600ce354a6ca99dcf7eb3998695', '0', '0', 'folder2.png', '30'), ('40acf96b58f046de8fc4b9b3fcfb7d34', '0.003.010.229.002', 'ss_a', '', '', null, '31ce174bd01446659f7f82c74a7b145d', '1', '0', 'default.png', '20'), ('426ff20c14194a98b161c93e9e7770e5', '0.003.009.199.001', 'ss_a', '', '', null, '8b2e4f49b81c467596c030b696e55ec6', '1', '0', 'default.png', '10'), ('42b9b9791b714e39bae6dbf5690d16d8', '0.003.010.222.005', 'ss_a', '', '', null, '4a30ae096a2d469086ef62b55c1f3d57', '1', '0', 'default.png', '50'), ('42c30d52925d487dbd421b1b77276a5e', '0.003.010.266.002.001', 'ss_a', '', '', null, '523844c52a6d48b88327de4eaf675792', '1', '0', 'default.png', '10'), ('42fa75f81a264971ac4b41af192e5042', '0.003.003.025.001', 'ss_a', '', '', null, '0f156e5386a2404cb559734cb4c723d4', '0', '0', 'folder2.png', '10'), ('434ec4850990445086eb81a6f84f26db', '0.003.002.009.007', 'ss_a', '', '', null, '567d2749135e43c1a4ce3f1240bbb538', '1', '0', 'default.png', '70'), ('43b2d7e605d2496683ab290fdba63975', '0.003.010.222.002', 'ss_a', '', '', null, '4a30ae096a2d469086ef62b55c1f3d57', '0', '0', 'folder2.png', '20'), ('43c0b1197c444e2cba7c09efffa010d9', '0.003.010.253.005', 'ss_a', '', '', null, '73bfa184258241efa0446b7a09feac3f', '1', '0', 'default.png', '50'), ('44864aa8341d472285899f2bafeecd73', '0.003.002.010.003.001', 'ss_a', '', '', null, '40a0aa96bdad44a88929f140700183ce', '1', '0', 'default.png', '10'), ('44d21f31957c46a293e81377bcdeaded', '0.003.005.096', 'ss_a', '', '', null, 'db912341ff7c46fb90cba85d6bc0825a', '1', '0', 'default.png', '260'), ('45129b544a3148caa7ed11a69db06f64', '0.003.009.197.004', 'ss_a', '', '', null, '9811013aa5084117b04fb78a6db48030', '1', '0', 'default.png', '40'), ('4530c9d3e70b4381be9f22153204d9d1', '0.003.012.303', 'ss_a', '', '', null, '9749060c72574c9ea5f279bb45885a27', '1', '0', 'default.png', '110'), ('467b88acf41447698539ddef4baf0f56', '0.003.009.197.008', 'ss_a', '', '', null, '9811013aa5084117b04fb78a6db48030', '1', '0', 'default.png', '80'), ('46aff64e9e264d5ea6c0118cbf949333', '0.003.008.163.002', 'ss_a', '', '', null, '343389a3dc8749b69f46d05f742450f5', '1', '0', 'default.png', '20'), ('46e8552b8e134b309b6399bb74389fe5', '0.003.010.221.001.003', 'ss_a', '', '', null, '33e7911066554cd3a3d8227aa775f138', '1', '0', 'default.png', '30'), ('4719581c60aa4a36b985bf1c1361238d', '0.003.010.221.001.004', 'ss_a', '', '', null, '33e7911066554cd3a3d8227aa775f138', '1', '0', 'default.png', '40'), ('472a032b4f534675acac3602e946ef69', '0.003.007.146', 'ss_a', '', '', null, 'ff6eb52a08744320bc7255ec6ec142f5', '1', '0', 'default.png', '90'), ('47ff1faf6e8a4fd986eed87955820765', '0.003.003.022.003.005', 'ss_a', '', '', null, '5804d3ba08a641399ab7ef4ac5d6735c', '1', '0', 'default.png', '50'), ('482488e5a28e4be68672a69fe386299b', '0.003.006.120', 'ss_a', '', '', null, 'aad3ac1a1a5b4da3b4e43d4102dbbed9', '1', '0', 'default.png', '190'), ('483b74dacc094bb4bd6760ed61348b91', '0.003.003.022', 'ss_a', '', '', null, '18ab8dcf7740492ca667eb9fb0bdc864', '0', '0', 'folder2.png', '70'), ('48cc5d1492f64cc6a8e36e80ca8f6657', '0.003.003.035', 'ss_a', '', '', null, '18ab8dcf7740492ca667eb9fb0bdc864', '1', '0', 'default.png', '200'), ('48ce1844048444e990a24e205fc29c90', '0.003.011.278', 'ss_a', '', '', null, '76189b338913443aa65b7d3dc83cb549', '1', '0', 'default.png', '10'), ('4a2c8705152448faac081d67a5ec00b5', '0.003.008.169', 'ss_a', '', '', null, 'baf03d4d64ee43058ed87fd53fcaa6f1', '1', '0', 'default.png', '200'), ('4a30ae096a2d469086ef62b55c1f3d57', '0.003.010.222', 'ss_a', '', '', null, 'e5ea16ae33514c43a5417440f1970a0a', '0', '0', 'folder2.png', '60'), ('4a4fc9834d9e4d8ebdd46b7a52360ad8', '0.003.010.223.004', 'ss_a', '', '', null, '57de58f1774d4f90852961a935310aef', '1', '0', 'default.png', '40'), ('4b3ec78fb64b40119efa1c74c456fb76', '0.003.005.097', 'ss_a', '', '', null, 'db912341ff7c46fb90cba85d6bc0825a', '0', '0', 'folder2.png', '270'), ('4bd98ec5389848a0953f38fa17f6b1e2', '0.003.010.223.002.004', 'ss_a', '', '', null, 'cb5e5e98b4fe43968c91f3ca6e39a3b1', '1', '0', 'default.png', '40'), ('4becc7109c4a4eaaa3e02411fa5ea301', '0.003.002.012.001', 'ss_a', '', '', null, 'c1b982139b9147dfb599137366c9f2f6', '1', '0', 'default.png', '10'), ('4c1bac841bf944a5aeb7139776c88f8f', '0.003.005.084.002', 'ss_a', '', '', null, 'd62f9bba23364f50b79aceb519765066', '1', '0', 'default.png', '20'), ('4c308a1f75af40eb8270b60c9fc3778a', '0.003.008.182', 'ss_a', '', '', null, 'baf03d4d64ee43058ed87fd53fcaa6f1', '1', '0', 'default.png', '330'), ('4c388f7b76f94608aa1e483303322475', '0.003.006.123', 'ss_a', '', '', null, 'aad3ac1a1a5b4da3b4e43d4102dbbed9', '1', '0', 'default.png', '220'), ('4c894a0d200a48e785aa4feb95163aeb', '0.003.008.170.003.006', 'ss_a', '', '', null, '505a5ceada204646bb0c10c6db4a5b90', '1', '0', 'default.png', '60'), ('4d3b9ab8adda4edbbb6be4ecbc2ce3a4', '0.003.003.028', 'ss_a', '', '', null, '18ab8dcf7740492ca667eb9fb0bdc864', '1', '0', 'default.png', '130'), ('4d5267631db44a94b845c70f4d338bb2', '0.003.008.170', 'ss_a', '', '', null, 'baf03d4d64ee43058ed87fd53fcaa6f1', '0', '0', 'folder2.png', '210'), ('4d5a72079b4c49f8b2f22ba10e02d6e9', '0.003.010.250.001', 'ss_a', '', '', null, '200aa421f6dd4781a2bc05f3649620cc', '1', '0', 'default.png', '10'), ('4dd3ebc2ee5f431f83849faba4425cad', '0.003.002.012.007', 'ss_a', '', '', null, 'c1b982139b9147dfb599137366c9f2f6', '1', '0', 'default.png', '70'), ('4e2c4640dbcd45fd9937aea4c738e6e8', '0.003.008.170.002.001', 'ss_a', '', '', null, '27d99e9f3a5e4e9cbe6b254c05c23be9', '1', '0', 'default.png', '10'), ('4ee4531b971d4840afd2505672c887f0', '0.003.008.183.011', 'ss_a', '', '', null, 'af27c55ad4fb42f8b366ebbc5a8567c4', '1', '0', 'default.png', '110'), ('4f59d1ff7cb94d2bb33e36b51e5ba29b', '0.003.006.112.001', 'ss_a', '', '', null, '592e4ee14c654bf1a91b016cb3258f23', '1', '0', 'default.png', '10'), ('505a5ceada204646bb0c10c6db4a5b90', '0.003.008.170.003', 'ss_a', '', '', null, '4d5267631db44a94b845c70f4d338bb2', '0', '0', 'folder2.png', '30'), ('50846bcc9df44b8ca9a3cc30537e51f9', '0.003.009.214', 'ss_a', '', '', null, 'cbd91f27b5e04f4bad7b0e0f71ce8993', '1', '0', 'default.png', '310'), ('511d9a48a3164f07abf3afc8c83c43fd', '0.003.010.226.001', 'ss_a', '', '', null, '07e0f065f3c9426499633d4c642a2de2', '1', '0', 'default.png', '10'), ('513f0ba88fbd4ff0baa9fcfcd24b9bab', '0.003.003.018', 'ss_a', '', '', null, '18ab8dcf7740492ca667eb9fb0bdc864', '0', '0', 'folder2.png', '30'), ('51e4493425074894a863dae4d80dcb0c', '0.003.003.023', 'ss_a', '', '', null, '18ab8dcf7740492ca667eb9fb0bdc864', '0', '0', 'folder2.png', '80'), ('51f394d7b58c4a70a2a6f71080002e44', '0.003.008.180.003', 'ss_a', '', '', null, '27240e39a91e431587e74d73562ddb13', '1', '0', 'default.png', '30'), ('523844c52a6d48b88327de4eaf675792', '0.003.010.266.002', 'ss_a', '', '', null, '10b7d5734a4a416084374d68e2b53279', '0', '0', 'folder2.png', '20'), ('525bdeba083d4de5ab363b37c4493ecc', '0.003.003.023.002.013', 'ss_a', '', '', null, 'cab8972cecb3464b8766ade52aa5afdd', '1', '0', 'default.png', '130'), ('5280f7744f2e43ad80bd7555a94356c1', '0.003.008.175.007', 'ss_a', '', '', null, 'bd822e547bad4586ac0493776a0f89e6', '1', '0', 'default.png', '70'), ('52c74b6c898143e9a2d2bcdca8d95338', '0.003.009.189', 'ss_a', '', '', null, 'cbd91f27b5e04f4bad7b0e0f71ce8993', '1', '0', 'default.png', '60'), ('53716187adcb473a87cf206e2d687135', '0.003.006.122', 'ss_a', '', '', null, 'aad3ac1a1a5b4da3b4e43d4102dbbed9', '1', '0', 'default.png', '210'), ('53a91fd4e1794585a4d49942a84e4710', '0.003.009.197.011', 'ss_a', '', '', null, '9811013aa5084117b04fb78a6db48030', '1', '0', 'default.png', '110'), ('53c327399b5e4334be831daa415a42b3', '0.003.006.106.002.007', 'ss_a', '', '', null, '99e1819ec61e4b539c244bcb95686e60', '1', '0', 'default.png', '70'), ('53e9ded7b4754c82964963e3850068a6', '0.003.003.022.001', 'ss_a', '', '', null, '483b74dacc094bb4bd6760ed61348b91', '1', '0', 'default.png', '10'), ('54baa8900f3d4fe8860ea3012f0c1be4', '0.003.008.154', 'ss_a', '', '', null, 'baf03d4d64ee43058ed87fd53fcaa6f1', '1', '0', 'default.png', '50'), ('54e0b8c9c34a4c268a601654216ab2c1', '0.003.006.106.002.004', 'ss_a', '', '', null, '99e1819ec61e4b539c244bcb95686e60', '1', '0', 'default.png', '40'), ('5576ec291f354c18aa86f21b1e39cf9f', '0.003.003.024.007', 'ss_a', '', '', null, '30ff70c79797405abee2ef03471082f8', '1', '0', 'default.png', '70'), ('558fd2dd3b0a45158d86a4ab8b0084b1', '0.003.008.183.004', 'ss_a', '', '', null, 'af27c55ad4fb42f8b366ebbc5a8567c4', '1', '0', 'default.png', '40'), ('567d2749135e43c1a4ce3f1240bbb538', '0.003.002.009', 'ss_a', '', '', null, 'c68adc0394334bfa929c70f989789275', '0', '0', 'folder2.png', '50'), ('57de58f1774d4f90852961a935310aef', '0.003.010.223', 'ss_a', '', '', null, 'e5ea16ae33514c43a5417440f1970a0a', '0', '0', 'folder2.png', '70'), ('5804d3ba08a641399ab7ef4ac5d6735c', '0.003.003.022.003', 'ss_a', '', '', null, '483b74dacc094bb4bd6760ed61348b91', '0', '0', 'folder2.png', '30'), ('588bc5c4c34340d09e92c1938acd5d67', '0.003.010.261', 'ss_a', '', '', null, 'e5ea16ae33514c43a5417440f1970a0a', '1', '0', 'default.png', '450'), ('58ea3ffc36f04e5f82084d1f6abfe433', '0.003.003.023.002.002', 'ss_a', '', '', null, 'cab8972cecb3464b8766ade52aa5afdd', '1', '0', 'default.png', '20'), ('592e4ee14c654bf1a91b016cb3258f23', '0.003.006.112', 'ss_a', '', '', null, 'aad3ac1a1a5b4da3b4e43d4102dbbed9', '0', '0', 'folder2.png', '110'), ('593401edf90d4085b53c4c5e139dc4c1', '0.003.010.223.003', 'ss_a', '', '', null, '57de58f1774d4f90852961a935310aef', '1', '0', 'default.png', '30'), ('59434ab6ed18472f8811bda7c914696b', '0.003.008.183.001', 'ss_a', '', '', null, 'af27c55ad4fb42f8b366ebbc5a8567c4', '1', '0', 'default.png', '10'), ('594c457f61d84316aa253de4a2df4dae', '0.003.008.165.004', 'ss_a', '', '', null, 'cd5644684ce646c1bab34c93b578d6ab', '1', '0', 'default.png', '40'), ('59f9422d36414718b72fc604ee5acf2a', '0.003.004.048.001', 'ss_a', '', '10', null, '348fe09d7b5c46dc9c8f842886976d55', '1', '0', 'default.png', '10'), ('5aedcd4543af4534a8f0dd42e52be167', '0.003.009.215', 'ss_a', '', '', null, 'cbd91f27b5e04f4bad7b0e0f71ce8993', '1', '0', 'default.png', '320'), ('5ba89728daeb4a6999238a2939748145', '0.003.002.009.004', 'ss_a', '', '', null, '567d2749135e43c1a4ce3f1240bbb538', '1', '0', 'default.png', '40'), ('5c6f65656ae1483faf02ac96c70ad186', '0.003.008.180.010', 'ss_a', '', '', null, '27240e39a91e431587e74d73562ddb13', '1', '0', 'default.png', '100'), ('5c91d6116c3e4a19879ed20127246aae', '0.003.003.020.002', 'ss_a', '', '', null, '702ec11db90c491c95575f2eaee10f6e', '1', '0', 'default.png', '20'), ('5cc8d6e586094a118b793575f24dda1e', '0.003.012.298', 'ss_a', '', '', null, '9749060c72574c9ea5f279bb45885a27', '1', '0', 'default.png', '60'), ('5d35d1e62a13441a8f56378d8afaf094', '0.003.006.117', 'ss_a', '', '', null, 'aad3ac1a1a5b4da3b4e43d4102dbbed9', '1', '0', 'default.png', '160'), ('5d87ab9a03554792b5050b284218c00f', '0.003.010.276', 'ss_a', '', '', null, 'e5ea16ae33514c43a5417440f1970a0a', '1', '0', 'default.png', '600'), ('5d89ecc0558e46ebbf301ab4e933d435', '0.003.002.005', 'ss_a', '', '', null, 'c68adc0394334bfa929c70f989789275', '0', '0', 'folder2.png', '10'), ('5d9ec80c4df7478dbc58cac6ca36fe0c', '0.003.002.009.009', 'ss_a', '', '', null, '567d2749135e43c1a4ce3f1240bbb538', '1', '0', 'default.png', '90'), ('5e2d2fdbcc524c16952ea6d6cdd7b335', '0.003.010.223.006.008', 'ss_a', '', '', null, '061fed69d2314950b22ad2ff053e5aed', '1', '0', 'default.png', '80'), ('5f01a9476a954dbaace9c044e9a70f9e', '0.003.004.061', 'ss_a', '', '', null, 'c0d4522d01b341d8bb037210aeec27a2', '0', '0', 'folder2.png', '240'), ('5f901562a67545e1951de9c60852714a', '0.003.010.235', 'ss_a', '', '', null, 'e5ea16ae33514c43a5417440f1970a0a', '1', '0', 'default.png', '190'), ('5fb659e7bcff486aa3849194bba8fd14', '0.003.010.248', 'ss_a', '', '', null, 'e5ea16ae33514c43a5417440f1970a0a', '1', '0', 'default.png', '320'), ('5fc58867e9994545b77cb63e3e25daae', '0.003.002.005.001', 'ss_a', '', '', null, '5d89ecc0558e46ebbf301ab4e933d435', '1', '0', 'default.png', '10'), ('603fd8bf8b49404f97b94f9afe61a21f', '0.003.009.213.001', 'ss_a', '', '', null, '0fa96b431b3c4d3096ea95c9945e369d', '1', '0', 'default.png', '10'), ('60618eabcae547ad8bc1ac99874c2612', '0.003.010.221.001.002', 'ss_a', '', '', null, '33e7911066554cd3a3d8227aa775f138', '1', '0', 'default.png', '20'), ('60f547abbc4f4062a193f1a59e04d8b9', '0.003.008.170.003.003', 'ss_a', '', '', null, '505a5ceada204646bb0c10c6db4a5b90', '1', '0', 'default.png', '30'), ('61a43f0b09f74a28b8488012c64f0416', '0.003.003.023.002.007', 'ss_a', '', '', null, 'cab8972cecb3464b8766ade52aa5afdd', '1', '0', 'default.png', '70'), ('61ff959b3c2e4bfab3f5b7e3a347d338', '0.003.002.012.004', 'ss_a', '', '', null, 'c1b982139b9147dfb599137366c9f2f6', '1', '0', 'default.png', '40'), ('6252b1c89ef247179d46db0a08b6e5b6', '0.003.008.165.001.001', 'ss_a', '', '', null, 'e6cbfb8000e3486a8dcff2f630ab8c02', '1', '0', 'default.png', '10'), ('63045d1450d24e27a9f9b7d682a0607e', '0.003.008.183.008', 'ss_a', '', '', null, 'af27c55ad4fb42f8b366ebbc5a8567c4', '1', '0', 'default.png', '80'), ('633fd99a1ed449d7bf4456538f6f3471', '0.003.004.046.006', 'ss_a', '', '', null, '646cc50840244f55982cdddad599b133', '1', '0', 'default.png', '60'), ('63f398dac55e44d48e17c1b757d21e34', '0.003.003.025.001.002', 'ss_a', '', '', null, '42fa75f81a264971ac4b41af192e5042', '1', '0', 'default.png', '20'), ('645e2eb0be1540acb7f8364bb1de13d7', '0.003.003.016.002', 'ss_a', '', '', null, '3421864fd8e845f8950e5e162341b3a5', '1', '0', 'default.png', '20'), ('646cc50840244f55982cdddad599b133', '0.003.004.046', 'ss_a', '', '', null, 'c0d4522d01b341d8bb037210aeec27a2', '0', '0', 'folder2.png', '90'), ('66183a308515452485aad6510931e0d9', '0.003.005.071', 'ss_a', '', '', null, 'db912341ff7c46fb90cba85d6bc0825a', '1', '0', 'default.png', '10'), ('668a0b6a33a34bd1b67efd2e3d486eed', '0.003.011.282', 'ss_a', '', '', null, '76189b338913443aa65b7d3dc83cb549', '1', '0', 'default.png', '50'), ('66c0459ec39242b8b623e10a7edbd770', '0.003.008.165.001.004', 'ss_a', '', '', null, 'e6cbfb8000e3486a8dcff2f630ab8c02', '1', '0', 'default.png', '40'), ('67300088b3b340bb8e03f65f2c5e5752', '0.003.010.223.007', 'ss_a', '', '', null, '57de58f1774d4f90852961a935310aef', '1', '0', 'default.png', '70'), ('684db4b4286f44ad956dfaeea857dfdf', '0.003.004.047', 'ss_a', '', '', null, 'c0d4522d01b341d8bb037210aeec27a2', '1', '0', 'default.png', '100'), ('685b9f3f32dc49528c368645c5546ee5', '0.003.006.121', 'ss_a', '', '', null, 'aad3ac1a1a5b4da3b4e43d4102dbbed9', '1', '0', 'default.png', '200'), ('6867cec2bba14071a1929a7b9e8f7932', '0.003.004.038', 'ss_a', '', '', null, 'c0d4522d01b341d8bb037210aeec27a2', '1', '0', 'default.png', '10'), ('686de8e2d0c64ababaf747434c0097d0', '0.003.006.137.002', 'ss_a', '', '', null, '392bf14c61e64feeb568f5ef770abfb0', '1', '0', 'default.png', '20'), ('68a13f5c418d4050b63e14ec5c5832e5', '0.003.011.287', 'ss_a', '', '', null, '76189b338913443aa65b7d3dc83cb549', '0', '0', 'folder2.png', '100'), ('6924b76419e943d590f36fc398ee7220', '0.003.010.266.002.006', 'ss_a', '', '', null, '523844c52a6d48b88327de4eaf675792', '1', '0', 'default.png', '60'), ('698a48b88ad94c89a8adc70bb5fdd63b', '0.003.011.291', 'ss_a', '', '', null, '76189b338913443aa65b7d3dc83cb549', '1', '0', 'default.png', '140'), ('699879d259af49c09fb8a961b2bfa7f5', '0.003.009.201.002', 'ss_a', '', '', null, 'ab2aeacbef644038bedce9b7ce0d6a37', '1', '0', 'default.png', '20'), ('69a4e635dd054110a76bad3c8423c081', '0.003.008.167.003', 'ss_a', '', '', null, 'd207761b01c04b8291e2e23e5591c85b', '1', '0', 'default.png', '30'), ('69d560bd02ab46abb07adea545696d87', '0.003.007.140.003', 'ss_a', '', '', null, '9459c44eb06e4d698bc86d9e45b8995f', '1', '0', 'default.png', '30'), ('69eef02c1a474f44b73c6393c65833c2', '0.003.006.102', 'ss_a', '', '', null, 'aad3ac1a1a5b4da3b4e43d4102dbbed9', '0', '0', 'folder2.png', '10'), ('6a49077e1d554c999a9cdd79e0fb397f', '0.003.008.180.007', 'ss_a', '', '', null, '27240e39a91e431587e74d73562ddb13', '1', '0', 'default.png', '70'), ('6ad724c3118c4d8b8026509f1a7a96b2', '0.003.010.274', 'ss_a', '', '', null, 'e5ea16ae33514c43a5417440f1970a0a', '1', '0', 'default.png', '580'), ('6af809ac2123477997daf4982f532594', '0.003.002.010.003.006', 'ss_a', '', '', null, '40a0aa96bdad44a88929f140700183ce', '1', '0', 'default.png', '60'), ('6b82d7824d994bb3aee1fbf827135e77', '0.003.006.137.003', 'ss_a', '', '0.6.133', null, '392bf14c61e64feeb568f5ef770abfb0', '1', '0', 'default.png', '30'), ('6bb50b1902964648a6f9bf4db82a3306', '0.003.011.285', 'ss_a', '', '', null, '76189b338913443aa65b7d3dc83cb549', '1', '0', 'default.png', '80'), ('6c4d3d49309642d98088c759f703b270', '0.003.008.173', 'ss_a', '', '', null, 'baf03d4d64ee43058ed87fd53fcaa6f1', '1', '0', 'default.png', '240'), ('6d0fe6e941444a19813694dc2fd7f45c', '0.003.003.021.001', 'ss_a', '', '', null, 'e249c25610154493a294f7e52cc0a0d4', '1', '0', 'default.png', '10'), ('6d3e449431944c129371ed6be8be3d11', '0.003.012.305', 'ss_a', '', '', null, '9749060c72574c9ea5f279bb45885a27', '1', '0', 'default.png', '130'), ('6e48d6cc50ba41cba4e6fede4d798c35', '0.003.013', 'ss_a', '', '', null, 'eb1e0ffd3f5946fca35b23a2f7798c47', '0', '0', 'folder2.png', '130'), ('6ec650cb3efe4cd785b4a6277985d255', '0.003.011.283', 'ss_a', '', '', null, '76189b338913443aa65b7d3dc83cb549', '1', '0', 'default.png', '60'), ('6eea078283214dbaa3612819b59346b0', '0.003.004.061.001', 'ss_a', '', '', null, '5f01a9476a954dbaace9c044e9a70f9e', '1', '0', 'default.png', '10'), ('6f77e20a432448279b6c4d0cff8f2983', '0.003.004.067', 'ss_a', '', '', null, 'c0d4522d01b341d8bb037210aeec27a2', '1', '0', 'default.png', '300'), ('6f8a70a9ec2b407998cc3d81a1a5baa3', '0.003.009.198', 'ss_a', '', '', null, 'cbd91f27b5e04f4bad7b0e0f71ce8993', '1', '0', 'default.png', '150'), ('6fcab2ec600d492bb17d3c8eb142a92d', '0.003.002.009.003', 'ss_a', '', '', null, '567d2749135e43c1a4ce3f1240bbb538', '1', '0', 'default.png', '30'), ('702ec11db90c491c95575f2eaee10f6e', '0.003.003.020', 'ss_a', '', '', null, '18ab8dcf7740492ca667eb9fb0bdc864', '0', '0', 'folder2.png', '50'), ('70756f7d8b7c4fb09d4c5de564c97f0d', '0.003.010.222.001', 'ss_a', '', '', null, '4a30ae096a2d469086ef62b55c1f3d57', '1', '0', 'default.png', '10'), ('711bb6672cf34ff2a106f0823dad25a6', '0.003.006.127', 'ss_a', '', '', null, 'aad3ac1a1a5b4da3b4e43d4102dbbed9', '1', '0', 'default.png', '260'), ('712e2c9d68774c4e93ebcea3a9aa54f3', '0.003.004.042', 'ss_a', '', '', null, 'c0d4522d01b341d8bb037210aeec27a2', '1', '0', 'default.png', '50'), ('715d4259be6545e586af8253fec04405', '0.003.010.223.006.006', 'ss_a', '', '', null, '061fed69d2314950b22ad2ff053e5aed', '1', '0', 'default.png', '60'), ('718e94d3273a46379cda2ed9718967f6', '0.003.010.230.001.002', 'ss_a', '', '', null, '354054eabcef490eaf2162a3864a69ad', '1', '0', 'default.png', '20'), ('7273c287dcf044939e43ddcbb8dee899', '0.003.005.101.001', 'ss_a', '', '', null, '9ec94a0622314aa2943cde74ab6bb7df', '1', '0', 'default.png', '10'), ('72b8ed3b598a444883d59c159e73a7bf', '0.003.006.112.002', 'ss_a', '', '', null, '592e4ee14c654bf1a91b016cb3258f23', '1', '0', 'default.png', '20'), ('72d65040039f4c3f8ca72e22495797fc', '0.003.007.149', 'ss_a', '', '', null, 'ff6eb52a08744320bc7255ec6ec142f5', '1', '0', 'default.png', '120'), ('73103a3f767e45fe925284f47e1dc0fe', '0.003.010.225.001.004.004', 'ss_a', '', '', null, 'ba3ae1b792564c52926b9e6185737780', '1', '0', 'default.png', '40'), ('73842ea9aff84bbaa90898cc64be3ab6', '0.003.012.297', 'ss_a', '', '', null, '9749060c72574c9ea5f279bb45885a27', '1', '0', 'default.png', '50'), ('73beb21c00454dba8b6ba5099dfef38e', '0.003.008.180.008', 'ss_a', '', '', null, '27240e39a91e431587e74d73562ddb13', '1', '0', 'default.png', '80'), ('73bfa184258241efa0446b7a09feac3f', '0.003.010.253', 'ss_a', '', '', null, 'e5ea16ae33514c43a5417440f1970a0a', '0', '0', 'folder2.png', '370'), ('743c31262abb4b29a7f4326ab398be34', '0.003.010.253.002', 'ss_a', '', '', null, '73bfa184258241efa0446b7a09feac3f', '1', '0', 'default.png', '20'), ('74658df043774a82a7657e7f99d6d6ef', '0.003.010.225.001.003', 'ss_a', '', '', null, 'b37d3d6ffdcd4efda8e14f92027e3edb', '0', '0', 'folder2.png', '30'), ('755295eff8744e5f93e9360e91bc12ec', '0.003.010.223.006.010', 'ss_a', '', '', null, '061fed69d2314950b22ad2ff053e5aed', '1', '0', 'default.png', '100'), ('75860722e0484afa8a8ba95c6613b709', '0.003.009.197.005', 'ss_a', '', '', null, '9811013aa5084117b04fb78a6db48030', '1', '0', 'default.png', '50'), ('76189b338913443aa65b7d3dc83cb549', '0.003.011', 'ss_a', '', '', null, 'eb1e0ffd3f5946fca35b23a2f7798c47', '0', '0', 'folder2.png', '110'), ('766a824162a14b3fa7a6808078a8ac8a', '0.003.009.211', 'ss_a', '', '', null, 'cbd91f27b5e04f4bad7b0e0f71ce8993', '1', '0', 'default.png', '280'), ('773310dd39964ba081b3db053a94e2ac', '0.003.010.222.002.008', 'ss_a', '', '', null, '43b2d7e605d2496683ab290fdba63975', '1', '0', 'default.png', '80'), ('7747e2bf7aa645a6ac8d3f43d37e259b', '0.003.002.008', 'ss_a', '', '', null, 'c68adc0394334bfa929c70f989789275', '0', '0', 'folder2.png', '40'), ('775a47f0a7544bbbaca9bec517cc6e1c', '0.003.012.293', 'ss_a', '', '', null, '9749060c72574c9ea5f279bb45885a27', '1', '0', 'default.png', '10'), ('77996256af164d4cb485847eaf9d121e', '0.003.005.089', 'ss_a', '', '', null, 'db912341ff7c46fb90cba85d6bc0825a', '1', '0', 'default.png', '190'), ('77ef62f7f6644cbba6c3011cac207b68', '0.003.005.084.001', 'ss_a', '', '', null, 'd62f9bba23364f50b79aceb519765066', '1', '0', 'default.png', '10'), ('78d1712bfe4546d1a23bfdd187cc475e', '0.003.010.230.001.006', 'ss_a', '', '', null, '354054eabcef490eaf2162a3864a69ad', '1', '0', 'default.png', '60'), ('795dccc155734ff28c5ce144f986b246', '0.003.009.206', 'ss_a', '', '', null, 'cbd91f27b5e04f4bad7b0e0f71ce8993', '1', '0', 'default.png', '230'), ('79b417931ffb4e1fa7a49af433d8becd', '0.003.003.023.002.003', 'ss_a', '', '', null, 'cab8972cecb3464b8766ade52aa5afdd', '1', '0', 'default.png', '30'), ('79b801e9b2994040ab08da8b9e7431f7', '0.003.003.024.002', 'ss_a', '', '', null, '30ff70c79797405abee2ef03471082f8', '1', '0', 'default.png', '20'), ('79b8db09bf144b84b0115e87d0e2e8b6', '0.003.002.010.003.005', 'ss_a', '', '', null, '40a0aa96bdad44a88929f140700183ce', '1', '0', 'default.png', '50'), ('7ac17da1cf4d48bbab48a1e712e54585', '0.003.011.279', 'ss_a', '', '', null, '76189b338913443aa65b7d3dc83cb549', '1', '0', 'default.png', '20'), ('7b0727ca43f64232ae869d4ec7632899', '0.003.010.260', 'ss_a', '', '', null, 'e5ea16ae33514c43a5417440f1970a0a', '1', '0', 'default.png', '440'), ('7b8801a08e20422aacf6d5a5a55b8e05', '0.003.010.245', 'ss_a', '', '', null, 'e5ea16ae33514c43a5417440f1970a0a', '1', '0', 'default.png', '290'), ('7c5c52dc7fe84faa86657506cbeb05c1', '0.003.004.058', 'ss_a', '', '', null, 'c0d4522d01b341d8bb037210aeec27a2', '1', '0', 'default.png', '210'), ('7c73335b484b46c0a30fda7799e568e1', '0.003.010.264', 'ss_a', '', '', null, 'e5ea16ae33514c43a5417440f1970a0a', '1', '0', 'default.png', '480'), ('7ca840d004044b15907053a7ab5ef744', '0.003.008.155', 'ss_a', '', '', null, 'baf03d4d64ee43058ed87fd53fcaa6f1', '1', '0', 'default.png', '60');
INSERT INTO `ss_checkjob_checkitem_copy` VALUES ('7cb2f53597894a938a2ecbd7e142e350', '0.003.009.203', 'ss_a', '', '', null, 'cbd91f27b5e04f4bad7b0e0f71ce8993', '1', '0', 'default.png', '200'), ('7cba9759d04742b18f90fc4fa08721e7', '0.003.010.222.002.006', 'ss_a', '', '', null, '43b2d7e605d2496683ab290fdba63975', '1', '0', 'default.png', '60'), ('7dcee87f47794a91a29eb36e22070de6', '0.003.008.170.002.006', 'ss_a', '', '', null, '27d99e9f3a5e4e9cbe6b254c05c23be9', '1', '0', 'default.png', '60'), ('7eabb08027b04b3bad5e1a8fc07a0732', '0.003.010.225.001.001', 'ss_a', '', '', null, 'b37d3d6ffdcd4efda8e14f92027e3edb', '1', '0', 'default.png', '10'), ('7ee8520a63ea40fbb5a44a72aedd8542', '0.003.004.040', 'ss_a', '', '', null, 'c0d4522d01b341d8bb037210aeec27a2', '1', '0', 'default.png', '30'), ('7efd7f6c80b24c4b9206a42206265bbb', '0.003.003.033', 'ss_a', '', '', null, '18ab8dcf7740492ca667eb9fb0bdc864', '1', '0', 'default.png', '180'), ('7f4192caefb348eea56d711039d4c4b9', '0.003.008.170.003.002', 'ss_a', '', '', null, '505a5ceada204646bb0c10c6db4a5b90', '1', '0', 'default.png', '20'), ('7f5defb0bc974d36ba1f5d1ee77aa087', '0.003.010.230.001.004', 'ss_a', '', '', null, '354054eabcef490eaf2162a3864a69ad', '1', '0', 'default.png', '40'), ('7fc92604383e4b5eb13efb50c882ea05', '0.003.008.183.009', 'ss_a', '', '', null, 'af27c55ad4fb42f8b366ebbc5a8567c4', '1', '0', 'default.png', '90'), ('801d176730eb42ba9476f6d627605ca9', '0.003.008.170.002.002', 'ss_a', '', '', null, '27d99e9f3a5e4e9cbe6b254c05c23be9', '1', '0', 'default.png', '20'), ('81418e427c9b439dba47d38b551c4aa6', '0.003.010.223.002.003', 'ss_a', '', '', null, 'cb5e5e98b4fe43968c91f3ca6e39a3b1', '1', '0', 'default.png', '30'), ('81ca0d1ef2244140bf1f381edc9fd1d7', '0.003.007.142', 'ss_a', '', '', null, 'ff6eb52a08744320bc7255ec6ec142f5', '1', '0', 'default.png', '50'), ('823ea6c2bb1146cb974a1f88627f97cc', '0.003.010.241', 'ss_a', '', '', null, 'e5ea16ae33514c43a5417440f1970a0a', '1', '0', 'default.png', '250'), ('82b05bfdedc74b0390a2e56305cd37c1', '0.003.009.197.009', 'ss_a', '', '', null, '9811013aa5084117b04fb78a6db48030', '1', '0', 'default.png', '90'), ('8339f698c8944a55a1e13af47485aa06', '0.003.004.060', 'ss_a', '', '', null, 'c0d4522d01b341d8bb037210aeec27a2', '1', '0', 'default.png', '230'), ('83fd054fd20e44359f898816c0297104', '0.003.006.133.001', 'ss_a', '', '', null, 'd1cf71e1c8f84a42b3716e61d4c389c8', '1', '0', 'default.png', '10'), ('8472f241590d4d38984a1cf6520585ab', '0.003.003.024.005', 'ss_a', '', '', null, '30ff70c79797405abee2ef03471082f8', '1', '0', 'default.png', '50'), ('850dfc1b012e464a8e24efe8568dd8d6', '0.003.006.119', 'ss_a', '', '', null, 'aad3ac1a1a5b4da3b4e43d4102dbbed9', '0', '0', 'folder2.png', '180'), ('853ecdd98d3048c3a0bf3d4773bcdfda', '0.003.002.010.010', 'ss_a', '', ';', null, 'd1a1a600ce354a6ca99dcf7eb3998695', '1', '0', 'default.png', '100'), ('85857e7ad00a489694c171545108b51d', '0.003.008.179', 'ss_a', '', '', null, 'baf03d4d64ee43058ed87fd53fcaa6f1', '1', '0', 'default.png', '300'), ('85b3c3f90f374d0697203446b464e44c', '0.003.012.296', 'ss_a', '', '', null, '9749060c72574c9ea5f279bb45885a27', '1', '0', 'default.png', '40'), ('85c01be5af524b589733f0d0743d26d5', '0.003.002.006', 'ss_a', '', '', null, 'c68adc0394334bfa929c70f989789275', '1', '0', 'default.png', '20'), ('8626fdaeefa64aa28ce1bcc41c8c8488', '0.003.010.234.008', 'ss_a', '', '', null, '9e5ea3ab16184876863a96f59cb37c29', '1', '0', 'default.png', '80'), ('865e28af48984acb97611fae7df91f88', '0.003.011.292', 'ss_a', '', '', null, '76189b338913443aa65b7d3dc83cb549', '1', '0', 'default.png', '150'), ('86b52d935dfc4ab9a587cbcf5f7feae1', '0.003.009.184', 'ss_a', '', '', null, 'cbd91f27b5e04f4bad7b0e0f71ce8993', '1', '0', 'default.png', '10'), ('87d922c87449409e94af94446eb3bd68', '0.003.004.048.002', 'ss_a', '', 'D', null, '348fe09d7b5c46dc9c8f842886976d55', '1', '0', 'default.png', '20'), ('88cf543d33dc45cba71012c04bbd17ba', '0.003.009.196', 'ss_a', '', '', null, 'cbd91f27b5e04f4bad7b0e0f71ce8993', '1', '0', 'default.png', '130'), ('89796decc44745c395faa70bfe41aa9b', '0.003.010.222.002.010', 'ss_a', '', '', null, '43b2d7e605d2496683ab290fdba63975', '1', '0', 'default.png', '100'), ('89b48008f420404d92f6932db5f03239', '0.003.010.273', 'ss_a', '', '', null, 'e5ea16ae33514c43a5417440f1970a0a', '1', '0', 'default.png', '570'), ('8a2ce512289e42aa9ee4b4f5cd5fd2fe', '0.003.010.266.002.007', 'ss_a', '', '', null, '523844c52a6d48b88327de4eaf675792', '1', '0', 'default.png', '70'), ('8a39cc8902694c4b93a415154d8ae805', '0.003.004.059', 'ss_a', '', '', null, 'c0d4522d01b341d8bb037210aeec27a2', '1', '0', 'default.png', '220'), ('8a4bf3be4c1641439ed85abcf5bfe759', '0.003.007.140.002', 'ss_a', '', '', null, '9459c44eb06e4d698bc86d9e45b8995f', '1', '0', 'default.png', '20'), ('8ae373a6baa942c89de22aedd06c065d', '0.003.003.023.002.001', 'ss_a', '', '', null, 'cab8972cecb3464b8766ade52aa5afdd', '1', '0', 'default.png', '10'), ('8b24bde8caa146518a8778e8f61c04c9', '0.003.010.272', 'ss_a', '', '', null, 'e5ea16ae33514c43a5417440f1970a0a', '1', '0', 'default.png', '560'), ('8b2e4f49b81c467596c030b696e55ec6', '0.003.009.199', 'ss_a', '', '', null, 'cbd91f27b5e04f4bad7b0e0f71ce8993', '0', '0', 'folder2.png', '160'), ('8bb06f3ad82545ffb0b387d723442bc3', '0.003.012.294', 'ss_a', '', '', null, '9749060c72574c9ea5f279bb45885a27', '1', '0', 'default.png', '20'), ('8ca48b9e58384060a08aa39bfbc14b48', '0.003.004.046.004', 'ss_a', '', '', null, '646cc50840244f55982cdddad599b133', '1', '0', 'default.png', '40'), ('8d459793fbda4ca0b094278e8d0910ca', '0.003.001.002', 'ss_a', '', '', null, '2324d2d6fb9949c7abb19c4c45587207', '0', '0', 'folder2.png', '20'), ('8da5bf212a654ecaa2292411fe68a096', '0.003.006.106.002.005', 'ss_a', '', '', null, '99e1819ec61e4b539c244bcb95686e60', '1', '0', 'default.png', '50'), ('8daa22e6661643b3b60316c0f6c62ead', '0.003.005.078', 'ss_a', '', '', null, 'db912341ff7c46fb90cba85d6bc0825a', '1', '0', 'default.png', '80'), ('8e0a0c9ef3bf4348b5be414fa164dbcd', '0.003.007.140.004', 'ss_a', '', '', null, '9459c44eb06e4d698bc86d9e45b8995f', '1', '0', 'default.png', '40'), ('8f0412c3f50e4cdfb5da626e339f6fa7', '0.003.005.091', 'ss_a', '', '', null, 'db912341ff7c46fb90cba85d6bc0825a', '1', '0', 'default.png', '210'), ('8f39f1cba9914e5ebbdd3486cb2c87f2', '0.003.006.102.002', 'ss_a', '', '', null, '69eef02c1a474f44b73c6393c65833c2', '1', '0', 'default.png', '20'), ('8f60e02df6e44f0d942d909f3f87f8f4', '0.003.008.170.003.001', 'ss_a', '', '', null, '505a5ceada204646bb0c10c6db4a5b90', '1', '0', 'default.png', '10'), ('907a767787af48f49e172362926234f5', '0.003.005.072', 'ss_a', '', '', null, 'db912341ff7c46fb90cba85d6bc0825a', '1', '0', 'default.png', '20'), ('90a104a62cb4461ea874132ec252efa5', '0.003.002.010.004', 'ss_a', '', '', null, 'd1a1a600ce354a6ca99dcf7eb3998695', '1', '0', 'default.png', '40'), ('91d42e23ae3140669da49cdde63bfc62', '0.003.008.180.002', 'ss_a', '', '', null, '27240e39a91e431587e74d73562ddb13', '1', '0', 'default.png', '20'), ('91ed9701c2754788b98f88bbbc30a71d', '0.003.009.201.001', 'ss_a', '', '', null, 'ab2aeacbef644038bedce9b7ce0d6a37', '1', '0', 'default.png', '10'), ('91f0ee74b1854f16b13ac9a54ffe03dc', '0.003.003.023.002.005', 'ss_a', '', '', null, 'cab8972cecb3464b8766ade52aa5afdd', '1', '0', 'default.png', '50'), ('92ea9dd5c24940348e94a059daacefac', '0.003.003.025.002.003', 'ss_a', '', '2', null, 'dae6bf77adbb42d0aaf88dd4c59048f4', '1', '0', 'default.png', '30'), ('937a4020df8a400d8d3deedec659798f', '0.003.008.162.001', 'ss_a', '', '', null, 'c7a7a5dad6a84d1e8e8680867fa010e3', '1', '0', 'default.png', '10'), ('93b6f9f8615f40e3beb042ac3d1924d3', '0.003.010.227.002', 'ss_a', '', '', null, '097063939f1c422c9a1e9c7ac1347c27', '1', '0', 'default.png', '20'), ('9459c44eb06e4d698bc86d9e45b8995f', '0.003.007.140', 'ss_a', '', '', null, 'ff6eb52a08744320bc7255ec6ec142f5', '0', '0', 'folder2.png', '30'), ('94b585a47b8b426897b1320574a0cb7e', '0.003.003.034', 'ss_a', '', '', null, '18ab8dcf7740492ca667eb9fb0bdc864', '0', '0', 'folder2.png', '190'), ('95dbb97291af4957b02ec791f3f234ca', '0.003.008.170.002.003', 'ss_a', '', '', null, '27d99e9f3a5e4e9cbe6b254c05c23be9', '1', '0', 'default.png', '30'), ('95e71c576b434a3e93f22737abc20c88', '0.003.010.266.002.008', 'ss_a', '', '', null, '523844c52a6d48b88327de4eaf675792', '1', '0', 'default.png', '80'), ('96ad0cac8d0649aa9505185dcf805491', '0.003.001.001', 'ss_a', '', '', null, '2324d2d6fb9949c7abb19c4c45587207', '1', '0', 'default.png', '10'), ('96d0c52d111148159b86f36e5c0cb7da', '0.003.003.025.002.001', 'ss_a', '', '', null, 'dae6bf77adbb42d0aaf88dd4c59048f4', '1', '0', 'default.png', '10'), ('96deb86dde1145f485b22644d510ada4', '0.003.010.266.002.009', 'ss_a', '', '', null, '523844c52a6d48b88327de4eaf675792', '1', '0', 'default.png', '90'), ('96e872a7922842baad9a7f99712394ed', '0.003.010.230.001.005', 'ss_a', '', '', null, '354054eabcef490eaf2162a3864a69ad', '1', '0', 'default.png', '50'), ('97003585193849b7a1661e1b8afe6f94', '0.003.003.022.003.006', 'ss_a', '', '', null, '5804d3ba08a641399ab7ef4ac5d6735c', '1', '0', 'default.png', '60'), ('970fb6b3a4bb4a40b872c35ea797eee7', '0.003.006.106', 'ss_a', '', '', null, 'aad3ac1a1a5b4da3b4e43d4102dbbed9', '0', '0', 'folder2.png', '50'), ('9749060c72574c9ea5f279bb45885a27', '0.003.012', 'ss_a', '', '', null, 'eb1e0ffd3f5946fca35b23a2f7798c47', '0', '0', 'folder2.png', '120'), ('974b43cd9b294fb78a053f570176d93b', '0.003.003.024.004', 'ss_a', '', '', null, '30ff70c79797405abee2ef03471082f8', '1', '0', 'default.png', '40'), ('978a6dbef37c4232949a59565b3d5e58', '0.003.008.183.010', 'ss_a', '', '', null, 'af27c55ad4fb42f8b366ebbc5a8567c4', '1', '0', 'default.png', '100'), ('97e296dae88242d6a170220c39bcc95f', '0.003.003.023.001.001', 'ss_a', '', '', null, '9ff6516cbcd4467987ababfbcc1d7056', '1', '0', 'default.png', '10'), ('9811013aa5084117b04fb78a6db48030', '0.003.009.197', 'ss_a', '', '', null, 'cbd91f27b5e04f4bad7b0e0f71ce8993', '0', '0', 'folder2.png', '140'), ('9822118068af43919cd245bf8d1f33e0', '0.003.010.247', 'ss_a', '', '', null, 'e5ea16ae33514c43a5417440f1970a0a', '1', '0', 'default.png', '310'), ('98caa5d1bcf145218d9910687db6ef8f', '0.003.008.170.001.002', 'ss_a', '', '', null, 'ecb749656a80416a82b35c02c1be1e6a', '1', '0', 'default.png', '20'), ('99c71a6a15ef496686012f9a8fdee8e9', '0.003.005.093', 'ss_a', '', '', null, 'db912341ff7c46fb90cba85d6bc0825a', '1', '0', 'default.png', '230'), ('99d7edce55c545c093fdbe6d606760c0', '0.003.003.034.001', 'ss_a', '', '', null, '94b585a47b8b426897b1320574a0cb7e', '1', '0', 'default.png', '10'), ('99e1819ec61e4b539c244bcb95686e60', '0.003.006.106.002', 'ss_a', '', '', null, '970fb6b3a4bb4a40b872c35ea797eee7', '0', '0', 'folder2.png', '20'), ('9a3d10ae835c467194e9f66d2869cb73', '0.003.008.168', 'ss_a', '', '', null, 'baf03d4d64ee43058ed87fd53fcaa6f1', '1', '0', 'default.png', '190'), ('9afe6292eed84760b4f8851bb11d3999', '0.003.010.262', 'ss_a', '', '', null, 'e5ea16ae33514c43a5417440f1970a0a', '1', '0', 'default.png', '460'), ('9c02a0190c0449fd9b7b49ad2df649a5', '0.003.010.222.004', 'ss_a', '', '', null, '4a30ae096a2d469086ef62b55c1f3d57', '1', '0', 'default.png', '40'), ('9c3ccbcf90bc494786f080d2b8f7fa4c', '0.003.003.020.001', 'ss_a', '', '', null, '702ec11db90c491c95575f2eaee10f6e', '1', '0', 'default.png', '10'), ('9c496ad57e4e4d1e96e6f4ac501802b0', '0.003.010.263', 'ss_a', '', '', null, 'e5ea16ae33514c43a5417440f1970a0a', '1', '0', 'default.png', '470'), ('9c638ba5adcc4a29aabc78d90cc53d58', '0.003.003.020.003', 'ss_a', '', '', null, '702ec11db90c491c95575f2eaee10f6e', '1', '0', 'default.png', '30'), ('9c952a7f1e1044a687f073a737fc8179', '0.003.010.223.005', 'ss_a', '', '', null, '57de58f1774d4f90852961a935310aef', '1', '0', 'default.png', '50'), ('9cad5efef18a472184e69f752496b4b9', '0.003.003.023.002.014', 'ss_a', '', '', null, 'cab8972cecb3464b8766ade52aa5afdd', '1', '0', 'default.png', '150'), ('9d9a9b61accf43169eee6c1366c04b34', '0.003.005.095', 'ss_a', '', '', null, 'db912341ff7c46fb90cba85d6bc0825a', '0', '0', 'folder2.png', '250'), ('9da1787394a24c68a88bb317934bbb89', '0.003.006.134.001', 'ss_a', '', '', null, 'a35147e95d464685a931e24bb067a7a7', '1', '0', 'default.png', '10'), ('9dffab413bf7403188f8d8d7571a2f8c', '0.003.008.183.006', 'ss_a', '', '', null, 'af27c55ad4fb42f8b366ebbc5a8567c4', '1', '0', 'default.png', '60'), ('9e5ea3ab16184876863a96f59cb37c29', '0.003.010.234', 'ss_a', '', '', null, 'e5ea16ae33514c43a5417440f1970a0a', '0', '0', 'folder2.png', '180'), ('9e75610a6e974237b97493af4524543b', '0.003.011.281.001', 'ss_a', '', '', null, 'd70605b58e88439fb3a00bcdbaeda7bf', '1', '0', 'default.png', '10'), ('9eb7f6dae4834fd1916b413d7312de2b', '0.003.010.221.004', 'ss_a', '', '', null, 'e898bdbbc2324cd49340cef20a89c8f8', '1', '0', 'default.png', '40'), ('9ec94a0622314aa2943cde74ab6bb7df', '0.003.005.101', 'ss_a', '', '', null, 'db912341ff7c46fb90cba85d6bc0825a', '0', '0', 'folder2.png', '310'), ('9f11b4b9d1ac438ebc7be137867c13e1', '0.003.008.170.003.007', 'ss_a', '', '', null, '505a5ceada204646bb0c10c6db4a5b90', '1', '0', 'default.png', '70'), ('9f8201fc2b084be29df0ec93feceeb8c', '0.003.002.010.003.003', 'ss_a', '', '', null, '40a0aa96bdad44a88929f140700183ce', '1', '0', 'default.png', '30'), ('9faed470a7874cd8b96fd24940e3ebf2', '0.003.012.304', 'ss_a', '', '', null, '9749060c72574c9ea5f279bb45885a27', '1', '0', 'default.png', '120'), ('9ff6516cbcd4467987ababfbcc1d7056', '0.003.003.023.001', 'ss_a', '', '', null, '51e4493425074894a863dae4d80dcb0c', '0', '0', 'folder2.png', '10'), ('a09d87ce110240adbc5a959f9b46b4ed', '0.003.002.007', 'ss_a', '', '', null, 'c68adc0394334bfa929c70f989789275', '1', '0', 'default.png', '30'), ('a0cf430b1e0a4f1a8abce51fcb275599', '0.003.010.225.001.003.001', 'ss_a', '', '', null, '74658df043774a82a7657e7f99d6d6ef', '1', '0', 'default.png', '10'), ('a146dd23950d475db819cc05033a5339', '0.003.003.032', 'ss_a', '', '', null, '18ab8dcf7740492ca667eb9fb0bdc864', '1', '0', 'default.png', '170'), ('a28be3e190da4ced8b3cb8a30a59ac73', '0.003.009.193', 'ss_a', '', '', null, 'cbd91f27b5e04f4bad7b0e0f71ce8993', '1', '0', 'default.png', '100'), ('a2a82a2044244055ad3f34b857b91dd0', '0.003.003.031.001', 'ss_a', '', '', null, '3b83a4447ff94f0cbd40d259b2845439', '1', '0', 'default.png', '10'), ('a2b1565c3eb8487098e5910d4cd930a3', '0.003.010.253.006', 'ss_a', '', '', null, '73bfa184258241efa0446b7a09feac3f', '1', '0', 'default.png', '60'), ('a34f8687b96340369304d06c9a755119', '0.003.012.301', 'ss_a', '', '', null, '9749060c72574c9ea5f279bb45885a27', '1', '0', 'default.png', '90'), ('a35147e95d464685a931e24bb067a7a7', '0.003.006.134', 'ss_a', '', '', null, 'aad3ac1a1a5b4da3b4e43d4102dbbed9', '0', '0', 'folder2.png', '330'), ('a3641488ac1344d5a02315dc540393b6', '0.003.009.209', 'ss_a', '', '', null, 'cbd91f27b5e04f4bad7b0e0f71ce8993', '1', '0', 'default.png', '260'), ('a3c1d3a5a4664a2aae928ec175b359d3', '0.003.010.221.001.005', 'ss_a', '', '', null, '33e7911066554cd3a3d8227aa775f138', '1', '0', 'default.png', '50'), ('a3f95fe0ff4a4df7991130fbaaf91543', '0.003.010.234.003', 'ss_a', '', '', null, '9e5ea3ab16184876863a96f59cb37c29', '1', '0', 'default.png', '30'), ('a416287ac6dc439da09531bf6e88a9b6', '0.003.009.200', 'ss_a', '', '', null, 'cbd91f27b5e04f4bad7b0e0f71ce8993', '1', '0', 'default.png', '170'), ('a429456c50714c4ca646146024656915', '0.003.006.125', 'ss_a', '', '', null, 'aad3ac1a1a5b4da3b4e43d4102dbbed9', '1', '0', 'default.png', '240'), ('a43f86668c3441c69c795e1188320eb5', '0.003.007.143', 'ss_a', '', '', null, 'ff6eb52a08744320bc7255ec6ec142f5', '1', '0', 'default.png', '60'), ('a628a5ab3a344ac388172200a81d11ad', '0.003.003.024.010', 'ss_a', '', '', null, '30ff70c79797405abee2ef03471082f8', '1', '0', 'default.png', '100'), ('a629a587321449fe9b6ff98a51465e3c', '0.003.002.010.006', 'ss_a', '', '', null, 'd1a1a600ce354a6ca99dcf7eb3998695', '1', '0', 'default.png', '60'), ('a67e6ea4b460461cbe0a8ace3f0a6b1a', '0.003.009.195', 'ss_a', '', '', null, 'cbd91f27b5e04f4bad7b0e0f71ce8993', '1', '0', 'default.png', '120'), ('a751fb25ea6143a789d4025bfc5cb466', '0.003.005.098', 'ss_a', '', '', null, 'db912341ff7c46fb90cba85d6bc0825a', '0', '0', 'folder2.png', '280'), ('a8a2e50c07e14690858984b7052abe7b', '0.003.009.213.005', 'ss_a', '', '', null, '0fa96b431b3c4d3096ea95c9945e369d', '1', '0', 'default.png', '50'), ('a8e68a22bab4412098de7698b086f9fc', '0.003.008.171', 'ss_a', '', '', null, 'baf03d4d64ee43058ed87fd53fcaa6f1', '1', '0', 'default.png', '220'), ('a9b72a3e00a74b2c9e5c8b054fa48587', '0.003.003.022.003.003', 'ss_a', '', '', null, '5804d3ba08a641399ab7ef4ac5d6735c', '1', '0', 'default.png', '30'), ('aa26b2b703234852b88fcb6efd023cc2', '0.003.004.046.001', 'ss_a', '', '', null, '646cc50840244f55982cdddad599b133', '1', '0', 'default.png', '10'), ('aac09bcaaea04401aaa03624cc06e824', '0.003.009.205', 'ss_a', '', '', null, 'cbd91f27b5e04f4bad7b0e0f71ce8993', '1', '0', 'default.png', '220'), ('aad3ac1a1a5b4da3b4e43d4102dbbed9', '0.003.006', 'ss_a', '', '', null, 'eb1e0ffd3f5946fca35b23a2f7798c47', '0', '0', 'folder2.png', '60'), ('aae1caa47c1f49c497a18f6d7e6e1b9f', '0.003.003.027.001', 'ss_a', '', '', null, 'e6b95c4c50c7418cbbb0fe663b0c2087', '1', '0', 'default.png', '10'), ('ab268b5261354918929a040cf2843203', '0.003.006.115', 'ss_a', '', '', null, 'aad3ac1a1a5b4da3b4e43d4102dbbed9', '1', '0', 'default.png', '140'), ('ab2aeacbef644038bedce9b7ce0d6a37', '0.003.009.201', 'ss_a', '', '', null, 'cbd91f27b5e04f4bad7b0e0f71ce8993', '0', '0', 'folder2.png', '180'), ('acde633d9d754e64912b7340f7d11414', '0.003.005.087', 'ss_a', '', '', null, 'db912341ff7c46fb90cba85d6bc0825a', '1', '0', 'default.png', '170'), ('acdfb25d6fca4cdaab17f5d63aad7a0a', '0.003.010.221.001.006', 'ss_a', '', '', null, '33e7911066554cd3a3d8227aa775f138', '1', '0', 'default.png', '60'), ('adebb43766d740fc9115509f71fdb89c', '0.003.010.222.002.003', 'ss_a', '', '', null, '43b2d7e605d2496683ab290fdba63975', '1', '0', 'default.png', '30'), ('ae051185bc3a498e85568b030b8b98ab', '0.003.008.151', 'ss_a', '', '', null, 'baf03d4d64ee43058ed87fd53fcaa6f1', '1', '0', 'default.png', '20'), ('ae210b502a4f47a9a9faab5a82c7682c', '0.003.011.289', 'ss_a', '', '', null, '76189b338913443aa65b7d3dc83cb549', '0', '0', 'folder2.png', '120'), ('ae287f2ffa7a44d087629e3ad486f3fe', '0.003.010.233', 'ss_a', '', '', null, 'e5ea16ae33514c43a5417440f1970a0a', '1', '0', 'default.png', '170'), ('ae2e67112eea40938d4e1dc45b6b5c15', '0.003.010.225', 'ss_a', '', '', null, 'e5ea16ae33514c43a5417440f1970a0a', '0', '0', 'folder2.png', '90'), ('ae7a64952068457ca60f6c5771a0b0cb', '0.003.008.170.003.005', 'ss_a', '', '', null, '505a5ceada204646bb0c10c6db4a5b90', '1', '0', 'default.png', '50'), ('aea7395ba87f48a6880095042d10d74e', '0.003.008.175.003', 'ss_a', '', '', null, 'bd822e547bad4586ac0493776a0f89e6', '1', '0', 'default.png', '30'), ('aeaa779e824d487281ef7b53ca086b67', '0.003.010.269', 'ss_a', '', '', null, 'e5ea16ae33514c43a5417440f1970a0a', '1', '0', 'default.png', '530'), ('af06a3239a724678b089c2ad41fa58c7', '0.003.010.230.002', 'ss_a', '', '', null, 'f8ff0293102a4fa8a3cface3ceb33dbd', '1', '0', 'default.png', '20'), ('af27c55ad4fb42f8b366ebbc5a8567c4', '0.003.008.183', 'ss_a', '', '', null, 'baf03d4d64ee43058ed87fd53fcaa6f1', '0', '0', 'folder2.png', '340'), ('afbf0f389d644b02b3a83e0210e325ca', '0.003.006.105', 'ss_a', '', '', null, 'aad3ac1a1a5b4da3b4e43d4102dbbed9', '1', '0', 'default.png', '40'), ('affef3568b7b4565aff3e8f84811b47f', '0.003.010.252', 'ss_a', '', '', null, 'e5ea16ae33514c43a5417440f1970a0a', '1', '0', 'default.png', '360'), ('b0cc314bdff2445db79244ddffbd628d', '0.003.003.024.009', 'ss_a', '', '', null, '30ff70c79797405abee2ef03471082f8', '1', '0', 'default.png', '90'), ('b0eed5791124485bac83ed89ccb011cd', '0.003.006.106.002.001', 'ss_a', '', '', null, '99e1819ec61e4b539c244bcb95686e60', '1', '0', 'default.png', '10'), ('b16a7a2f9d804a749fa583e41a5581c7', '0.003.005.080', 'ss_a', '', '', null, 'db912341ff7c46fb90cba85d6bc0825a', '1', '0', 'default.png', '100'), ('b1abbb2ce98a4253b065ac94acdff13b', '0.003.003.030.001', 'ss_a', '', '', null, '01cafe8e25f740538f0e9b57bd64bba5', '1', '0', 'default.png', '10'), ('b1c722a9d2d24d2cbe7f65bb5ade0a88', '0.003.010.254', 'ss_a', '', '', null, 'e5ea16ae33514c43a5417440f1970a0a', '1', '0', 'default.png', '380'), ('b20e7020c78248c7afc6c818bce61446', '0.003.004.051', 'ss_a', '', '', null, 'c0d4522d01b341d8bb037210aeec27a2', '1', '0', 'default.png', '140'), ('b24cd627d143431e96f91e08f79c8ef5', '0.003.003.023.002.009', 'ss_a', '', '', null, 'cab8972cecb3464b8766ade52aa5afdd', '1', '0', 'default.png', '90'), ('b37d3d6ffdcd4efda8e14f92027e3edb', '0.003.010.225.001', 'ss_a', '', '', null, 'ae2e67112eea40938d4e1dc45b6b5c15', '0', '0', 'folder2.png', '10'), ('b382d4b2470745e09d0c01cc3c8bbd8b', '0.003.008.170.002.007', 'ss_a', '', '', null, '27d99e9f3a5e4e9cbe6b254c05c23be9', '1', '0', 'default.png', '70'), ('b4f28e34037b4d19975c4eb63c737c37', '0.003.010.253.001', 'ss_a', '', '', null, '73bfa184258241efa0446b7a09feac3f', '1', '0', 'default.png', '10'), ('b69679d9c52047b6a04283bbbf6ca4f7', '0.003.009.204', 'ss_a', '', '', null, 'cbd91f27b5e04f4bad7b0e0f71ce8993', '1', '0', 'default.png', '210'), ('b6dbf6579b834b0a96860cdaca666c7d', '0.003.012.302', 'ss_a', '', '', null, '9749060c72574c9ea5f279bb45885a27', '1', '0', 'default.png', '100'), ('b86e364ba05a44cd83a15c4d6c9b96b5', '0.003.010.251', 'ss_a', '', '', null, 'e5ea16ae33514c43a5417440f1970a0a', '1', '0', 'default.png', '350'), ('b8aabaf414814ed8bdee66d74fcf349c', '0.003.010.234.004', 'ss_a', '', '', null, '9e5ea3ab16184876863a96f59cb37c29', '1', '0', 'default.png', '40'), ('b8ca9732296e49778f27d23cebc67d5c', '0.003.010.223.006.003', 'ss_a', '', '', null, '061fed69d2314950b22ad2ff053e5aed', '1', '0', 'default.png', '30'), ('b91cb851cf7142d3be3864826aa8f9db', '0.003.006.111', 'ss_a', '', '', null, 'aad3ac1a1a5b4da3b4e43d4102dbbed9', '1', '0', 'default.png', '100'), ('b94068ad64be4f36a9a1db38c8e323e3', '0.003.010.220', 'ss_a', '', '', null, 'e5ea16ae33514c43a5417440f1970a0a', '1', '0', 'default.png', '40'), ('b97ce6566c7241fb93ef29ec040d95ab', '0.003.009.216', 'ss_a', '', '', null, 'cbd91f27b5e04f4bad7b0e0f71ce8993', '1', '0', 'default.png', '330'), ('b9f5175f3fd34d5abf195876085d4376', '0.003.010.221.001.001', 'ss_a', '', '', null, '33e7911066554cd3a3d8227aa775f138', '1', '0', 'default.png', '10'), ('ba15563c4e5f4ff58bcef2c67c2bf955', '0.003.008.161', 'ss_a', '', '', null, 'baf03d4d64ee43058ed87fd53fcaa6f1', '1', '0', 'default.png', '120'), ('ba1b151180b24c4db07f9d4599f18999', '0.003.010.222.006', 'ss_a', '', '', null, '4a30ae096a2d469086ef62b55c1f3d57', '1', '0', 'default.png', '60'), ('ba3ae1b792564c52926b9e6185737780', '0.003.010.225.001.004', 'ss_a', '', '', null, 'b37d3d6ffdcd4efda8e14f92027e3edb', '0', '0', 'folder2.png', '40'), ('ba4a6153b64b4dcfb6943000b2a0f82f', '0.003.002.009.001', 'ss_a', '', '', null, '567d2749135e43c1a4ce3f1240bbb538', '1', '0', 'default.png', '10'), ('ba4fa61ab4a446018c04ac0ae8d052d5', '0.003.010.266.002.010', 'ss_a', '', '', null, '523844c52a6d48b88327de4eaf675792', '1', '0', 'default.png', '100'), ('baa9d6bb315e416fa72dd3038c340bfd', '0.003.003.024.006', 'ss_a', '', '', null, '30ff70c79797405abee2ef03471082f8', '1', '0', 'default.png', '60'), ('bae4a6a560e04f818a15997377c42a8d', '0.003.008.175.006', 'ss_a', '', '', null, 'bd822e547bad4586ac0493776a0f89e6', '1', '0', 'default.png', '60'), ('baf03d4d64ee43058ed87fd53fcaa6f1', '0.003.008', 'ss_a', '', '', null, 'eb1e0ffd3f5946fca35b23a2f7798c47', '0', '0', 'folder2.png', '80'), ('bb41ab918eba441fa3c7b8da5cba792f', '0.003.011.284', 'ss_a', '', '', null, '76189b338913443aa65b7d3dc83cb549', '1', '0', 'default.png', '70'), ('bb797c8b886b4cad86b05bc65b94c807', '0.003.007.148', 'ss_a', '', '', null, 'ff6eb52a08744320bc7255ec6ec142f5', '1', '0', 'default.png', '110'), ('bc008f2cc84b49709b64465f576ec160', '0.003.010.228', 'ss_a', '', '', null, 'e5ea16ae33514c43a5417440f1970a0a', '1', '0', 'default.png', '120'), ('bc1cec0166824e059d1e93372b49f4a6', '0.003.010.223.006.007', 'ss_a', '', '', null, '061fed69d2314950b22ad2ff053e5aed', '1', '0', 'default.png', '70'), ('bcb9babc67fd4e1abf3d41ce822a232a', '0.003.008.165.005', 'ss_a', '', '', null, 'cd5644684ce646c1bab34c93b578d6ab', '1', '0', 'default.png', '50'), ('bd274ea7d3a84536b47e2f9aa14f5005', '0.003.004.061.002', 'ss_a', '', '', null, '5f01a9476a954dbaace9c044e9a70f9e', '1', '0', 'default.png', '20'), ('bd822e547bad4586ac0493776a0f89e6', '0.003.008.175', 'ss_a', '', '', null, 'baf03d4d64ee43058ed87fd53fcaa6f1', '0', '0', 'folder2.png', '260'), ('be60792440cc4dfca846b3e673ebf2a4', '0.003.002.005.002', 'ss_a', '', '', null, '5d89ecc0558e46ebbf301ab4e933d435', '1', '0', 'default.png', '20'), ('be6f1441f6df4178bc588499f5ddb5fc', '0.003.010.225.001.003.005', 'ss_a', '', '', null, '74658df043774a82a7657e7f99d6d6ef', '1', '0', 'default.png', '50'), ('be77637766234dea9607e4fe0f5ad76f', '0.003.002.010.005', 'ss_a', '', '', null, 'd1a1a600ce354a6ca99dcf7eb3998695', '1', '0', 'default.png', '50'), ('c0ccb55e74bf47ce9cbda41be7c56107', '0.003.006.106.002.003', 'ss_a', '', '', null, '99e1819ec61e4b539c244bcb95686e60', '1', '0', 'default.png', '30'), ('c0d37596b88e4e2a954a90ba4a7af153', '0.003.010.225.001.003.004', 'ss_a', '', '', null, '74658df043774a82a7657e7f99d6d6ef', '1', '0', 'default.png', '40'), ('c0d4522d01b341d8bb037210aeec27a2', '0.003.004', 'ss_a', '', '', null, 'eb1e0ffd3f5946fca35b23a2f7798c47', '0', '0', 'folder2.png', '40'), ('c11fc6aca90540078c7a80511d486ef8', '0.003.004.069', 'ss_a', '', '', null, 'c0d4522d01b341d8bb037210aeec27a2', '1', '0', 'default.png', '320'), ('c14818e248e3456c8f63091716d6a363', '0.003.003.024.003', 'ss_a', '', '', null, '30ff70c79797405abee2ef03471082f8', '1', '0', 'default.png', '30'), ('c16e14b1c9c548c08bc2c5d2e097b182', '0.003.010.258', 'ss_a', '', '', null, 'e5ea16ae33514c43a5417440f1970a0a', '1', '0', 'default.png', '420'), ('c1b2e44ecf974dc4becd61dc6404c5e7', '0.003.008.157', 'ss_a', '', '', null, 'baf03d4d64ee43058ed87fd53fcaa6f1', '1', '0', 'default.png', '80'), ('c1b982139b9147dfb599137366c9f2f6', '0.003.002.012', 'ss_a', '', '', null, 'c68adc0394334bfa929c70f989789275', '0', '0', 'folder2.png', '80'), ('c1eabd3626454705a12147415ec01d66', '0.003.007.139', 'ss_a', '', '', null, 'ff6eb52a08744320bc7255ec6ec142f5', '1', '0', 'default.png', '20'), ('c220e0481d2641cd8770cc4adae3f76a', '0.003.010.266.002.003', 'ss_a', '', '', null, '523844c52a6d48b88327de4eaf675792', '1', '0', 'default.png', '30'), ('c22a04edd68f416daeb6ef4097bea83e', '0.003.010.256', 'ss_a', '', '', null, 'e5ea16ae33514c43a5417440f1970a0a', '0', '0', 'folder2.png', '400'), ('c2729b7b0a1e47408cfbe378b7a90a51', '0.003.003.022.002', 'ss_a', '', '', null, '483b74dacc094bb4bd6760ed61348b91', '1', '0', 'default.png', '20'), ('c2ec9e8a8ed1489191082b1224a6f1de', '0.003.013.307', 'ss_a', '', '', null, '6e48d6cc50ba41cba4e6fede4d798c35', '1', '0', 'default.png', '20'), ('c35ba60dca8749d5995821f0be6a9e17', '0.003.006.106.002.002', 'ss_a', '', '', null, '99e1819ec61e4b539c244bcb95686e60', '1', '0', 'default.png', '20'), ('c556081aa01f477a8f47841b49c64c87', '0.003.010.234.001', 'ss_a', '', '', null, '9e5ea3ab16184876863a96f59cb37c29', '1', '0', 'default.png', '10'), ('c57ca6d580224a9ab7d4163dbf10c585', '0.003.005.085', 'ss_a', '', '', null, 'db912341ff7c46fb90cba85d6bc0825a', '1', '0', 'default.png', '150'), ('c68adc0394334bfa929c70f989789275', '0.003.002', 'ss_a', '', '', null, 'eb1e0ffd3f5946fca35b23a2f7798c47', '0', '0', 'folder2.png', '20'), ('c6b0c7680d2741c1b6eec58905b6bc46', '0.003.002.014', 'ss_a', '', '', null, 'c68adc0394334bfa929c70f989789275', '1', '0', 'default.png', '100'), ('c6fc2069aeb24d15afd788891356b401', '0.003.006.137.001', 'ss_a', '', '', null, '392bf14c61e64feeb568f5ef770abfb0', '1', '0', 'default.png', '10'), ('c768f2d9aa8b442d83f199d2400bfd16', '0.003.006.135', 'ss_a', '', '', null, 'aad3ac1a1a5b4da3b4e43d4102dbbed9', '1', '0', 'default.png', '340'), ('c7a7a5dad6a84d1e8e8680867fa010e3', '0.003.008.162', 'ss_a', '', '', null, 'baf03d4d64ee43058ed87fd53fcaa6f1', '0', '0', 'folder2.png', '130'), ('c80fc1052a1d491ea9843099b18faf89', '0.003.008.170.001.001', 'ss_a', '', '', null, 'ecb749656a80416a82b35c02c1be1e6a', '1', '0', 'default.png', '10'), ('c8d2061a24eb4e5cbf19b9a9f0911547', '0.003.010.223.008', 'ss_a', '', '', null, '57de58f1774d4f90852961a935310aef', '1', '0', 'default.png', '80'), ('c93e7cb48d2c47759c7937d9af33f96c', '0.003.006.137.004', 'ss_a', '', '', null, '392bf14c61e64feeb568f5ef770abfb0', '1', '0', 'default.png', '40'), ('cab8972cecb3464b8766ade52aa5afdd', '0.003.003.023.002', 'ss_a', '', '', null, '51e4493425074894a863dae4d80dcb0c', '0', '0', 'folder2.png', '20'), ('cb2fcd1cb5c74339bcda36581cd97c08', '0.003.009.191', 'ss_a', '', '', null, 'cbd91f27b5e04f4bad7b0e0f71ce8993', '1', '0', 'default.png', '80'), ('cb5e5e98b4fe43968c91f3ca6e39a3b1', '0.003.010.223.002', 'ss_a', '', '', null, '57de58f1774d4f90852961a935310aef', '0', '0', 'folder2.png', '20'), ('cb7fcf162bb34ded9d0694afa2cce127', '0.003.008.175.009', 'ss_a', '', '', null, 'bd822e547bad4586ac0493776a0f89e6', '1', '0', 'default.png', '90'), ('cbc599498e9b4408916565f163c42014', '0.003.010.223.006.002', 'ss_a', '', '', null, '061fed69d2314950b22ad2ff053e5aed', '1', '0', 'default.png', '20'), ('cbd91f27b5e04f4bad7b0e0f71ce8993', '0.003.009', 'ss_a', '', '', null, 'eb1e0ffd3f5946fca35b23a2f7798c47', '0', '0', 'folder2.png', '90'), ('cbdda2906144424a8153ff8a82785e95', '0.003.006.119.004', 'ss_a', '', '', null, '850dfc1b012e464a8e24efe8568dd8d6', '1', '0', 'default.png', '40'), ('cc1351b04e924637bb7c8d6e62719ac2', '0.003.006.130', 'ss_a', '', '', null, 'aad3ac1a1a5b4da3b4e43d4102dbbed9', '1', '0', 'default.png', '290'), ('ccb69e6e8c6446f1b047a11cad7442d8', '0.003.007.140.001', 'ss_a', '', '', null, '9459c44eb06e4d698bc86d9e45b8995f', '1', '0', 'default.png', '10'), ('cce580d1e61d41e1b2fb71e20f9f2f20', '0.003.004.062', 'ss_a', '', '', null, 'c0d4522d01b341d8bb037210aeec27a2', '1', '0', 'default.png', '250'), ('ccfc7d42bad242d2ac3bbb5211e21fe2', '0.003.008.181', 'ss_a', '', '', null, 'baf03d4d64ee43058ed87fd53fcaa6f1', '1', '0', 'default.png', '320'), ('cd14928a239b448b867c2e45246cd038', '0.001', 'PARAM_TYPE', '', '', '', '0', '0', '0', 'book.png', '1'), ('cd5644684ce646c1bab34c93b578d6ab', '0.003.008.165', 'ss_a', '', '', null, 'baf03d4d64ee43058ed87fd53fcaa6f1', '0', '0', 'folder2.png', '160'), ('ce094f877f7845ac88f99b9d19d1bb8e', '0.003.006.106.001', 'ss_a', '', '', null, '970fb6b3a4bb4a40b872c35ea797eee7', '1', '0', 'default.png', '10'), ('ceaa67ae87284c4db2d7845fa0ebe542', '0.003.010.255', 'ss_a', '', '', null, 'e5ea16ae33514c43a5417440f1970a0a', '0', '0', 'folder2.png', '390'), ('cfdcef6248704ea8b373dc0a22ee18e0', '0.003.005.099', 'ss_a', '', '70', null, 'db912341ff7c46fb90cba85d6bc0825a', '1', '0', 'default.png', '290'), ('d051676dde2b4bfaaceed1ba321e16de', '0.003.009.213.004', 'ss_a', '', '', null, '0fa96b431b3c4d3096ea95c9945e369d', '1', '0', 'default.png', '40'), ('d0cf4f74c4c64b67b99e79e438806edf', '0.003.010.225.001.003.007', 'ss_a', '', '', null, '74658df043774a82a7657e7f99d6d6ef', '1', '0', 'default.png', '70'), ('d11204412fbb45d893c182ad02440805', '0.003.002.012.005', 'ss_a', '', '', null, 'c1b982139b9147dfb599137366c9f2f6', '1', '0', 'default.png', '50'), ('d18d1b8225254489aaaa88d41a84969b', '0.003.003.019', 'ss_a', '', '', null, '18ab8dcf7740492ca667eb9fb0bdc864', '1', '0', 'default.png', '40'), ('d191faa3fbff4c36a5d5319b17c48b9c', '0.003.004.041', 'ss_a', '', '', null, 'c0d4522d01b341d8bb037210aeec27a2', '1', '0', 'default.png', '40'), ('d1922b39a89e4d4cb80f41b05ef4379c', '0.003.006.112.004', 'ss_a', '', '', null, '592e4ee14c654bf1a91b016cb3258f23', '1', '0', 'default.png', '40'), ('d1a1a600ce354a6ca99dcf7eb3998695', '0.003.002.010', 'ss_a', '', '', null, 'c68adc0394334bfa929c70f989789275', '0', '0', 'folder2.png', '60'), ('d1a99b7da3ad4bbba46cb7ca595e1650', '0.003.005.074', 'ss_a', '', '', null, 'db912341ff7c46fb90cba85d6bc0825a', '1', '0', 'default.png', '40'), ('d1cf71e1c8f84a42b3716e61d4c389c8', '0.003.006.133', 'ss_a', '', '', null, 'aad3ac1a1a5b4da3b4e43d4102dbbed9', '0', '0', 'folder2.png', '320'), ('d207761b01c04b8291e2e23e5591c85b', '0.003.008.167', 'ss_a', '', '', null, 'baf03d4d64ee43058ed87fd53fcaa6f1', '0', '0', 'folder2.png', '180'), ('d2105ae6da7c4231b44d47a3abf68a79', '0.003.010.277', 'ss_a', '', '', null, 'e5ea16ae33514c43a5417440f1970a0a', '1', '0', 'default.png', '610'), ('d3301063fca3450ea9798467597a9145', '0.003.008.172', 'ss_a', '', '', null, 'baf03d4d64ee43058ed87fd53fcaa6f1', '1', '0', 'default.png', '230'), ('d37c36aafe8948d9aa9512154b3dcce8', '0.003.010.226.004', 'ss_a', '', '', null, '07e0f065f3c9426499633d4c642a2de2', '1', '0', 'default.png', '40'), ('d398275d3c8c475489e754fc8e66642f', '0.003.005.075', 'ss_a', '', '', null, 'db912341ff7c46fb90cba85d6bc0825a', '1', '0', 'default.png', '50'), ('d3df7c68fbcd4dbebcc033ea9b9b749a', '0.003.010.225.001.003.003', 'ss_a', '', '', null, '74658df043774a82a7657e7f99d6d6ef', '1', '0', 'default.png', '30'), ('d40545c60f194b30bba50356056ee353', '0.003.008.165.003', 'ss_a', '', '', null, 'cd5644684ce646c1bab34c93b578d6ab', '1', '0', 'default.png', '30'), ('d40883038b964c389761d0bb8b3f0396', '0.003.010.225.001.003.006', 'ss_a', '', '', null, '74658df043774a82a7657e7f99d6d6ef', '1', '0', 'default.png', '60'), ('d40ba7c934514792850c5dacee69991f', '0.003.008.165.002', 'ss_a', '', '', null, 'cd5644684ce646c1bab34c93b578d6ab', '1', '0', 'default.png', '20'), ('d4470bb287754b42b717f34873471d6c', '0.003.008.183.002', 'ss_a', '', '', null, 'af27c55ad4fb42f8b366ebbc5a8567c4', '1', '0', 'default.png', '20'), ('d4490d4e0a0247119066eb8c71aca510', '0.003.009.213.002', 'ss_a', '', '', null, '0fa96b431b3c4d3096ea95c9945e369d', '1', '0', 'default.png', '20'), ('d4926ab0165c45e6ab223a7a262f7b83', '0.003.008.152', 'ss_a', '', '', null, 'baf03d4d64ee43058ed87fd53fcaa6f1', '1', '0', 'default.png', '30'), ('d498c6fefb3c4d359ab769b8f63ffb3b', '0.003.010.222.002.004', 'ss_a', '', '', null, '43b2d7e605d2496683ab290fdba63975', '1', '0', 'default.png', '40'), ('d4b6eadaf61b4c3ba93d4cc9e76e5852', '0.003.003.026', 'ss_a', '', '', null, '18ab8dcf7740492ca667eb9fb0bdc864', '1', '0', 'default.png', '110'), ('d52c836981014f7592987f5216811516', '0.003.006.103.001', 'ss_a', '', '', null, 'f218d7d693944519bc4004c5a2213091', '1', '0', 'default.png', '10'), ('d60a5b04880047b48d728457bf590f9b', '0.003.011.286', 'ss_a', '', '', null, '76189b338913443aa65b7d3dc83cb549', '1', '0', 'default.png', '90'), ('d62f9bba23364f50b79aceb519765066', '0.003.005.084', 'ss_a', '', '', null, 'db912341ff7c46fb90cba85d6bc0825a', '0', '0', 'folder2.png', '140'), ('d66f797a3e8e42089e98712bd2f3dc45', '0.003.010.226.003', 'ss_a', '', '', null, '07e0f065f3c9426499633d4c642a2de2', '1', '0', 'default.png', '30'), ('d6ae8a919aca4185aedf04e3200a4c33', '0.003.006.124', 'ss_a', '', '', null, 'aad3ac1a1a5b4da3b4e43d4102dbbed9', '1', '0', 'default.png', '230'), ('d6c0f91567a14141a047c2d9c96c061e', '0.003.008.167.006', 'ss_a', '', '', null, 'd207761b01c04b8291e2e23e5591c85b', '1', '0', 'default.png', '60'), ('d6ef94901bfc483ba80bfede48b79753', '0.003.010.227.001', 'ss_a', '', '', null, '097063939f1c422c9a1e9c7ac1347c27', '1', '0', 'default.png', '10'), ('d70605b58e88439fb3a00bcdbaeda7bf', '0.003.011.281', 'ss_a', '', '', null, '76189b338913443aa65b7d3dc83cb549', '0', '0', 'folder2.png', '40'), ('d747f6fa34a14f39b3661726874c353c', '0.003.008.180.006', 'ss_a', '', '', null, '27240e39a91e431587e74d73562ddb13', '1', '0', 'default.png', '60'), ('d75e44422f7641e484fac4d8c0dd5df9', '0.003.010.236', 'ss_a', '', '', null, 'e5ea16ae33514c43a5417440f1970a0a', '1', '0', 'default.png', '200'), ('d7d7fcf5233d46a9abab7132f2fddd18', '0.003.003.025.001.001', 'ss_a', '', '', null, '42fa75f81a264971ac4b41af192e5042', '1', '0', 'default.png', '10'), ('d7dc38f552a04b7ca25ac0867865569a', '0.003.002.010.001', 'ss_a', '', '', null, 'd1a1a600ce354a6ca99dcf7eb3998695', '1', '0', 'default.png', '10'), ('d817d7917e6a41978f1376d78037f430', '0.003.001.003.001', 'ss_a', '', '', null, 'db26174ea02742949914658de8ca637e', '1', '0', 'default.png', '10'), ('d81a4774efe448118f93b9baaf34a36f', '0.003.007.140.005', 'ss_a', '', '', null, '9459c44eb06e4d698bc86d9e45b8995f', '1', '0', 'default.png', '50'), ('d8407a4a393b44d3a059bdc7bed184ef', '0.003.006.132', 'ss_a', '', '', null, 'aad3ac1a1a5b4da3b4e43d4102dbbed9', '1', '0', 'default.png', '310'), ('d871fb2905d6466db70d6adb75b5eb81', '0.003.010.253.004', 'ss_a', '', '', null, '73bfa184258241efa0446b7a09feac3f', '1', '0', 'default.png', '40'), ('d8efd2e25f294a41a32500a63335888d', '0.003.007.144', 'ss_a', '', '', null, 'ff6eb52a08744320bc7255ec6ec142f5', '1', '0', 'default.png', '70'), ('d921e5a64a18486e90c0006dd841282a', '0.003.007.141', 'ss_a', '', '', null, 'ff6eb52a08744320bc7255ec6ec142f5', '1', '0', 'default.png', '40'), ('d9723c6e68a2406d934d8c4493a93b25', '0.003.002.010.003.004', 'ss_a', '', '', null, '40a0aa96bdad44a88929f140700183ce', '1', '0', 'default.png', '40'), ('d983eb02be0f42b1aa0e0fa3150f4395', '0.003.004.045', 'ss_a', '', '', null, 'c0d4522d01b341d8bb037210aeec27a2', '1', '0', 'default.png', '80'), ('dae63d2e4a9e41408030378764b98558', '0.003.009.213.003', 'ss_a', '', '', null, '0fa96b431b3c4d3096ea95c9945e369d', '1', '0', 'default.png', '30'), ('dae6bf77adbb42d0aaf88dd4c59048f4', '0.003.003.025.002', 'ss_a', '', '', null, '0f156e5386a2404cb559734cb4c723d4', '0', '0', 'folder2.png', '20'), ('db0ce0e74b164e13889db18acfa0baa2', '0.003.010.229.003', 'ss_a', '', '', null, '31ce174bd01446659f7f82c74a7b145d', '1', '0', 'default.png', '30'), ('db26174ea02742949914658de8ca637e', '0.003.001.003', 'ss_a', '', '', null, '2324d2d6fb9949c7abb19c4c45587207', '0', '0', 'folder2.png', '30'), ('db8e0f82c25e4c28bef63e070066c91b', '0.003.002.013', 'ss_a', '', '', null, 'c68adc0394334bfa929c70f989789275', '1', '0', 'default.png', '90'), ('db912341ff7c46fb90cba85d6bc0825a', '0.003.005', 'ss_a', '', '', null, 'eb1e0ffd3f5946fca35b23a2f7798c47', '0', '0', 'folder2.png', '50'), ('dc144feb673845009c88a9750d6c3860', '0.003.003.018.001', 'ss_a', '', '', null, '513f0ba88fbd4ff0baa9fcfcd24b9bab', '1', '0', 'default.png', '10'), ('dc941c2d802042d1844887d9dfb2a7a3', '0.003.008.170.003.004', 'ss_a', '', '', null, '505a5ceada204646bb0c10c6db4a5b90', '1', '0', 'default.png', '40'), ('dcadb62d45494076b83692f4d6aaa1b8', '0.003.009.213.006', 'ss_a', '', '', null, '0fa96b431b3c4d3096ea95c9945e369d', '1', '0', 'default.png', '60'), ('dd2af270cc794d81ad23d0652ef6d0df', '0.003.010.256.001', 'ss_a', '', '', null, 'c22a04edd68f416daeb6ef4097bea83e', '1', '0', 'default.png', '10'), ('dd80776763d54ff6ad130f8cb55fd5da', '0.003.005.098.001', 'ss_a', '', '', null, 'a751fb25ea6143a789d4025bfc5cb466', '1', '0', 'default.png', '10'), ('dd83bd9c5734470db267403e82a4e22c', '0.003.010.223.002.001', 'ss_a', '', '', null, 'cb5e5e98b4fe43968c91f3ca6e39a3b1', '1', '0', 'default.png', '10'), ('de35744dc9914d018de7e9585b31b782', '0.003.006.109.001', 'ss_a', '', '', null, 'eb4426cb6be14363b3c4bd7a5cf669f8', '1', '0', 'default.png', '10'), ('de7efa18cddc493cb97e69b424562b20', '0.003.008.170.002.005', 'ss_a', '', '', null, '27d99e9f3a5e4e9cbe6b254c05c23be9', '1', '0', 'default.png', '50'), ('dee27c258ed34630b60ed833a4b7fa3c', '0.003.004.050', 'ss_a', '', '', null, 'c0d4522d01b341d8bb037210aeec27a2', '1', '0', 'default.png', '130'), ('df30fd1f6dfb4b738def1e023e937fed', '0.003.008.170.001.003', 'ss_a', '', '', null, 'ecb749656a80416a82b35c02c1be1e6a', '1', '0', 'default.png', '30'), ('e004fb338c414da586289213d5987635', '0.003.009.197.010', 'ss_a', '', '', null, '9811013aa5084117b04fb78a6db48030', '1', '0', 'default.png', '100'), ('e09fb912c36a415da9785f75a4489a6d', '0.003.007.138', 'ss_a', '', '', null, 'ff6eb52a08744320bc7255ec6ec142f5', '1', '0', 'default.png', '10'), ('e0d1682b220341f9980b3785c45f8604', '0.001.002', 'PARAM_TYPE', '', '', null, 'cd14928a239b448b867c2e45246cd038', '1', '0', null, '0'), ('e0f5a2bcd28a4459996e133d1db0faf6', '0.003.009.197.006', 'ss_a', '', '', null, '9811013aa5084117b04fb78a6db48030', '1', '0', 'default.png', '60'), ('e18de5c9d0284f18a05603bb1cc86cd8', '0.003.003.024.001', 'ss_a', '', '', null, '30ff70c79797405abee2ef03471082f8', '1', '0', 'default.png', '10'), ('e1947e4d73c6450bbebe724595a2276d', '0.003.007.147', 'ss_a', '', '', null, 'ff6eb52a08744320bc7255ec6ec142f5', '1', '0', 'default.png', '100'), ('e21b5d035844478f9cef05e8687c9b85', '0.003.008.180.004', 'ss_a', '', '', null, '27240e39a91e431587e74d73562ddb13', '1', '0', 'default.png', '40'), ('e249c25610154493a294f7e52cc0a0d4', '0.003.003.021', 'ss_a', '', '', null, '18ab8dcf7740492ca667eb9fb0bdc864', '0', '0', 'folder2.png', '60'), ('e3a77addc673422fb2bd3cf87f2bd2f5', '0.003.008.165.001.002', 'ss_a', '', '', null, 'e6cbfb8000e3486a8dcff2f630ab8c02', '1', '0', 'default.png', '20'), ('e3f8e335ea17447b8711362dd1d03539', '0.003.008.167.001', 'ss_a', '', '', null, 'd207761b01c04b8291e2e23e5591c85b', '1', '0', 'default.png', '10'), ('e41ae4e57743413f9a7e8300a9df6c9a', '0.003.011.288', 'ss_a', '', '', null, '76189b338913443aa65b7d3dc83cb549', '1', '0', 'default.png', '110'), ('e4294ddff24f4d8dab8de3be61070820', '0.003.008.180.009', 'ss_a', '', '', null, '27240e39a91e431587e74d73562ddb13', '1', '0', 'default.png', '90'), ('e45fe95dc98f4973b2ed29f2491e2a7c', '0.003.006.136.001', 'ss_a', '', '', null, 'f4e7a70329f94388938f742457fb45d5', '1', '0', 'default.png', '10'), ('e4c018fea67f43f9aab0758f7592b5ab', '0.003.010.227.003', 'ss_a', '', '', null, '097063939f1c422c9a1e9c7ac1347c27', '1', '0', 'default.png', '30'), ('e50a033faf4240feacde1995c24c2524', '0.003.010.222.002.009', 'ss_a', '', '', null, '43b2d7e605d2496683ab290fdba63975', '1', '0', 'default.png', '90'), ('e5ea16ae33514c43a5417440f1970a0a', '0.003.010', 'ss_a', '', '', null, 'eb1e0ffd3f5946fca35b23a2f7798c47', '0', '0', 'folder2.png', '100'), ('e650cbb30e924d5199accc7ae2fb7dcf', '0.003.010.253.003', 'ss_a', '', '', null, '73bfa184258241efa0446b7a09feac3f', '1', '0', 'default.png', '30'), ('e6a5493c90f84e20b49b6b2481581b2d', '0.003.006.107', 'ss_a', '', '', null, 'aad3ac1a1a5b4da3b4e43d4102dbbed9', '1', '0', 'default.png', '60'), ('e6b95c4c50c7418cbbb0fe663b0c2087', '0.003.003.027', 'ss_a', '', '', null, '18ab8dcf7740492ca667eb9fb0bdc864', '0', '0', 'folder2.png', '120'), ('e6cbfb8000e3486a8dcff2f630ab8c02', '0.003.008.165.001', 'ss_a', '', '', null, 'cd5644684ce646c1bab34c93b578d6ab', '0', '0', 'folder2.png', '10'), ('e6ee3df87f284b1a96bcacadd72fbb8f', '0.003.008.175.001', 'ss_a', '', '', null, 'bd822e547bad4586ac0493776a0f89e6', '1', '0', 'default.png', '10'), ('e79b4728b8654499b736d413e4e8f2cf', '0.003.012.300', 'ss_a', '', '', null, '9749060c72574c9ea5f279bb45885a27', '1', '0', 'default.png', '80'), ('e80f02637689470da9165fc8d4b932d3', '0.003.006.128', 'ss_a', '', '', null, 'aad3ac1a1a5b4da3b4e43d4102dbbed9', '1', '0', 'default.png', '270'), ('e87d84390e7d4c2abe47bf20c3821098', '0.003.008.176', 'ss_a', '', '', null, 'baf03d4d64ee43058ed87fd53fcaa6f1', '1', '0', 'default.png', '270'), ('e898bdbbc2324cd49340cef20a89c8f8', '0.003.010.221', 'ss_a', '', '', null, 'e5ea16ae33514c43a5417440f1970a0a', '0', '0', 'folder2.png', '50'), ('e8b5ace53dea45a297ff641cc3015fe7', '0.003.008.175.008', 'ss_a', '', '', null, 'bd822e547bad4586ac0493776a0f89e6', '1', '0', 'default.png', '80'), ('e8c93e1814e64b54ad733c434bddfe5a', '0.003.002.012.002', 'ss_a', '', '', null, 'c1b982139b9147dfb599137366c9f2f6', '1', '0', 'default.png', '20'), ('e957a5c5419b423eba225f255f559c1f', '0.003.005.098.002', 'ss_a', '', '', null, 'a751fb25ea6143a789d4025bfc5cb466', '1', '0', 'default.png', '20'), ('ea4be59f7dd64dca8709109ce0857652', '0.003.002.009.010', 'ss_a', '', '', null, '567d2749135e43c1a4ce3f1240bbb538', '1', '0', 'default.png', '100'), ('eaa6b57cc3bf498289e0be20c63d2ac4', '0.003.008.167.007', 'ss_a', '', '', null, 'd207761b01c04b8291e2e23e5591c85b', '1', '0', 'default.png', '70'), ('eb1e0ffd3f5946fca35b23a2f7798c47', '0.003', 'ss_a', '', '', '', '0', '0', '1', 'book.png', '0'), ('eb4426cb6be14363b3c4bd7a5cf669f8', '0.003.006.109', 'ss_a', '', '', null, 'aad3ac1a1a5b4da3b4e43d4102dbbed9', '0', '0', 'folder2.png', '80'), ('eb783d48bea34bb9aad4269a2696e762', '0.003.003.036', 'ss_a', '', '', null, '18ab8dcf7740492ca667eb9fb0bdc864', '1', '0', 'default.png', '210'), ('ec9c0b134b8e4076af0067ac402e40de', '0.003.010.237', 'ss_a', '', '', null, 'e5ea16ae33514c43a5417440f1970a0a', '1', '0', 'default.png', '210'), ('ec9e2018abff415c98f88128b2f2cca0', '0.003.010.225.001.002', 'ss_a', '', '', null, 'b37d3d6ffdcd4efda8e14f92027e3edb', '1', '0', 'default.png', '20'), ('ecb749656a80416a82b35c02c1be1e6a', '0.003.008.170.001', 'ss_a', '', '', null, '4d5267631db44a94b845c70f4d338bb2', '0', '0', 'folder2.png', '10'), ('ecd49d3b15e449348f97e4affef365cf', '0.003.008.183.003', 'ss_a', '', '', null, 'af27c55ad4fb42f8b366ebbc5a8567c4', '1', '0', 'default.png', '30'), ('ecec458fad9245d8a504c69921e53a02', '0.003.010.226.006', 'ss_a', '', '', null, '07e0f065f3c9426499633d4c642a2de2', '1', '0', 'default.png', '60'), ('edab2eb34a504fdc9b9095371767d913', '0.003.010.234.007', 'ss_a', '', '', null, '9e5ea3ab16184876863a96f59cb37c29', '1', '0', 'default.png', '70'), ('ee58053de69c4f7a83d742ae674dbfe7', '0.003.004.046.003', 'ss_a', '', '-', null, '646cc50840244f55982cdddad599b133', '1', '0', 'default.png', '30'), ('ee7719a501fe494db7834379a55e1d5d', '0.003.004.044', 'ss_a', '', '', null, 'c0d4522d01b341d8bb037210aeec27a2', '1', '0', 'default.png', '70'), ('eef8fe8c67824d23bb21c1ea9ab82449', '0.003.006.129', 'ss_a', '', '', null, 'aad3ac1a1a5b4da3b4e43d4102dbbed9', '1', '0', 'default.png', '280'), ('f00146bee0094f098dd1ca8b190b3d7b', '0.003.010.250.002', 'ss_a', '', '', null, '200aa421f6dd4781a2bc05f3649620cc', '1', '0', 'default.png', '20'), ('f06d6387e7484d34a0a680b6eac72f96', '0.003.009.185', 'ss_a', '', '', null, 'cbd91f27b5e04f4bad7b0e0f71ce8993', '1', '0', 'default.png', '20'), ('f1802dd92ad142c8b1b9193f3279626a', '0.003.010.226.005', 'ss_a', '', '', null, '07e0f065f3c9426499633d4c642a2de2', '1', '0', 'default.png', '50'), ('f1cfcb9f7d884f9cb9d36214465a0b8a', '0.003.009.190', 'ss_a', '', '', null, 'cbd91f27b5e04f4bad7b0e0f71ce8993', '1', '0', 'default.png', '70'), ('f218d7d693944519bc4004c5a2213091', '0.003.006.103', 'ss_a', '', '', null, 'aad3ac1a1a5b4da3b4e43d4102dbbed9', '0', '0', 'folder2.png', '20'), ('f255f88cc7f54fe5a5397e8bed014124', '0.003.010.240', 'ss_a', '', '', null, 'e5ea16ae33514c43a5417440f1970a0a', '1', '0', 'default.png', '240'), ('f2ee3280a3eb4335a1d8c5c2146a3220', '0.003.010.222.002.005', 'ss_a', '', '', null, '43b2d7e605d2496683ab290fdba63975', '1', '0', 'default.png', '50'), ('f3750a99af9f4650ba5dc31df4fddd27', '0.003.006.126', 'ss_a', '', '', null, 'aad3ac1a1a5b4da3b4e43d4102dbbed9', '1', '0', 'default.png', '250'), ('f469f6a4fdda406284577dec7fb18421', '0.003.003.023.002.004', 'ss_a', '', '', null, 'cab8972cecb3464b8766ade52aa5afdd', '1', '0', 'default.png', '40'), ('f47ca4b173e34e23adebe5ab50507178', '0.003.007.145', 'ss_a', '', '', null, 'ff6eb52a08744320bc7255ec6ec142f5', '1', '0', 'default.png', '80'), ('f488b8e8151c4a2e90eb41b6e1ddab9c', '0.003.008.175.002', 'ss_a', '', '', null, 'bd822e547bad4586ac0493776a0f89e6', '1', '0', 'default.png', '20'), ('f4e7a70329f94388938f742457fb45d5', '0.003.006.136', 'ss_a', '', '', null, 'aad3ac1a1a5b4da3b4e43d4102dbbed9', '0', '0', 'folder2.png', '350'), ('f56d0d92eaab45329453f9bccbb36fe3', '0.003.010.225.001.004.001', 'ss_a', '', '', null, 'ba3ae1b792564c52926b9e6185737780', '1', '0', 'default.png', '10'), ('f5dcbe0314bb4cbcade92eeb454de494', '0.003.006.106.002.006', 'ss_a', '', '', null, '99e1819ec61e4b539c244bcb95686e60', '1', '0', 'default.png', '60'), ('f640466a21cb452d831f57624b826b31', '0.003.010.234.002', 'ss_a', '', '', null, '9e5ea3ab16184876863a96f59cb37c29', '1', '0', 'default.png', '20'), ('f677ed564ba340f8ac32ebe32bb75573', '0.003.005.097.001', 'ss_a', '', '', null, '4b3ec78fb64b40119efa1c74c456fb76', '1', '0', 'default.png', '10'), ('f6b81bdc2ebb4b4a9812a18ad0a09587', '0.003.009.197.007', 'ss_a', '', '', null, '9811013aa5084117b04fb78a6db48030', '1', '0', 'default.png', '70'), ('f74b2a58630d447188c0a205145a54aa', '0.003.002.008.001', 'ss_a', '', '', null, '7747e2bf7aa645a6ac8d3f43d37e259b', '1', '0', 'default.png', '10'), ('f78353bbf1d848efacca84aa5a427b15', '0.003.003.023.002.008', 'ss_a', '', '', null, 'cab8972cecb3464b8766ade52aa5afdd', '1', '0', 'default.png', '80'), ('f7c136f9e57341eb9c3c9418144664e7', '0.003.004.039', 'ss_a', '', '', null, 'c0d4522d01b341d8bb037210aeec27a2', '1', '0', 'default.png', '20'), ('f801331c3ea643478b12813b43f68e55', '0.003.005.086', 'ss_a', '', '', null, 'db912341ff7c46fb90cba85d6bc0825a', '1', '0', 'default.png', '160'), ('f8c2ac31fddd41ce93ba4c9a71eb791f', '0.003.010.268', 'ss_a', '', '', null, 'e5ea16ae33514c43a5417440f1970a0a', '1', '0', 'default.png', '520'), ('f8ff0293102a4fa8a3cface3ceb33dbd', '0.003.010.230', 'ss_a', '', '', null, 'e5ea16ae33514c43a5417440f1970a0a', '0', '0', 'folder2.png', '140'), ('f9914cf61c0343efb2d327f7f95042c2', '0.003.006.110', 'ss_a', '', '', null, 'aad3ac1a1a5b4da3b4e43d4102dbbed9', '1', '0', 'default.png', '90'), ('fa4712fd6d51444bae7449f3618f32f4', '0.003.013.306', 'ss_a', '', '', null, '6e48d6cc50ba41cba4e6fede4d798c35', '1', '0', 'default.png', '10'), ('fa54a3e021bc4128bc0caf9274144a2a', '0.003.010.259', 'ss_a', '', '', null, 'e5ea16ae33514c43a5417440f1970a0a', '1', '0', 'default.png', '430'), ('faa1cb779b4d4edfa155bd75b48a63c9', '0.003.005.094', 'ss_a', '', '', null, 'db912341ff7c46fb90cba85d6bc0825a', '1', '0', 'default.png', '240'), ('fae8efe5861c405abdd12e01f9eac27d', '0.003.010.229.001', 'ss_a', '', '', null, '31ce174bd01446659f7f82c74a7b145d', '1', '0', 'default.png', '10'), ('fb0e9d7a67e94cfb9c65cb10d753e005', '0.003.010.223.002.002', 'ss_a', '', '', null, 'cb5e5e98b4fe43968c91f3ca6e39a3b1', '1', '0', 'default.png', '20'), ('fb1bb00ed17f49aab5bca7a92c5f0ec7', '0.003.011.289.001', 'ss_a', '', '', null, 'ae210b502a4f47a9a9faab5a82c7682c', '1', '0', 'default.png', '10'), ('fb753c2e0ae54cfc8e8795edc959bd75', '0.003.003.022.003.004', 'ss_a', '', '', null, '5804d3ba08a641399ab7ef4ac5d6735c', '1', '0', 'default.png', '40'), ('fbf84fb446a442c5854f2c900a7be5e0', '0.003.009.186.001', 'ss_a', '', '', null, 'ffbdf6f1aef0405080547b2be2c6c170', '1', '0', 'default.png', '10');
INSERT INTO `ss_checkjob_checkitem_copy` VALUES ('fc0a7119b5174e14a6eef9884ffaaeda', '0.003.010.239', 'ss_a', '', '', null, 'e5ea16ae33514c43a5417440f1970a0a', '1', '0', 'default.png', '230'), ('fcf9376948104da1b8d7cb43f71f4f78', '0.003.006.108', 'ss_a', '', '', null, 'aad3ac1a1a5b4da3b4e43d4102dbbed9', '1', '0', 'default.png', '70'), ('fd9773377b2649a9bde3bc354ccf69f4', '0.003.008.163.001', 'ss_a', '', '', null, '343389a3dc8749b69f46d05f742450f5', '1', '0', 'default.png', '10'), ('fe19292755524456aebd88637c973860', '0.003.004.054', 'ss_a', '', '', null, 'c0d4522d01b341d8bb037210aeec27a2', '1', '0', 'default.png', '170'), ('fe2fbf44f2d94750b49e286aabd3ad07', '0.003.010.225.001.004.003', 'ss_a', '', '', null, 'ba3ae1b792564c52926b9e6185737780', '1', '0', 'default.png', '30'), ('fe915b0898524988939a144667d7f71e', '0.003.010.266.002.005', 'ss_a', '', '', null, '523844c52a6d48b88327de4eaf675792', '1', '0', 'default.png', '50'), ('ff6eb52a08744320bc7255ec6ec142f5', '0.003.007', 'ss_a', '', '', null, 'eb1e0ffd3f5946fca35b23a2f7798c47', '0', '0', 'folder2.png', '70'), ('ffadf8ce87db410a8c38673f41123bac', '0.003.009.212', 'ss_a', '', '', null, 'cbd91f27b5e04f4bad7b0e0f71ce8993', '1', '0', 'default.png', '290'), ('ffbdf6f1aef0405080547b2be2c6c170', '0.003.009.186', 'ss_a', '', '', null, 'cbd91f27b5e04f4bad7b0e0f71ce8993', '0', '0', 'folder2.png', '30');
COMMIT;

-- ----------------------------
--  Table structure for `ss_checkjob_job`
-- ----------------------------
DROP TABLE IF EXISTS `ss_checkjob_job`;
CREATE TABLE `ss_checkjob_job` (
  `id_` varchar(64) NOT NULL COMMENT 'ID',
  `name_` varchar(255) DEFAULT NULL COMMENT '',
  `tem_id_` varchar(255) DEFAULT NULL COMMENT 'ID',
  `status_` varchar(255) DEFAULT '0' COMMENT '',
  `ent_id_` varchar(64) DEFAULT NULL COMMENT 'ID',
  `createuser_id_` varchar(64) DEFAULT '' COMMENT 'ID',
  `createdate` datetime DEFAULT NULL COMMENT '',
  `runuser_id_` varchar(64) DEFAULT NULL COMMENT 'ID',
  `plan_fdate` datetime DEFAULT NULL COMMENT '',
  `comment` varchar(255) DEFAULT NULL COMMENT ' ',
  `result_score` int(11) DEFAULT '-1' COMMENT '',
  `act_fdate` datetime DEFAULT NULL COMMENT '',
  `type_` varchar(255) DEFAULT NULL COMMENT '',
  `runner_org_id_` varchar(64) DEFAULT NULL,
  `createuser_org_id_` varchar(64) DEFAULT NULL,
  PRIMARY KEY (`id_`)
) ENGINE=InnoDB DEFAULT CHARSET=utf8 ROW_FORMAT=COMPACT COMMENT='';

-- ----------------------------
--  Records of `ss_checkjob_job`
-- ----------------------------
BEGIN;
INSERT INTO `ss_checkjob_job` VALUES ('13fa658fe77a4452aeba067aa69f910a', '', '1f5e09c2e1ed4b0f8eb193580fc60f2d', '2', '40a954d5f1de4acc8454ee1d5bc2b523', 'c321c891521446bdac49ae2bb29d7a00', '2016-05-20 09:58:14', 'c321c891521446bdac49ae2bb29d7a00', '2099-12-31 00:00:00', '', '3', '2016-05-20 09:58:58', '2', 'be8d6dacb14a42c7bb31893f3dcb922b', 'be8d6dacb14a42c7bb31893f3dcb922b'), ('22663e41b31a4ca68051173b24105ce3', '1', 'e20dddafbd8043db8fc6f44c46b602bb', '0', '00a6355517874ab9ac9c89184d438124', 'c4db76be7dd94f95b5213b885f919cba', '2016-05-20 00:15:57', 'c4db76be7dd94f95b5213b885f919cba', '2099-12-31 00:00:00', '1', '-1', '2016-05-16 02:56:28', '1', 'be742f86c9914e7b83bfb531c2e693df', 'be742f86c9914e7b83bfb531c2e693df'), ('2a94cff1da254f37a4b907a8fd6b1c4d', 'bhtest2', '900fcf39cf11462ebc5fb7fa940aa727', '2', '00a6355517874ab9ac9c89184d438124', 'e470153e65ff4acf84ef6bba89290519', '2016-05-20 02:52:48', 'e470153e65ff4acf84ef6bba89290519', '2099-12-31 00:00:00', null, '10', '2016-05-17 02:56:28', '2', 'd12df3a736c742c58da176dbbd52d128', 'd12df3a736c742c58da176dbbd52d128'), ('33d4e7e7c47b4b3b9fb749ea9ef60041', 'jxtest1', '900fcf39cf11462ebc5fb7fa940aa727', '2', '00a6355517874ab9ac9c89184d438124', 'e470153e65ff4acf84ef6bba89290519', '2016-05-20 02:56:00', 'e470153e65ff4acf84ef6bba89290519', '2099-12-31 00:00:00', 'jxtest1', '7', '2016-05-18 02:56:28', '2', 'd12df3a736c742c58da176dbbd52d128', 'd12df3a736c742c58da176dbbd52d128'), ('72f59330be7748fc99e6968bb6400c5e', '1', '900fcf39cf11462ebc5fb7fa940aa727', '2', '00a6355517874ab9ac9c89184d438124', 'e470153e65ff4acf84ef6bba89290519', '2016-05-20 02:35:38', 'e470153e65ff4acf84ef6bba89290519', '2099-12-31 00:00:00', '1', '4', '2016-05-11 02:56:28', '2', 'd12df3a736c742c58da176dbbd52d128', 'd12df3a736c742c58da176dbbd52d128'), ('7a476a7f9da54b1cabb1158445f65926', '1', '3bf1c8399c7a4eeaaf4197211318887d', '2', '00a6355517874ab9ac9c89184d438124', 'c4db76be7dd94f95b5213b885f919cba', '2016-05-20 09:30:05', 'c4db76be7dd94f95b5213b885f919cba', '2099-12-31 00:00:00', null, '10', '2016-05-20 09:32:43', '2', 'be742f86c9914e7b83bfb531c2e693df', 'be742f86c9914e7b83bfb531c2e693df'), ('86c72188723e4e738d61f62531f73d26', 'aaa', 'e20dddafbd8043db8fc6f44c46b602bb', '0', '03aa6e8bddce4f1599c9f7fb396fb12f', 'c4db76be7dd94f95b5213b885f919cba', '2016-05-20 03:28:19', null, '2099-12-31 00:00:00', 'aaa', '-1', '2016-05-12 02:56:28', null, 'be8d6dacb14a42c7bb31893f3dcb922b', 'be742f86c9914e7b83bfb531c2e693df'), ('8f1099da100b4794930c0257ef0b6eb1', '2', 'e20dddafbd8043db8fc6f44c46b602bb', '2', '00a6355517874ab9ac9c89184d438124', 'c4db76be7dd94f95b5213b885f919cba', '2016-05-20 00:28:29', 'c4db76be7dd94f95b5213b885f919cba', '2099-12-31 00:00:00', null, '6', '2016-05-13 02:56:28', '3', 'be742f86c9914e7b83bfb531c2e693df', 'be742f86c9914e7b83bfb531c2e693df'), ('9169fa8fd0c04136a8144e5763102a26', 'a1', 'cc65b6abe5444eae8b2adfd516b2240e', '2', '00a6355517874ab9ac9c89184d438124', '5f6b500ffdf642349a1b46203c147ee0', '2016-05-20 02:58:20', '5f6b500ffdf642349a1b46203c147ee0', '2099-12-31 00:00:00', 'a1', '5', '2016-05-20 03:01:06', '3', '00a6355517874ab9ac9c89184d438124', '00a6355517874ab9ac9c89184d438124'), ('e12c736dbf9d44f08e02c53a3e1d49cb', '1', '900fcf39cf11462ebc5fb7fa940aa727', '2', '00a6355517874ab9ac9c89184d438124', 'c4db76be7dd94f95b5213b885f919cba', '2016-05-20 01:28:52', 'e470153e65ff4acf84ef6bba89290519', '2099-12-31 00:00:00', '1', '10', '2016-05-19 03:01:06', '2', 'd12df3a736c742c58da176dbbd52d128', 'be742f86c9914e7b83bfb531c2e693df'), ('e4af019f7a544cbb99d84092b11d57d5', '1', '761081eb53d84e24973aae34425066cf', '2', '02dba066a2894ac08fafe0dc599caba2', 'c321c891521446bdac49ae2bb29d7a00', '2016-05-20 02:38:12', 'c321c891521446bdac49ae2bb29d7a00', '2099-12-31 00:00:00', '1', '8', '2016-05-19 03:01:06', '2', 'be8d6dacb14a42c7bb31893f3dcb922b', 'be8d6dacb14a42c7bb31893f3dcb922b');
COMMIT;

-- ----------------------------
--  Table structure for `ss_checkjob_job_detail`
-- ----------------------------
DROP TABLE IF EXISTS `ss_checkjob_job_detail`;
CREATE TABLE `ss_checkjob_job_detail` (
  `id_` varchar(64) NOT NULL COMMENT 'ID',
  `job_id_` varchar(64) DEFAULT NULL COMMENT 'ID',
  `item_id_` varchar(64) DEFAULT '' COMMENT 'ID',
  `operate_time_` datetime DEFAULT NULL COMMENT '',
  `operator_id_` varchar(64) DEFAULT NULL COMMENT 'ID',
  `score_` int(255) DEFAULT '-1' COMMENT '',
  PRIMARY KEY (`id_`)
) ENGINE=InnoDB DEFAULT CHARSET=utf8 ROW_FORMAT=COMPACT COMMENT='';

-- ----------------------------
--  Records of `ss_checkjob_job_detail`
-- ----------------------------
BEGIN;
INSERT INTO `ss_checkjob_job_detail` VALUES ('0cc252c9712e444f89f08ce6f9661689', '72f59330be7748fc99e6968bb6400c5e', 'a09d87ce110240adbc5a959f9b46b4ed', '2016-05-20 02:35:56', 'e470153e65ff4acf84ef6bba89290519', '1'), ('0cd518393d7c4408baf622832a3130fc', '7a476a7f9da54b1cabb1158445f65926', 'be60792440cc4dfca846b3e673ebf2a4', '2016-05-20 09:32:42', 'c4db76be7dd94f95b5213b885f919cba', '2'), ('0d44bc27104a4f3b86d5945903a78b1e', 'e12c736dbf9d44f08e02c53a3e1d49cb', 'f74b2a58630d447188c0a205145a54aa', '2016-05-20 02:34:10', 'e470153e65ff4acf84ef6bba89290519', '3'), ('0f86863cf10e4a118fd2e00749702611', 'e4af019f7a544cbb99d84092b11d57d5', '6fcab2ec600d492bb17d3c8eb142a92d', '2016-05-20 02:39:52', 'c321c891521446bdac49ae2bb29d7a00', '3'), ('143f0192a2ed45e99cadb5cb8d58efe0', '2a94cff1da254f37a4b907a8fd6b1c4d', 'f74b2a58630d447188c0a205145a54aa', '2016-05-20 02:53:02', 'e470153e65ff4acf84ef6bba89290519', '3'), ('22a39f31e7da46bd973aa1cd497fbb41', '22663e41b31a4ca68051173b24105ce3', '5fc58867e9994545b77cb63e3e25daae', '2016-05-20 00:16:56', 'c4db76be7dd94f95b5213b885f919cba', '1'), ('29353c502a714b48943a115a4a150175', '7a476a7f9da54b1cabb1158445f65926', 'd398275d3c8c475489e754fc8e66642f', '2016-05-20 09:32:42', 'c4db76be7dd94f95b5213b885f919cba', '1'), ('514c4d7672d54a3e86c90a182879b5f8', 'e12c736dbf9d44f08e02c53a3e1d49cb', 'a09d87ce110240adbc5a959f9b46b4ed', '2016-05-20 02:34:01', 'e470153e65ff4acf84ef6bba89290519', '2'), ('5689fc26bd4e4dd39d8292884c7b17fc', '7a476a7f9da54b1cabb1158445f65926', '54baa8900f3d4fe8860ea3012f0c1be4', '2016-05-20 09:32:43', 'c4db76be7dd94f95b5213b885f919cba', '1'), ('56c9f47b078c44df9595eeb726bf6116', '22663e41b31a4ca68051173b24105ce3', '0bb7ce792fbc4cff809c71af3c70a8e1', '2016-05-20 00:20:55', 'c4db76be7dd94f95b5213b885f919cba', '2'), ('5faa67fc8dc84499801e8ea0cd2a84f3', '86c72188723e4e738d61f62531f73d26', '5fc58867e9994545b77cb63e3e25daae', null, null, '-1'), ('65667662c43b4d4b97aa925b60ebe8c1', 'e12c736dbf9d44f08e02c53a3e1d49cb', '85c01be5af524b589733f0d0743d26d5', '2016-05-20 02:34:01', 'e470153e65ff4acf84ef6bba89290519', '2'), ('693ea554f3da4384ab5897104a50319d', '9169fa8fd0c04136a8144e5763102a26', '08f43a3729da415bb1b56dcd7a2e68ab', '2016-05-20 03:01:00', '5f6b500ffdf642349a1b46203c147ee0', '1'), ('6e7ff7cdb02848aba78163ad50bd5210', '33d4e7e7c47b4b3b9fb749ea9ef60041', '85c01be5af524b589733f0d0743d26d5', '2016-05-20 02:56:12', 'e470153e65ff4acf84ef6bba89290519', '2'), ('756e2051e6594ec792fbb3764dadb685', '9169fa8fd0c04136a8144e5763102a26', '96ad0cac8d0649aa9505185dcf805491', '2016-05-20 03:01:00', '5f6b500ffdf642349a1b46203c147ee0', '1'), ('793e94113a4b492a8b3d67b05eabcde0', '9169fa8fd0c04136a8144e5763102a26', 'a09d87ce110240adbc5a959f9b46b4ed', '2016-05-20 03:01:06', '5f6b500ffdf642349a1b46203c147ee0', '2'), ('7c4a40e21e3f4d598a2facc10a391f14', '2a94cff1da254f37a4b907a8fd6b1c4d', 'a09d87ce110240adbc5a959f9b46b4ed', '2016-05-20 02:53:02', 'e470153e65ff4acf84ef6bba89290519', '2'), ('80d88aa094eb4a2da33ea598625c370d', '86c72188723e4e738d61f62531f73d26', '0bb7ce792fbc4cff809c71af3c70a8e1', null, null, '-1'), ('8242280848ba40a5b4878a68716156e3', '72f59330be7748fc99e6968bb6400c5e', 'f74b2a58630d447188c0a205145a54aa', '2016-05-20 02:35:56', 'e470153e65ff4acf84ef6bba89290519', '1'), ('82c61771ad8a43edba11e739605c4bc4', '9169fa8fd0c04136a8144e5763102a26', '85c01be5af524b589733f0d0743d26d5', '2016-05-20 03:01:00', '5f6b500ffdf642349a1b46203c147ee0', '1'), ('84f7e804325342cf8f7ca44144eb40b6', 'e12c736dbf9d44f08e02c53a3e1d49cb', 'ba4a6153b64b4dcfb6943000b2a0f82f', '2016-05-20 02:34:10', 'e470153e65ff4acf84ef6bba89290519', '3'), ('868b79cbe1404417880e28350ee93e1c', '8f1099da100b4794930c0257ef0b6eb1', '5fc58867e9994545b77cb63e3e25daae', '2016-05-20 00:45:04', 'c4db76be7dd94f95b5213b885f919cba', '3'), ('911ae8fca47345a3bf8fc32bc91e4c4d', '22663e41b31a4ca68051173b24105ce3', '96ad0cac8d0649aa9505185dcf805491', '2016-05-20 00:16:56', 'c4db76be7dd94f95b5213b885f919cba', '1'), ('9435a591923f47eea7bbd01dd9bc8824', 'e4af019f7a544cbb99d84092b11d57d5', 'f74b2a58630d447188c0a205145a54aa', '2016-05-20 02:39:52', 'c321c891521446bdac49ae2bb29d7a00', '2'), ('954d2db794564eada9893fa030e35cfe', '33d4e7e7c47b4b3b9fb749ea9ef60041', 'ba4a6153b64b4dcfb6943000b2a0f82f', '2016-05-20 02:56:28', 'e470153e65ff4acf84ef6bba89290519', '1'), ('99c0b65ca63243b3941fd8ff3fa53aec', '33d4e7e7c47b4b3b9fb749ea9ef60041', 'a09d87ce110240adbc5a959f9b46b4ed', '2016-05-20 02:56:12', 'e470153e65ff4acf84ef6bba89290519', '2'), ('a05275d226e544a7b3408cf47086cc8b', '7a476a7f9da54b1cabb1158445f65926', '5fc58867e9994545b77cb63e3e25daae', '2016-05-20 09:32:42', 'c4db76be7dd94f95b5213b885f919cba', '1'), ('a190cb3ecfcb4d729bc6c75ae1062208', 'e4af019f7a544cbb99d84092b11d57d5', '06254582303d4460a97b92d2b2113146', '2016-05-20 02:39:52', 'c321c891521446bdac49ae2bb29d7a00', '1'), ('a41e7a274ff34e48ae27781fba519409', '13fa658fe77a4452aeba067aa69f910a', 'ba4a6153b64b4dcfb6943000b2a0f82f', '2016-05-20 09:58:58', 'c321c891521446bdac49ae2bb29d7a00', '2'), ('b5261d801ae144608a764c3d96e1dfa9', '13fa658fe77a4452aeba067aa69f910a', '6fcab2ec600d492bb17d3c8eb142a92d', '2016-05-20 09:58:58', 'c321c891521446bdac49ae2bb29d7a00', '1'), ('b67e6885af4e418fbd1c715914de4674', '7a476a7f9da54b1cabb1158445f65926', 'd1a99b7da3ad4bbba46cb7ca595e1650', '2016-05-20 09:32:42', 'c4db76be7dd94f95b5213b885f919cba', '3'), ('c8f3db3bcf804fd08f62926681766812', '8f1099da100b4794930c0257ef0b6eb1', '96ad0cac8d0649aa9505185dcf805491', '2016-05-20 00:36:02', 'c4db76be7dd94f95b5213b885f919cba', '1'), ('d06e2bddbb2a400a965cc4e0f4d0ebc8', '33d4e7e7c47b4b3b9fb749ea9ef60041', 'f74b2a58630d447188c0a205145a54aa', '2016-05-20 02:56:12', 'e470153e65ff4acf84ef6bba89290519', '2'), ('d69e065c8e0748a4ba981da54d8e0c4f', '2a94cff1da254f37a4b907a8fd6b1c4d', 'ba4a6153b64b4dcfb6943000b2a0f82f', '2016-05-20 02:53:02', 'e470153e65ff4acf84ef6bba89290519', '3'), ('e39e7157b2bb46e8bda44bc7ffa31a65', '7a476a7f9da54b1cabb1158445f65926', '106a89d7353b439cb5eb000da7e6d881', '2016-05-20 09:32:43', 'c4db76be7dd94f95b5213b885f919cba', '2'), ('e407dc61322d4ece944c0844d0811236', 'e4af019f7a544cbb99d84092b11d57d5', '5ba89728daeb4a6999238a2939748145', '2016-05-20 02:39:52', 'c321c891521446bdac49ae2bb29d7a00', '2'), ('ee44e951d1c04bf19fd9e89997cc69ee', '72f59330be7748fc99e6968bb6400c5e', 'ba4a6153b64b4dcfb6943000b2a0f82f', '2016-05-20 02:35:56', 'e470153e65ff4acf84ef6bba89290519', '1'), ('ef8e2e1b840f48db9638a514ed4694c5', '2a94cff1da254f37a4b907a8fd6b1c4d', '85c01be5af524b589733f0d0743d26d5', '2016-05-20 02:53:02', 'e470153e65ff4acf84ef6bba89290519', '2'), ('f2a7188f49594127aaf40a614a443f61', '86c72188723e4e738d61f62531f73d26', '96ad0cac8d0649aa9505185dcf805491', null, null, '-1'), ('f40f954de6684f539a8e2e605102dd60', '72f59330be7748fc99e6968bb6400c5e', '85c01be5af524b589733f0d0743d26d5', '2016-05-20 02:35:56', 'e470153e65ff4acf84ef6bba89290519', '1'), ('f491b10f573b4c4da0e8342334a70606', '8f1099da100b4794930c0257ef0b6eb1', '0bb7ce792fbc4cff809c71af3c70a8e1', '2016-05-20 00:45:19', 'c4db76be7dd94f95b5213b885f919cba', '2');
COMMIT;

-- ----------------------------
--  Table structure for `ss_checkjob_job_result`
-- ----------------------------
DROP TABLE IF EXISTS `ss_checkjob_job_result`;
CREATE TABLE `ss_checkjob_job_result` (
  `id_` varchar(64) NOT NULL COMMENT 'ID',
  `name_` varchar(255) NOT NULL COMMENT '',
  `job_id_` varchar(255) NOT NULL COMMENT 'ID',
  `result` varchar(255) DEFAULT NULL COMMENT '',
  `ent_id_` varchar(64) NOT NULL COMMENT 'ID',
  `createuser_id_` varchar(64) NOT NULL DEFAULT '1' COMMENT '',
  PRIMARY KEY (`id_`)
) ENGINE=InnoDB DEFAULT CHARSET=utf8 ROW_FORMAT=COMPACT COMMENT='';

-- ----------------------------
--  Table structure for `ss_checkjob_job_tem`
-- ----------------------------
DROP TABLE IF EXISTS `ss_checkjob_job_tem`;
CREATE TABLE `ss_checkjob_job_tem` (
  `id_` varchar(64) NOT NULL COMMENT 'ID',
  `name_` varchar(255) DEFAULT NULL COMMENT '',
  `createuser_id_` varchar(64) DEFAULT NULL COMMENT 'ID',
  `createdate` timestamp NULL DEFAULT NULL COMMENT '',
  `comment` varchar(255) DEFAULT NULL COMMENT ' ',
  `items` longtext COMMENT '',
  `org_id_` varchar(64) DEFAULT NULL COMMENT 'ID',
  PRIMARY KEY (`id_`)
) ENGINE=InnoDB DEFAULT CHARSET=utf8 ROW_FORMAT=COMPACT COMMENT='';

-- ----------------------------
--  Records of `ss_checkjob_job_tem`
-- ----------------------------
BEGIN;
INSERT INTO `ss_checkjob_job_tem` VALUES ('0794ae8b15804c1784ef18b4cad18565', 'aa', '5f6b500ffdf642349a1b46203c147ee0', '2016-05-19 08:47:58', null, '5ba89728daeb4a6999238a2939748145,06254582303d4460a97b92d2b2113146,f74b2a58630d447188c0a205145a54aa,85c01be5af524b589733f0d0743d26d5,', '00a6355517874ab9ac9c89184d438124'), ('1f5e09c2e1ed4b0f8eb193580fc60f2d', 'test2222', 'c321c891521446bdac49ae2bb29d7a00', '2016-05-20 09:56:20', null, '6fcab2ec600d492bb17d3c8eb142a92d,ba4a6153b64b4dcfb6943000b2a0f82f,', 'be8d6dacb14a42c7bb31893f3dcb922b'), ('3bf1c8399c7a4eeaaf4197211318887d', '2', 'c4db76be7dd94f95b5213b885f919cba', '2016-05-20 09:28:47', null, '54baa8900f3d4fe8860ea3012f0c1be4,106a89d7353b439cb5eb000da7e6d881,d398275d3c8c475489e754fc8e66642f,d1a99b7da3ad4bbba46cb7ca595e1650,be60792440cc4dfca846b3e673ebf2a4,5fc58867e9994545b77cb63e3e25daae,', 'be742f86c9914e7b83bfb531c2e693df'), ('4919954eab334b8c9a70b7eaeb2b7981', '', '5f6b500ffdf642349a1b46203c147ee0', '2016-05-18 14:34:49', null, '1cb4228a85e44a6e9e0ae3b9b94d09cc,fb1bb00ed17f49aab5bca7a92c5f0ec7,29b81c1d4802456ea8025a56636bc79b,6d3e449431944c129371ed6be8be3d11,fa4712fd6d51444bae7449f3618f32f4,7c73335b484b46c0a30fda7799e568e1,9c496ad57e4e4d1e96e6f4ac501802b0,a3f95fe0ff4a4df7991130fbaaf91543,f640466a21cb452d831f57624b826b31,bc008f2cc84b49709b64465f576ec160,e4c018fea67f43f9aab0758f7592b5ab,21c400482d5f49088bba1d33c3a64134,755295eff8744e5f93e9360e91bc12ec,16c8e1581a32447191b6c12ae78d7703,2dbff7d7c0d6469993a4f137e37b2f0c,45129b544a3148caa7ed11a69db06f64,cb7fcf162bb34ded9d0694afa2cce127,98caa5d1bcf145218d9910687db6ef8f,c80fc1052a1d491ea9843099b18faf89,e3a77addc673422fb2bd3cf87f2bd2f5,6252b1c89ef247179d46db0a08b6e5b6,3776ae04982348a2a14469ed3e57abcb,472a032b4f534675acac3602e946ef69,e1947e4d73c6450bbebe724595a2276d,bb797c8b886b4cad86b05bc65b94c807,72d65040039f4c3f8ca72e22495797fc,d8407a4a393b44d3a059bdc7bed184ef,02eec96dfbf0440fa16a2caaf168c812,cc1351b04e924637bb7c8d6e62719ac2,eef8fe8c67824d23bb21c1ea9ab82449,b91cb851cf7142d3be3864826aa8f9db,f9914cf61c0343efb2d327f7f95042c2,de35744dc9914d018de7e9585b31b782,fcf9376948104da1b8d7cb43f71f4f78,77ef62f7f6644cbba6c3011cac207b68,37e65c6b652348b984e34f41fef3f614,228fb3a3a54649f8b3d84d759f916e1c,0ddff71c42164db3b755ab0198bbfdcc,b16a7a2f9d804a749fa583e41a5581c7,37e72140320d4cdfb52acf286a70f4e2,8daa22e6661643b3b60316c0f6c62ead,2d7af66ddec7413c842c294dc599bb4a,d398275d3c8c475489e754fc8e66642f,6eea078283214dbaa3612819b59346b0,8a39cc8902694c4b93a415154d8ae805,8339f698c8944a55a1e13af47485aa06,bd274ea7d3a84536b47e2f9aa14f5005,cce580d1e61d41e1b2fb71e20f9f2f20,b20e7020c78248c7afc6c818bce61446,dee27c258ed34630b60ed833a4b7fa3c,2365f90d42f14ace8f4298f236643a7f,87d922c87449409e94af94446eb3bd68,59f9422d36414718b72fc604ee5acf2a,79b417931ffb4e1fa7a49af433d8becd,33292f2c24384e7197742f40b8018e71,29999d34870b41f9ad4e791b5feec11e,c2729b7b0a1e47408cfbe378b7a90a51,f74b2a58630d447188c0a205145a54aa,5fc58867e9994545b77cb63e3e25daae,08f43a3729da415bb1b56dcd7a2e68ab,96ad0cac8d0649aa9505185dcf805491,', '00a6355517874ab9ac9c89184d438124'), ('54c9392998734269b0075c7adc40c104', 'test11111', 'c321c891521446bdac49ae2bb29d7a00', '2016-05-20 09:55:40', null, '06254582303d4460a97b92d2b2113146,a09d87ce110240adbc5a959f9b46b4ed,be60792440cc4dfca846b3e673ebf2a4,', 'be8d6dacb14a42c7bb31893f3dcb922b'), ('5cbd9b0e26ea491da62259580f244a86', 'testnew1', 'c4db76be7dd94f95b5213b885f919cba', '2016-05-20 09:14:08', null, '12ef81ff422441eab5924c18443e1807,6fcab2ec600d492bb17d3c8eb142a92d,f74b2a58630d447188c0a205145a54aa,a09d87ce110240adbc5a959f9b46b4ed,', 'be742f86c9914e7b83bfb531c2e693df'), ('761081eb53d84e24973aae34425066cf', '1', 'c321c891521446bdac49ae2bb29d7a00', '2016-05-19 13:52:16', null, '5ba89728daeb4a6999238a2939748145,6fcab2ec600d492bb17d3c8eb142a92d,06254582303d4460a97b92d2b2113146,f74b2a58630d447188c0a205145a54aa,', 'be8d6dacb14a42c7bb31893f3dcb922b'), ('900fcf39cf11462ebc5fb7fa940aa727', '1', 'e470153e65ff4acf84ef6bba89290519', '2016-05-18 16:46:34', null, 'ba4a6153b64b4dcfb6943000b2a0f82f,f74b2a58630d447188c0a205145a54aa,a09d87ce110240adbc5a959f9b46b4ed,85c01be5af524b589733f0d0743d26d5,', 'd12df3a736c742c58da176dbbd52d128'), ('c3f4273431c94d9bbc4ec5daca923bc8', '1', 'c4db76be7dd94f95b5213b885f919cba', '2016-05-18 15:35:07', null, '73842ea9aff84bbaa90898cc64be3ab6,85b3c3f90f374d0697203446b464e44c,3e73743f2e024d12bce72c4aed8a4c40,f255f88cc7f54fe5a5397e8bed014124,7f5defb0bc974d36ba1f5d1ee77aa087,fe2fbf44f2d94750b49e286aabd3ad07,f56d0d92eaab45329453f9bccbb36fe3,853ecdd98d3048c3a0bf3d4773bcdfda,1a66f7071b784ab9bd647652c3d93429,1809e810e0994707bcf6ae104b160710,5d9ec80c4df7478dbc58cac6ca36fe0c,6d0fe6e941444a19813694dc2fd7f45c,00a0aeba317840509f2f15d94fd6a1b3,c2729b7b0a1e47408cfbe378b7a90a51,29999d34870b41f9ad4e791b5feec11e,97e296dae88242d6a170220c39bcc95f,', 'be742f86c9914e7b83bfb531c2e693df'), ('cc65b6abe5444eae8b2adfd516b2240e', '1', '5f6b500ffdf642349a1b46203c147ee0', '2016-05-17 09:21:39', null, 'a09d87ce110240adbc5a959f9b46b4ed,85c01be5af524b589733f0d0743d26d5,08f43a3729da415bb1b56dcd7a2e68ab,96ad0cac8d0649aa9505185dcf805491,', '00a6355517874ab9ac9c89184d438124'), ('e20dddafbd8043db8fc6f44c46b602bb', '1', 'c4db76be7dd94f95b5213b885f919cba', '2016-05-20 00:14:47', null, '0bb7ce792fbc4cff809c71af3c70a8e1,5fc58867e9994545b77cb63e3e25daae,96ad0cac8d0649aa9505185dcf805491,', 'be742f86c9914e7b83bfb531c2e693df');
COMMIT;

-- ----------------------------
--  Table structure for `ss_checkjob_job_tem_item`
-- ----------------------------
DROP TABLE IF EXISTS `ss_checkjob_job_tem_item`;
CREATE TABLE `ss_checkjob_job_tem_item` (
  `id_` varchar(64) NOT NULL COMMENT 'ID',
  `tem_id_` varchar(64) DEFAULT NULL COMMENT 'ID',
  `item_id_` varchar(64) DEFAULT '' COMMENT 'ID',
  `operate_time_` datetime DEFAULT NULL COMMENT '',
  `operator_id_` varchar(64) DEFAULT NULL COMMENT 'ID',
  PRIMARY KEY (`id_`)
) ENGINE=InnoDB DEFAULT CHARSET=utf8 ROW_FORMAT=COMPACT COMMENT='';

-- ----------------------------
--  Records of `ss_checkjob_job_tem_item`
-- ----------------------------
BEGIN;
INSERT INTO `ss_checkjob_job_tem_item` VALUES ('01268134af8d452a982b00d5ec6fac46', '3bf1c8399c7a4eeaaf4197211318887d', 'd398275d3c8c475489e754fc8e66642f', '2016-05-20 09:28:47', 'c4db76be7dd94f95b5213b885f919cba'), ('018470c1eecd41cbb59d5e079726ac05', '900fcf39cf11462ebc5fb7fa940aa727', '85c01be5af524b589733f0d0743d26d5', '2016-05-18 16:46:34', 'e470153e65ff4acf84ef6bba89290519'), ('04af182f0a4947f581c13ddfd891a08a', '4919954eab334b8c9a70b7eaeb2b7981', 'eef8fe8c67824d23bb21c1ea9ab82449', '2016-05-18 14:34:49', '5f6b500ffdf642349a1b46203c147ee0'), ('08cf24561d1148fda728aa95e4234679', '4919954eab334b8c9a70b7eaeb2b7981', '228fb3a3a54649f8b3d84d759f916e1c', '2016-05-18 14:34:49', '5f6b500ffdf642349a1b46203c147ee0'), ('09227dc707c0453a887c070a3f157d10', '4919954eab334b8c9a70b7eaeb2b7981', '29999d34870b41f9ad4e791b5feec11e', '2016-05-18 14:34:49', '5f6b500ffdf642349a1b46203c147ee0'), ('0bf29b4948a145769fa85311dde05f29', '4919954eab334b8c9a70b7eaeb2b7981', 'e1947e4d73c6450bbebe724595a2276d', '2016-05-18 14:34:49', '5f6b500ffdf642349a1b46203c147ee0'), ('0f075fe3c08d4f4582b2ea42f4fdcea7', '4919954eab334b8c9a70b7eaeb2b7981', '2d7af66ddec7413c842c294dc599bb4a', '2016-05-18 14:34:49', '5f6b500ffdf642349a1b46203c147ee0'), ('0f898146ce304435a7e0b6527144389d', '0794ae8b15804c1784ef18b4cad18565', 'f74b2a58630d447188c0a205145a54aa', '2016-05-19 08:47:58', '5f6b500ffdf642349a1b46203c147ee0'), ('109194e8e1d845d099d8bdbde5881899', '4919954eab334b8c9a70b7eaeb2b7981', 'd398275d3c8c475489e754fc8e66642f', '2016-05-18 14:34:49', '5f6b500ffdf642349a1b46203c147ee0'), ('10b2555fd24943fbb5b8377113ac28ac', 'e20dddafbd8043db8fc6f44c46b602bb', '96ad0cac8d0649aa9505185dcf805491', '2016-05-20 00:14:47', 'c4db76be7dd94f95b5213b885f919cba'), ('14cd64b4b2b646acac332859e95a77b2', 'c3f4273431c94d9bbc4ec5daca923bc8', '5d9ec80c4df7478dbc58cac6ca36fe0c', '2016-05-18 15:35:07', 'c4db76be7dd94f95b5213b885f919cba'), ('1ec3453ef4cc4cada1dc7dd3679e5d24', '4919954eab334b8c9a70b7eaeb2b7981', 'd8407a4a393b44d3a059bdc7bed184ef', '2016-05-18 14:34:49', '5f6b500ffdf642349a1b46203c147ee0'), ('217269d9ed3f4189bb6141ee3f469591', '54c9392998734269b0075c7adc40c104', 'be60792440cc4dfca846b3e673ebf2a4', '2016-05-20 09:55:40', 'c321c891521446bdac49ae2bb29d7a00'), ('223f363f450348cda777c02df6e784ed', '4919954eab334b8c9a70b7eaeb2b7981', 'b20e7020c78248c7afc6c818bce61446', '2016-05-18 14:34:49', '5f6b500ffdf642349a1b46203c147ee0'), ('27c7e19572c9446985cbb22d8c8e695d', '4919954eab334b8c9a70b7eaeb2b7981', '98caa5d1bcf145218d9910687db6ef8f', '2016-05-18 14:34:49', '5f6b500ffdf642349a1b46203c147ee0'), ('2f44da835c2a44218a7087a0c73fc045', '4919954eab334b8c9a70b7eaeb2b7981', 'b16a7a2f9d804a749fa583e41a5581c7', '2016-05-18 14:34:49', '5f6b500ffdf642349a1b46203c147ee0'), ('2fc68b3eaccf4b4588a9fa05543a11b9', '4919954eab334b8c9a70b7eaeb2b7981', '9c496ad57e4e4d1e96e6f4ac501802b0', '2016-05-18 14:34:49', '5f6b500ffdf642349a1b46203c147ee0'), ('31714be685ea41d1985255d724f5b75c', 'c3f4273431c94d9bbc4ec5daca923bc8', '1a66f7071b784ab9bd647652c3d93429', '2016-05-18 15:35:07', 'c4db76be7dd94f95b5213b885f919cba'), ('36af504f64e44ba1bda89cf82bffcc91', '4919954eab334b8c9a70b7eaeb2b7981', 'f74b2a58630d447188c0a205145a54aa', '2016-05-18 14:34:49', '5f6b500ffdf642349a1b46203c147ee0'), ('36e1a55e9d894b149b783219e08d12fd', '0794ae8b15804c1784ef18b4cad18565', '06254582303d4460a97b92d2b2113146', '2016-05-19 08:47:58', '5f6b500ffdf642349a1b46203c147ee0'), ('371d129ead0a40a0a63b44ca8eb26eac', '4919954eab334b8c9a70b7eaeb2b7981', 'f9914cf61c0343efb2d327f7f95042c2', '2016-05-18 14:34:49', '5f6b500ffdf642349a1b46203c147ee0'), ('37635173c5124a9ba1e62fb556c78eb0', 'cc65b6abe5444eae8b2adfd516b2240e', '08f43a3729da415bb1b56dcd7a2e68ab', '2016-05-17 09:21:39', '5f6b500ffdf642349a1b46203c147ee0'), ('37f3327d016148d589c95d08567aaead', '4919954eab334b8c9a70b7eaeb2b7981', '7c73335b484b46c0a30fda7799e568e1', '2016-05-18 14:34:49', '5f6b500ffdf642349a1b46203c147ee0'), ('411448bcb3b04fccbde996b700dead4b', '900fcf39cf11462ebc5fb7fa940aa727', 'a09d87ce110240adbc5a959f9b46b4ed', '2016-05-18 16:46:34', 'e470153e65ff4acf84ef6bba89290519'), ('421249e781244be8b1ccc4b97b1c6bd8', '4919954eab334b8c9a70b7eaeb2b7981', '472a032b4f534675acac3602e946ef69', '2016-05-18 14:34:49', '5f6b500ffdf642349a1b46203c147ee0'), ('4871cb9c3f194ce7bfaa14a34fa6d600', 'e20dddafbd8043db8fc6f44c46b602bb', '0bb7ce792fbc4cff809c71af3c70a8e1', '2016-05-20 00:14:47', 'c4db76be7dd94f95b5213b885f919cba'), ('4a430fece4fb4849a7839063561c1ba2', '54c9392998734269b0075c7adc40c104', '06254582303d4460a97b92d2b2113146', '2016-05-20 09:55:40', 'c321c891521446bdac49ae2bb29d7a00'), ('4cc1c2f3cfb4417699a1101ab3c687de', '54c9392998734269b0075c7adc40c104', 'a09d87ce110240adbc5a959f9b46b4ed', '2016-05-20 09:55:40', 'c321c891521446bdac49ae2bb29d7a00'), ('4ef2648f02684ea08b5d89e50b7f1075', 'c3f4273431c94d9bbc4ec5daca923bc8', 'f56d0d92eaab45329453f9bccbb36fe3', '2016-05-18 15:35:07', 'c4db76be7dd94f95b5213b885f919cba'), ('52ea27f0ba3748819cecdf7493cb0f44', '3bf1c8399c7a4eeaaf4197211318887d', '106a89d7353b439cb5eb000da7e6d881', '2016-05-20 09:28:47', 'c4db76be7dd94f95b5213b885f919cba'), ('565e851e993e40069045bc71e37d8e92', '4919954eab334b8c9a70b7eaeb2b7981', '8a39cc8902694c4b93a415154d8ae805', '2016-05-18 14:34:49', '5f6b500ffdf642349a1b46203c147ee0'), ('584dca20613c4ca49133c4760309f1ec', '4919954eab334b8c9a70b7eaeb2b7981', '72d65040039f4c3f8ca72e22495797fc', '2016-05-18 14:34:49', '5f6b500ffdf642349a1b46203c147ee0'), ('58aa13ac06b24d7ab8a47ce2ccd0ac15', '1f5e09c2e1ed4b0f8eb193580fc60f2d', 'ba4a6153b64b4dcfb6943000b2a0f82f', '2016-05-20 09:56:20', 'c321c891521446bdac49ae2bb29d7a00'), ('58cc537681734ae6946cdec400c05f63', '4919954eab334b8c9a70b7eaeb2b7981', '2365f90d42f14ace8f4298f236643a7f', '2016-05-18 14:34:49', '5f6b500ffdf642349a1b46203c147ee0'), ('5b519455f06240b89a1e1c1c90505243', 'c3f4273431c94d9bbc4ec5daca923bc8', '7f5defb0bc974d36ba1f5d1ee77aa087', '2016-05-18 15:35:07', 'c4db76be7dd94f95b5213b885f919cba'), ('5dc71b8b53db4bf6bbaa40f40ac7ae0c', '4919954eab334b8c9a70b7eaeb2b7981', '6d3e449431944c129371ed6be8be3d11', '2016-05-18 14:34:49', '5f6b500ffdf642349a1b46203c147ee0'), ('609b2c4a167b4e6ca2674f35198905d2', '0794ae8b15804c1784ef18b4cad18565', '5ba89728daeb4a6999238a2939748145', '2016-05-19 08:47:58', '5f6b500ffdf642349a1b46203c147ee0'), ('68e5e29a44fe436c89181364745d7ad4', '4919954eab334b8c9a70b7eaeb2b7981', '37e72140320d4cdfb52acf286a70f4e2', '2016-05-18 14:34:49', '5f6b500ffdf642349a1b46203c147ee0'), ('6bd3a53b8cb14816a5f1bcd46260ac1f', '4919954eab334b8c9a70b7eaeb2b7981', '1cb4228a85e44a6e9e0ae3b9b94d09cc', '2016-05-18 14:34:49', '5f6b500ffdf642349a1b46203c147ee0'), ('6be1fbe464fe4bccaf85c214a559fa23', 'cc65b6abe5444eae8b2adfd516b2240e', '96ad0cac8d0649aa9505185dcf805491', '2016-05-17 09:21:39', '5f6b500ffdf642349a1b46203c147ee0'), ('730ca39d54564acc94e1f65193954e91', 'c3f4273431c94d9bbc4ec5daca923bc8', 'fe2fbf44f2d94750b49e286aabd3ad07', '2016-05-18 15:35:07', 'c4db76be7dd94f95b5213b885f919cba'), ('741f84e334a54c868d673b8761ba1af8', '5cbd9b0e26ea491da62259580f244a86', '12ef81ff422441eab5924c18443e1807', '2016-05-20 09:14:08', 'c4db76be7dd94f95b5213b885f919cba'), ('750f1e6fe35c45ae8a0b1282e566336d', '4919954eab334b8c9a70b7eaeb2b7981', '77ef62f7f6644cbba6c3011cac207b68', '2016-05-18 14:34:49', '5f6b500ffdf642349a1b46203c147ee0'), ('75b657812e9a4f5495a6b8430b88867c', '4919954eab334b8c9a70b7eaeb2b7981', 'c2729b7b0a1e47408cfbe378b7a90a51', '2016-05-18 14:34:49', '5f6b500ffdf642349a1b46203c147ee0'), ('7791fc39d69c447b826164c4d1db8d92', '5cbd9b0e26ea491da62259580f244a86', 'f74b2a58630d447188c0a205145a54aa', '2016-05-20 09:14:08', 'c4db76be7dd94f95b5213b885f919cba'), ('7a21645078e34732a322a04075326a79', '4919954eab334b8c9a70b7eaeb2b7981', 'cb7fcf162bb34ded9d0694afa2cce127', '2016-05-18 14:34:49', '5f6b500ffdf642349a1b46203c147ee0'), ('7ba6df27346248f18bc276ae40797154', 'c3f4273431c94d9bbc4ec5daca923bc8', 'f255f88cc7f54fe5a5397e8bed014124', '2016-05-18 15:35:07', 'c4db76be7dd94f95b5213b885f919cba'), ('7be4d8107e7d4f9e8ba6f866050605d5', '761081eb53d84e24973aae34425066cf', 'f74b2a58630d447188c0a205145a54aa', '2016-05-19 13:52:16', 'c321c891521446bdac49ae2bb29d7a00'), ('7fc699a975384c57a23b043d4518372c', 'c3f4273431c94d9bbc4ec5daca923bc8', '3e73743f2e024d12bce72c4aed8a4c40', '2016-05-18 15:35:07', 'c4db76be7dd94f95b5213b885f919cba'), ('82da82d689e34a688c01e044b28a8b14', '4919954eab334b8c9a70b7eaeb2b7981', '6eea078283214dbaa3612819b59346b0', '2016-05-18 14:34:49', '5f6b500ffdf642349a1b46203c147ee0'), ('831be866ace54d01817ea1d595f7f39f', 'cc65b6abe5444eae8b2adfd516b2240e', '85c01be5af524b589733f0d0743d26d5', '2016-05-17 09:21:39', '5f6b500ffdf642349a1b46203c147ee0'), ('84b7c481ea2345adac4989537389d4f9', '4919954eab334b8c9a70b7eaeb2b7981', 'cce580d1e61d41e1b2fb71e20f9f2f20', '2016-05-18 14:34:49', '5f6b500ffdf642349a1b46203c147ee0'), ('85cd8fed86af4ee292916d7d6e81fbd0', '4919954eab334b8c9a70b7eaeb2b7981', '755295eff8744e5f93e9360e91bc12ec', '2016-05-18 14:34:49', '5f6b500ffdf642349a1b46203c147ee0'), ('8b3494fa749544248ebdd74fb17792a4', 'c3f4273431c94d9bbc4ec5daca923bc8', '6d0fe6e941444a19813694dc2fd7f45c', '2016-05-18 15:35:07', 'c4db76be7dd94f95b5213b885f919cba'), ('8bad30040e194b7091e112209e571384', '5cbd9b0e26ea491da62259580f244a86', 'a09d87ce110240adbc5a959f9b46b4ed', '2016-05-20 09:14:08', 'c4db76be7dd94f95b5213b885f919cba'), ('8c5531f25f8b4df38f9e33744778e339', '4919954eab334b8c9a70b7eaeb2b7981', '6252b1c89ef247179d46db0a08b6e5b6', '2016-05-18 14:34:49', '5f6b500ffdf642349a1b46203c147ee0'), ('8f5a43316c134c768640ee0633de1b55', '4919954eab334b8c9a70b7eaeb2b7981', '0ddff71c42164db3b755ab0198bbfdcc', '2016-05-18 14:34:49', '5f6b500ffdf642349a1b46203c147ee0'), ('90bb95d2810b4d81a362c8f341b75bb0', '4919954eab334b8c9a70b7eaeb2b7981', '16c8e1581a32447191b6c12ae78d7703', '2016-05-18 14:34:49', '5f6b500ffdf642349a1b46203c147ee0'), ('91a372c5c44741c6a1b940429a79b55e', '900fcf39cf11462ebc5fb7fa940aa727', 'ba4a6153b64b4dcfb6943000b2a0f82f', '2016-05-18 16:46:34', 'e470153e65ff4acf84ef6bba89290519'), ('92525604d25948409b83331d6d176939', '4919954eab334b8c9a70b7eaeb2b7981', 'fcf9376948104da1b8d7cb43f71f4f78', '2016-05-18 14:34:49', '5f6b500ffdf642349a1b46203c147ee0'), ('96fd17f158e545368bfa4d81615df1b7', '4919954eab334b8c9a70b7eaeb2b7981', '2dbff7d7c0d6469993a4f137e37b2f0c', '2016-05-18 14:34:49', '5f6b500ffdf642349a1b46203c147ee0'), ('9883613cfbbc43b8a3907816c0581a8b', '4919954eab334b8c9a70b7eaeb2b7981', 'bd274ea7d3a84536b47e2f9aa14f5005', '2016-05-18 14:34:49', '5f6b500ffdf642349a1b46203c147ee0'), ('9b122b7ed1e148dfa3c7d8824bb4995c', '900fcf39cf11462ebc5fb7fa940aa727', 'f74b2a58630d447188c0a205145a54aa', '2016-05-18 16:46:34', 'e470153e65ff4acf84ef6bba89290519'), ('9d335e22b6714128a7a8ed0941533b9f', 'c3f4273431c94d9bbc4ec5daca923bc8', 'c2729b7b0a1e47408cfbe378b7a90a51', '2016-05-18 15:35:07', 'c4db76be7dd94f95b5213b885f919cba'), ('9d867109e00b49178cf93222b95e475d', '3bf1c8399c7a4eeaaf4197211318887d', 'd1a99b7da3ad4bbba46cb7ca595e1650', '2016-05-20 09:28:47', 'c4db76be7dd94f95b5213b885f919cba'), ('9e92a440111f4cf882272169e536a822', '3bf1c8399c7a4eeaaf4197211318887d', 'be60792440cc4dfca846b3e673ebf2a4', '2016-05-20 09:28:47', 'c4db76be7dd94f95b5213b885f919cba'), ('9ecd0a53251048dcacc45171b70967c5', 'c3f4273431c94d9bbc4ec5daca923bc8', '00a0aeba317840509f2f15d94fd6a1b3', '2016-05-18 15:35:07', 'c4db76be7dd94f95b5213b885f919cba'), ('a011c191e3b4447baadcba93e48c5225', '4919954eab334b8c9a70b7eaeb2b7981', 'f640466a21cb452d831f57624b826b31', '2016-05-18 14:34:49', '5f6b500ffdf642349a1b46203c147ee0'), ('a24813ec0a6948df98188639ca29c4dd', '4919954eab334b8c9a70b7eaeb2b7981', '8339f698c8944a55a1e13af47485aa06', '2016-05-18 14:34:49', '5f6b500ffdf642349a1b46203c147ee0'), ('a360b9df1e1c44868381248d023881d2', '4919954eab334b8c9a70b7eaeb2b7981', 'de35744dc9914d018de7e9585b31b782', '2016-05-18 14:34:49', '5f6b500ffdf642349a1b46203c147ee0'), ('a368ed1406e24cbd868ad7c21abb5884', '4919954eab334b8c9a70b7eaeb2b7981', '8daa22e6661643b3b60316c0f6c62ead', '2016-05-18 14:34:49', '5f6b500ffdf642349a1b46203c147ee0'), ('a637e0e6c9064ebe92bc971ca9289ae9', '3bf1c8399c7a4eeaaf4197211318887d', '5fc58867e9994545b77cb63e3e25daae', '2016-05-20 09:28:47', 'c4db76be7dd94f95b5213b885f919cba'), ('a77a4fc9c74e4121a0415a456ea91fed', '4919954eab334b8c9a70b7eaeb2b7981', '02eec96dfbf0440fa16a2caaf168c812', '2016-05-18 14:34:49', '5f6b500ffdf642349a1b46203c147ee0'), ('aeda24e0bb204f55ba38a3dfc0aaf67e', '4919954eab334b8c9a70b7eaeb2b7981', '5fc58867e9994545b77cb63e3e25daae', '2016-05-18 14:34:49', '5f6b500ffdf642349a1b46203c147ee0'), ('aefcc84f872a486287fe239427a0766b', '761081eb53d84e24973aae34425066cf', '06254582303d4460a97b92d2b2113146', '2016-05-19 13:52:16', 'c321c891521446bdac49ae2bb29d7a00'), ('afd01c53ab854f28923e29e39204d455', '4919954eab334b8c9a70b7eaeb2b7981', '3776ae04982348a2a14469ed3e57abcb', '2016-05-18 14:34:49', '5f6b500ffdf642349a1b46203c147ee0'), ('b003ef3be50a4e48a8e61f552296e34b', '4919954eab334b8c9a70b7eaeb2b7981', '21c400482d5f49088bba1d33c3a64134', '2016-05-18 14:34:49', '5f6b500ffdf642349a1b46203c147ee0'), ('b3b00a54206d495d8af757c5bd9e0460', '4919954eab334b8c9a70b7eaeb2b7981', '29b81c1d4802456ea8025a56636bc79b', '2016-05-18 14:34:49', '5f6b500ffdf642349a1b46203c147ee0'), ('b471a448c7d247a183db539a9138033f', 'c3f4273431c94d9bbc4ec5daca923bc8', '1809e810e0994707bcf6ae104b160710', '2016-05-18 15:35:07', 'c4db76be7dd94f95b5213b885f919cba'), ('b798bbeed6dd426b971f253ca2b7bfcd', 'e20dddafbd8043db8fc6f44c46b602bb', '5fc58867e9994545b77cb63e3e25daae', '2016-05-20 00:14:47', 'c4db76be7dd94f95b5213b885f919cba'), ('c14d154b628b4fc38430640f32914a60', '0794ae8b15804c1784ef18b4cad18565', '85c01be5af524b589733f0d0743d26d5', '2016-05-19 08:47:58', '5f6b500ffdf642349a1b46203c147ee0'), ('c2a4aed1c9ae4f60a0e22eb58a03ab60', '4919954eab334b8c9a70b7eaeb2b7981', 'cc1351b04e924637bb7c8d6e62719ac2', '2016-05-18 14:34:49', '5f6b500ffdf642349a1b46203c147ee0'), ('c543064be23d4307aaebd1ee445d7725', 'c3f4273431c94d9bbc4ec5daca923bc8', '85b3c3f90f374d0697203446b464e44c', '2016-05-18 15:35:07', 'c4db76be7dd94f95b5213b885f919cba'), ('c86949653ba24cb29f0fb6c2cc90157e', 'c3f4273431c94d9bbc4ec5daca923bc8', '853ecdd98d3048c3a0bf3d4773bcdfda', '2016-05-18 15:35:07', 'c4db76be7dd94f95b5213b885f919cba'), ('ca2ef3eb2c464bf9a459660134859a4b', '4919954eab334b8c9a70b7eaeb2b7981', 'bc008f2cc84b49709b64465f576ec160', '2016-05-18 14:34:49', '5f6b500ffdf642349a1b46203c147ee0'), ('d1f1b492487048839d30768b24065e81', '4919954eab334b8c9a70b7eaeb2b7981', '79b417931ffb4e1fa7a49af433d8becd', '2016-05-18 14:34:49', '5f6b500ffdf642349a1b46203c147ee0'), ('d3189699f6f142b8b65e3321d31a9660', '1f5e09c2e1ed4b0f8eb193580fc60f2d', '6fcab2ec600d492bb17d3c8eb142a92d', '2016-05-20 09:56:20', 'c321c891521446bdac49ae2bb29d7a00'), ('d543f4ba54104fdeb607257e20f37167', '761081eb53d84e24973aae34425066cf', '6fcab2ec600d492bb17d3c8eb142a92d', '2016-05-19 13:52:16', 'c321c891521446bdac49ae2bb29d7a00'), ('d7e3b48b541c4a26937d0c20cf9f6c7a', 'c3f4273431c94d9bbc4ec5daca923bc8', '73842ea9aff84bbaa90898cc64be3ab6', '2016-05-18 15:35:07', 'c4db76be7dd94f95b5213b885f919cba'), ('d7ecbd77dad940f1920dd89fa165f000', '4919954eab334b8c9a70b7eaeb2b7981', 'e4c018fea67f43f9aab0758f7592b5ab', '2016-05-18 14:34:49', '5f6b500ffdf642349a1b46203c147ee0'), ('da90b014c94946e3b09bbad631d15687', '4919954eab334b8c9a70b7eaeb2b7981', '59f9422d36414718b72fc604ee5acf2a', '2016-05-18 14:34:49', '5f6b500ffdf642349a1b46203c147ee0'), ('dacc300521b3464097fb31e7c77080aa', '4919954eab334b8c9a70b7eaeb2b7981', 'b91cb851cf7142d3be3864826aa8f9db', '2016-05-18 14:34:49', '5f6b500ffdf642349a1b46203c147ee0'), ('de451c49636348b0a9e7668313b1dfac', '4919954eab334b8c9a70b7eaeb2b7981', 'bb797c8b886b4cad86b05bc65b94c807', '2016-05-18 14:34:49', '5f6b500ffdf642349a1b46203c147ee0'), ('e03f637b491346b89d1daab02d0c2539', '4919954eab334b8c9a70b7eaeb2b7981', '37e65c6b652348b984e34f41fef3f614', '2016-05-18 14:34:49', '5f6b500ffdf642349a1b46203c147ee0'), ('e3d37a9d051c4448868ef1dabe730529', 'c3f4273431c94d9bbc4ec5daca923bc8', '97e296dae88242d6a170220c39bcc95f', '2016-05-18 15:35:07', 'c4db76be7dd94f95b5213b885f919cba'), ('e6ea798b04034afa9e09d436db3c61ae', '4919954eab334b8c9a70b7eaeb2b7981', '08f43a3729da415bb1b56dcd7a2e68ab', '2016-05-18 14:34:49', '5f6b500ffdf642349a1b46203c147ee0'), ('e73351d62cf24cf3b473c8f9d61be85c', '4919954eab334b8c9a70b7eaeb2b7981', '45129b544a3148caa7ed11a69db06f64', '2016-05-18 14:34:49', '5f6b500ffdf642349a1b46203c147ee0'), ('e7654b7825f948489eeb7777fdf1ee6f', '4919954eab334b8c9a70b7eaeb2b7981', 'c80fc1052a1d491ea9843099b18faf89', '2016-05-18 14:34:49', '5f6b500ffdf642349a1b46203c147ee0'), ('e7cb14ea2135498f9c799549fdbd583c', '4919954eab334b8c9a70b7eaeb2b7981', 'a3f95fe0ff4a4df7991130fbaaf91543', '2016-05-18 14:34:49', '5f6b500ffdf642349a1b46203c147ee0'), ('e80739ffacac4a218b5c5f94e0660aa8', '4919954eab334b8c9a70b7eaeb2b7981', '33292f2c24384e7197742f40b8018e71', '2016-05-18 14:34:49', '5f6b500ffdf642349a1b46203c147ee0'), ('eaf34660ada5412fa835a2487991b73b', '5cbd9b0e26ea491da62259580f244a86', '6fcab2ec600d492bb17d3c8eb142a92d', '2016-05-20 09:14:08', 'c4db76be7dd94f95b5213b885f919cba'), ('ec779c4db15b4c54bb79d2d4f02860eb', '761081eb53d84e24973aae34425066cf', '5ba89728daeb4a6999238a2939748145', '2016-05-19 13:52:16', 'c321c891521446bdac49ae2bb29d7a00'), ('ed690ba028ec451594dd21218d0f86ab', '4919954eab334b8c9a70b7eaeb2b7981', '87d922c87449409e94af94446eb3bd68', '2016-05-18 14:34:49', '5f6b500ffdf642349a1b46203c147ee0'), ('ed7383c667454956babdc7c4223c830e', '4919954eab334b8c9a70b7eaeb2b7981', 'dee27c258ed34630b60ed833a4b7fa3c', '2016-05-18 14:34:49', '5f6b500ffdf642349a1b46203c147ee0'), ('eddca003844b48008128aa4940c125e4', '3bf1c8399c7a4eeaaf4197211318887d', '54baa8900f3d4fe8860ea3012f0c1be4', '2016-05-20 09:28:47', 'c4db76be7dd94f95b5213b885f919cba'), ('f3434fcb824848409346bf633fb20b0e', '4919954eab334b8c9a70b7eaeb2b7981', '96ad0cac8d0649aa9505185dcf805491', '2016-05-18 14:34:49', '5f6b500ffdf642349a1b46203c147ee0'), ('f5a2fe916f0b4744ae4f51fd2f5cd756', '4919954eab334b8c9a70b7eaeb2b7981', 'e3a77addc673422fb2bd3cf87f2bd2f5', '2016-05-18 14:34:49', '5f6b500ffdf642349a1b46203c147ee0'), ('fa838c56c54e49e6aec4626fa409828f', '4919954eab334b8c9a70b7eaeb2b7981', 'fa4712fd6d51444bae7449f3618f32f4', '2016-05-18 14:34:49', '5f6b500ffdf642349a1b46203c147ee0'), ('fb7f6e4dc42c4b4ba89dc4aabddafe83', '4919954eab334b8c9a70b7eaeb2b7981', 'fb1bb00ed17f49aab5bca7a92c5f0ec7', '2016-05-18 14:34:49', '5f6b500ffdf642349a1b46203c147ee0'), ('fcfe70eeb895496095f354010696d03c', 'c3f4273431c94d9bbc4ec5daca923bc8', '29999d34870b41f9ad4e791b5feec11e', '2016-05-18 15:35:07', 'c4db76be7dd94f95b5213b885f919cba'), ('fe27d8d3d7974561ae7d6f8c75051575', 'cc65b6abe5444eae8b2adfd516b2240e', 'a09d87ce110240adbc5a959f9b46b4ed', '2016-05-17 09:21:39', '5f6b500ffdf642349a1b46203c147ee0');
COMMIT;

-- ----------------------------
--  Table structure for `ss_checkjob_report_sum`
-- ----------------------------
DROP TABLE IF EXISTS `ss_checkjob_report_sum`;
CREATE TABLE `ss_checkjob_report_sum` (
  `id_` varchar(64) NOT NULL COMMENT 'ID',
  `theme_` varchar(255) DEFAULT NULL COMMENT '',
  `skin_` varchar(255) DEFAULT NULL COMMENT '',
  `is_show_top_nav_` varchar(255) DEFAULT NULL COMMENT '',
  `navbar_btn_style_` varchar(255) DEFAULT NULL COMMENT '',
  `tab_focus_color_` varchar(255) DEFAULT NULL COMMENT 'Tab',
  `nav_tab_index_` varchar(255) DEFAULT NULL COMMENT '',
  PRIMARY KEY (`id_`)
) ENGINE=InnoDB DEFAULT CHARSET=utf8 ROW_FORMAT=COMPACT COMMENT='';

-- ----------------------------
--  Table structure for `ss_ent_baseinfor`
-- ----------------------------
DROP TABLE IF EXISTS `ss_ent_baseinfor`;
CREATE TABLE `ss_ent_baseinfor` (
  `id_` varchar(64) NOT NULL COMMENT 'ID',
  `name_` varchar(255) DEFAULT NULL COMMENT '',
  `xkzcode_` varchar(255) DEFAULT NULL COMMENT '',
  `fuzeren` varchar(255) DEFAULT NULL COMMENT '',
  `fadingdaibiaoren` varchar(255) DEFAULT NULL COMMENT '',
  `type` varchar(255) DEFAULT NULL COMMENT '',
  `zuzhijigoucode` varchar(255) DEFAULT NULL COMMENT '',
  `xkzfzdate` date DEFAULT NULL COMMENT '',
  `xkzyxdate` date DEFAULT NULL COMMENT '',
  `scfw` varchar(1000) DEFAULT NULL COMMENT '',
  `sczt` varchar(255) DEFAULT NULL,
  `gxbm` varchar(255) DEFAULT NULL,
  `is_wj` varchar(255) DEFAULT NULL,
  `zcdz` varchar(255) DEFAULT NULL,
  `qygm` varchar(255) DEFAULT NULL,
  `zczb` varchar(255) DEFAULT NULL,
  `yzbm` varchar(255) DEFAULT NULL,
  `qylxr` varchar(255) DEFAULT NULL,
  `yddh` varchar(255) DEFAULT NULL,
  `lxdh` varchar(255) DEFAULT NULL,
  `cz` varchar(255) DEFAULT NULL,
  `zlfzr` varchar(255) DEFAULT NULL,
  `zlsqr` varchar(255) DEFAULT NULL,
  `ssjt` varchar(255) DEFAULT NULL,
  `ssgx` varchar(255) DEFAULT NULL COMMENT '',
  PRIMARY KEY (`id_`)
) ENGINE=InnoDB DEFAULT CHARSET=utf8 ROW_FORMAT=COMPACT COMMENT='';

-- ----------------------------
--  Records of `ss_ent_baseinfor`
-- ----------------------------
BEGIN;
INSERT INTO `ss_ent_baseinfor` VALUES ('00a6355517874ab9ac9c89184d438124', '', '20130162', '', '', '', '76760482X', '2013-11-08', '2018-11-07', '***', '', null, '0', '', '', '', '', '', '', '', '', '', '', '', 'd12df3a736c742c58da176dbbd52d128'), ('02dba066a2894ac08fafe0dc599caba2', '', '20100102', '', '', '', '60057456-9', '2014-03-19', '2015-12-29', '109 ***', '', null, '', '', '', '', '', '', '', '', '', '', '', '', 'be8d6dacb14a42c7bb31893f3dcb922b'), ('03aa6e8bddce4f1599c9f7fb396fb12f', '', '20100011', '', '', '', '60058741-5', '2010-12-20', '2015-12-19', '8***', '', null, '', '', '', '', '', '', '', '', '', '', '', '', 'be8d6dacb14a42c7bb31893f3dcb922b'), ('044f8f34dbdd40b493a628fd793fd326', '', '20100040', '', '', '', '74404174-5', '2014-04-11', '2015-12-19', '80C3:  ***', '', null, '', '', '', '', '', '', '', '', '', '', '', '', 'be8d6dacb14a42c7bb31893f3dcb922b'), ('0899cc0f92be4db4ab73404490c12227', '', '20100029', '', '', '', '71824811-X', '2010-12-20', '2015-12-19', '221:()***\n19:', '', null, '', '', '', '', '', '', '', '', '', '', '', '', 'be8d6dacb14a42c7bb31893f3dcb922b'), ('090c7dbb01024860aed348fe6fa5d6aa', '', '20100047', '', '', '', '60055128-7', '2011-06-14', '2015-12-21', '6: ***', '', null, '', '', '', '1548', '300457', '', '13920313745', '25325624', '25326652', '', '', '', 'be8d6dacb14a42c7bb31893f3dcb922b'), ('0943139299784dfa951b4af898a1958e', '', '20100044', '', '', '', '60057860-7', '2010-12-22', '2015-12-21', ':***\n50: ***', '', null, '', '', '', '', '', '', '', '', '', '', '', '', 'be8d6dacb14a42c7bb31893f3dcb922b'), ('10605b3006ce4a8fb39d5b228b3a71c8', '', '20150050', '', '', '', '60058413-4', '2015-12-22', '2020-12-21', '17()()()***27109******', '', null, '', '', '', '12098', '300385', '', '13820166127', '022-83988997', '022-83988997', '', '', '', '6ff4a6b3cf0548958cb1b4f212f28c64'), ('111d1124937e4fc78b975ce58298e09c', '', '20100087', '', '', '', '74400465-3', '2010-12-23', '2015-12-22', '80B9:***', '', null, '', '', '', '', '', '', '', '', '', '', '', '', 'be8d6dacb14a42c7bb31893f3dcb922b'), ('1514950998944c82a8baad6189155f3d', '', '20100035', '', '', '', '55344526-1', '2012-07-30', '2015-12-19', '***', '', null, '', '', '', '', '', '', '', '', '', '', '', '', '5d835a6b4db7495fb563a87a06af0236'), ('179d186fcfd2406cb0efc33d8b6497ef', '', '20100030', '', '', '', '73545340-6', '2011-11-18', '2015-12-20', '221:***\n99: ***', '', null, '', '', '', '', '', '', '', '', '', '', '', '', 'be8d6dacb14a42c7bb31893f3dcb922b'), ('1877c6ec0a7946f384db9bebf1a206db', '', '20100072', '', '', '', '10409702-X', '2014-12-19', '2015-12-21', '                                     ***\n17L-', '', null, '', '', '', '91153', '301700', '', '15902289135', '022-59693539', '022-59693553', '', '', '', 'ebe97416b0d54e6dacd413fca9f86b3c'), ('196149c5be994f3eb8485de1917e4aa1', '', '20150040', '', '', '', '10385102-7', '2015-12-21', '2020-12-20', '***', '', null, '', '', '', '2000', '300380', '', '18622368986', '022-87988215', '022-87988215', '', '', '', '6ff4a6b3cf0548958cb1b4f212f28c64'), ('1a0691dc703740d28cfc0281edfa7441', '', '20100049', '', '', '', '77060997-1', '2014-07-29', '2015-12-21', '27***', '', null, '', '', '', '3699', '300350', '', '022-88515285', '022-88515285', '022-88515285', '', '', '', '5d835a6b4db7495fb563a87a06af0236'), ('1c0ee3a2c89f4b7fa66a8ffa747e3872', '', '20100073', '', '', '', '10343380-2', '2015-10-09', '2015-12-21', '22()()***', '', null, '', '', '', '3800', '301700', '', '13920228549', '022-82103295', '022-82191080', '', '', '', 'ebe97416b0d54e6dacd413fca9f86b3c'), ('1d56017d8c894ce0b6e38f52508392fd', '', '20120159', 'Herman Santoni Ramos', 'Ole Chrintz', '', '58131802-4', '2012-08-09', '2017-08-08', 'D12-2***', '', null, '', '', '', '3482', '300385', '', '13702032953', '02287204906', '02287204878', '', '', '', '6ff4a6b3cf0548958cb1b4f212f28c64'), ('1e1f50d2f5b54c3bbbb5d9e6db736fdb', '', '20100010', '', '', '', '10373832-3', '2010-11-07', '2015-12-19', '***', '', null, '', '', '', '', '', '', '', '', '', '', '', '', 'd4873f66c50d4158a363f7dbb464b157'), ('21dec403140649c8904f500b1a588d53', '', '20100066', '', '', '', '23966238-0', '2013-04-12', '2015-12-21', '18: ***', '', null, '', '', '', '4900', '300308', '', '13302091418', '58218600', '58218602', '', '', '', 'be8d6dacb14a42c7bb31893f3dcb922b'), ('22777a74d8304254a4d526ae1ec14a58', '', '20050055', '', '', '', '72572434-8', '2014-10-13', '2019-10-12', '', '', null, '', '', '', '6500', '300457', '', '13820885181', '65296777-8007', '59901891', '', '', '', 'be8d6dacb14a42c7bb31893f3dcb922b'), ('22cddd255c164a308f57562190a60d6b', '', '20110116', '', '', '', '71291647-1', '2015-06-24', '2016-01-22', '***', '', null, '', '', '', '', '', '', '', '', '', '', '', '', 'ebe97416b0d54e6dacd413fca9f86b3c'), ('2595b4dacab9480aa62071e5194e44bb', '', 'F201202', '', '', '', '70052960-X', '2014-08-18', '2016-12-31', '', '', null, '', '', '', '2000', '300310', '', '13821163351', '022-66250198', '022-87891051', '', '', '', 'be8d6dacb14a42c7bb31893f3dcb922b'), ('28cb96b18c1743789e5ce4120780be18', '', '20110155', '', '', '', '73279932-1', '2011-08-08', '2016-08-07', ' ***', '', null, '', '', '', '', '', '', '', '', '', '', '', '', 'be8d6dacb14a42c7bb31893f3dcb922b'), ('2b3d92580e004e3da14cea095ae938e7', '', '20100018', 'JOAN VICTORIA G.WU', 'Janice R.Ong', '', '74139276-9', '2010-12-20', '2015-12-19', '95***', '', null, '', '', '', '', '', '', '', '', '', '', '', '', 'be8d6dacb14a42c7bb31893f3dcb922b'), ('2b76c04a14454c62b1765733ac2b2a67', '', '20090135', '', '', '', '67147397-6', '2009-12-02', '2014-12-01', '4369', '', null, '', '', '', '', '', '', '', '', '', '', '', '', 'be8d6dacb14a42c7bb31893f3dcb922b'), ('2cd6447d5585414898b483c4bca25250', '', '20150144', '', '', '', '69740954-2', '2015-02-02', '2020-02-01', '1***', '', null, '', '', '', '', '', '', '', '', '', '', '', '', '5d835a6b4db7495fb563a87a06af0236'), ('2f1c5f28806a4e6fa24999d66106bf04', '', '20100086', '', '', '', '73548320-X', '2015-06-23', '2015-12-22', '***', '', null, '', '', '', '1900', '300410', '', '13602193368', '022-26735298', '022-2675169', '', '', '', '44284adb0da14a269fb0c907d0f1ceaf'), ('303a3d3a8fad4086a0df892247a4a676', '', '20100052', '', '', '', '73846335-1', '2012-01-04', '2015-12-21', '***', '', null, '', '', '', '5000', '300402', '', '13752458859', '022-26727766', '022-26727769', '', '', '', '44284adb0da14a269fb0c907d0f1ceaf'), ('322e9ee7be714145b27d13344ae02f2f', '', 'F201202', '', '', '', '70052960-X', '2014-08-18', '2016-12-31', '', '', null, '', '', '', '2000', '300310', '', '13821163351', '022-66250198', '022-87891051', '', '', '', 'be8d6dacb14a42c7bb31893f3dcb922b'), ('332b4cd9c8374de7862fe0a12e98e98d', '', '20110132', '', '', '', '74911722-7', '2011-12-28', '2016-12-27', '29***', '', null, '', '', '', '', '', '', '', '', '', '', '', '', 'd4873f66c50d4158a363f7dbb464b157'), ('36ec55f6073f47358b80645a1342912f', '', '20120136', '', '', '', '66882162-6', '2015-02-06', '2017-12-23', '***', '', null, '', '', '', '4800', '301609', '', '13820775808', '86818376', '', '', '', '', '9571616ff17e4d88bf0a7d7f7f97e84c'), ('387cc86d2c78460cb2d1b51b16aaf90a', '', '20100077', '', '', '', '10360939-6', '2014-10-24', '2015-12-22', '117105:***', '', null, '', '', '', '', '', '', '', '', '', '', '', '', 'be8d6dacb14a42c7bb31893f3dcb922b'), ('3a09560d4a3643d4a5caa25adc335ff2', '', '20110153', '', '', '', '68773307-4', '2013-05-23', '2016-03-24', '486:***', '', null, '', '', '', '9067', '301741', '', '18622987677', '18622987677', '22990168', '', '', '', 'ebe97416b0d54e6dacd413fca9f86b3c'), ('3a7f09d4a9fd4826882dba4f2f21cd0f', '', '20100048', '', '', '', '10320869-9', '2010-12-22', '2015-12-21', '***', '', null, '', '', '', '', '', '', '', '', '', '', '', '', 'be742f86c9914e7b83bfb531c2e693df'), ('3b27c4ce3978430d93d9ca45c8328365', '1111', '123456789', '', '', '', 'abcde', '2016-03-23', '2016-03-23', '', '', null, '1', '', '200', '1000', null, null, null, null, null, null, null, null, 'df7a483b2b3f45158b9e1a30e65854fe'), ('3c15e693da9b48b3bf17563243914a6b', '', '20100051', '', '', '', '71820649-7', '2013-05-14', '2015-12-21', '***', '', null, '', '', '', '', '', '', '', '', '', '', '', '', '4f277ce667e24774998ee76f7d0c430a'), ('3c43e0ee718a4b26b9f977228cae2af4', '', '20100004', '', '', '', '10354271-8', '2015-02-16', '2015-12-19', '***\n1***\n***', '', null, '', '', '', '11000', '300385', '', '13512426286', '022-26579859', '022-26579800', '', '', '', '6ff4a6b3cf0548958cb1b4f212f28c64'), ('3cd8b1608a93474ebf2db664c48cd333', '', '20120110', '', '', '', '75810721-5', '2012-01-25', '2017-01-24', '', '', null, '', '', '', '2478', '300480', '', '13512267633', '022-67161255', '022-67161756', '', '', '', 'be8d6dacb14a42c7bb31893f3dcb922b'), ('3fb7d3743d5a45068034614e6d4fb929', '', '20100082', '', '', '', '70043958-3', '2010-12-23', '2015-12-22', '***', '', null, '', '', '', '', '', '', '', '', '', '', '', '', '44284adb0da14a269fb0c907d0f1ceaf'), ('40a954d5f1de4acc8454ee1d5bc2b523', '', '20100028', '', '', '', '56269173-9', '2015-03-30', '2015-12-19', '221***', '', null, '', '', '', '60405', '300457', '', '18622663937', '022-59995199', '022-62250225', '', '', '', 'be8d6dacb14a42c7bb31893f3dcb922b'), ('415e0bcb711d41f18d2b37b8cfe6d5ca', '', '20110150', '', '', '', '68774369-4', '2015-01-22', '2019-12-23', '26***', '', null, '', '', '', '', '', '', '', '', '', '', '', '', 'be8d6dacb14a42c7bb31893f3dcb922b'), ('437f41e064694af58fec49f04fab915a', '', '20100075', '', '', '', '73848146-1', '2013-10-21', '2015-12-21', '***', '', null, '', '', '', '300', '301718', '', '18822073149', '022-22159129-809', '022-22159450', '', '', '', 'ebe97416b0d54e6dacd413fca9f86b3c'), ('4527f990b51549b98838565c743e06ef', '', '20150029', '', '', '', '60060059-5', '2015-12-16', '2020-12-16', '***', '', null, '', '', '', '22823', '300457', '', '15302078922', '022-25324850-2108', '022-25329924', '', '', '', 'be8d6dacb14a42c7bb31893f3dcb922b'), ('452eeab4295f4cd89e45900e7eab5921', '', '20100021', '', '', '', '75220273-X', '2015-04-19', '2015-12-19', '236  ***', '', null, '', '', '', '18950', '300270', '', '18602673383', '022-63233139', '022-63233139', '', '', '', 'be8d6dacb14a42c7bb31893f3dcb922b'), ('45de521566d34201b156a18e0ad647bc', '', '20100031', '', '', '', '10307080-2', '2010-12-20', '2015-12-19', '223:***', '', null, '', '', '', '', '', '', '', '', '', '', '', '', 'be8d6dacb14a42c7bb31893f3dcb922b'), ('469a888aa7c44f209571e3c4bc8b7a63', '', '20150002', '', '', '', '66614208-0', '2015-04-13', '2020-04-12', '3\n***', '', null, '', '', '', '19987', '300410', '', '13820077701', '022-86342299', '86342722', '', '', '', '44284adb0da14a269fb0c907d0f1ceaf'), ('47934d1bb423473da35efb622a453d51', '', '20150144', '', '', '', '69740954-2', '2015-02-02', '2020-02-01', '1***', '', null, '', '', '', '', '', '', '', '', '', '', '', '', '5d835a6b4db7495fb563a87a06af0236'), ('47ac54966cef44e88dc5ef5d96776089', '()', '20100019', 'Didier Mochon', 'Didier Mochon', '', '72298274-7', '2010-12-20', '2015-12-19', '12 ***', '', null, '', '', '', '4524', '300457', '', '13652134731', '66296458-402', '66299456', '', '', '', 'be8d6dacb14a42c7bb31893f3dcb922b'), ('47b7b8ab8faa4b429a3ba3a9a1a96508', '', '20100032', '', '', '', '23944464-X', '2014-12-06', '2015-12-19', '22***\n\n12***', '', null, '', '', '', '', '', '', '', '', '', '', '', '', '44284adb0da14a269fb0c907d0f1ceaf'), ('4b826ed9439d4876a407a2033e7ff6d9', '', '20100094', '', '', '()', '72571228-3', '2010-12-23', '2015-12-22', '1***', '', null, '', '', '', '', '', '', '', '', '', '', '', '', '6ff4a6b3cf0548958cb1b4f212f28c64'), ('4b8f95d8c48f47268abd499187b8f4bc', '', '20100003', '', '', '', '10307082-9', '2013-06-21', '2015-12-19', '2***\n***', '', null, '', '', '', '', '300112', '', '', '', '', '', '', '', '6ff4a6b3cf0548958cb1b4f212f28c64'), ('4d186134eaff40479b8d0d92d2da3962', '', '20100012', '', '', '', '23899179-9', '2015-02-03', '2015-12-19', '', '', null, '', '', '', '5000', '300301', '', '13642062200', '23006947', '23006940', '', '', '', 'be8d6dacb14a42c7bb31893f3dcb922b'), ('4d78ceada72c41c080aa9d4d5a0685b0', '', '20100043', '', '', '', '10431208-4', '2010-12-22', '2015-12-21', '5: ***', '', null, '', '', '', '5100', '300457', '', '15022578195', '022-25290056', '022-25321643', '', '', '', 'be8d6dacb14a42c7bb31893f3dcb922b'), ('4f17781531d649fb8dd6ce07fc5898c1', '', '20110126', '', '', '', '78330813-1', '2015-04-14', '2016-04-25', '***\n21***', '', null, '', '', '', '4500', '300232', '', '13920660318', '02226623057', '02226623057', '', '', '', '85d923b0f58b4e5ca9bee9ed52123fca'), ('51775000e7004d8fa022f0623216608c', '', '20110125', '', '', '', '78937771-X', '2011-06-16', '2016-06-15', '***', '', null, '', '', '', '', '', '', '', '', '', '', '', '', '44284adb0da14a269fb0c907d0f1ceaf'), ('5698058a23384a1cb3da5336f64b35fe', '', '20100002', '', '', '', '10347050-7', '2012-11-08', '2015-12-19', '21()***\n***\n ***', '', null, '', '', '', '0', '300457', '', '15022120542', '022-60123816', '022-60123817', '', '', '', 'be8d6dacb14a42c7bb31893f3dcb922b'), ('585fd783154c4544b982bb73f88b0013', '', '20100036', '', '', '', '73548448-0', '2012-03-20', '2015-12-19', '***', '', null, '', '', '', '', '', '', '', '', '', '', '', '', '6ff4a6b3cf0548958cb1b4f212f28c64'), ('59fb43251638496395c81dbd8600e87f', '', '20100029', '', '', '', '71824811-X', '2010-12-20', '2015-12-19', '221:()***\n19:', '', null, '', '', '', '', '', '', '', '', '', '', '', '', 'be8d6dacb14a42c7bb31893f3dcb922b'), ('5efaf7f75f0941eb9022fb105c0d1fbf', 'test1', '', 'realtes', '2 ', '', '', '2016-03-23', '2016-03-23', '', '', null, '0', '', '', '', null, null, null, null, null, null, null, null, 'be742f86c9914e7b83bfb531c2e693df'), ('5fefa24592364417bb3c401592d30be2', '', '20100002', '', '', '', '10347050-7', '2012-11-08', '2015-12-19', '21()***\n***\n ***', '', null, '', '', '', '0', '300457', '', '15022120542', '022-60123816', '022-60123817', '', '', '', 'be8d6dacb14a42c7bb31893f3dcb922b'), ('606152be6b1d4b8a9c4f9318776ba477', '', '20100084', '', '', '', '72749739-6', '2010-12-23', '2015-12-22', '***', '', null, '', '', '', '', '', '', '', '', '', '', '', '', '44284adb0da14a269fb0c907d0f1ceaf'), ('620e08cb60794bdaaaf3a77d1a3da473', '', '20100083', '', '', '', '69406327-5', '2010-12-23', '2015-12-22', '***', '', null, '', '', '', '200', '300350', '', '13920464837', '022-88811868', '022-88811868', '', '', '', '5d835a6b4db7495fb563a87a06af0236'), ('654d5208c27d49bba8ad0e3990bb3037', '', '20150021', '', '', '', '10315706-X', '2015-12-20', '2020-12-19', '3******', '', null, '', '', '', '', '', '', '', '', '', '', '', '', '4f277ce667e24774998ee76f7d0c430a'), ('65c786fcf63d4c7a844c0c9281dd537c', '', '20100045', '', '', '', '10380444-X', '2014-07-18', '2015-12-21', '948:***', '', null, '', '', '', '11470000', '300270', '', '13920774372', '60560372', '59716008', '', '', '', 'be8d6dacb14a42c7bb31893f3dcb922b'), ('66696e33e4ac46c6a968521494839e0a', '', '20100060', '', '', '', '10379518-4', '2011-03-10', '2015-12-19', '188***', '', null, '', '', '', '1109', '300384', '', '', '022-23791870', '02223792058', '', '', '', '6ff4a6b3cf0548958cb1b4f212f28c64'), ('6671b5b9de764d67bb573fa9069ff15f', '', '20110129', '', '', '', '74910013-4', '2014-09-02', '2016-09-28', '75***', '', null, '', '', '', '32565', '300457', '', '13312113778', '022-66230066', '022-66231500', '', '', '', 'be8d6dacb14a42c7bb31893f3dcb922b'), ('682f07acd8dc4639812f116a9956a933', '', '20100088', '', '', '', '72295313-7', '2010-12-23', '2015-12-22', 'E-6-C ***', '', null, '', '', '', '', '300384', '', '', '022-83712693', '022-83712910', '', '', '', 'be8d6dacb14a42c7bb31893f3dcb922b'), ('6936c7d9f44842a0906e50a0aa99b983', '', '20090142', '', '', '', '72296349-0', '2009-02-24', '2014-02-23', '******', '', null, '', '', '', '', '', '', '', '', '', '', '', '', 'be742f86c9914e7b83bfb531c2e693df'), ('69a9dad62c1b4635acf50301b4291681', '', '20130161', '', '', '', '67145914-6', '2015-10-16', '2018-04-17', '17***', '', null, '', '', '', '500', '301600', '', '022-59595809', '13502010219', '022-59595808', '', '', '', '9571616ff17e4d88bf0a7d7f7f97e84c'), ('6b404bc5ded741f1a9ba05310535400e', '', '20100003', '', '', '', '10307082-9', '2013-06-21', '2015-12-19', '2***\n***', '', null, '', '', '', '', '300112', '', '', '', '', '', '', '', '6ff4a6b3cf0548958cb1b4f212f28c64'), ('6c9621c541f549e6b2dd9053a50d6211', '', '20100024', 'Oana Dariana Ghimpau', '\nHerv Lon Pol GISSEROT', '', '60089124-9', '2014-05-27', '2015-12-19', '65 ***', '', null, '', '', '', '', '', '', '', '', '', '', '', '', 'be8d6dacb14a42c7bb31893f3dcb922b'), ('6d06fd5e187a4b3b8138cd6a86bdac73', '', '20130160', '', '', '', '55652905-7', '2013-01-17', '2018-01-16', '728 ***\n21***', '', null, '', '', '', '', '', '', '', '', '', '', '', '', 'be8d6dacb14a42c7bb31893f3dcb922b'), ('6d5cba75684c41c791ca004718a4352d', '', '20100042', '', '', '()', '10329455-8', '2010-12-21', '2015-12-20', '269:()***', '', null, '', '', '', '110822800', '300308', '', '13702098866', '022-84911624', '022-24890518', '', '', '', 'be8d6dacb14a42c7bb31893f3dcb922b'), ('6eb5b4e63b594f418f62c4299c27300b', '', '20110107', '', '', '', '75813031-9', '2015-06-15', '2015-12-29', '***', '', null, '', '', '', '', '', '', '', '', '', '', '', '', 'ebe97416b0d54e6dacd413fca9f86b3c'), ('6f883873f3b7473ba9291e463ed714e9', '', '20140143', '', '', '', '78330751-8', '2014-04-25', '2019-04-24', '71***', '', null, '', '', '', '', '', '', '', '', '', '', '', '', 'be8d6dacb14a42c7bb31893f3dcb922b'), ('6ff079022e1f47ccab73419fb44d3660', '', '20100004', '', '', '', '10354271-8', '2015-02-16', '2015-12-19', '***\n1***\n***', '', null, '', '', '', '11000', '300385', '', '13512426286', '022-26579859', '022-26579800', '', '', '', '6ff4a6b3cf0548958cb1b4f212f28c64'), ('7226f8f4d9724a58b35111fc06b3c09d', '()', '20100020', 'Camilla Sylvest', 'Jakob Riis', '', '60053773-3', '2010-01-29', '2015-12-20', '', '', null, '', '', '', '', '', '', '', '', '', '', '', '', 'be8d6dacb14a42c7bb31893f3dcb922b'), ('73682106f6804a1e912c1c577f93272a', '', '20130140', '', '', '', '75222292-5', '2013-11-16', '2018-11-15', '18 ***', '', null, '', '', '', '', '', '', '', '', '', '', '', '', 'be8d6dacb14a42c7bb31893f3dcb922b'), ('7411f13dbb064ba1bfb71e29718531f0', '', '20120158', '', '', '', '74400495-2', '2014-11-24', '2017-03-29', '19***', '', null, '', '', '', '', '', '', '', '', '', '', '', '', 'be8d6dacb14a42c7bb31893f3dcb922b'), ('748eb98151024abca76084ce3d42c413', '', '20100059', '', '', '', '73037720-5', '2014-06-04', '2015-12-21', '***', '', null, '', '', '', '', '300385', '', '13332069877', '022-83969739', '022-83969680', '', '', '', '6ff4a6b3cf0548958cb1b4f212f28c64'), ('74bfa9e3fc734cc49449eaac9ac9af13', '', '20100079', '', '', '', '77364733-2', '2010-11-17', '2015-11-16', '12***', '', null, '', '', '', '', '', '', '', '', '', '', '', '', 'be742f86c9914e7b83bfb531c2e693df'), ('78e0f656f36d4716a073ca9038de3a0b', '', '20100067', '', '', '', '73037039-6', '2013-07-26', '2015-12-21', '***\n***', '', null, '', '', '', '4610', '301802', '', '13702104984', '13702104984', '022-29244842', '', '', '', 'aef819fdcf0d4671a99bbed6365955e3'), ('79324819c46f4659b79c77b126ace315', '', '20150039', '', '', '', '10420446-2', '2015-12-22', '2020-12-21', '()***', '', null, '', '', '', '1031', '301805', '', '15122194903', '022-82459488', '022-82459368', '', '', '', 'aef819fdcf0d4671a99bbed6365955e3'), ('79576cab2e9a47989b99147fd9f25bf0', '', '20100037', '', '', '', '23899647-7', '2012-05-31', '2015-12-19', '25***', '', null, '', '', '', '3000', '300385', '', '13602091156', '022-83963409', '022-83963403', '', '', '', '6ff4a6b3cf0548958cb1b4f212f28c64'), ('7aaa499eb741464e9022d851764bf209', '', '20110115', '', '', '', '74401963-6', '2011-01-16', '2016-01-15', '3\n***', '', null, '', '', '', '', '', '', '', '', '', '', '', '', '9571616ff17e4d88bf0a7d7f7f97e84c'), ('7adac28920cd44f0bba3256be50b0fcb', '', 'F201201', '', '', '', '70050847-0', '2012-01-10', '2016-12-31', 'G1-C-[125I][125I]-[125I][125I][12', '', null, '', '', '', '', '', '', '', '', '', '', '', '', '6ff4a6b3cf0548958cb1b4f212f28c64'), ('7bde630c0dea4fd19a534d7b49655d35', '', '20130163', '', '', '', '58975869-X', '2015-06-17', '2018-12-03', '***', '', null, '', '', '', '8000', '300301', '', '13821179610', '022-58357006-8602', '022-58357006', '', '', '', 'be8d6dacb14a42c7bb31893f3dcb922b'), ('7e9481bc53ab4cad946f0ffa649b8a89', '', '20100006', '', '', '', '10307083-7', '2015-07-21', '2015-12-19', '***    \n10443***     \n21***', '', null, '', '', '', '', '', '', '', '', '', '', '', '', '44284adb0da14a269fb0c907d0f1ceaf'), ('80d94fd7a7894890ab66cfcaf5688a60', '', '20150040', '', '', '', '10385102-7', '2015-12-21', '2020-12-20', '***', '', null, '', '', '', '2000', '300380', '', '18622368986', '022-87988215', '022-87988215', '', '', '', '6ff4a6b3cf0548958cb1b4f212f28c64'), ('822e8a620a464d368eb5168ab2a0342c', '', '20100002', '', '', '', '10347050-7', '2012-11-08', '2015-12-19', '21()***\n***\n ***', '', null, '', '', '', '0', '300457', '', '15022120542', '022-60123816', '022-60123817', '', '', '', 'be8d6dacb14a42c7bb31893f3dcb922b'), ('83950eda8ba64ce1a6fbd44c63426518', '', '20100151', '', '', '', '56613183-5', '2012-11-15', '2015-11-14', '\nDL-80', '-3', null, '', '', '', '132', '300380', '', '13803016000', '27979990', '27979600', '', '', '------', '6ff4a6b3cf0548958cb1b4f212f28c64'), ('84da4e496a1841789c4f8951afc51229', '', '20100074', '', '', '', '71294943-3', '2012-12-24', '2015-12-21', '8 ***', '', null, '', '', '', '', '', '', '', '', '', '', '', '', 'ebe97416b0d54e6dacd413fca9f86b3c'), ('85a6ebd54286460b8e66acfb2c7e35b4', '', '20150036', '', '', '', '55035562-3', '2015-04-17', '2020-04-16', '88-)***', '', null, '', '', '', '13600', '300409', '', '15822951317', '23028998-8102', '23023918', '', '', '', '44284adb0da14a269fb0c907d0f1ceaf'), ('85f8bae5ce21443fb707c3267ccd0306', '', '20110108', '', '', '', '76434964-0', '2014-11-27', '2016-12-17', '***', '', null, '', '', '', '16092', '300410', '', '15922299597', '022-86342028', '022-26736050', '', '', '', '44284adb0da14a269fb0c907d0f1ceaf'), ('87987bf10dcb4009a127e8022b895a90', '', '20110089', '', '', '', '78332414-X', '2011-06-20', '2016-06-19', '***', '', null, '', '', '', '100', '300380', '', '13920139275', '27944912', '27397318', '', '', '', '6ff4a6b3cf0548958cb1b4f212f28c64'), ('88b69384d9004b8ab1e41033f56973da', '', '20150035', '', '', '', '60058061-9', '2015-12-20', '2020-12-19', '***', '', null, '', '', '', '52642', '300385', '', '13821263956', '022-23703123', '022-23972240', '', '', '', '6ff4a6b3cf0548958cb1b4f212f28c64'), ('898e587010a142abb6b6dc76e2ed8120', '', '20100016', '', '', '', '60089114-2', '2015-08-20', '2015-12-19', '***', '', null, '', '', '', '', '', '', '', '', '', '', '', '', '44284adb0da14a269fb0c907d0f1ceaf'), ('8a3473d16ff54ac3b83e27a8dc40030d', '', '20100026', '', '', '', '60055002-2', '2014-08-27', '2015-12-19', '36***', '', null, '', '', '', '3150', '300382', '', '', '022-83991000', '022-23981645', '', '', '', '6ff4a6b3cf0548958cb1b4f212f28c64'), ('8b44baa959084be2b2c2a4c695031802', '', '20150041', '', '', '', '75221058-8', '2015-06-23', '2020-06-22', '13***', '', null, '', '', '', '', '', '', '', '', '', '', '', '', '9571616ff17e4d88bf0a7d7f7f97e84c'), ('8c2f54689f8141f5866a01b59c488bd1', '', '20100014', '', '', '', '60057673-2', '2015-04-14', '2015-12-19', '16***', '', null, '', '', '', '10482', '300385', '', '18622301600', '83962525', '022-23979555', '', '', '', 'be8d6dacb14a42c7bb31893f3dcb922b'), ('8cf9577378bf488791750714bb29018d', '', '20100032', '', '', '', '23944464-X', '2014-12-06', '2015-12-19', '22***\n\n12***', '', null, '', '', '', '', '', '', '', '', '', '', '', '', '44284adb0da14a269fb0c907d0f1ceaf'), ('8e4066d59cd14c51a040941eb34cf578', '', '20080141', '', '', '', '78636419-8', '2014-09-05', '2019-09-04', '195***', '', null, '', '', '', '', '', '', '', '', '', '', '', '', 'be8d6dacb14a42c7bb31893f3dcb922b'), ('908d39f497674492ac0dd53977118a29', '', '20100112', '', '', '', '10354270-X', '2015-09-24', '2015-12-30', '278\n\n102***', '', null, '', '', '', '', '', '', '', '', '', '', '', '', '6ff4a6b3cf0548958cb1b4f212f28c64'), ('9275da03ce43473b9ed176514ca1481b', '', '20110128', '', '', '', '77064534-X', '2013-12-06', '2016-09-12', '21 ***\n***', '', null, '', '', '', '', '', '', '', '', '', '', '', '', 'be8d6dacb14a42c7bb31893f3dcb922b'), ('95fce5c9ea59455ea703561446381a66', '', '20110101', '', '', '', '10347168-1', '2014-02-10', '2016-12-27', '28***   \n77***', '', null, '', '', '', '5025', '300241', '', '13194661805', '022-66320777', '022-66320766', '', '', '', '85d923b0f58b4e5ca9bee9ed52123fca'), ('963fa3cd6249476e8c3902bba808e08d', '', '20100070', '', '', '', '60058896-0', '2015-04-21', '2015-12-22', '17***\n***', '', null, '', '', '', '5052', '300385', '', '', '', '', '', '', '', '6ff4a6b3cf0548958cb1b4f212f28c64'), ('9a30c0a58ed7420cbee55f8167e30e08', '', '20100008', '', '', '', '10378746-7', '2012-12-14', '2015-12-19', '20***\n***', '', null, '', '', '', '7751', '300112', '', '13820139265', '022-27796216', '022-27795643', '', '', '', '6ff4a6b3cf0548958cb1b4f212f28c64'), ('9c91eb4651a343d7a776bb89635f816a', '', '20080138', '', '', '', '23882906-2', '2008-04-02', '2013-04-01', '***', '', null, '', '', '', '', '', '', '', '', '', '', '', '', '421fedb458334b138c8586269e10232a'), ('9f81c6a2d8ed42bc961700788b18a2b5', '', '20100062', '', '', '', '60060043-X', '2012-03-12', '2015-12-21', '6(***', '', null, '', '', '', '1176', '300385', '', '13820679286', '022-88240792', '022-88242016', '', '', '', '6ff4a6b3cf0548958cb1b4f212f28c64'), ('a20cfd4ce5a7442e906e120b93f391a6', '', '20100145', '', '', '', '67596496-7', '2013-05-17', '2015-02-08', '1292-B401***', '', null, '', '', '', '', '', '', '', '', '', '', '', '', 'be8d6dacb14a42c7bb31893f3dcb922b'), ('a3c4a39e4ff74c8a98753c84c951d0f0', '', '20150069', '', '', '', '71828325-7', '2015-12-20', '2020-12-19', '***', '', null, '', '', '', '9121', '301700', '', '13821172252', '022-82169790-821', '022-82169798', '', '', '', 'ebe97416b0d54e6dacd413fca9f86b3c'), ('a47adcd64bc948389aa81d0369b7e9a6', '', '20100033', '', '', '', '74668265-0', '2015-06-08', '2015-12-20', '***\n6A16548***', '', null, '', '', '', '33470', '300402', '', '15522940937', '022-26736588', '022-26736147', '', '', '', '44284adb0da14a269fb0c907d0f1ceaf'), ('a6abe2a8292b44fd9db361ee29e6c626', '', '20100096', '', '', '', '10409846-0', '2014-12-29', '2015-12-27', '4***', '', null, '', '', '', '13725', '301700', '', '13042211668', '022-82122614', '022-82122614', '', '', '', 'ebe97416b0d54e6dacd413fca9f86b3c'), ('a6b3c13ad33b4b4186166cdede999b43', '', '20100080', '', '', '', '72297779-6', '2010-12-23', '2015-12-22', '1082:***', '', null, '', '', '', '', '', '', '', '', '', '', '', '', 'be8d6dacb14a42c7bb31893f3dcb922b'), ('aa74785b3c844fa0b7f4e23e1f6b183c', '', '20140168', '', '', '', '78034884-0', '2015-10-09', '2019-07-16', '24***', '', null, '', '', '', '', '', '', '', '', '', '', '', '', '5d835a6b4db7495fb563a87a06af0236'), ('ac80322d731b436aaf011b3eea189e36', '', '20140164', 'HAO HONG', 'HAO HONG', '', '70057051-4', '2014-03-17', '2019-03-16', '6***', '', null, '', '', '', '', '', '', '', '', '', '', '', '', 'be8d6dacb14a42c7bb31893f3dcb922b'), ('add739525d9c4d999e1d4157259822fa', '', '20100072', '', '', '', '10409702-X', '2014-12-19', '2015-12-21', '                                     ***\n17L-', '', null, '', '', '', '91153', '301700', '', '15902289135', '022-59693539', '022-59693553', '', '', '', 'ebe97416b0d54e6dacd413fca9f86b3c'), ('af1cefceb6aa47d6be12c7bd2861d518', '', '20150037', '', '', '', '55340812-9', '2015-12-23', '2020-12-22', '***', '', null, '', '', '', '2000', '301700', '', '13512012900', '022-82100761', '022-82100763', '', '', '', 'ebe97416b0d54e6dacd413fca9f86b3c'), ('afe38067bfdb4914a4368206f5264e65', '', '20140167', '', '', '', '55036068-4', '2014-06-24', '2019-06-23', '3369 ***', '', null, '', '', '', '', '', '', '', '', '', '', '', '', 'be8d6dacb14a42c7bb31893f3dcb922b'), ('b02f650f1ced4ffeaed0070aa2af8450', '', '20130137', '', '', '', '73037802-1', '2015-09-17', '2018-02-03', '***', '', null, '', '', '', '', '', '', '', '', '', '', '', '', '44284adb0da14a269fb0c907d0f1ceaf'), ('b079d36fbb564ec0815474cfc1197858', '', '20100113', '', '', '', '10328344-5', '2010-12-31', '2015-12-30', '398***', '', null, '', '', '', '1000', '300301', '', '13012214819', '24352716', '24352716', '', '', '', 'd4873f66c50d4158a363f7dbb464b157'), ('b6f11846ae8c4bd0ae83900a90cde2af', '', '20100013', '', '', '', '10306950-2', '2014-11-17', '2015-12-19', '1B4***\n491***\n213***\n**', '', null, '', '', '', '', '', '', '', '', '', '', '', '', '6ff4a6b3cf0548958cb1b4f212f28c64'), ('b6fd1d048471442898c00042335397a6', '', '20110156', '', 'Thomas Videbaek', '', '68189292-0', '2011-09-02', '2016-09-01', '35***', '', null, '', '', '', '', '', '', '', '', '', '', '', '', 'be8d6dacb14a42c7bb31893f3dcb922b'), ('b85bdb335588411bbfedbed2bdf8f243', '', '20100076', '', '', '', '10347811-1', '2011-01-12', '2015-12-22', '***', '', null, '', '', '', '', '', '', '', '', '', '', '', '', '44284adb0da14a269fb0c907d0f1ceaf'), ('ba1e7ef075ab4dd9b9e5285c8123ca56', '', '20100090', '', 'Marcelo Fioranelli', '', '60089425-5', '2010-12-23', '2015-12-22', '***', '', null, '', '', '', '', '', '', '', '', '', '', '', '', 'be8d6dacb14a42c7bb31893f3dcb922b'), ('bb614f129b6d441f8f490076c44a4a23', '', '20100004', '', '', '', '10354271-8', '2015-02-16', '2015-12-19', '***\n1***\n***', '', null, '', '', '', '11000', '300385', '', '13512426286', '022-26579859', '022-26579800', '', '', '', '6ff4a6b3cf0548958cb1b4f212f28c64'), ('bcfe545bd749435d9680a551a5d86bbb', '', '20100093', '', '', '', '10398474-3', '2010-12-23', '2015-12-22', '***', '', null, '', '', '', '306', '300408', '', '18722255333', '022-86844502', '022-86844502', '', '', '', '44284adb0da14a269fb0c907d0f1ceaf'), ('be1e163cf1f04e5fb9e5e2b1ac56e702', '', '20120118', '', '', '', '73547999-9', '2012-01-25', '2017-01-24', '18 ***', '', null, '', '', '', '', '', '', '', '', '', '', '', '', 'be8d6dacb14a42c7bb31893f3dcb922b'), ('be3204960cc542cf96a7d5ea841f60b5', '', '20100091', '', '', '', '66032129-9', '2013-09-11', '2015-12-22', '***', '', null, '', '', '', '', '', '', '', '', '', '', '', '', 'be8d6dacb14a42c7bb31893f3dcb922b'), ('bf19b91c97c24f8998b74fcc771eaa29', '', '20150021', '', '', '', '10315706-X', '2015-12-20', '2020-12-19', '3******', '', null, '', '', '', '', '', '', '', '', '', '', '', '', '4f277ce667e24774998ee76f7d0c430a'), ('c1ea5e7966934946a3a3c393b66fb6de', '', '20100148', '', 'MARCELO FIORANELL', '', '77733460-8', '2013-11-25', '2015-07-07', 'A121092***', '', null, '', '', '', '', '', '', '', '', '', '', '', '', 'be8d6dacb14a42c7bb31893f3dcb922b'), ('c4430572c86f4f3cbe7d3d8fc5cba42f', '', '20110121', '', '', '', '78637090-X', '2011-03-15', '2016-03-14', '12A1005 ***', '', null, '', '', '', '', '', '', '', '', '', '', '', '', 'be8d6dacb14a42c7bb31893f3dcb922b'), ('c5737718a0b64cee8fb7506afdb762d9', '', '20100017', '', '', '', '60055017-X', '2014-03-12', '2015-12-19', '***', '', null, '', '', '', '', '300163', '', '', '', '', '', '', '', 'd4873f66c50d4158a363f7dbb464b157'), ('c934af290b7f4ff4a024f4d05876b820', '', '20140165', '', '', '()', '55650077-2', '2014-04-16', '2019-04-15', '15\n***', '', null, '', '', '', '11850', '300385', '15022653005', '15022653005', '15022653005', '02258062699', '', '', '', '6ff4a6b3cf0548958cb1b4f212f28c64'), ('ca91c9a3b4424843970aef81e15318e3', '', '20140171', '', '', '', '75811368-2', '2015-11-27', '2020-11-26', '***', '', null, '', '', '', '', '', '', '', '', '', '', '', '', 'ebe97416b0d54e6dacd413fca9f86b3c'), ('ce9d8cbe65ed493fa1346acc7cec1299', '', '20100054', '', '', '', '23933114-3', '2010-12-22', '2015-12-21', '***', '', null, '', '', '', '', '', '', '', '', '', '', '', '', '6ff4a6b3cf0548958cb1b4f212f28c64'), ('d042b232f1e24ddda30987eefa608416', '', '20150052', '', '', '', '9112011610380444X2', '2015-12-16', '2020-12-16', '', '', null, '', '', '', '', '', '', '', '', '', '', '', '', 'be8d6dacb14a42c7bb31893f3dcb922b'), ('d085e3934b614abe800de2e7f1e75f1d', '', '20100152', '', '', '', '58977249-1', '2013-06-17', '2015-11-16', '6 ***', '', null, '', '', '', '6000', '300384', '', '13302171981', '022-83718828', '022-83718829', '', '', '', 'be8d6dacb14a42c7bb31893f3dcb922b'), ('d1442b4d0d6b4c8ea7a22c2a1a957fb6', '', '20120124', '', '', '', '77734428-3', '2015-04-14', '2017-06-11', '2***', '', null, '', '', '', '200', '301709', '', '18002060171', '022-24564181', '022-24564181', '', '', '', 'ebe97416b0d54e6dacd413fca9f86b3c'), ('d3b63f95d02547008ed4168a12186ffc', '', '20100105', '', '', '', '67943393-6', '2015-11-03', '2015-12-30', '\n***', '', null, '', '', '', '', '', '', '', '', '', '', '', '', '5d835a6b4db7495fb563a87a06af0236'), ('d51bb845f4d740f59f7ba747961d4b34', '', '20150172', '', '', '', '32859212-6', '2015-11-30', '2020-11-29', '', '', null, '', '', '', '', '', '', '', '', '', '', '', '', 'aef819fdcf0d4671a99bbed6365955e3'), ('d80bdb12fe894f2bbe5da186f98d0988', '', '20100022', '', '', '', '60058525-X', '2012-09-13', '2015-12-19', 'B2***', '', null, '', '', '', '', '', '', '', '', '', '', '', '', '85d923b0f58b4e5ca9bee9ed52123fca'), ('d8c3eec62b1d4316af61f095e9560f47', '-', '20100027', 'ERIC BOUTEILLER', 'ERIC BOUTEILLER', '', '60090856-5', '2012-04-18', '2015-12-20', '', '', null, '', '', '', '8000', '300384', '', '13512238763', '022-58118542', '022-83710344', '', '', '', 'be8d6dacb14a42c7bb31893f3dcb922b'), ('dc9f8cd981fa40288d5a8da36d7a6758', '', '20100057', '', '', '', '60056924-1', '2010-12-22', '2015-12-21', '88***', '', null, '', '', '', '', '', '', '', '', '', '', '', '', 'be742f86c9914e7b83bfb531c2e693df'), ('dd5414417719488e945290aa6bd054ee', '', '20100012', '', '', '', '23899179-9', '2015-02-03', '2015-12-19', '', '', null, '', '', '', '5000', '300301', '', '13642062200', '23006947', '23006940', '', '', '', 'be8d6dacb14a42c7bb31893f3dcb922b'), ('dd915170a36a45d7ad1b07d012d61362', '', '20120109', '', '', '', '75480727-3', '2012-01-25', '2017-01-24', '16 B1***', '', null, '', '', '', '', '300480', '', '13512812532', '022-67161710-8501', '022-67161710', '', '', '', 'be8d6dacb14a42c7bb31893f3dcb922b'), ('e0e0fb4c96ea4a128bd83c0366e433c6', '', '20100064', '', '', '', '60050140-7', '2011-11-24', '2015-12-21', '9\n***', '', null, '', '', '', '', '', '', '', '', '', '', '', '', '6ff4a6b3cf0548958cb1b4f212f28c64'), ('e205f7f1f87d48cd87841460fc339b37', '', '20100078', '', '', '', '74139836-X', '2012-11-20', '2015-12-21', '***', '', null, '', '', '', '', '', '', '', '', '', '', '', '', '9571616ff17e4d88bf0a7d7f7f97e84c'), ('e35067b71b8f4ae09caa74a0280048e3', '', '20100061', '', '', '', '10380970-X', '2011-05-11', '2015-12-21', '16:(B1***', '', null, '', '', '', '12625', '300385', '', '13802117040', '022-67161710-8509', '022-67161817', '', '', '', 'be8d6dacb14a42c7bb31893f3dcb922b'), ('e3defaee311b4c769ec97ab1e74d79f1', '', '20100046', '', '', '', '60057939-4', '2013-12-06', '2015-12-21', '118: ***', '', null, '', '', '', '', '', '', '', '', '', '', '', '', 'be8d6dacb14a42c7bb31893f3dcb922b'), ('e5cb141aa2bc4c6dbbc35703a38931e0', '', '20100007', '', '', '', '10307070-6', '2014-04-26', '2015-12-19', '1***', '', null, '', '', '', '8235', '300402', '', '', '26912628', '', '', '', '', '44284adb0da14a269fb0c907d0f1ceaf'), ('ea9a6a68f5ef4a54b9510295905257cb', '', '20100085', '', '', '', '60084142-8', '2010-12-23', '2015-12-22', '9: ***', '', null, '', '', '', '680', '300384', '', '15022357765', '83713395', '83716565', '', '', '', 'be8d6dacb14a42c7bb31893f3dcb922b'), ('eb33095dc9fc41d68928324cc99a8179', '', '20140166', '', '', '', '70050277-3', '2014-04-24', '2019-04-23', '8***', '', null, '', '', '', '', '', '', '', '', '', '', '', '', 'be8d6dacb14a42c7bb31893f3dcb922b'), ('ef108916c27840d7812f7ba76a33e5a5', '', '20120100', '', '', '()', '66032806-0', '2012-06-25', '2017-06-24', '***', '', null, '', '', '', '1000', '300301', '', '022-24350888', '13802188069', '022-24356288', '', '', '', 'd4873f66c50d4158a363f7dbb464b157'), ('f26e49622dfd43fda221e1203d694b78', '', '20110157', '', '', '', '58328004-X', '2011-09-21', '2016-09-20', ':***', '', null, '', '', '', '', '', '', '', '', '', '', '', '', 'aef819fdcf0d4671a99bbed6365955e3'), ('f2c2a46d599a4daf8aad352094e9290b', '', '20120122', '', '', '', '77733400-X', '2012-04-13', '2017-04-12', '2***', '', null, '', '', '', '150', '300380', '', '13662019482', '022-27991066', '022-27991066', '', '', '', '6ff4a6b3cf0548958cb1b4f212f28c64'), ('f3ec2844e5c948a5944795b6e3be943e', '', '20110127', '', '***', '', '77734255-2', '2011-06-16', '2016-06-15', '***', '', null, '', '', '', '', '', '', '', '', '', '', '', '', 'be8d6dacb14a42c7bb31893f3dcb922b'), ('f409fc3f4f404ed6a0ec7a61bf3bf5d1', '', '20100034', '', '', '', '60055311-9', '2013-05-21', '2015-12-19', '18***', '', null, '', '', '', '6000', '300400', '', '15522006972', '26985856', '26978455', '', '', '', '44284adb0da14a269fb0c907d0f1ceaf'), ('f41d49901dc94b51aad36d29d876e8e4', '', '20150042', '', '', '', '66614139-5', '2015-09-07', '2020-09-06', '16***', '', null, '', '', '', '8000', '301800', '', '13820861051', '022-29277780', '022-29277793', '', '', '', 'aef819fdcf0d4671a99bbed6365955e3'), ('f4cf0408308a4c9492f8dbf7f557ece4', '', '20100067', '', '', '', '73037039-6', '2013-07-26', '2015-12-21', '***\n***', '', null, '', '', '', '4610', '301802', '', '13702104984', '13702104984', '022-29244842', '', '', '', 'aef819fdcf0d4671a99bbed6365955e3'), ('f5360406b8254cbc8d05ab390fc4f5a4', '', '20110123', '', '', '', '10404076-0', '2011-04-06', '2016-04-05', '***', '', null, '', '', '', '', '', '', '', '', '', '', '', '', 'ebe97416b0d54e6dacd413fca9f86b3c'), ('f6cd5a200d994d13b91065b43e774ace', '', '20100111', '', '', '', '10310078-4', '2012-11-07', '2015-12-30', '17***', '', null, '', '', '', '', '300193', '', '13642074359', '022-27020917', '022-27020917', '', '', '', 'be742f86c9914e7b83bfb531c2e693df'), ('f70a3d3b37024341bf57e100c0d592c3', '', '20140170', '', '', '', '05208592-3', '2015-02-02', '2019-12-18', '10***', '', null, '', '', '', '', '', '', '', '', '', '', '', '', 'ebe97416b0d54e6dacd413fca9f86b3c'), ('f8b5d8dbff3c4f2f95750f7d4cc9e757', '', '20100092', '', '', '', '76129773-4', '2010-12-23', '2015-12-22', '121***', '', null, '', '', '', '290', '300451', '', '13612116780', '022-25215999', '022-25216166', '', '', '', 'be8d6dacb14a42c7bb31893f3dcb922b'), ('fbad53cb55d84ce59ee99d27e8b8720e', '', '20120065', '', '', '', '73283148-3', '2012-04-11', '2017-01-24', '98***', '', null, '', '', '', '3369', '300380', '', '13820555007', '022-27950672', '022-27932148', '', '', '', '6ff4a6b3cf0548958cb1b4f212f28c64'), ('fc2db97e83954c3f979a2e46c829fca6', '', '20100001', '', '', '', '10307081-0', '2012-11-08', '2015-12-19', '21***\n***', '', null, '', '', '', '0', '300457', '', '13212220813', '022-25293288', '022-25295056', '', '', '', 'be8d6dacb14a42c7bb31893f3dcb922b'), ('fcc2886366914942b00ac6cc7d8d81e7', '', '20100029', '', '', '', '71824811-X', '2010-12-20', '2015-12-19', '221:()***\n19:', '', null, '', '', '', '', '', '', '', '', '', '', '', '', 'be8d6dacb14a42c7bb31893f3dcb922b');
COMMIT;

-- ----------------------------
--  Table structure for `ss_ent_baseinfor_copy`
-- ----------------------------
DROP TABLE IF EXISTS `ss_ent_baseinfor_copy`;
CREATE TABLE `ss_ent_baseinfor_copy` (
  `id_` varchar(64) NOT NULL COMMENT 'ID',
  `name_` varchar(255) DEFAULT NULL COMMENT '',
  `xkzcode_` varchar(255) DEFAULT NULL COMMENT '',
  `fuzeren` varchar(255) DEFAULT NULL COMMENT '',
  `fadingdaibiaoren` varchar(255) DEFAULT NULL COMMENT '',
  `type` varchar(255) DEFAULT NULL COMMENT '',
  `zuzhijigoucode` varchar(255) DEFAULT NULL COMMENT '',
  `xkzfzdate` datetime DEFAULT NULL COMMENT '',
  `xkzyxdate` datetime DEFAULT NULL COMMENT '',
  `scfw` varchar(255) DEFAULT NULL COMMENT '',
  `sczt` varchar(255) DEFAULT NULL,
  `gxbm` varchar(255) DEFAULT NULL,
  `is_wj` varchar(255) DEFAULT NULL,
  `zcdz` varchar(255) DEFAULT NULL,
  `qygm` varchar(255) DEFAULT NULL,
  `zczb` varchar(255) DEFAULT NULL,
  `yzbm` varchar(255) DEFAULT NULL,
  `qylxr` varchar(255) DEFAULT NULL,
  `yddh` varchar(255) DEFAULT NULL,
  `lxdh` varchar(255) DEFAULT NULL,
  `cz` varchar(255) DEFAULT NULL,
  `zlfzr` varchar(255) DEFAULT NULL,
  `zlsqr` varchar(255) DEFAULT NULL,
  `ssjt` varchar(255) DEFAULT NULL,
  `ssgx` varchar(255) DEFAULT NULL COMMENT '',
  PRIMARY KEY (`id_`)
) ENGINE=InnoDB DEFAULT CHARSET=utf8 ROW_FORMAT=COMPACT COMMENT='';

-- ----------------------------
--  Records of `ss_ent_baseinfor_copy`
-- ----------------------------
BEGIN;
INSERT INTO `ss_ent_baseinfor_copy` VALUES ('00a6355517874ab9ac9c89184d438124', null, null, null, null, null, null, null, null, null, null, null, null, null, null, null, null, null, null, null, null, null, null, null, null), ('02dba066a2894ac08fafe0dc599caba2', null, null, null, null, null, null, null, null, null, null, null, null, null, null, null, null, null, null, null, null, null, null, null, null), ('03aa6e8bddce4f1599c9f7fb396fb12f', null, null, null, null, null, null, null, null, null, null, null, null, null, null, null, null, null, null, null, null, null, null, null, null), ('044f8f34dbdd40b493a628fd793fd326', null, null, null, null, null, null, null, null, null, null, null, null, null, null, null, null, null, null, null, null, null, null, null, null), ('0899cc0f92be4db4ab73404490c12227', null, null, null, null, null, null, null, null, null, null, null, null, null, null, null, null, null, null, null, null, null, null, null, null), ('090c7dbb01024860aed348fe6fa5d6aa', null, null, null, null, null, null, null, null, null, null, null, null, null, null, null, null, null, null, null, null, null, null, null, null), ('0943139299784dfa951b4af898a1958e', null, null, null, null, null, null, null, null, null, null, null, null, null, null, null, null, null, null, null, null, null, null, null, null), ('10605b3006ce4a8fb39d5b228b3a71c8', null, null, null, null, null, null, null, null, null, null, null, null, null, null, null, null, null, null, null, null, null, null, null, null), ('111d1124937e4fc78b975ce58298e09c', null, null, null, null, null, null, null, null, null, null, null, null, null, null, null, null, null, null, null, null, null, null, null, null), ('1514950998944c82a8baad6189155f3d', null, null, null, null, null, null, null, null, null, null, null, null, null, null, null, null, null, null, null, null, null, null, null, null), ('179d186fcfd2406cb0efc33d8b6497ef', null, null, null, null, null, null, null, null, null, null, null, null, null, null, null, null, null, null, null, null, null, null, null, null), ('1877c6ec0a7946f384db9bebf1a206db', null, null, null, null, null, null, null, null, null, null, null, null, null, null, null, null, null, null, null, null, null, null, null, null), ('196149c5be994f3eb8485de1917e4aa1', null, null, null, null, null, null, null, null, null, null, null, null, null, null, null, null, null, null, null, null, null, null, null, null), ('1a0691dc703740d28cfc0281edfa7441', null, null, null, null, null, null, null, null, null, null, null, null, null, null, null, null, null, null, null, null, null, null, null, null), ('1c0ee3a2c89f4b7fa66a8ffa747e3872', null, null, null, null, null, null, null, null, null, null, null, null, null, null, null, null, null, null, null, null, null, null, null, null), ('1d56017d8c894ce0b6e38f52508392fd', null, null, null, null, null, null, null, null, null, null, null, null, null, null, null, null, null, null, null, null, null, null, null, null), ('1e1f50d2f5b54c3bbbb5d9e6db736fdb', null, null, null, null, null, null, null, null, null, null, null, null, null, null, null, null, null, null, null, null, null, null, null, null), ('21dec403140649c8904f500b1a588d53', null, null, null, null, null, null, null, null, null, null, null, null, null, null, null, null, null, null, null, null, null, null, null, null), ('22777a74d8304254a4d526ae1ec14a58', null, null, null, null, null, null, null, null, null, null, null, null, null, null, null, null, null, null, null, null, null, null, null, null), ('22cddd255c164a308f57562190a60d6b', null, null, null, null, null, null, null, null, null, null, null, null, null, null, null, null, null, null, null, null, null, null, null, null), ('2595b4dacab9480aa62071e5194e44bb', null, null, null, null, null, null, null, null, null, null, null, null, null, null, null, null, null, null, null, null, null, null, null, null), ('25c4cca3611a441c968d77a5b625d968', '', '', 'a12', '', '', '', '2016-03-23 00:00:00', '2016-03-23 00:00:00', '', '', null, '0', '', '', '', null, null, null, null, null, null, null, null, '63cf387a243d4d9799367d773b853346'), ('28cb96b18c1743789e5ce4120780be18', null, null, null, null, null, null, null, null, null, null, null, null, null, null, null, null, null, null, null, null, null, null, null, null), ('2b3d92580e004e3da14cea095ae938e7', null, null, null, null, null, null, null, null, null, null, null, null, null, null, null, null, null, null, null, null, null, null, null, null), ('2b76c04a14454c62b1765733ac2b2a67', null, null, null, null, null, null, null, null, null, null, null, null, null, null, null, null, null, null, null, null, null, null, null, null), ('2cd6447d5585414898b483c4bca25250', null, null, null, null, null, null, null, null, null, null, null, null, null, null, null, null, null, null, null, null, null, null, null, null), ('2f1c5f28806a4e6fa24999d66106bf04', null, null, null, null, null, null, null, null, null, null, null, null, null, null, null, null, null, null, null, null, null, null, null, null), ('303a3d3a8fad4086a0df892247a4a676', null, null, null, null, null, null, null, null, null, null, null, null, null, null, null, null, null, null, null, null, null, null, null, null), ('322e9ee7be714145b27d13344ae02f2f', null, null, null, null, null, null, null, null, null, null, null, null, null, null, null, null, null, null, null, null, null, null, null, null), ('332b4cd9c8374de7862fe0a12e98e98d', null, null, null, null, null, null, null, null, null, null, null, null, null, null, null, null, null, null, null, null, null, null, null, null), ('36ec55f6073f47358b80645a1342912f', null, null, null, null, null, null, null, null, null, null, null, null, null, null, null, null, null, null, null, null, null, null, null, null), ('387cc86d2c78460cb2d1b51b16aaf90a', null, null, null, null, null, null, null, null, null, null, null, null, null, null, null, null, null, null, null, null, null, null, null, null), ('3a09560d4a3643d4a5caa25adc335ff2', null, null, null, null, null, null, null, null, null, null, null, null, null, null, null, null, null, null, null, null, null, null, null, null), ('3a7f09d4a9fd4826882dba4f2f21cd0f', null, null, null, null, null, null, null, null, null, null, null, null, null, null, null, null, null, null, null, null, null, null, null, null), ('3c15e693da9b48b3bf17563243914a6b', null, null, null, null, null, null, null, null, null, null, null, null, null, null, null, null, null, null, null, null, null, null, null, null), ('3c43e0ee718a4b26b9f977228cae2af4', null, null, null, null, null, null, null, null, null, null, null, null, null, null, null, null, null, null, null, null, null, null, null, null), ('3cd8b1608a93474ebf2db664c48cd333', null, null, null, null, null, null, null, null, null, null, null, null, null, null, null, null, null, null, null, null, null, null, null, null), ('3fb7d3743d5a45068034614e6d4fb929', null, null, null, null, null, null, null, null, null, null, null, null, null, null, null, null, null, null, null, null, null, null, null, null), ('40a954d5f1de4acc8454ee1d5bc2b523', null, null, null, null, null, null, null, null, null, null, null, null, null, null, null, null, null, null, null, null, null, null, null, null), ('415e0bcb711d41f18d2b37b8cfe6d5ca', null, null, null, null, null, null, null, null, null, null, null, null, null, null, null, null, null, null, null, null, null, null, null, null), ('437f41e064694af58fec49f04fab915a', null, null, null, null, null, null, null, null, null, null, null, null, null, null, null, null, null, null, null, null, null, null, null, null), ('4527f990b51549b98838565c743e06ef', null, null, null, null, null, null, null, null, null, null, null, null, null, null, null, null, null, null, null, null, null, null, null, null), ('452eeab4295f4cd89e45900e7eab5921', null, null, null, null, null, null, null, null, null, null, null, null, null, null, null, null, null, null, null, null, null, null, null, null), ('45de521566d34201b156a18e0ad647bc', null, null, null, null, null, null, null, null, null, null, null, null, null, null, null, null, null, null, null, null, null, null, null, null), ('469a888aa7c44f209571e3c4bc8b7a63', null, null, null, null, null, null, null, null, null, null, null, null, null, null, null, null, null, null, null, null, null, null, null, null), ('47934d1bb423473da35efb622a453d51', null, null, null, null, null, null, null, null, null, null, null, null, null, null, null, null, null, null, null, null, null, null, null, null), ('47ac54966cef44e88dc5ef5d96776089', null, null, null, null, null, null, null, null, null, null, null, null, null, null, null, null, null, null, null, null, null, null, null, null), ('47b7b8ab8faa4b429a3ba3a9a1a96508', null, null, null, null, null, null, null, null, null, null, null, null, null, null, null, null, null, null, null, null, null, null, null, null), ('4b826ed9439d4876a407a2033e7ff6d9', null, null, null, null, null, null, null, null, null, null, null, null, null, null, null, null, null, null, null, null, null, null, null, null), ('4b8f95d8c48f47268abd499187b8f4bc', null, null, null, null, null, null, null, null, null, null, null, null, null, null, null, null, null, null, null, null, null, null, null, null), ('4d186134eaff40479b8d0d92d2da3962', null, null, null, null, null, null, null, null, null, null, null, null, null, null, null, null, null, null, null, null, null, null, null, null), ('4d78ceada72c41c080aa9d4d5a0685b0', null, null, null, null, null, null, null, null, null, null, null, null, null, null, null, null, null, null, null, null, null, null, null, null), ('4f17781531d649fb8dd6ce07fc5898c1', null, null, null, null, null, null, null, null, null, null, null, null, null, null, null, null, null, null, null, null, null, null, null, null), ('51775000e7004d8fa022f0623216608c', null, null, null, null, null, null, null, null, null, null, null, null, null, null, null, null, null, null, null, null, null, null, null, null), ('5698058a23384a1cb3da5336f64b35fe', null, null, null, null, null, null, null, null, null, null, null, null, null, null, null, null, null, null, null, null, null, null, null, null), ('585fd783154c4544b982bb73f88b0013', null, null, null, null, null, null, null, null, null, null, null, null, null, null, null, null, null, null, null, null, null, null, null, null), ('59fb43251638496395c81dbd8600e87f', null, null, null, null, null, null, null, null, null, null, null, null, null, null, null, null, null, null, null, null, null, null, null, null), ('5fefa24592364417bb3c401592d30be2', null, null, null, null, null, null, null, null, null, null, null, null, null, null, null, null, null, null, null, null, null, null, null, null), ('606152be6b1d4b8a9c4f9318776ba477', null, null, null, null, null, null, null, null, null, null, null, null, null, null, null, null, null, null, null, null, null, null, null, null), ('620e08cb60794bdaaaf3a77d1a3da473', null, null, null, null, null, null, null, null, null, null, null, null, null, null, null, null, null, null, null, null, null, null, null, null), ('654d5208c27d49bba8ad0e3990bb3037', null, null, null, null, null, null, null, null, null, null, null, null, null, null, null, null, null, null, null, null, null, null, null, null), ('65c786fcf63d4c7a844c0c9281dd537c', null, null, null, null, null, null, null, null, null, null, null, null, null, null, null, null, null, null, null, null, null, null, null, null), ('66696e33e4ac46c6a968521494839e0a', null, null, null, null, null, null, null, null, null, null, null, null, null, null, null, null, null, null, null, null, null, null, null, null), ('6671b5b9de764d67bb573fa9069ff15f', null, null, null, null, null, null, null, null, null, null, null, null, null, null, null, null, null, null, null, null, null, null, null, null), ('682f07acd8dc4639812f116a9956a933', null, null, null, null, null, null, null, null, null, null, null, null, null, null, null, null, null, null, null, null, null, null, null, null), ('6936c7d9f44842a0906e50a0aa99b983', null, null, null, null, null, null, null, null, null, null, null, null, null, null, null, null, null, null, null, null, null, null, null, null), ('69a9dad62c1b4635acf50301b4291681', null, null, null, null, null, null, null, null, null, null, null, null, null, null, null, null, null, null, null, null, null, null, null, null), ('6b404bc5ded741f1a9ba05310535400e', null, null, null, null, null, null, null, null, null, null, null, null, null, null, null, null, null, null, null, null, null, null, null, null), ('6c9621c541f549e6b2dd9053a50d6211', null, null, null, null, null, null, null, null, null, null, null, null, null, null, null, null, null, null, null, null, null, null, null, null), ('6d06fd5e187a4b3b8138cd6a86bdac73', null, null, null, null, null, null, null, null, null, null, null, null, null, null, null, null, null, null, null, null, null, null, null, null), ('6d5cba75684c41c791ca004718a4352d', null, null, null, null, null, null, null, null, null, null, null, null, null, null, null, null, null, null, null, null, null, null, null, null), ('6eb5b4e63b594f418f62c4299c27300b', null, null, null, null, null, null, null, null, null, null, null, null, null, null, null, null, null, null, null, null, null, null, null, null), ('6f883873f3b7473ba9291e463ed714e9', null, null, null, null, null, null, null, null, null, null, null, null, null, null, null, null, null, null, null, null, null, null, null, null), ('6ff079022e1f47ccab73419fb44d3660', null, null, null, null, null, null, null, null, null, null, null, null, null, null, null, null, null, null, null, null, null, null, null, null), ('7226f8f4d9724a58b35111fc06b3c09d', null, null, null, null, null, null, null, null, null, null, null, null, null, null, null, null, null, null, null, null, null, null, null, null), ('73682106f6804a1e912c1c577f93272a', null, null, null, null, null, null, null, null, null, null, null, null, null, null, null, null, null, null, null, null, null, null, null, null), ('7411f13dbb064ba1bfb71e29718531f0', null, null, null, null, null, null, null, null, null, null, null, null, null, null, null, null, null, null, null, null, null, null, null, null), ('748eb98151024abca76084ce3d42c413', null, null, null, null, null, null, null, null, null, null, null, null, null, null, null, null, null, null, null, null, null, null, null, null), ('74bfa9e3fc734cc49449eaac9ac9af13', null, null, null, null, null, null, null, null, null, null, null, null, null, null, null, null, null, null, null, null, null, null, null, null), ('78e0f656f36d4716a073ca9038de3a0b', null, null, null, null, null, null, null, null, null, null, null, null, null, null, null, null, null, null, null, null, null, null, null, null), ('79324819c46f4659b79c77b126ace315', null, null, null, null, null, null, null, null, null, null, null, null, null, null, null, null, null, null, null, null, null, null, null, null), ('79576cab2e9a47989b99147fd9f25bf0', null, null, null, null, null, null, null, null, null, null, null, null, null, null, null, null, null, null, null, null, null, null, null, null), ('7aaa499eb741464e9022d851764bf209', null, null, null, null, null, null, null, null, null, null, null, null, null, null, null, null, null, null, null, null, null, null, null, null), ('7adac28920cd44f0bba3256be50b0fcb', null, null, null, null, null, null, null, null, null, null, null, null, null, null, null, null, null, null, null, null, null, null, null, null), ('7bde630c0dea4fd19a534d7b49655d35', null, null, null, null, null, null, null, null, null, null, null, null, null, null, null, null, null, null, null, null, null, null, null, null), ('7e9481bc53ab4cad946f0ffa649b8a89', null, null, null, null, null, null, null, null, null, null, null, null, null, null, null, null, null, null, null, null, null, null, null, null), ('80d94fd7a7894890ab66cfcaf5688a60', null, null, null, null, null, null, null, null, null, null, null, null, null, null, null, null, null, null, null, null, null, null, null, null), ('822e8a620a464d368eb5168ab2a0342c', null, null, null, null, null, null, null, null, null, null, null, null, null, null, null, null, null, null, null, null, null, null, null, null), ('83950eda8ba64ce1a6fbd44c63426518', null, null, null, null, null, null, null, null, null, null, null, null, null, null, null, null, null, null, null, null, null, null, null, null), ('84da4e496a1841789c4f8951afc51229', null, null, null, null, null, null, null, null, null, null, null, null, null, null, null, null, null, null, null, null, null, null, null, null), ('85a6ebd54286460b8e66acfb2c7e35b4', null, null, null, null, null, null, null, null, null, null, null, null, null, null, null, null, null, null, null, null, null, null, null, null), ('85f8bae5ce21443fb707c3267ccd0306', null, null, null, null, null, null, null, null, null, null, null, null, null, null, null, null, null, null, null, null, null, null, null, null), ('87987bf10dcb4009a127e8022b895a90', null, null, null, null, null, null, null, null, null, null, null, null, null, null, null, null, null, null, null, null, null, null, null, null), ('88b69384d9004b8ab1e41033f56973da', null, null, null, null, null, null, null, null, null, null, null, null, null, null, null, null, null, null, null, null, null, null, null, null), ('898e587010a142abb6b6dc76e2ed8120', null, null, null, null, null, null, null, null, null, null, null, null, null, null, null, null, null, null, null, null, null, null, null, null), ('8a3473d16ff54ac3b83e27a8dc40030d', null, null, null, null, null, null, null, null, null, null, null, null, null, null, null, null, null, null, null, null, null, null, null, null), ('8b44baa959084be2b2c2a4c695031802', null, null, null, null, null, null, null, null, null, null, null, null, null, null, null, null, null, null, null, null, null, null, null, null), ('8c2f54689f8141f5866a01b59c488bd1', null, null, null, null, null, null, null, null, null, null, null, null, null, null, null, null, null, null, null, null, null, null, null, null), ('8cf9577378bf488791750714bb29018d', null, null, null, null, null, null, null, null, null, null, null, null, null, null, null, null, null, null, null, null, null, null, null, null), ('8e4066d59cd14c51a040941eb34cf578', null, null, null, null, null, null, null, null, null, null, null, null, null, null, null, null, null, null, null, null, null, null, null, null), ('908d39f497674492ac0dd53977118a29', null, null, null, null, null, null, null, null, null, null, null, null, null, null, null, null, null, null, null, null, null, null, null, null), ('9275da03ce43473b9ed176514ca1481b', null, null, null, null, null, null, null, null, null, null, null, null, null, null, null, null, null, null, null, null, null, null, null, null), ('95fce5c9ea59455ea703561446381a66', null, null, null, null, null, null, null, null, null, null, null, null, null, null, null, null, null, null, null, null, null, null, null, null), ('963fa3cd6249476e8c3902bba808e08d', null, null, null, null, null, null, null, null, null, null, null, null, null, null, null, null, null, null, null, null, null, null, null, null), ('9a30c0a58ed7420cbee55f8167e30e08', null, null, null, null, null, null, null, null, null, null, null, null, null, null, null, null, null, null, null, null, null, null, null, null), ('9c91eb4651a343d7a776bb89635f816a', null, null, null, null, null, null, null, null, null, null, null, null, null, null, null, null, null, null, null, null, null, null, null, null), ('9f81c6a2d8ed42bc961700788b18a2b5', null, null, null, null, null, null, null, null, null, null, null, null, null, null, null, null, null, null, null, null, null, null, null, null), ('a20cfd4ce5a7442e906e120b93f391a6', null, null, null, null, null, null, null, null, null, null, null, null, null, null, null, null, null, null, null, null, null, null, null, null), ('a3c4a39e4ff74c8a98753c84c951d0f0', null, null, null, null, null, null, null, null, null, null, null, null, null, null, null, null, null, null, null, null, null, null, null, null), ('a47adcd64bc948389aa81d0369b7e9a6', null, null, null, null, null, null, null, null, null, null, null, null, null, null, null, null, null, null, null, null, null, null, null, null), ('a6abe2a8292b44fd9db361ee29e6c626', null, null, null, null, null, null, null, null, null, null, null, null, null, null, null, null, null, null, null, null, null, null, null, null), ('a6b3c13ad33b4b4186166cdede999b43', null, null, null, null, null, null, null, null, null, null, null, null, null, null, null, null, null, null, null, null, null, null, null, null), ('a91de5d5b30d49849be64e4b84ae27dc', 'aaaa', '', 'aaa55', '555', '', '', '2016-03-23 00:00:00', '2016-03-23 00:00:00', '', '', null, '0', '', '', '', null, null, null, null, null, null, null, null, '421fedb458334b138c8586269e10232a'), ('aa74785b3c844fa0b7f4e23e1f6b183c', null, null, null, null, null, null, null, null, null, null, null, null, null, null, null, null, null, null, null, null, null, null, null, null), ('ac80322d731b436aaf011b3eea189e36', null, null, null, null, null, null, null, null, null, null, null, null, null, null, null, null, null, null, null, null, null, null, null, null), ('add739525d9c4d999e1d4157259822fa', null, null, null, null, null, null, null, null, null, null, null, null, null, null, null, null, null, null, null, null, null, null, null, null), ('af1cefceb6aa47d6be12c7bd2861d518', null, null, null, null, null, null, null, null, null, null, null, null, null, null, null, null, null, null, null, null, null, null, null, null), ('afe38067bfdb4914a4368206f5264e65', null, null, null, null, null, null, null, null, null, null, null, null, null, null, null, null, null, null, null, null, null, null, null, null), ('b02f650f1ced4ffeaed0070aa2af8450', null, null, null, null, null, null, null, null, null, null, null, null, null, null, null, null, null, null, null, null, null, null, null, null), ('b079d36fbb564ec0815474cfc1197858', null, null, null, null, null, null, null, null, null, null, null, null, null, null, null, null, null, null, null, null, null, null, null, null), ('b54e610f1964459093e62562be62092f', '1', '1123A13111', '444', '111333', '111', '12312111', '2016-03-23 00:00:00', '2017-03-23 00:00:00', '111', '', '', '1', '111', '300', '1000', null, null, null, null, null, null, null, null, 'be8d6dacb14a42c7bb31893f3dcb922b'), ('b6f11846ae8c4bd0ae83900a90cde2af', null, null, null, null, null, null, null, null, null, null, null, null, null, null, null, null, null, null, null, null, null, null, null, null), ('b6fd1d048471442898c00042335397a6', null, null, null, null, null, null, null, null, null, null, null, null, null, null, null, null, null, null, null, null, null, null, null, null), ('b85bdb335588411bbfedbed2bdf8f243', null, null, null, null, null, null, null, null, null, null, null, null, null, null, null, null, null, null, null, null, null, null, null, null), ('ba1e7ef075ab4dd9b9e5285c8123ca56', null, null, null, null, null, null, null, null, null, null, null, null, null, null, null, null, null, null, null, null, null, null, null, null), ('bb614f129b6d441f8f490076c44a4a23', null, null, null, null, null, null, null, null, null, null, null, null, null, null, null, null, null, null, null, null, null, null, null, null), ('bcfe545bd749435d9680a551a5d86bbb', null, null, null, null, null, null, null, null, null, null, null, null, null, null, null, null, null, null, null, null, null, null, null, null), ('be1e163cf1f04e5fb9e5e2b1ac56e702', null, null, null, null, null, null, null, null, null, null, null, null, null, null, null, null, null, null, null, null, null, null, null, null), ('be3204960cc542cf96a7d5ea841f60b5', null, null, null, null, null, null, null, null, null, null, null, null, null, null, null, null, null, null, null, null, null, null, null, null), ('bf19b91c97c24f8998b74fcc771eaa29', null, null, null, null, null, null, null, null, null, null, null, null, null, null, null, null, null, null, null, null, null, null, null, null), ('c1ea5e7966934946a3a3c393b66fb6de', null, null, null, null, null, null, null, null, null, null, null, null, null, null, null, null, null, null, null, null, null, null, null, null), ('c4430572c86f4f3cbe7d3d8fc5cba42f', null, null, null, null, null, null, null, null, null, null, null, null, null, null, null, null, null, null, null, null, null, null, null, null), ('c5737718a0b64cee8fb7506afdb762d9', null, null, null, null, null, null, null, null, null, null, null, null, null, null, null, null, null, null, null, null, null, null, null, null), ('c934af290b7f4ff4a024f4d05876b820', null, null, null, null, null, null, null, null, null, null, null, null, null, null, null, null, null, null, null, null, null, null, null, null), ('ca91c9a3b4424843970aef81e15318e3', null, null, null, null, null, null, null, null, null, null, null, null, null, null, null, null, null, null, null, null, null, null, null, null), ('ce9d8cbe65ed493fa1346acc7cec1299', null, null, null, null, null, null, null, null, null, null, null, null, null, null, null, null, null, null, null, null, null, null, null, null), ('d042b232f1e24ddda30987eefa608416', null, null, null, null, null, null, null, null, null, null, null, null, null, null, null, null, null, null, null, null, null, null, null, null), ('d085e3934b614abe800de2e7f1e75f1d', null, null, null, null, null, null, null, null, null, null, null, null, null, null, null, null, null, null, null, null, null, null, null, null), ('d1442b4d0d6b4c8ea7a22c2a1a957fb6', null, null, null, null, null, null, null, null, null, null, null, null, null, null, null, null, null, null, null, null, null, null, null, null), ('d3b63f95d02547008ed4168a12186ffc', null, null, null, null, null, null, null, null, null, null, null, null, null, null, null, null, null, null, null, null, null, null, null, null), ('d51bb845f4d740f59f7ba747961d4b34', null, null, null, null, null, null, null, null, null, null, null, null, null, null, null, null, null, null, null, null, null, null, null, null), ('d80bdb12fe894f2bbe5da186f98d0988', null, null, null, null, null, null, null, null, null, null, null, null, null, null, null, null, null, null, null, null, null, null, null, null), ('d8c3eec62b1d4316af61f095e9560f47', null, null, null, null, null, null, null, null, null, null, null, null, null, null, null, null, null, null, null, null, null, null, null, null), ('da2bee79bef4426b9bfdb5d713869879', null, null, null, null, null, null, null, null, null, null, null, null, null, null, null, null, null, null, null, null, null, null, null, null), ('dc9f8cd981fa40288d5a8da36d7a6758', null, null, null, null, null, null, null, null, null, null, null, null, null, null, null, null, null, null, null, null, null, null, null, null), ('dd5414417719488e945290aa6bd054ee', null, null, null, null, null, null, null, null, null, null, null, null, null, null, null, null, null, null, null, null, null, null, null, null), ('dd915170a36a45d7ad1b07d012d61362', null, null, null, null, null, null, null, null, null, null, null, null, null, null, null, null, null, null, null, null, null, null, null, null), ('e0e0fb4c96ea4a128bd83c0366e433c6', null, null, null, null, null, null, null, null, null, null, null, null, null, null, null, null, null, null, null, null, null, null, null, null), ('e205f7f1f87d48cd87841460fc339b37', null, null, null, null, null, null, null, null, null, null, null, null, null, null, null, null, null, null, null, null, null, null, null, null), ('e35067b71b8f4ae09caa74a0280048e3', null, null, null, null, null, null, null, null, null, null, null, null, null, null, null, null, null, null, null, null, null, null, null, null), ('e3defaee311b4c769ec97ab1e74d79f1', null, null, null, null, null, null, null, null, null, null, null, null, null, null, null, null, null, null, null, null, null, null, null, null), ('e5cb141aa2bc4c6dbbc35703a38931e0', null, null, null, null, null, null, null, null, null, null, null, null, null, null, null, null, null, null, null, null, null, null, null, null), ('ea8083520bfb49dfb9ef89f2fd496da4', '', '022123456111', '', '', '', '123456', '2016-02-01 04:25:09', '2017-02-01 04:25:17', '', '', '', '1', 'XXXX', '1000', '2000', '300123', '', '13920123456', '02288888888', '0228888888', '', '', '', 'be742f86c9914e7b83bfb531c2e693df'), ('ea9a6a68f5ef4a54b9510295905257cb', null, null, null, null, null, null, null, null, null, null, null, null, null, null, null, null, null, null, null, null, null, null, null, null), ('eb33095dc9fc41d68928324cc99a8179', null, null, null, null, null, null, null, null, null, null, null, null, null, null, null, null, null, null, null, null, null, null, null, null), ('ef108916c27840d7812f7ba76a33e5a5', null, null, null, null, null, null, null, null, null, null, null, null, null, null, null, null, null, null, null, null, null, null, null, null), ('f26e49622dfd43fda221e1203d694b78', null, null, null, null, null, null, null, null, null, null, null, null, null, null, null, null, null, null, null, null, null, null, null, null), ('f2c2a46d599a4daf8aad352094e9290b', null, null, null, null, null, null, null, null, null, null, null, null, null, null, null, null, null, null, null, null, null, null, null, null), ('f3ec2844e5c948a5944795b6e3be943e', null, null, null, null, null, null, null, null, null, null, null, null, null, null, null, null, null, null, null, null, null, null, null, null), ('f409fc3f4f404ed6a0ec7a61bf3bf5d1', null, null, null, null, null, null, null, null, null, null, null, null, null, null, null, null, null, null, null, null, null, null, null, null), ('f41d49901dc94b51aad36d29d876e8e4', null, null, null, null, null, null, null, null, null, null, null, null, null, null, null, null, null, null, null, null, null, null, null, null), ('f4cf0408308a4c9492f8dbf7f557ece4', null, null, null, null, null, null, null, null, null, null, null, null, null, null, null, null, null, null, null, null, null, null, null, null), ('f5360406b8254cbc8d05ab390fc4f5a4', null, null, null, null, null, null, null, null, null, null, null, null, null, null, null, null, null, null, null, null, null, null, null, null), ('f6cd5a200d994d13b91065b43e774ace', null, null, null, null, null, null, null, null, null, null, null, null, null, null, null, null, null, null, null, null, null, null, null, null), ('f70a3d3b37024341bf57e100c0d592c3', null, null, null, null, null, null, null, null, null, null, null, null, null, null, null, null, null, null, null, null, null, null, null, null), ('f8b5d8dbff3c4f2f95750f7d4cc9e757', null, null, null, null, null, null, null, null, null, null, null, null, null, null, null, null, null, null, null, null, null, null, null, null), ('fbad53cb55d84ce59ee99d27e8b8720e', null, null, null, null, null, null, null, null, null, null, null, null, null, null, null, null, null, null, null, null, null, null, null, null), ('fc2db97e83954c3f979a2e46c829fca6', null, null, null, null, null, null, null, null, null, null, null, null, null, null, null, null, null, null, null, null, null, null, null, null), ('fcc2886366914942b00ac6cc7d8d81e7', null, null, null, null, null, null, null, null, null, null, null, null, null, null, null, null, null, null, null, null, null, null, null, null);
COMMIT;

-- ----------------------------
--  Table structure for `ss_material_infor`
-- ----------------------------
DROP TABLE IF EXISTS `ss_material_infor`;
CREATE TABLE `ss_material_infor` (
  `id_` varchar(64) NOT NULL COMMENT 'ID',
  `name_` varchar(255) DEFAULT NULL COMMENT '',
  `batchnumber_` varchar(255) DEFAULT NULL COMMENT '',
  `ext_property_3` varchar(255) DEFAULT NULL COMMENT '3',
  `ext_property_2` varchar(255) DEFAULT NULL COMMENT '2',
  `ext_property_1` varchar(255) DEFAULT '' COMMENT '1',
  `buydate` date DEFAULT NULL COMMENT '',
  `buycount` int(11) DEFAULT NULL COMMENT '',
  `validitydate` date DEFAULT NULL COMMENT '',
  `materialstandard` varchar(255) DEFAULT NULL COMMENT '',
  `materialcode` varchar(255) DEFAULT NULL COMMENT '',
  `org_id_` varchar(64) DEFAULT NULL COMMENT '',
  PRIMARY KEY (`id_`)
) ENGINE=InnoDB DEFAULT CHARSET=utf8 ROW_FORMAT=COMPACT COMMENT='';

-- ----------------------------
--  Records of `ss_material_infor`
-- ----------------------------
BEGIN;
INSERT INTO `ss_material_infor` VALUES ('6be523b8aa0e452b94984ec4d58ecbc2', '4', '444444', null, null, '', '2016-05-04', '1000', '2016-05-28', '', 'code444', '00a6355517874ab9ac9c89184d438124'), ('a9f677c8581546168452da287d307912', '2', '2222', null, null, '', '2016-05-04', '100', '2016-06-07', '', 'abc', '00a6355517874ab9ac9c89184d438124'), ('a9f677c8581546168452da287d307913', '3', '3333', null, null, '', '2016-05-04', '100', '2016-06-07', '', 'abc', '02dba066a2894ac08fafe0dc599caba2'), ('a9f677c8581546168452da287d30791f', '1', '11111', null, null, '', '2016-05-03', '100', '2016-06-07', '', 'abcd', '00a6355517874ab9ac9c89184d438124'), ('e09d454ffeb742e18754de791d68d291', '', '9', null, null, '', '2016-05-10', '200', '2018-05-10', '', 'code333', null);
COMMIT;

-- ----------------------------
--  View structure for `act_id_group`
-- ----------------------------
DROP VIEW IF EXISTS `act_id_group`;
CREATE ALGORITHM=UNDEFINED DEFINER=`root`@`localhost` SQL SECURITY DEFINER VIEW `act_id_group` AS select `t1`.`id` AS `ID_`,`t1`.`REV` AS `REV_`,`t1`.`NAME` AS `NAME_`,`t1`.`TYPE` AS `TYPE_` from `jc_sys_group` `t1` where (`t1`.`CUSTOM_CODE` = 'wf');

-- ----------------------------
--  View structure for `act_id_info`
-- ----------------------------
DROP VIEW IF EXISTS `act_id_info`;
CREATE ALGORITHM=UNDEFINED DEFINER=`root`@`localhost` SQL SECURITY DEFINER VIEW `act_id_info` AS select `t1`.`ID_` AS `ID_`,`t1`.`REV_` AS `REV_`,`t1`.`USER_ID_` AS `USER_ID_`,`t1`.`TYPE_` AS `TYPE_`,`t1`.`KEY_` AS `KEY_`,`t1`.`VALUE_` AS `VALUE_`,`t1`.`PASSWORD_` AS `PASSWORD_`,`t1`.`PARENT_ID_` AS `PARENT_ID_` from `jc_tmp_actuserinfo` `t1`;

-- ----------------------------
--  View structure for `act_id_membership`
-- ----------------------------
DROP VIEW IF EXISTS `act_id_membership`;
CREATE ALGORITHM=UNDEFINED DEFINER=`root`@`localhost` SQL SECURITY DEFINER VIEW `act_id_membership` AS select `jc_sys_user_group`.`USERID` AS `USER_ID_`,`jc_sys_user_group`.`GROUPID` AS `GROUP_ID_` from `jc_sys_user_group`;

-- ----------------------------
--  View structure for `act_id_user`
-- ----------------------------
DROP VIEW IF EXISTS `act_id_user`;
CREATE ALGORITHM=UNDEFINED DEFINER=`root`@`localhost` SQL SECURITY DEFINER VIEW `act_id_user` AS select `t1`.`USERNAME` AS `ID_`,(1 + 1) AS `REV_`,'testfirst' AS `FIRST_`,'testlast' AS `LAST`,'0' AS `PICTURE_ID_`,`t1`.`EMAIL` AS `EMAIL_`,`t1`.`PASSWORD` AS `PWD_` from `jc_sys_user` `t1`;

-- ----------------------------
--  Procedure structure for `checkitemprocess`
-- ----------------------------
DROP PROCEDURE IF EXISTS `checkitemprocess`;
delimiter ;;
CREATE DEFINER=`root`@`localhost` PROCEDURE `checkitemprocess`(in realtempin int,
out realtempout int,
inout realnum int )
BEGIN

DECLARE Done INT DEFAULT 0;
      
       DECLARE rs_num INT;
      
       DECLARE realcasid VARCHAR(100);
       /*  */
       DECLARE rs CURSOR FOR SELECT cascade_id_ FROM ss_checkjob_checkitem;
       /*  */
	/*DECLARE CONTINUE HANDLER FOR SQLSTATE '02000' SET Done = 1;*/

	DECLARE  CONTINUE HANDLER FOR NOT FOUND  SET  Done = 1; /*when "not found" occur,just continue,,NOT FOUND*/
	SET rs_num = 0;
   
    /*  */	
    OPEN rs;  
   
    /* LingQi */
    FETCH NEXT FROM rs INTO realcasid;     
    /*  */
    REPEAT
          IF NOT Done THEN
		SET rs_num = rs_num + 1;
		SET realnum = realnum+1;
          END IF;
         
    FETCH NEXT FROM rs INTO realcasid;

    UNTIL Done END REPEAT;
   
    /*  */
     CLOSE rs;
	
	SELECT rs_num INTO realtempout;

END
 ;;
delimiter ;

-- ----------------------------
--  Function structure for `getCheckItemChildLst`
-- ----------------------------
DROP FUNCTION IF EXISTS `getCheckItemChildLst`;
delimiter ;;
CREATE DEFINER=`root`@`localhost` FUNCTION `getCheckItemChildLst`(rootId varchar(255)) RETURNS varchar(1000) CHARSET utf8
BEGIN  
       DECLARE sTemp VARCHAR(1000);  
       DECLARE sTempChd VARCHAR(1000);  
      
       SET sTemp = '$';  
       SET sTempChd =rootId;  
      
       WHILE sTempChd is not null DO  
         SET sTemp = concat(sTemp,',',sTempChd);  
         SELECT group_concat(id_) INTO sTempChd FROM ss_checkjob_checkitem where parent_id_<>id_ and FIND_IN_SET(parent_id_,sTempChd)>0;  
       END WHILE;  
       RETURN sTemp;  
     END
 ;;
delimiter ;

-- ----------------------------
--  Function structure for `getChildLst`
-- ----------------------------
DROP FUNCTION IF EXISTS `getChildLst`;
delimiter ;;
CREATE DEFINER=`root`@`localhost` FUNCTION `getChildLst`(rootId varchar(255)) RETURNS varchar(1000) CHARSET utf8
BEGIN  
       DECLARE sTemp VARCHAR(1000);  
       DECLARE sTempChd VARCHAR(1000);  
      
       SET sTemp = '$';  
       SET sTempChd =rootId;  
      
       WHILE sTempChd is not null DO  
         SET sTemp = concat(sTemp,',',sTempChd);  
         SELECT group_concat(id_) INTO sTempChd FROM aos_sys_org where parent_id_<>id_ and type_='1' and FIND_IN_SET(parent_id_,sTempChd)>0;  
       END WHILE;  
       RETURN sTemp;  
     END
 ;;
delimiter ;

SET FOREIGN_KEY_CHECKS = 1;
