/*
 Navicat Premium Data Transfer

 Source Server         : localhost
 Source Server Type    : MySQL
 Source Server Version : 50628
 Source Host           : localhost
 Source Database       : jc

 Target Server Type    : MySQL
 Target Server Version : 50628
 File Encoding         : utf-8

 Date: 11/16/2016 20:10:22 PM
*/

SET NAMES utf8;
SET FOREIGN_KEY_CHECKS = 0;

-- ----------------------------
--  Table structure for `act_evt_log`
-- ----------------------------
DROP TABLE IF EXISTS `act_evt_log`;
CREATE TABLE `act_evt_log` (
  `LOG_NR_` bigint(20) NOT NULL AUTO_INCREMENT,
  `TYPE_` varchar(64) COLLATE utf8_bin DEFAULT NULL,
  `PROC_DEF_ID_` varchar(64) COLLATE utf8_bin DEFAULT NULL,
  `PROC_INST_ID_` varchar(64) COLLATE utf8_bin DEFAULT NULL,
  `EXECUTION_ID_` varchar(64) COLLATE utf8_bin DEFAULT NULL,
  `TASK_ID_` varchar(64) COLLATE utf8_bin DEFAULT NULL,
  `TIME_STAMP_` timestamp(3) NOT NULL DEFAULT CURRENT_TIMESTAMP(3) ON UPDATE CURRENT_TIMESTAMP(3),
  `USER_ID_` varchar(255) COLLATE utf8_bin DEFAULT NULL,
  `DATA_` longblob,
  `LOCK_OWNER_` varchar(255) COLLATE utf8_bin DEFAULT NULL,
  `LOCK_TIME_` timestamp(3) NULL DEFAULT NULL,
  `IS_PROCESSED_` tinyint(4) DEFAULT '0',
  PRIMARY KEY (`LOG_NR_`)
) ENGINE=InnoDB DEFAULT CHARSET=utf8 COLLATE=utf8_bin;

-- ----------------------------
--  Table structure for `act_ge_bytearray`
-- ----------------------------
DROP TABLE IF EXISTS `act_ge_bytearray`;
CREATE TABLE `act_ge_bytearray` (
  `ID_` varchar(64) COLLATE utf8_bin NOT NULL DEFAULT '',
  `REV_` int(11) DEFAULT NULL,
  `NAME_` varchar(255) COLLATE utf8_bin DEFAULT NULL,
  `DEPLOYMENT_ID_` varchar(64) COLLATE utf8_bin DEFAULT NULL,
  `BYTES_` longblob,
  `GENERATED_` tinyint(4) DEFAULT NULL,
  PRIMARY KEY (`ID_`),
  KEY `ACT_FK_BYTEARR_DEPL` (`DEPLOYMENT_ID_`),
  CONSTRAINT `ACT_FK_BYTEARR_DEPL` FOREIGN KEY (`DEPLOYMENT_ID_`) REFERENCES `act_re_deployment` (`ID_`)
) ENGINE=InnoDB DEFAULT CHARSET=utf8 COLLATE=utf8_bin;

-- ----------------------------
--  Records of `act_ge_bytearray`
-- ----------------------------
BEGIN;
INSERT INTO `act_ge_bytearray` VALUES ('175002', '1', '/Users/realaicy/RealCode/TNA/JC/jc-web/target/classes/processes/simplejc.bpmn20.xml', '175001', 0x3c3f786d6c2076657273696f6e3d22312e302220656e636f64696e673d225554462d38223f3e0a3c646566696e6974696f6e7320786d6c6e733d22687474703a2f2f7777772e6f6d672e6f72672f737065632f42504d4e2f32303130303532342f4d4f44454c2220786d6c6e733a7873693d22687474703a2f2f7777772e77332e6f72672f323030312f584d4c536368656d612d696e7374616e6365220a20202020202020202020202020786d6c6e733a61637469766974693d22687474703a2f2f61637469766974692e6f72672f62706d6e2220786d6c6e733a62706d6e64693d22687474703a2f2f7777772e6f6d672e6f72672f737065632f42504d4e2f32303130303532342f4449220a20202020202020202020202020786d6c6e733a6f6d6764633d22687474703a2f2f7777772e6f6d672e6f72672f737065632f44442f32303130303532342f44432220786d6c6e733a6f6d6764693d22687474703a2f2f7777772e6f6d672e6f72672f737065632f44442f32303130303532342f4449220a20202020202020202020202020747970654c616e67756167653d22687474703a2f2f7777772e77332e6f72672f323030312f584d4c536368656d61222065787072657373696f6e4c616e67756167653d22687474703a2f2f7777772e77332e6f72672f313939392f5850617468220a202020202020202020202020207461726765744e616d6573706163653d22687474703a2f2f7777772e6b6166656974752e6d652f61637469766974692d696e2d616374696f6e223e0a202020203c70726f636573732069643d2273696d706c656a6322206e616d653d2273696d706c656a63223e0a20202020202020203c73746172744576656e742069643d2273746172746576656e743122206e616d653d225374617274223e3c2f73746172744576656e743e0a20202020202020203c656e644576656e742069643d22656e646576656e743122206e616d653d22456e64223e3c2f656e644576656e743e0a20202020202020203c757365725461736b2069643d22636f6d6669726d4461746522206e616d653d22e7a1aee5ae9ae4babae59198e38081e697b6e997b4e38081e8a18ce7a88b222061637469766974693a63616e64696461746547726f7570733d226f7267315f736563726574617279223e3c2f757365725461736b3e0a20202020202020203c757365725461736b2069643d22707265417564697422206e616d653d22e9a284e7a8bde69fa5222061637469766974693a63616e64696461746547726f7570733d226f7267315f7072656175646974223e3c2f757365725461736b3e0a20202020202020203c757365725461736b2069643d22617564697422206e616d653d22e7a8bde69fa5222061637469766974693a63616e64696461746547726f7570733d226f7267315f6175646974223e3c2f757365725461736b3e0a20202020202020203c757365725461736b2069643d2270726f66657373696f6e616c22206e616d653d22e4b893e5aeb6e8af84e5aea1222061637469766974693a63616e64696461746547726f7570733d226f7267315f70726f66657373696f6e616c223e3c2f757365725461736b3e0a20202020202020203c757365725461736b2069643d227265706f727422206e616d653d22e68f90e4baa4e68aa5e5918a222061637469766974693a63616e64696461746547726f7570733d226f7267315f736563726574617279223e3c2f757365725461736b3e0a20202020202020203c757365725461736b2069643d22696d70726f7665506c616e22206e616d653d22e694b9e8bf9be8aea1e58892222061637469766974693a63616e64696461746547726f7570733d22636f6d5f736563726574617279223e3c2f757365725461736b3e0a20202020202020203c757365725461736b2069643d226175646974496d70726f7665526573756c7422206e616d653d22e6a380e69fa5e695b4e694b9e7bb93e69e9c222061637469766974693a63616e64696461746547726f7570733d226f7267315f736563726574617279223e3c2f757365725461736b3e0a0a20202020202020203c73657175656e6365466c6f772069643d22666c6f773122206e616d653d222220736f757263655265663d2273746172746576656e743122207461726765745265663d22636f6d6669726d44617465223e3c2f73657175656e6365466c6f773e0a20202020202020203c73657175656e6365466c6f772069643d22666c6f773222206e616d653d222220736f757263655265663d22636f6d6669726d4461746522207461726765745265663d227072654175646974223e3c2f73657175656e6365466c6f773e0a20202020202020203c73657175656e6365466c6f772069643d22666c6f773322206e616d653d222220736f757263655265663d22707265417564697422207461726765745265663d226175646974223e3c2f73657175656e6365466c6f773e0a20202020202020203c73657175656e6365466c6f772069643d22666c6f773422206e616d653d222220736f757263655265663d22617564697422207461726765745265663d2270726f66657373696f6e616c223e3c2f73657175656e6365466c6f773e0a20202020202020203c73657175656e6365466c6f772069643d22666c6f773522206e616d653d222220736f757263655265663d2270726f66657373696f6e616c22207461726765745265663d227265706f7274223e3c2f73657175656e6365466c6f773e0a20202020202020203c73657175656e6365466c6f772069643d22666c6f773622206e616d653d222220736f757263655265663d227265706f727422207461726765745265663d22696d70726f7665506c616e223e3c2f73657175656e6365466c6f773e0a20202020202020203c73657175656e6365466c6f772069643d22666c6f773722206e616d653d222220736f757263655265663d22696d70726f7665506c616e22207461726765745265663d226175646974496d70726f7665526573756c74223e3c2f73657175656e6365466c6f773e0a0a20202020202020203c73657175656e6365466c6f772069643d22666c6f77393922206e616d653d222220736f757263655265663d226175646974496d70726f7665526573756c7422207461726765745265663d22656e646576656e7431223e3c2f73657175656e6365466c6f773e0a0a202020203c2f70726f636573733e0a3c2f646566696e6974696f6e733e, '0'), ('177502', '1', '/Users/realaicy/RealCode/TNA/JC/jc-web/target/classes/processes/jc_demo.bpmn20.xml', '177501', 0x3c3f786d6c2076657273696f6e3d22312e302220656e636f64696e673d225554462d38223f3e0a3c646566696e6974696f6e7320786d6c6e733d22687474703a2f2f7777772e6f6d672e6f72672f737065632f42504d4e2f32303130303532342f4d4f44454c2220786d6c6e733a7873693d22687474703a2f2f7777772e77332e6f72672f323030312f584d4c536368656d612d696e7374616e63652220786d6c6e733a7873643d22687474703a2f2f7777772e77332e6f72672f323030312f584d4c536368656d612220786d6c6e733a61637469766974693d22687474703a2f2f61637469766974692e6f72672f62706d6e2220786d6c6e733a62706d6e64693d22687474703a2f2f7777772e6f6d672e6f72672f737065632f42504d4e2f32303130303532342f44492220786d6c6e733a6f6d6764633d22687474703a2f2f7777772e6f6d672e6f72672f737065632f44442f32303130303532342f44432220786d6c6e733a6f6d6764693d22687474703a2f2f7777772e6f6d672e6f72672f737065632f44442f32303130303532342f44492220747970654c616e67756167653d22687474703a2f2f7777772e77332e6f72672f323030312f584d4c536368656d61222065787072657373696f6e4c616e67756167653d22687474703a2f2f7777772e77332e6f72672f313939392f585061746822207461726765744e616d6573706163653d22687474703a2f2f7777772e61637469766974692e6f72672f70726f63657373646566223e0a20203c70726f636573732069643d226a635f64656d6f22206e616d653d22e7a8bde69fa5e6bc94e7a4ba2220697345786563757461626c653d2274727565223e0a202020203c646f63756d656e746174696f6e3ee7a8bde69fa5e6bc94e7a4ba3c2f646f63756d656e746174696f6e3e0a202020203c73746172744576656e742069643d227265616c737461727422206e616d653d22e5bc80e5a78be88a82e782b9223e3c2f73746172744576656e743e0a202020203c757365725461736b2069643d22706a737461727422206e616d653d22e9a1b9e79baee590afe58aa8222061637469766974693a63616e64696461746547726f7570733d226d69736875223e3c2f757365725461736b3e0a202020203c736572766963655461736b2069643d22706a73746172746e6f7469667922206e616d653d22e9a1b9e79baee590afe58aa8e4bc9ae4bc9ae8aeaee7baaae8a68120e982aee4bbb6e696b9e5bc8fe9809ae79fa5e588b0e59084e4b8aae5b9b2e7b3bbe4baba222061637469766974693a747970653d226d61696c223e0a2020202020203c657874656e73696f6e456c656d656e74733e0a20202020202020203c61637469766974693a6669656c64206e616d653d22746f223e0a202020202020202020203c61637469766974693a737472696e673e3c215b43444154415b7265616c61696379403132362e636f6d5d5d3e3c2f61637469766974693a737472696e673e0a20202020202020203c2f61637469766974693a6669656c643e0a20202020202020203c61637469766974693a6669656c64206e616d653d2266726f6d223e0a202020202020202020203c61637469766974693a737472696e673e3c215b43444154415b7265616c74656d70403132362e636f6d5d5d3e3c2f61637469766974693a737472696e673e0a20202020202020203c2f61637469766974693a6669656c643e0a20202020202020203c61637469766974693a6669656c64206e616d653d227375626a656374223e0a202020202020202020203c61637469766974693a737472696e673e3c215b43444154415be9a1b9e79baee590afe58aa8e4bc9ae4bc9ae8aeaee7baaae8a6815d5d3e3c2f61637469766974693a737472696e673e0a20202020202020203c2f61637469766974693a6669656c643e0a20202020202020203c61637469766974693a6669656c64206e616d653d2274657874223e0a202020202020202020203c61637469766974693a737472696e673e3c215b43444154415be6b58be8af95e6b58be8af955d5d3e3c2f61637469766974693a737472696e673e0a20202020202020203c2f61637469766974693a6669656c643e0a2020202020203c2f657874656e73696f6e456c656d656e74733e0a202020203c2f736572766963655461736b3e0a202020203c757365725461736b2069643d22707265617564697422206e616d653d22e9a284e7a8bde69fa5222061637469766974693a63616e64696461746547726f7570733d22796a6367726f7570223e3c2f757365725461736b3e0a202020203c757365725461736b2069643d22706a7072656175646974636865636b22206e616d653d22e9a284e7a8bde69fa5e68aa5e5918ae5aea1e689b9222061637469766974693a61737369676e65653d22646f63746f7279616e223e0a2020202020203c657874656e73696f6e456c656d656e74733e0a20202020202020203c61637469766974693a666f726d50726f70657274792069643d22617070726f766522206e616d653d227265616c6966617070726f76652220747970653d22737472696e67223e3c2f61637469766974693a666f726d50726f70657274793e0a2020202020203c2f657874656e73696f6e456c656d656e74733e0a202020203c2f757365725461736b3e0a202020203c6578636c7573697665476174657761792069643d226578677731223e3c2f6578636c7573697665476174657761793e0a202020203c757365725461736b2069643d22706a7265706f727422206e616d653d22e7949fe68890e68aa5e5918a222061637469766974693a61737369676e65653d2277796d223e3c2f757365725461736b3e0a202020203c656e644576656e742069643d227265616c656e6422206e616d653d22e7bb93e69d9fe88a82e782b9223e3c2f656e644576656e743e0a202020203c73657175656e6365466c6f772069643d22666c6f775f312220736f757263655265663d227265616c737461727422207461726765745265663d22706a7374617274223e3c2f73657175656e6365466c6f773e0a202020203c73657175656e6365466c6f772069643d22666c6f775f322220736f757263655265663d22706a737461727422207461726765745265663d22706a73746172746e6f74696679223e3c2f73657175656e6365466c6f773e0a202020203c73657175656e6365466c6f772069643d22666c6f775f332220736f757263655265663d22706a73746172746e6f7469667922207461726765745265663d227072656175646974223e3c2f73657175656e6365466c6f773e0a202020203c73657175656e6365466c6f772069643d22666c6f775f342220736f757263655265663d22707265617564697422207461726765745265663d22706a7072656175646974636865636b223e3c2f73657175656e6365466c6f773e0a202020203c73657175656e6365466c6f772069643d22666c6f775f352220736f757263655265663d22706a7072656175646974636865636b22207461726765745265663d226578677731223e3c2f73657175656e6365466c6f773e0a202020203c73657175656e6365466c6f772069643d22666c6f775f372220736f757263655265663d22706a7265706f727422207461726765745265663d227265616c656e64223e3c2f73657175656e6365466c6f773e0a202020203c73657175656e6365466c6f772069643d22666c6f775f365f3122206e616d653d22e69caae9809ae8bf872220736f757263655265663d22657867773122207461726765745265663d227072656175646974223e0a2020202020203c636f6e646974696f6e45787072657373696f6e207873693a747970653d2274466f726d616c45787072657373696f6e223e3c215b43444154415b247b617070726f76653d3d317d5d5d3e3c2f636f6e646974696f6e45787072657373696f6e3e0a202020203c2f73657175656e6365466c6f773e0a202020203c73657175656e6365466c6f772069643d22666c6f775f365f3222206e616d653d22e9809ae8bf872220736f757263655265663d22657867773122207461726765745265663d22706a7265706f7274223e0a2020202020203c636f6e646974696f6e45787072657373696f6e207873693a747970653d2274466f726d616c45787072657373696f6e223e3c215b43444154415b247b617070726f76653d3d327d5d5d3e3c2f636f6e646974696f6e45787072657373696f6e3e0a202020203c2f73657175656e6365466c6f773e0a20203c2f70726f636573733e0a20203c62706d6e64693a42504d4e4469616772616d2069643d2242504d4e4469616772616d5f6a635f64656d6f223e0a202020203c62706d6e64693a42504d4e506c616e652062706d6e456c656d656e743d226a635f64656d6f222069643d2242504d4e506c616e655f6a635f64656d6f223e0a2020202020203c62706d6e64693a42504d4e53686170652062706d6e456c656d656e743d227265616c7374617274222069643d2242504d4e53686170655f7265616c7374617274223e0a20202020202020203c6f6d6764633a426f756e6473206865696768743d2233302e30222077696474683d2233302e302220783d2237352e302220793d2236352e30223e3c2f6f6d6764633a426f756e64733e0a2020202020203c2f62706d6e64693a42504d4e53686170653e0a2020202020203c62706d6e64693a42504d4e53686170652062706d6e456c656d656e743d22706a7374617274222069643d2242504d4e53686170655f706a7374617274223e0a20202020202020203c6f6d6764633a426f756e6473206865696768743d2234302e30222077696474683d223135322e302220783d223136352e302220793d2236302e30223e3c2f6f6d6764633a426f756e64733e0a2020202020203c2f62706d6e64693a42504d4e53686170653e0a2020202020203c62706d6e64693a42504d4e53686170652062706d6e456c656d656e743d22706a73746172746e6f74696679222069643d2242504d4e53686170655f706a73746172746e6f74696679223e0a20202020202020203c6f6d6764633a426f756e6473206865696768743d2236332e30222077696474683d223138332e302220783d223336302e302220793d2234382e35223e3c2f6f6d6764633a426f756e64733e0a2020202020203c2f62706d6e64693a42504d4e53686170653e0a2020202020203c62706d6e64693a42504d4e53686170652062706d6e456c656d656e743d227072656175646974222069643d2242504d4e53686170655f7072656175646974223e0a20202020202020203c6f6d6764633a426f756e6473206865696768743d2234302e30222077696474683d223131392e302220783d223630302e302220793d2236302e30223e3c2f6f6d6764633a426f756e64733e0a2020202020203c2f62706d6e64693a42504d4e53686170653e0a2020202020203c62706d6e64693a42504d4e53686170652062706d6e456c656d656e743d22706a7072656175646974636865636b222069643d2242504d4e53686170655f706a7072656175646974636865636b223e0a20202020202020203c6f6d6764633a426f756e6473206865696768743d2234352e30222077696474683d223133362e302220783d223539312e352220793d223138302e30223e3c2f6f6d6764633a426f756e64733e0a2020202020203c2f62706d6e64693a42504d4e53686170653e0a2020202020203c62706d6e64693a42504d4e53686170652062706d6e456c656d656e743d226578677731222069643d2242504d4e53686170655f6578677731223e0a20202020202020203c6f6d6764633a426f756e6473206865696768743d2234302e30222077696474683d2234302e302220783d223633392e352220793d223238352e30223e3c2f6f6d6764633a426f756e64733e0a2020202020203c2f62706d6e64693a42504d4e53686170653e0a2020202020203c62706d6e64693a42504d4e53686170652062706d6e456c656d656e743d22706a7265706f7274222069643d2242504d4e53686170655f706a7265706f7274223e0a20202020202020203c6f6d6764633a426f756e6473206865696768743d2234302e30222077696474683d223133342e302220783d223336302e302220793d223238352e30223e3c2f6f6d6764633a426f756e64733e0a2020202020203c2f62706d6e64693a42504d4e53686170653e0a2020202020203c62706d6e64693a42504d4e53686170652062706d6e456c656d656e743d227265616c656e64222069643d2242504d4e53686170655f7265616c656e64223e0a20202020202020203c6f6d6764633a426f756e6473206865696768743d2232382e30222077696474683d2232382e302220783d2237362e302220793d223239312e30223e3c2f6f6d6764633a426f756e64733e0a2020202020203c2f62706d6e64693a42504d4e53686170653e0a2020202020203c62706d6e64693a42504d4e456467652062706d6e456c656d656e743d22666c6f775f31222069643d2242504d4e456467655f666c6f775f31223e0a20202020202020203c6f6d6764693a776179706f696e7420783d223130352e302220793d2238302e30223e3c2f6f6d6764693a776179706f696e743e0a20202020202020203c6f6d6764693a776179706f696e7420783d223136352e302220793d2238302e30223e3c2f6f6d6764693a776179706f696e743e0a2020202020203c2f62706d6e64693a42504d4e456467653e0a2020202020203c62706d6e64693a42504d4e456467652062706d6e456c656d656e743d22666c6f775f32222069643d2242504d4e456467655f666c6f775f32223e0a20202020202020203c6f6d6764693a776179706f696e7420783d223331372e302220793d2238302e30223e3c2f6f6d6764693a776179706f696e743e0a20202020202020203c6f6d6764693a776179706f696e7420783d223336302e302220793d2238302e30223e3c2f6f6d6764693a776179706f696e743e0a2020202020203c2f62706d6e64693a42504d4e456467653e0a2020202020203c62706d6e64693a42504d4e456467652062706d6e456c656d656e743d22666c6f775f365f31222069643d2242504d4e456467655f666c6f775f365f31223e0a20202020202020203c6f6d6764693a776179706f696e7420783d223637392e352220793d223330352e30223e3c2f6f6d6764693a776179706f696e743e0a20202020202020203c6f6d6764693a776179706f696e7420783d223831392e302220793d223330352e30223e3c2f6f6d6764693a776179706f696e743e0a20202020202020203c6f6d6764693a776179706f696e7420783d223831392e302220793d2238302e30223e3c2f6f6d6764693a776179706f696e743e0a20202020202020203c6f6d6764693a776179706f696e7420783d223731392e302220793d2238302e30223e3c2f6f6d6764693a776179706f696e743e0a2020202020203c2f62706d6e64693a42504d4e456467653e0a2020202020203c62706d6e64693a42504d4e456467652062706d6e456c656d656e743d22666c6f775f33222069643d2242504d4e456467655f666c6f775f33223e0a20202020202020203c6f6d6764693a776179706f696e7420783d223534332e302220793d2238302e30223e3c2f6f6d6764693a776179706f696e743e0a20202020202020203c6f6d6764693a776179706f696e7420783d223630302e302220793d2238302e30223e3c2f6f6d6764693a776179706f696e743e0a2020202020203c2f62706d6e64693a42504d4e456467653e0a2020202020203c62706d6e64693a42504d4e456467652062706d6e456c656d656e743d22666c6f775f34222069643d2242504d4e456467655f666c6f775f34223e0a20202020202020203c6f6d6764693a776179706f696e7420783d223635392e352220793d223130302e30223e3c2f6f6d6764693a776179706f696e743e0a20202020202020203c6f6d6764693a776179706f696e7420783d223635392e352220793d223138302e30223e3c2f6f6d6764693a776179706f696e743e0a2020202020203c2f62706d6e64693a42504d4e456467653e0a2020202020203c62706d6e64693a42504d4e456467652062706d6e456c656d656e743d22666c6f775f35222069643d2242504d4e456467655f666c6f775f35223e0a20202020202020203c6f6d6764693a776179706f696e7420783d223635392e352220793d223232352e30223e3c2f6f6d6764693a776179706f696e743e0a20202020202020203c6f6d6764693a776179706f696e7420783d223635392e352220793d223238352e30223e3c2f6f6d6764693a776179706f696e743e0a2020202020203c2f62706d6e64693a42504d4e456467653e0a2020202020203c62706d6e64693a42504d4e456467652062706d6e456c656d656e743d22666c6f775f37222069643d2242504d4e456467655f666c6f775f37223e0a20202020202020203c6f6d6764693a776179706f696e7420783d223336302e302220793d223330352e30223e3c2f6f6d6764693a776179706f696e743e0a20202020202020203c6f6d6764693a776179706f696e7420783d223130342e302220793d223330352e30223e3c2f6f6d6764693a776179706f696e743e0a2020202020203c2f62706d6e64693a42504d4e456467653e0a2020202020203c62706d6e64693a42504d4e456467652062706d6e456c656d656e743d22666c6f775f365f32222069643d2242504d4e456467655f666c6f775f365f32223e0a20202020202020203c6f6d6764693a776179706f696e7420783d223633392e352220793d223330352e30223e3c2f6f6d6764693a776179706f696e743e0a20202020202020203c6f6d6764693a776179706f696e7420783d223439342e302220793d223330352e30223e3c2f6f6d6764693a776179706f696e743e0a2020202020203c2f62706d6e64693a42504d4e456467653e0a202020203c2f62706d6e64693a42504d4e506c616e653e0a20203c2f62706d6e64693a42504d4e4469616772616d3e0a3c2f646566696e6974696f6e733e, '0'), ('177503', '1', '/Users/realaicy/RealCode/TNA/JC/jc-web/target/classes/processes/simplejc.bpmn20.xml', '177501', 0x3c3f786d6c2076657273696f6e3d22312e302220656e636f64696e673d225554462d38223f3e0a3c646566696e6974696f6e7320786d6c6e733d22687474703a2f2f7777772e6f6d672e6f72672f737065632f42504d4e2f32303130303532342f4d4f44454c2220786d6c6e733a7873693d22687474703a2f2f7777772e77332e6f72672f323030312f584d4c536368656d612d696e7374616e6365220a20202020202020202020202020786d6c6e733a61637469766974693d22687474703a2f2f61637469766974692e6f72672f62706d6e2220786d6c6e733a62706d6e64693d22687474703a2f2f7777772e6f6d672e6f72672f737065632f42504d4e2f32303130303532342f4449220a20202020202020202020202020786d6c6e733a6f6d6764633d22687474703a2f2f7777772e6f6d672e6f72672f737065632f44442f32303130303532342f44432220786d6c6e733a6f6d6764693d22687474703a2f2f7777772e6f6d672e6f72672f737065632f44442f32303130303532342f4449220a20202020202020202020202020747970654c616e67756167653d22687474703a2f2f7777772e77332e6f72672f323030312f584d4c536368656d61222065787072657373696f6e4c616e67756167653d22687474703a2f2f7777772e77332e6f72672f313939392f5850617468220a202020202020202020202020207461726765744e616d6573706163653d22687474703a2f2f7777772e6b6166656974752e6d652f61637469766974692d696e2d616374696f6e223e0a202020203c70726f636573732069643d2273696d706c656a6322206e616d653d2273696d706c656a63223e0a20202020202020203c73746172744576656e742069643d2273746172746576656e743122206e616d653d225374617274223e3c2f73746172744576656e743e0a20202020202020203c656e644576656e742069643d22656e646576656e743122206e616d653d22456e64223e3c2f656e644576656e743e0a20202020202020203c757365725461736b2069643d22636f6d6669726d4461746522206e616d653d22e7a1aee5ae9ae4babae59198e38081e697b6e997b4e38081e8a18ce7a88b222061637469766974693a63616e64696461746547726f7570733d226f7267315f736563726574617279223e3c2f757365725461736b3e0a20202020202020203c757365725461736b2069643d22707265417564697422206e616d653d22e9a284e7a8bde69fa5222061637469766974693a63616e64696461746547726f7570733d226f7267315f7072656175646974223e3c2f757365725461736b3e0a20202020202020203c757365725461736b2069643d22617564697422206e616d653d22e7a8bde69fa5222061637469766974693a63616e64696461746547726f7570733d226f7267315f6175646974223e3c2f757365725461736b3e0a20202020202020203c757365725461736b2069643d2270726f66657373696f6e616c22206e616d653d22e4b893e5aeb6e8af84e5aea1222061637469766974693a63616e64696461746547726f7570733d226f7267315f70726f66657373696f6e616c223e3c2f757365725461736b3e0a20202020202020203c757365725461736b2069643d227265706f727422206e616d653d22e68f90e4baa4e68aa5e5918a222061637469766974693a63616e64696461746547726f7570733d226f7267315f736563726574617279223e3c2f757365725461736b3e0a20202020202020203c757365725461736b2069643d22696d70726f7665506c616e22206e616d653d22e694b9e8bf9be8aea1e58892222061637469766974693a63616e64696461746547726f7570733d22636f6d5f736563726574617279223e3c2f757365725461736b3e0a20202020202020203c757365725461736b2069643d226175646974496d70726f7665526573756c7422206e616d653d22e6a380e69fa5e695b4e694b9e7bb93e69e9c222061637469766974693a63616e64696461746547726f7570733d226f7267315f736563726574617279223e3c2f757365725461736b3e0a0a20202020202020203c73657175656e6365466c6f772069643d22666c6f773122206e616d653d222220736f757263655265663d2273746172746576656e743122207461726765745265663d22636f6d6669726d44617465223e3c2f73657175656e6365466c6f773e0a20202020202020203c73657175656e6365466c6f772069643d22666c6f773222206e616d653d222220736f757263655265663d22636f6d6669726d4461746522207461726765745265663d227072654175646974223e3c2f73657175656e6365466c6f773e0a20202020202020203c73657175656e6365466c6f772069643d22666c6f773322206e616d653d222220736f757263655265663d22707265417564697422207461726765745265663d226175646974223e3c2f73657175656e6365466c6f773e0a20202020202020203c73657175656e6365466c6f772069643d22666c6f773422206e616d653d222220736f757263655265663d22617564697422207461726765745265663d2270726f66657373696f6e616c223e3c2f73657175656e6365466c6f773e0a20202020202020203c73657175656e6365466c6f772069643d22666c6f773522206e616d653d222220736f757263655265663d2270726f66657373696f6e616c22207461726765745265663d227265706f7274223e3c2f73657175656e6365466c6f773e0a20202020202020203c73657175656e6365466c6f772069643d22666c6f773622206e616d653d222220736f757263655265663d227265706f727422207461726765745265663d22696d70726f7665506c616e223e3c2f73657175656e6365466c6f773e0a20202020202020203c73657175656e6365466c6f772069643d22666c6f773722206e616d653d222220736f757263655265663d22696d70726f7665506c616e22207461726765745265663d226175646974496d70726f7665526573756c74223e3c2f73657175656e6365466c6f773e0a0a20202020202020203c73657175656e6365466c6f772069643d22666c6f77393922206e616d653d222220736f757263655265663d226175646974496d70726f7665526573756c7422207461726765745265663d22656e646576656e7431223e3c2f73657175656e6365466c6f773e0a0a202020203c2f70726f636573733e0a3c2f646566696e6974696f6e733e, '0'), ('177504', '1', '/Users/realaicy/RealCode/TNA/JC/jc-web/target/classes/processes/jc_demo.jc_demo.png', '177501', 0x89504e470d0a1a0a0000000d494844520000033d0000014f0806000000671da096000023974944415478daeddd09985575fd3f702adaf77db3b2b27d2f2a5ba56cb1a2b427751c0695d440cd7d297f9a619a8f6819a596d9e6a3519664a66422b3088328bf3f668a1029890b8ec02002225b68dffff99c8733bfcb6566988de1de3bafd7f37c9eb973ef99edccf7ccf7fb9eef39df336c18000000000000000000000000000000000000000000000000000000000000000000000000000000000000000000000000000000000000000000000000000000000000000000000000000000000000000000000000000000000000000000000000000000000000000000000000000000000000000000000000000000000000000000000000000000000000000000000000000000000000000000000054a194d2f0c58b174f993367ce13cdcdcda9b1b151a9aaada6a6a6d4dadafa7056631cdd0000e422f0cc9a352bb5b7b7a74d9b362955f5b562c58a3473e6cc355900dad7110e00c0b098e11178540d069f4d8d8d8d0b1de100000c8b53da0c92552d56167a363bc201001816d7411820ab1a0d3dc9110e0040af42cfd2471e4b275c717b5ef1d8c05a093d00005475e8d9b871535af9e8fa8ef75b172eeb083df1b878be7df5bab47aed7a036d25f40000503da12702cfe4d9f7a6ff99322f4dbff3a134e39f4bd3e97f9edf117ae2713c7fdd3f1e4ca764dbfc68da5d69cd63828f127a0000a892d0f3f09a75e9db57ceeb0839dbab93fe70475af2f0a306db4ae80100a03a424fd4df6e6feb71e8b9f27fef37d056420f0000d5157ae294b622d49cfcc73bd2ef6fbe2fddb36c755ef1389e2b5ebffe8e36036d25f40000501da12756668b850a4aafe1899053be5d3c577a8d4f7c8c55dd94d003001522a5347cf1e2c553e26ef47173c6e81c95ea4f353535a5d6d6d687b31a53eda1a7b3d3d76276a77cbb78aeb36d0db895d0a32f5343a71f012a587412b366cd4aededed06076ac06ac58a1569e6cc996bb28e6b5fa14729a1475fa686423f0254b0f8af984e42eda00e6b5336d85a58cda1c7e96d4ae8d19729fd085003e234007f58d50e1c6c6daee6d0f37f0b192cebf14206b1addfbd127af4656ae8f52340950ef4941a4a83adee8e8569f37abe64f55ffff1a0dfbd721ceacb94f60b0327a5f48c79f3e68dbfecb2cb664e9c3871cd31c71cb379ecd8b1e980030e4863c68cf9ef11471cb1e9b4d34e5b7ceeb9e74eceea2df658df3b8ac7562f4d8be75e9a16349d99573c8ee7fc4156b51e7ae2e6a4ff33a5e73727fdd69577a4f6d5ebfcfe95e3505fa6b45fe87fd8b9eaaaab2e3febacb3361f77dc71e9924b2e4973e6cc496d6d6d69c3860d29c4db38bff7ef7fff7bca42513af6d863ff7bfcf1c7df376edcb8c3ecc1de75146b57b5a5f9379c9eeeb8eee4ad2a9e8bd7fc5156b51c7ad6addf982e6e59949fc276f5ad0fa41bffb9f5353ef138eee333fdce87f270f49bd67bd2868d1bfdfe95e3505fa6b45fe8bb2cdc1cf2fdef7f7fe3c9279f9c079ac71f7f3cf5d4edb7df9e4e39e594c7c78f1fbf70bffdf6dbcddeec5947b164c1b5db7412453db860aa3fcaaae64f6f8be0b36cd5ff2d4c100b1514a1271e17cf3ff2e87a8147390ef5654afb857ecdee0cbfe69a6b5a0e3ffcf03475ead45e859d72d3a64d4b871c72c87ab33e3deb2816de786e971d45bce68fb2aaf5d0d3d9aa6e45e8b14a9b721ceacb94f60b03167866cc98f1ff8e3efae874f7dd77a78170df7df7a52c40ad3fecb0c3be29f474ff07677ee3195d7614f19a3fca6aa8851ea51c87fa32a5fdc2808b199e083c718dce408acf376edcb8b5f5f5f543f68ebf3a0aa5b3127a94e3505fa62fd37e61278b6b78e294b6819ae1e96cc6e7a0830e5a95059fb70a3d9d57ac70d3554711aff9a3ac841ea51c87fa32a5fd421fc52a6d679e79e6a6b8866747baeebaebd6373434dc22f4745e8b665fd4654711aff9a3ac841ea51c87fa32a5fd421f5d7df5d5bf8b55dafef39fffa41dedc8238f5c36144f73eb4947b1b26d5e9a3f7dc2b6a70364cfc56bfe282ba14729c7a1be4c69bfd0c7599eb80f4f2c4b3d18eeb8e38e4d4371b6a7a703bd7b6fbd7c9b8e229ef30759093d4a390ef5654afb853e9a376fdef858bca03f4b53f7d621871cb2ec80030ed8b516f65f7d7d7d63561f1f908e62e3c6b4e8e68bb73d1d207b6e937b92a80aefac06f45850ca71a82f5315d57eb371db88bababaab8d9ca95a975d76d9cc5ffdea5769304d9a34e9f6ece039a916f65ff673a4a8e830b23f06bbf7b5a388bb54df3dfbc22ecf838ed7dcc95a55f2606ba08e05a51c87fa325539ed37c24e5653b3da1c6dc4c899aa3571e2c43573e6cc19d4d073f3cd37df1707502d859e92babeb3ff9675d9516cdc98962e6a49774e3bb5cb4ea2a8d826b6f59f3255c9a1a7cfc782528e437d99aa98f65b1e768a3272a66a1d73cc319b972e5d3aa8a167d9b265edd981b3a446434fc77fcb4a3b8cce3a8aedfd47cc7fca5495879e1e1f0bd55e0f3ef860af3f66c3860ddbdd66c58a153dfe7cbdd9366afdfaf55dbeb66eddba1dbecfd6ae5d9bdfc3ada7db3a0ef5656a70da6fccf4c5696ce56147e8a1ea8d1d3b36ef7c07537cbdecc0d950cba1a7f4bf65f107a4b38ea227ff11ebee3f65fe48ab6a083d3d39167644ad5ebd3a0f2345fde0073f485ffef297b7a98b2fbe38dfbea5a5257dfdeb5fefb29a9b9b3bfd3afffef7bfd3f0e1c3d3a2458bb6796dcd9a35e917bff8c5561581e25ffffa57fcbeba0d3e279d7452be4dbcddb89dff886f6fdb73cf3d374d9830a1e3fd58b8e6fdef7f7f7af4d147d3aa55abf2efabf85e625fbdf4a52f4df7df7f7ffeb37df18b5fdcaabef9cd6fe6dbfdf5af7fed747f96576cd7d9f73c65ca94f4def7beb7e3fdb865c231c71cd351fffce73f3b5e8beb4e8f3df6d8b470e1c2bc2ebae8a2f4a94f7dca71a82f530358575c7145ea6c6647e8a1664403de197af007b6a6aab38ea2af9d4451fe48aba2aafd58d811f5c31ffe300f0245fdfef7bf4f3ffad18fd2b7bffded3ca49c7ffef9f9fbc5f773c92597a457bffad5e98c33ced8a65efbdad77684a3e2733fe739cfe9a8273de949e919cf7846c7fbc5603e6632bef0852f6c551184ba0b3d118a0e3ef8e0f4b6b7bd2d4e05cedf1e74d0419dcebef474db7ffce31fe995af7c651e7e8e3beeb874fbedb7a78f7ef4a3e994534ec97ffef8b94b7fb622502c5bb62cfdf4a73feda871e3c6a5f7bce73df96b113e7efbdbdfe615b73c78ddeb5e973f8eb7f17ef15a6c57fabd449889e014fb22c2553c9e3469523af5d453d3473ef29174d65967a5273ff9c9b1d267be7d84b217bce005e99a6bae497beeb9673ae18413d205175c90f6d8630fc7a1be4c69bf355d52ca00cb3accff0ef64ccffaf5eb970d81999eb9757575a3468e1c39dc750c6a88cff4ec94632106fe31507ed9cb5e96cffacc9d3b377dfad39fce67389efef4a7e78fa36236a3083d1ffce007f38f2baf8f7dec635b859e73ce39277dfef39fcf6777ca2b3ecf9bdffce66ec3580cf623f44410898a4016afc56cd23bdef18ef4810f7c203df4d043f9736d6d6de97def7b5f7af7bbdf9d66cc98d1f1797ab36dd4dd77df9d6f17bf93d34f3f3d0f15317b72e69967a6fdf6dbaf63bbf8d8ebafbf3edfeee73ffff9569fe38f7ffc6347e8898ae0f2c217be300f7a4f79ca53f2c7f136de8fc7f17a676d357e270d0d0df9cf1e6f3ff9c94fe6a1e7f0c30fcf7f6711de8aed2304edb6db6ee9de7befcdc3d0ab5ef5aabc9efdec67a777bdeb5d79c56b8e437d991a98f6bbfffefb7f26fbbddf6220bef38f497b61801d7df4d19b06fb9a9eace3bdab86afe9d9aa83a8e5eb1894d053e9c7c2b469d3d2cb5ffef2ad06db975f7e793aedb4d3f2017c849f98f528424fe9cc507995879e0836713a59797df5ab5fed083db367cf4e3ffef18fb7aa6bafbd36fdee77bfcb678662762642cb6f7ef39bfcf4bb98318ad98e0833bbefbe7b47c5fb317b14afffe4273fe9d5b6e79d775e1ee6a2e274b638ddec2d6f794bc7cf12c12fbeaf783c79f2e4f4cc673e339f3d7aee739f9beebbefbe3c1446608abaf0c20bb70a3d9ff8c427d2af7ffdebf4a73ffd290f4b112ee36dbc1fcfc7eb9db5d5f81e8bd3dbe26d69e8a9afaf4fdffdee77f36d23a83eed694f4b9ffbdce7f259aad7bce635e9cf7ffe731a3f7e7c7ae73bdf993f8e8ad920c7a1be4c0d6cfbcd8ec5bdb276304be8117a6ac6e9a79fbe68b0576fbbe1861bfe5683abb7dd92fd81d8a7bc83d051a821187a2ae658280f3d6f78c31bd282050bf21013cf3deb59cfda2af48c1831221fb89757848bce424f9c2ad759452889ede2f4ae18d0c7e9745ffad297f28a4010df57319b11af5f7ae9a5f9f7317dfaf4fc94b262305f5a318bf3b7bffd2d3f35ae37dbc6f53b11f4e2678e9f25163088d3f5e2fcfdf83c4f7dea53f34013dfcbcc9933d389279e989ef7bce7e53f633c57cce214153365a5a1275e8f8014afbde8452fcadfc6fbf17c57a167975d76c96799e254b8785b1a7a62a6aa98f98af723e844e839fbecb3f36b8fe2f94a3dbdad46428fbe4c3fb2952d333fb3841ea1a7ea659df3af06fb3e3d13264cb8ae86eed3d3e97fc374146a08869e8a3b163a0b3df3e6cdcb07e69d859e783d665dcaeb4d6f7ad356a1e75bdffa563af4d043d38d37de98878ff2baf5d65b3bb68d198f8f7ffce3a9b5b5355d77dd751dcf7de52b5fc91fc7a973114ae2715c6f73c41147745971417ff1797bb3edc30f3fdc117ae2fdf87af1b346a77ae081076eb5cfe274b20879b190419cae17e1a5f4e7292ac2e3d5575f9daebaeaaa3c20c53efde52f7f99bf5f54bc5eba2041f17b8850155f23aed589b7a5a1275e8f4018e12cae078a59a8083db1ff264e9c9807ca984d7be31bdf983f8e6a6a6a721ceacbd40e6ebf5b667e6e3172167aaad677bef39d371e75d4514f3cfef8e383b678dbe8d1a3efc97e99bb0ea5fdaca350065b837f2cc4a9643168df7befbdd395575e990ff47ff6b39fa56c60d769e889eb50f6d9679f6deac52f7ef156a167fffdf7cfc3419c2e179f334eb52a2aae5389eb7d8a6dbff6b5afa5ef7def7bf9695c715a595c4319a1242ec88fd73ffce10fe7b32ef138668922ccbcfded6f4faf7ffdebf3c751a3468dcadfc6e973c5e7edcdb645e8295d223abe6e5c23337ffefc8ee722b0c5ac54fc5c1116e3fb2a0f3d11766231865804224e998b9f393e77bc8df7632628de8fef2bde2f4e9debe9e96db14dcca2c5ac533c8e53f422f4c4e988b12fa3623628ae8b2ade8f60ea38d49729ed57e861bbb2cef7df710ac4209dda3639a64987da3ed651289dd5e01e0bb1ac710ce063701fd7b5c4c03d663f6265b258892c06d5b1d25971117c849e0f7de8439d7eae98a9290d3d311311d7e54438b8e9a69bb6da36ae7b29424f2cff1cd7eec473711a575c6713b32c11a262b01fdbc435323123527c7ccc44c54cc82db7dc92bf1fa12cc258f17e69f574db22f4440859b264497efa589c8216a7b61d79e491e9b1c71ecbb75bbc78713e5b13b333719dcc3df7dcb34de889c017335dc5fbb11476ece7781b332eb1bc778498ae96e3ee2ef4c4b544314314fbb73cf4947e0ea7b7e9cb94f62bf4d027871e7ae87e279e78e2e64198ed59357af4e8dbeaebebc7083d4a093d3bb28afbcc94ce50c44a612f79c94bf26b5d627624424f71e3cb083d317b10a7ad9557cc7a14a1274e997bfef39f9f0789083db1ec737c6c51f1358ad0131f130b03c46201b14a5a2ca010b31431c88fd76fbbedb63cb4c43d82e2fd5838205eafababcb07fff1f1f171118c6259e9071e78a0e3e7e9cdb6b366cdca434f848a6f7ce31b79108be0102bb8c5ca68b17c75ecaff87e221846388a4074d45147e5fb2b96aa8e60160b1dbce215afd86a662516c28960125f33be46cc1ec5cf17d733ad5cb9b2d3b61ae12f3e7ff1b6083db140c1673ffbd9fc6d119a841e7d99d27e851e0654d6c9cc8b9bc3ed4871fd50ccf26cef9c611d855242cf4056ccc6c44a6d712a54cc5ec473110a62a5b1185417a12796428e60525e71317d117ae29e32c71f7f7cfe38424fcc02c5296545c512ca45e889d9922254e577aecf1ec7b52871df9c38fd2c06fc71ef99b87ea538bd2c4e818beb7ce29a9fc30e3b2c0f32975d76591e6ee29e41a5a7a2f574db58f0204eeb8bbff1717d52ac8a56bcb67cf9f23c54c432d6f17adcb03af6c59d77de99bf1ed7ccc40a7311b0e26d2c74b062c58a7cffc5c205b17474cc90c53e8945716259ec38a52db68d59a2f2fbf444b08ad3d8223446c5cf11a7ea959ede565a428fe35769bf420f03bd73773de49043d6c72a3e3bc2bc79f3aec9bec6d2fafafab70ec5fdaba3503aab9d7b2cc440bdfcb9471e7964abc1ff5d77ddd5e9c7c6695fa51f1f4b3f1737fd2c5f2e3906fd3193d4d5f7516cbf71e3c6ad02514fee3b3410dbc6f538e5cfc5ac4a718a5b6f2a163ae8ea34b662b6ada79f2b569c8bd301cb9f8feb906256abfcf7d6d9b68e437d99d27e851e7a64cc98310de3c78f5f179dcc40ca3aa79b468f1e7dff503cad4d47a174568e05e538d49729ed17a1a7c23434341c326edcb8b50335e313333c1178eaeaea4e19cafb5547a174568e05e538d49729ed17a1a7826401e5803163c6acf9cb5ffef2583f16375875fef9e75f1aa7b4653576a8ef531d85d259391694e3505fa6b45f849ecadbd9bb8e1e3dba79fcf8f1cb6ebbedb6f5bdb90fcff4e9d3afc842d3dc58b460a85ec3a3a3503a2bc782721ceacb94f68bd0533d3b7ddf083f63c78e6d9f3871e2829b6ebae9feb6b6b6a571f16a58bf7efdb2871e7ae8aea6a6a6bf9e71c619d73734342c8eb013b33b437195361d85d259391694e3505fa6b45f849e2a9585995deaebeb8fcb7e0953b2ba37ab0df10bd9f276495653b33a296688ec2d1d85d259391694e3505fa6b45f841e841ea5841ea51c87fa32a5fd22f4503b9a9b9bfd51553baa36649dd5668326a50c1af5656a28f423420f54b0d6d6d6a571ff237f58d540575b5bdb1fb2ce6aa1d0a394d0a32f5343a11f117aa082b5b4b4ec3d63c68cd5cb972f5fef0fac1aa8ffcc4547d5d4d4747f56fb0a3d4a093dfa323514fa11a1072a5cf6076554d629ce8d29e4e81c95ea67453b5a586d1d95d0a3841e7d59b5540c3cf523083d00083d4ab910dcc013b43d00841e25f460e009da1e80d0a394d0838127687b00428f52420f069e687b00083d4a093d1878a2ed0120f42825f460e089b60780d0a394d063e009da1e00bdd5dcdc6c80ac6af2268f71cf1347b88127687b000c6b6d6d5ddadede6e90ac6aaae2aef671934747b88127687b000c6b6969d97bc68c19ab972f5fbede6059d5c20c4f049ea6a6a6fbddd5dec013b43d003a6483c3518d8d8d73e374a0b80e42a92aae68c30b051e034fd0f6000030f0046d0f0000034fd0f6000030f044db030000034fb43d000030f044db0300c0c013b43d00000c3c41db0300c0c013b43d00000c3c41db0300c0c0136d0f00000c3cd1f60000c0c0136d0f0000034fd0f6000030f0046d0f0000034fd0f6000030f0046d0f0000034fb43d000030f044db030000034fb43d00000c3c41db0300c0c013b43d00000c3c41db0300c0c0136d4fdb0300c0c0136d0f00000c3cd1f60000c0c0136d0f0000034fd0f6000030f0046d0f0000034fd0f6000030f044dbd3f6000030f044db030000034fb43d000030f044db0300c0c013b43d00000c3c41db0300c0c013b43d00000c3cd1f6b43d00000c3cd1f60000c0c0136d0f00000c3cd1f6000030f0046d0f0000034fd0f6000030f0046d0f0000034fb43d7b010000034fb43d000030f044db030000034fb43d00000c3c41db0300c0c013b43d00000c3c41db0300c0c0136d0f00000c3cd1f60000c0c0136d0f00000c3cd1f6000030f0046d0f0000034fd0f6000030f0046d0f0000034fb43d000018d841e6d418686ea7e6da53083d000054eb207344569bbb0b3d757575a3ec29841e0000aa79a0797d37a1e7969123470eb797107a0000a8e681e688ae424f7d7dfd3ef610420f0000b530d8ececda9eb96679107a0000a895c1e636d7f6b89607a10700809a92859cabcdf220f4000050cba167f7926b79f6b247107a0000a8c541677e6d8f591e841e00006a75d039c2c013a10700a086a494862f5ebc78ca9c39739e686e6e4e8d8d8d6a88575353536a6d6d7d38ab318e10a10700a0ea45e099356b566a6f6f4f9b366d522aaf152b56a4993367aec902d0be8e12a10700a0aac50c8fc0a3ba083e9b1a1b1b173a4a841e0080aa16a7b419e0abae2a0b3d9b1d25420f0040558b6b380cee5537a1c7205ce80100181aa1e7b1d54bd3e2b997a6054d67e6158fe339c140e841e80100a8fad0b376555b9a7fc3e9e98eeb4edeaae2b9784d38107a107a0000aa3af42c5970ed3681a7a807174c150e841e841e0080ea0e3d0b6f3cb7cbd013af0907420f420f004055879ef98d6774197ae235e140e841e80100107a94d083d0030050a9a127566beb2af4c46bc281d083d0030050d5a167d1ec8bba0c3df19a7020f420f400005475e859d9362fcd9f3e61db53dbb2e7e235e140e841e80100a8ead01375efad976f137ae239c140e841e80100a8fed0b371635a74f3c5db9eda963d17af0907420f420f0040d5869eb5abdad2ddb32fecf29a9e782db61110841e841e0080ea0a3d1b37a6a58b5ad29dd34eed32f01415dbc4b6667d841e841e0080aa083ddb9bdd31eb23f420f400005475e8e9c9ec4e77b33ec282d083d0030050d1a1a7af81a7286141e841e80100a8e8d0a394d023f40000083d4ae841e80100107a94d083d0030020f428a107a1070040e851428fd0030080d0a3841ea1070000a147093d420f0080d0a394d023f40000083d4ae841e80100107a94d083d0030020f428a107a1070040e851428fd0030080d0a3841ea1070000a147093d420f0080d0a394d023f40000083d4ae841e80100107a94d083d0030020f428a107a1070040e851428fd0030080d0a3841ea1070000a147093d420f00c010d2dcdc6c70afbaaa0d59e8d9ec28117a0000aa5a6b6bebd2f6f676037cb54db5b5b5fd210b3d0b1d25420f0040556b6969d97bc68c19ab972f5fbede405f15333c11789a9a9aeecf6a5f4789d0030050f5b281eda8c6c6c6b9712a535cc331d42b069e437c1f443b5828f0083d0000187882b60700808127687b0000187882b60700808127da1e00001878a2ed0100808127da1e0000069ea0ed010060e009da1e0000069ea0ed010060e009da1e0000069e687b000060e089b6070000069e687b0000187882b60700808127687b0000187882b60700808127687b00001878a2ed0100808127da1e00001878a2ed010060e009da1e0000069ea0ed010060e009da1e0000069ea0ed010060e089b6070000069e687b000060e089b60700808127687b0000187882b60700808127687b00001878a2ed697b00001878a2ed0100808127da1e00001878a2ed010060e009da1e0000069ea0ed010060e009da1e0000069e687bda1e0000069e687b000060e089b6070000069e687b0000187882b60700808127687b0000187882b60700808127da9eb60700808127da1e00001878a2ed0100808127da1e0000069ea0ed010050e583cca931d0dc4ecdb5a7107a0000a8d641e688ac3677177aeaeaea46d953083d000054f340f3fa6e42cf2d23478e1c6e2f21f4000050cd03cd115d859efafafa7dec21841e00006a61b0d9d9b53d73cdf220f40000502b83cd6daeed712d0f420f000035250b39579be541e80100a09643cfee25d7f2ec658f20f40000508b83cefcda1eb33c083d0000d4a43df7dcf353069e083d00f4494a69f8e2c58ba7cc9933e789e6e6e6d4d8d8a88668353535a5d6d6d687b31ae3c8a0c2c4296d698f3df630f044e801a0f722f0cc9a352bb5b7b7a74d9b36a9215e2b56ac483367ce5c9305a07d1d1d5488cf64b52aab495bde5ab90da10780de89191e814795059f4d8d8d8d0b1d1d5450e029824eccf8ac107c107a00e89538a5cd405f9557167a363b3aa8b0c0b3bde741e801a073712d8741beea24f4e8e0d999f6da4eb0295eb77c35424fad6b6868d8a5aeaeeea8ec973025ab4559adddb286fd86aceedd7223af93623b7b0be86fe8796cf5d2b478eea56941d39979c5e3784e40107a6007059eed051a333e083db5acbebe7e9fac1ab3da547277e2edd58dd9f656e301fa147ad6ae6a4bf36f383ddd71ddc95b553c17af0909420f0c90cf0cebdd0c4e6fb707a1a70a76f6ae597099d68ba0d359cdda6fbffd76b33781de849e250baedd26f014f5e082a94282d00303197846f5e1e3d60a3e083d35a0aeaeee80d1a3473f521a601a1a1ad239e79c935a5a5ad2030f3c901e7df4d114d6ad5b97dadadad2ecd9b3d3a44993d281071e581e7cd69af5017a137a16de786e97a1275e1312841ed8498167a03e1e849e0a083ca3b290f27869d8993c79727e4f8d9e58b56a55be7d7c5c69f8c93ee761f62ed093d033bff18c2e434fbc2624083dd00fdb5bb460b03f0f083d3b21f01c501a784e38e1847c56a72fe2e34e3ef9e4f2e063c607841ea147093dececc03350a7a699f141e8a9c29dbb6be9296d13264ce83885adafe2d4b7b3cf3ebbfc54b7b7dadb20f47457b15a5b57a1275e1312841ee847402902cf93b23a78cbdbde28ff388b1b20f454932cf03495cef0f437f094069fb2199f59f636083dddd5a2d91775197ae2352141e8813e069e5125c1e5d759a52d6f7b1a7cbafa38c107a1a71ac4b2d4a5d7f0f4f594b6ee4e752bbdc6c7696e20f474572bdbe6a5f9d3276c7b6a5bf65cbc2624083dd08fc0130ede125c522f824f69e029eaa092d75de383d05305a1a7b10824b108c18e70c5155798ed017a7c73d27b6fbd7c9bd013cf0908420ff4425741a4b300d35df0e96cfb5f75b2bd6b7c107a2a554343c32ec5e205311bb372e5ca1d127a6255b7b2e5ac77ede6173da2aeaeee6abf1d18a2a167e3c6b4e8e68bb73db52d7b2e5e1312865ee8d12fd08fc0b3572f824c67c1a7a781a73cf838d50da1a792649dc851451039efbcf3d28e14f7f129093d2775d6a9653535abcd7ed9303443cfda556de9eed91776794d4fbc16db080a4323f4e817e8a39e068fed059fde069ed2afbf6298191f849e8adaa9538a203263c68c1d1a7ae206a625a1676a579d5a517e3b308442cfc68d69e9a29674e7b453bb0c3c45c536b1ad599fda0d3dfa050620f0f4347074157c9edcc7c053708d0f424f85edd445456732d00b18946b6b6b2b0d3d4beaeaea768fd315ca3b359d1b0cadd0b3bdd91db33e4327f4e81718e4c0d35df0b9ab1f81a7bfdf0fc6e7fedeed809dbab6e84c066a99eaee96af2ee9bc9ee8aa53d3b9c1d00a3d3d99dde96ed64768a88dd0d3d9cc8e7e815ee8efcc4a67c1a73f81a73cf8b8c607a16767efd4a20643779d99526a6854f980b7af81a728a1a166428f52fdae7e0e8b9edcc90ccf5d5b9eef8f49f1b9fc7ed420b6652a68a667c3fefbefff99eced2d7ed930b4677a942a4e6fd32f3000333d7d9d51e96ea6a737373035d303151a7a76da353dc5f7505f5fbf57dcbb47e706428fb290817e817e8880b176d88eb9a6a72fc1c7353d5041a167a7afde56d8f21fbe593a37107a9425abf50bf423f8f46666a5ab65a93b5bbdad37c1c7ea6d50492ae93e3d852dffe1bbc56f07841ee5e6a4fa05fa117cb61738b6771f9e9edec0b4dc8861eed30395a5a1a1619762b59cec715ab972e50e093cab56ad4a63c68cf96f49e8d9d5de07a147a99e841ee883edcdb4f4f4c6a3bd0d3ec52976fbf8154085a9afaf6f2cc2c8e4c9937748e8b9e28a2b4a677966d9eb20f42825f4b0837535e3d3d3c0d3dbe0537c3d81072a34f4ec53049298ed19e8050de2f38d1e3dba639627fb7a63ec75107a94127a180431e3537eaad9c1c37a7f1f9ece82cf41655fc7353c50e9b2307263114a4e38e184015bbe3a96a93ef1c4131f2f9de5193972e4707b1c841ea5841e0631f8942e6e501a607a73e3d1ae3eceb2d45045a167d7ac5614e164c28409fd0e3e1178ce3efbecd2eb78d6d6d7d7bfd5de06a14729a18741567eaa5b04968386f57e19eaf28febeffd8180c15657577740b1a84131e3d3d753dde2e3ca66789cd606083d4ae8a192824f7f7576ea1c500db27032b634f8c4353eb1b841acbed6d355da62d182d26b78a2b240758abd0b083d4ae8a146828f1b8f42b58b199fac56958696083f711f9fb88169cce214a7bec5296c6d6d6df98d472fb8e08274f0c1073f517607edb511a4ec5540e851420f15a2bfa7a439a50d6a455ce353ba94751f6b966b7800a147093d5470f0e9ed4c8d450ba046c3cfbe5bc2cfe6de849d98ddb14a1b20f428a1870ad6db53d49cd206b5aea1a161972cfc1c9785992959dd9bd5862d0127de2ec96a6a5627c50c91bd05083d4ae8a1c682cf88acd60e73e3510040e851420f5568af2d8166af6e5e5f21f000003dd2dcdc6c90afca6b43167a363b3ad8c9ba9af1714a1b00d03badadad4bdbdbdb0df45547b5b5b5fd210b3d0b1d1d5460f011780080de6b6969d97bc68c19ab972f5fbede80df0c4f049ea6a6a6fbb3dad7d14185059f49020f00d067d90077546363e3dc38a529aee55043b6e2f7bf50e0a102c5353c699865a90100801af602bb000000000000000000000000000000000000000000000000000060e7f9ffbe385e0a3d7761f90000000049454e44ae426082, '1');
COMMIT;

-- ----------------------------
--  Table structure for `act_ge_property`
-- ----------------------------
DROP TABLE IF EXISTS `act_ge_property`;
CREATE TABLE `act_ge_property` (
  `NAME_` varchar(64) COLLATE utf8_bin NOT NULL DEFAULT '',
  `VALUE_` varchar(300) COLLATE utf8_bin DEFAULT NULL,
  `REV_` int(11) DEFAULT NULL,
  PRIMARY KEY (`NAME_`)
) ENGINE=InnoDB DEFAULT CHARSET=utf8 COLLATE=utf8_bin;

-- ----------------------------
--  Records of `act_ge_property`
-- ----------------------------
BEGIN;
INSERT INTO `act_ge_property` VALUES ('next.dbid', '180001', '73'), ('schema.history', 'create(5.21.0.0)', '1'), ('schema.version', '5.21.0.0', '1');
COMMIT;

-- ----------------------------
--  Table structure for `act_hi_actinst`
-- ----------------------------
DROP TABLE IF EXISTS `act_hi_actinst`;
CREATE TABLE `act_hi_actinst` (
  `ID_` varchar(64) COLLATE utf8_bin NOT NULL,
  `PROC_DEF_ID_` varchar(64) COLLATE utf8_bin NOT NULL,
  `PROC_INST_ID_` varchar(64) COLLATE utf8_bin NOT NULL,
  `EXECUTION_ID_` varchar(64) COLLATE utf8_bin NOT NULL,
  `ACT_ID_` varchar(255) COLLATE utf8_bin NOT NULL,
  `TASK_ID_` varchar(64) COLLATE utf8_bin DEFAULT NULL,
  `CALL_PROC_INST_ID_` varchar(64) COLLATE utf8_bin DEFAULT NULL,
  `ACT_NAME_` varchar(255) COLLATE utf8_bin DEFAULT NULL,
  `ACT_TYPE_` varchar(255) COLLATE utf8_bin NOT NULL,
  `ASSIGNEE_` varchar(255) COLLATE utf8_bin DEFAULT NULL,
  `START_TIME_` datetime(3) NOT NULL,
  `END_TIME_` datetime(3) DEFAULT NULL,
  `DURATION_` bigint(20) DEFAULT NULL,
  `TENANT_ID_` varchar(255) COLLATE utf8_bin DEFAULT '',
  PRIMARY KEY (`ID_`),
  KEY `ACT_IDX_HI_ACT_INST_START` (`START_TIME_`),
  KEY `ACT_IDX_HI_ACT_INST_END` (`END_TIME_`),
  KEY `ACT_IDX_HI_ACT_INST_PROCINST` (`PROC_INST_ID_`,`ACT_ID_`),
  KEY `ACT_IDX_HI_ACT_INST_EXEC` (`EXECUTION_ID_`,`ACT_ID_`)
) ENGINE=InnoDB DEFAULT CHARSET=utf8 COLLATE=utf8_bin;

-- ----------------------------
--  Table structure for `act_hi_attachment`
-- ----------------------------
DROP TABLE IF EXISTS `act_hi_attachment`;
CREATE TABLE `act_hi_attachment` (
  `ID_` varchar(64) COLLATE utf8_bin NOT NULL,
  `REV_` int(11) DEFAULT NULL,
  `USER_ID_` varchar(255) COLLATE utf8_bin DEFAULT NULL,
  `NAME_` varchar(255) COLLATE utf8_bin DEFAULT NULL,
  `DESCRIPTION_` varchar(4000) COLLATE utf8_bin DEFAULT NULL,
  `TYPE_` varchar(255) COLLATE utf8_bin DEFAULT NULL,
  `TASK_ID_` varchar(64) COLLATE utf8_bin DEFAULT NULL,
  `PROC_INST_ID_` varchar(64) COLLATE utf8_bin DEFAULT NULL,
  `URL_` varchar(4000) COLLATE utf8_bin DEFAULT NULL,
  `CONTENT_ID_` varchar(64) COLLATE utf8_bin DEFAULT NULL,
  `TIME_` datetime(3) DEFAULT NULL,
  PRIMARY KEY (`ID_`)
) ENGINE=InnoDB DEFAULT CHARSET=utf8 COLLATE=utf8_bin;

-- ----------------------------
--  Table structure for `act_hi_comment`
-- ----------------------------
DROP TABLE IF EXISTS `act_hi_comment`;
CREATE TABLE `act_hi_comment` (
  `ID_` varchar(64) COLLATE utf8_bin NOT NULL,
  `TYPE_` varchar(255) COLLATE utf8_bin DEFAULT NULL,
  `TIME_` datetime(3) NOT NULL,
  `USER_ID_` varchar(255) COLLATE utf8_bin DEFAULT NULL,
  `TASK_ID_` varchar(64) COLLATE utf8_bin DEFAULT NULL,
  `PROC_INST_ID_` varchar(64) COLLATE utf8_bin DEFAULT NULL,
  `ACTION_` varchar(255) COLLATE utf8_bin DEFAULT NULL,
  `MESSAGE_` varchar(4000) COLLATE utf8_bin DEFAULT NULL,
  `FULL_MSG_` longblob,
  PRIMARY KEY (`ID_`)
) ENGINE=InnoDB DEFAULT CHARSET=utf8 COLLATE=utf8_bin;

-- ----------------------------
--  Table structure for `act_hi_detail`
-- ----------------------------
DROP TABLE IF EXISTS `act_hi_detail`;
CREATE TABLE `act_hi_detail` (
  `ID_` varchar(64) COLLATE utf8_bin NOT NULL,
  `TYPE_` varchar(255) COLLATE utf8_bin NOT NULL,
  `PROC_INST_ID_` varchar(64) COLLATE utf8_bin DEFAULT NULL,
  `EXECUTION_ID_` varchar(64) COLLATE utf8_bin DEFAULT NULL,
  `TASK_ID_` varchar(64) COLLATE utf8_bin DEFAULT NULL,
  `ACT_INST_ID_` varchar(64) COLLATE utf8_bin DEFAULT NULL,
  `NAME_` varchar(255) COLLATE utf8_bin NOT NULL,
  `VAR_TYPE_` varchar(255) COLLATE utf8_bin DEFAULT NULL,
  `REV_` int(11) DEFAULT NULL,
  `TIME_` datetime(3) NOT NULL,
  `BYTEARRAY_ID_` varchar(64) COLLATE utf8_bin DEFAULT NULL,
  `DOUBLE_` double DEFAULT NULL,
  `LONG_` bigint(20) DEFAULT NULL,
  `TEXT_` varchar(4000) COLLATE utf8_bin DEFAULT NULL,
  `TEXT2_` varchar(4000) COLLATE utf8_bin DEFAULT NULL,
  PRIMARY KEY (`ID_`),
  KEY `ACT_IDX_HI_DETAIL_PROC_INST` (`PROC_INST_ID_`),
  KEY `ACT_IDX_HI_DETAIL_ACT_INST` (`ACT_INST_ID_`),
  KEY `ACT_IDX_HI_DETAIL_TIME` (`TIME_`),
  KEY `ACT_IDX_HI_DETAIL_NAME` (`NAME_`),
  KEY `ACT_IDX_HI_DETAIL_TASK_ID` (`TASK_ID_`)
) ENGINE=InnoDB DEFAULT CHARSET=utf8 COLLATE=utf8_bin;

-- ----------------------------
--  Table structure for `act_hi_identitylink`
-- ----------------------------
DROP TABLE IF EXISTS `act_hi_identitylink`;
CREATE TABLE `act_hi_identitylink` (
  `ID_` varchar(64) COLLATE utf8_bin NOT NULL DEFAULT '',
  `GROUP_ID_` varchar(255) COLLATE utf8_bin DEFAULT NULL,
  `TYPE_` varchar(255) COLLATE utf8_bin DEFAULT NULL,
  `USER_ID_` varchar(255) COLLATE utf8_bin DEFAULT NULL,
  `TASK_ID_` varchar(64) COLLATE utf8_bin DEFAULT NULL,
  `PROC_INST_ID_` varchar(64) COLLATE utf8_bin DEFAULT NULL,
  PRIMARY KEY (`ID_`),
  KEY `ACT_IDX_HI_IDENT_LNK_USER` (`USER_ID_`),
  KEY `ACT_IDX_HI_IDENT_LNK_TASK` (`TASK_ID_`),
  KEY `ACT_IDX_HI_IDENT_LNK_PROCINST` (`PROC_INST_ID_`)
) ENGINE=InnoDB DEFAULT CHARSET=utf8 COLLATE=utf8_bin;

-- ----------------------------
--  Table structure for `act_hi_procinst`
-- ----------------------------
DROP TABLE IF EXISTS `act_hi_procinst`;
CREATE TABLE `act_hi_procinst` (
  `ID_` varchar(64) COLLATE utf8_bin NOT NULL,
  `PROC_INST_ID_` varchar(64) COLLATE utf8_bin NOT NULL,
  `BUSINESS_KEY_` varchar(255) COLLATE utf8_bin DEFAULT NULL,
  `PROC_DEF_ID_` varchar(64) COLLATE utf8_bin NOT NULL,
  `START_TIME_` datetime(3) NOT NULL,
  `END_TIME_` datetime(3) DEFAULT NULL,
  `DURATION_` bigint(20) DEFAULT NULL,
  `START_USER_ID_` varchar(255) COLLATE utf8_bin DEFAULT NULL,
  `START_ACT_ID_` varchar(255) COLLATE utf8_bin DEFAULT NULL,
  `END_ACT_ID_` varchar(255) COLLATE utf8_bin DEFAULT NULL,
  `SUPER_PROCESS_INSTANCE_ID_` varchar(64) COLLATE utf8_bin DEFAULT NULL,
  `DELETE_REASON_` varchar(4000) COLLATE utf8_bin DEFAULT NULL,
  `TENANT_ID_` varchar(255) COLLATE utf8_bin DEFAULT '',
  `NAME_` varchar(255) COLLATE utf8_bin DEFAULT NULL,
  PRIMARY KEY (`ID_`),
  UNIQUE KEY `PROC_INST_ID_` (`PROC_INST_ID_`),
  KEY `ACT_IDX_HI_PRO_INST_END` (`END_TIME_`),
  KEY `ACT_IDX_HI_PRO_I_BUSKEY` (`BUSINESS_KEY_`)
) ENGINE=InnoDB DEFAULT CHARSET=utf8 COLLATE=utf8_bin;

-- ----------------------------
--  Table structure for `act_hi_taskinst`
-- ----------------------------
DROP TABLE IF EXISTS `act_hi_taskinst`;
CREATE TABLE `act_hi_taskinst` (
  `ID_` varchar(64) COLLATE utf8_bin NOT NULL,
  `PROC_DEF_ID_` varchar(64) COLLATE utf8_bin DEFAULT NULL,
  `TASK_DEF_KEY_` varchar(255) COLLATE utf8_bin DEFAULT NULL,
  `PROC_INST_ID_` varchar(64) COLLATE utf8_bin DEFAULT NULL,
  `EXECUTION_ID_` varchar(64) COLLATE utf8_bin DEFAULT NULL,
  `NAME_` varchar(255) COLLATE utf8_bin DEFAULT NULL,
  `PARENT_TASK_ID_` varchar(64) COLLATE utf8_bin DEFAULT NULL,
  `DESCRIPTION_` varchar(4000) COLLATE utf8_bin DEFAULT NULL,
  `OWNER_` varchar(255) COLLATE utf8_bin DEFAULT NULL,
  `ASSIGNEE_` varchar(255) COLLATE utf8_bin DEFAULT NULL,
  `START_TIME_` datetime(3) NOT NULL,
  `CLAIM_TIME_` datetime(3) DEFAULT NULL,
  `END_TIME_` datetime(3) DEFAULT NULL,
  `DURATION_` bigint(20) DEFAULT NULL,
  `DELETE_REASON_` varchar(4000) COLLATE utf8_bin DEFAULT NULL,
  `PRIORITY_` int(11) DEFAULT NULL,
  `DUE_DATE_` datetime(3) DEFAULT NULL,
  `FORM_KEY_` varchar(255) COLLATE utf8_bin DEFAULT NULL,
  `CATEGORY_` varchar(255) COLLATE utf8_bin DEFAULT NULL,
  `TENANT_ID_` varchar(255) COLLATE utf8_bin DEFAULT '',
  PRIMARY KEY (`ID_`),
  KEY `ACT_IDX_HI_TASK_INST_PROCINST` (`PROC_INST_ID_`)
) ENGINE=InnoDB DEFAULT CHARSET=utf8 COLLATE=utf8_bin;

-- ----------------------------
--  Table structure for `act_hi_varinst`
-- ----------------------------
DROP TABLE IF EXISTS `act_hi_varinst`;
CREATE TABLE `act_hi_varinst` (
  `ID_` varchar(64) COLLATE utf8_bin NOT NULL,
  `PROC_INST_ID_` varchar(64) COLLATE utf8_bin DEFAULT NULL,
  `EXECUTION_ID_` varchar(64) COLLATE utf8_bin DEFAULT NULL,
  `TASK_ID_` varchar(64) COLLATE utf8_bin DEFAULT NULL,
  `NAME_` varchar(255) COLLATE utf8_bin NOT NULL,
  `VAR_TYPE_` varchar(100) COLLATE utf8_bin DEFAULT NULL,
  `REV_` int(11) DEFAULT NULL,
  `BYTEARRAY_ID_` varchar(64) COLLATE utf8_bin DEFAULT NULL,
  `DOUBLE_` double DEFAULT NULL,
  `LONG_` bigint(20) DEFAULT NULL,
  `TEXT_` varchar(4000) COLLATE utf8_bin DEFAULT NULL,
  `TEXT2_` varchar(4000) COLLATE utf8_bin DEFAULT NULL,
  `CREATE_TIME_` datetime(3) DEFAULT NULL,
  `LAST_UPDATED_TIME_` datetime(3) DEFAULT NULL,
  PRIMARY KEY (`ID_`),
  KEY `ACT_IDX_HI_PROCVAR_PROC_INST` (`PROC_INST_ID_`),
  KEY `ACT_IDX_HI_PROCVAR_NAME_TYPE` (`NAME_`,`VAR_TYPE_`),
  KEY `ACT_IDX_HI_PROCVAR_TASK_ID` (`TASK_ID_`)
) ENGINE=InnoDB DEFAULT CHARSET=utf8 COLLATE=utf8_bin;

-- ----------------------------
--  Table structure for `act_procdef_info`
-- ----------------------------
DROP TABLE IF EXISTS `act_procdef_info`;
CREATE TABLE `act_procdef_info` (
  `ID_` varchar(64) COLLATE utf8_bin NOT NULL,
  `PROC_DEF_ID_` varchar(64) COLLATE utf8_bin NOT NULL,
  `REV_` int(11) DEFAULT NULL,
  `INFO_JSON_ID_` varchar(64) COLLATE utf8_bin DEFAULT NULL,
  PRIMARY KEY (`ID_`),
  UNIQUE KEY `ACT_UNIQ_INFO_PROCDEF` (`PROC_DEF_ID_`),
  KEY `ACT_IDX_INFO_PROCDEF` (`PROC_DEF_ID_`),
  KEY `ACT_FK_INFO_JSON_BA` (`INFO_JSON_ID_`),
  CONSTRAINT `ACT_FK_INFO_JSON_BA` FOREIGN KEY (`INFO_JSON_ID_`) REFERENCES `act_ge_bytearray` (`ID_`),
  CONSTRAINT `ACT_FK_INFO_PROCDEF` FOREIGN KEY (`PROC_DEF_ID_`) REFERENCES `act_re_procdef` (`ID_`)
) ENGINE=InnoDB DEFAULT CHARSET=utf8 COLLATE=utf8_bin;

-- ----------------------------
--  Table structure for `act_re_deployment`
-- ----------------------------
DROP TABLE IF EXISTS `act_re_deployment`;
CREATE TABLE `act_re_deployment` (
  `ID_` varchar(64) COLLATE utf8_bin NOT NULL DEFAULT '',
  `NAME_` varchar(255) COLLATE utf8_bin DEFAULT NULL,
  `CATEGORY_` varchar(255) COLLATE utf8_bin DEFAULT NULL,
  `TENANT_ID_` varchar(255) COLLATE utf8_bin DEFAULT '',
  `DEPLOY_TIME_` timestamp(3) NULL DEFAULT NULL,
  PRIMARY KEY (`ID_`)
) ENGINE=InnoDB DEFAULT CHARSET=utf8 COLLATE=utf8_bin;

-- ----------------------------
--  Records of `act_re_deployment`
-- ----------------------------
BEGIN;
INSERT INTO `act_re_deployment` VALUES ('175001', 'SpringAutoDeployment', null, '', '2016-11-16 09:59:47.684'), ('177501', 'SpringAutoDeployment', null, '', '2016-11-16 14:31:53.094');
COMMIT;

-- ----------------------------
--  Table structure for `act_re_model`
-- ----------------------------
DROP TABLE IF EXISTS `act_re_model`;
CREATE TABLE `act_re_model` (
  `ID_` varchar(64) COLLATE utf8_bin NOT NULL,
  `REV_` int(11) DEFAULT NULL,
  `NAME_` varchar(255) COLLATE utf8_bin DEFAULT NULL,
  `KEY_` varchar(255) COLLATE utf8_bin DEFAULT NULL,
  `CATEGORY_` varchar(255) COLLATE utf8_bin DEFAULT NULL,
  `CREATE_TIME_` timestamp(3) NULL DEFAULT NULL,
  `LAST_UPDATE_TIME_` timestamp(3) NULL DEFAULT NULL,
  `VERSION_` int(11) DEFAULT NULL,
  `META_INFO_` varchar(4000) COLLATE utf8_bin DEFAULT NULL,
  `DEPLOYMENT_ID_` varchar(64) COLLATE utf8_bin DEFAULT NULL,
  `EDITOR_SOURCE_VALUE_ID_` varchar(64) COLLATE utf8_bin DEFAULT NULL,
  `EDITOR_SOURCE_EXTRA_VALUE_ID_` varchar(64) COLLATE utf8_bin DEFAULT NULL,
  `TENANT_ID_` varchar(255) COLLATE utf8_bin DEFAULT '',
  PRIMARY KEY (`ID_`),
  KEY `ACT_FK_MODEL_SOURCE` (`EDITOR_SOURCE_VALUE_ID_`),
  KEY `ACT_FK_MODEL_SOURCE_EXTRA` (`EDITOR_SOURCE_EXTRA_VALUE_ID_`),
  KEY `ACT_FK_MODEL_DEPLOYMENT` (`DEPLOYMENT_ID_`),
  CONSTRAINT `ACT_FK_MODEL_DEPLOYMENT` FOREIGN KEY (`DEPLOYMENT_ID_`) REFERENCES `act_re_deployment` (`ID_`),
  CONSTRAINT `ACT_FK_MODEL_SOURCE` FOREIGN KEY (`EDITOR_SOURCE_VALUE_ID_`) REFERENCES `act_ge_bytearray` (`ID_`),
  CONSTRAINT `ACT_FK_MODEL_SOURCE_EXTRA` FOREIGN KEY (`EDITOR_SOURCE_EXTRA_VALUE_ID_`) REFERENCES `act_ge_bytearray` (`ID_`)
) ENGINE=InnoDB DEFAULT CHARSET=utf8 COLLATE=utf8_bin;

-- ----------------------------
--  Table structure for `act_re_procdef`
-- ----------------------------
DROP TABLE IF EXISTS `act_re_procdef`;
CREATE TABLE `act_re_procdef` (
  `ID_` varchar(64) COLLATE utf8_bin NOT NULL,
  `REV_` int(11) DEFAULT NULL,
  `CATEGORY_` varchar(255) COLLATE utf8_bin DEFAULT NULL,
  `NAME_` varchar(255) COLLATE utf8_bin DEFAULT NULL,
  `KEY_` varchar(255) COLLATE utf8_bin NOT NULL,
  `VERSION_` int(11) NOT NULL,
  `DEPLOYMENT_ID_` varchar(64) COLLATE utf8_bin DEFAULT NULL,
  `RESOURCE_NAME_` varchar(4000) COLLATE utf8_bin DEFAULT NULL,
  `DGRM_RESOURCE_NAME_` varchar(4000) COLLATE utf8_bin DEFAULT NULL,
  `DESCRIPTION_` varchar(4000) COLLATE utf8_bin DEFAULT NULL,
  `HAS_START_FORM_KEY_` tinyint(4) DEFAULT NULL,
  `HAS_GRAPHICAL_NOTATION_` tinyint(4) DEFAULT NULL,
  `SUSPENSION_STATE_` int(11) DEFAULT NULL,
  `TENANT_ID_` varchar(255) COLLATE utf8_bin DEFAULT '',
  PRIMARY KEY (`ID_`),
  UNIQUE KEY `ACT_UNIQ_PROCDEF` (`KEY_`,`VERSION_`,`TENANT_ID_`)
) ENGINE=InnoDB DEFAULT CHARSET=utf8 COLLATE=utf8_bin;

-- ----------------------------
--  Records of `act_re_procdef`
-- ----------------------------
BEGIN;
INSERT INTO `act_re_procdef` VALUES ('jc_demo:1:177505', '1', 'http://www.activiti.org/processdef', '', 'jc_demo', '1', '177501', '/Users/realaicy/RealCode/TNA/JC/jc-web/target/classes/processes/jc_demo.bpmn20.xml', '/Users/realaicy/RealCode/TNA/JC/jc-web/target/classes/processes/jc_demo.jc_demo.png', '', '0', '1', '1', ''), ('simplejc:1:175003', '1', 'http://www.kafeitu.me/activiti-in-action', 'simplejc', 'simplejc', '1', '175001', '/Users/realaicy/RealCode/TNA/JC/jc-web/target/classes/processes/simplejc.bpmn20.xml', null, null, '0', '0', '1', ''), ('simplejc:2:177506', '1', 'http://www.kafeitu.me/activiti-in-action', 'simplejc', 'simplejc', '2', '177501', '/Users/realaicy/RealCode/TNA/JC/jc-web/target/classes/processes/simplejc.bpmn20.xml', null, null, '0', '0', '1', '');
COMMIT;

-- ----------------------------
--  Table structure for `act_ru_event_subscr`
-- ----------------------------
DROP TABLE IF EXISTS `act_ru_event_subscr`;
CREATE TABLE `act_ru_event_subscr` (
  `ID_` varchar(64) COLLATE utf8_bin NOT NULL,
  `REV_` int(11) DEFAULT NULL,
  `EVENT_TYPE_` varchar(255) COLLATE utf8_bin NOT NULL,
  `EVENT_NAME_` varchar(255) COLLATE utf8_bin DEFAULT NULL,
  `EXECUTION_ID_` varchar(64) COLLATE utf8_bin DEFAULT NULL,
  `PROC_INST_ID_` varchar(64) COLLATE utf8_bin DEFAULT NULL,
  `ACTIVITY_ID_` varchar(64) COLLATE utf8_bin DEFAULT NULL,
  `CONFIGURATION_` varchar(255) COLLATE utf8_bin DEFAULT NULL,
  `CREATED_` timestamp(3) NOT NULL DEFAULT CURRENT_TIMESTAMP(3),
  `PROC_DEF_ID_` varchar(64) COLLATE utf8_bin DEFAULT NULL,
  `TENANT_ID_` varchar(255) COLLATE utf8_bin DEFAULT '',
  PRIMARY KEY (`ID_`),
  KEY `ACT_IDX_EVENT_SUBSCR_CONFIG_` (`CONFIGURATION_`),
  KEY `ACT_FK_EVENT_EXEC` (`EXECUTION_ID_`),
  CONSTRAINT `ACT_FK_EVENT_EXEC` FOREIGN KEY (`EXECUTION_ID_`) REFERENCES `act_ru_execution` (`ID_`)
) ENGINE=InnoDB DEFAULT CHARSET=utf8 COLLATE=utf8_bin;

-- ----------------------------
--  Table structure for `act_ru_execution`
-- ----------------------------
DROP TABLE IF EXISTS `act_ru_execution`;
CREATE TABLE `act_ru_execution` (
  `ID_` varchar(64) COLLATE utf8_bin NOT NULL DEFAULT '',
  `REV_` int(11) DEFAULT NULL,
  `PROC_INST_ID_` varchar(64) COLLATE utf8_bin DEFAULT NULL,
  `BUSINESS_KEY_` varchar(255) COLLATE utf8_bin DEFAULT NULL,
  `PARENT_ID_` varchar(64) COLLATE utf8_bin DEFAULT NULL,
  `PROC_DEF_ID_` varchar(64) COLLATE utf8_bin DEFAULT NULL,
  `SUPER_EXEC_` varchar(64) COLLATE utf8_bin DEFAULT NULL,
  `ACT_ID_` varchar(255) COLLATE utf8_bin DEFAULT NULL,
  `IS_ACTIVE_` tinyint(4) DEFAULT NULL,
  `IS_CONCURRENT_` tinyint(4) DEFAULT NULL,
  `IS_SCOPE_` tinyint(4) DEFAULT NULL,
  `IS_EVENT_SCOPE_` tinyint(4) DEFAULT NULL,
  `SUSPENSION_STATE_` int(11) DEFAULT NULL,
  `CACHED_ENT_STATE_` int(11) DEFAULT NULL,
  `TENANT_ID_` varchar(255) COLLATE utf8_bin DEFAULT '',
  `NAME_` varchar(255) COLLATE utf8_bin DEFAULT NULL,
  `LOCK_TIME_` timestamp(3) NULL DEFAULT NULL,
  PRIMARY KEY (`ID_`),
  KEY `ACT_IDX_EXEC_BUSKEY` (`BUSINESS_KEY_`),
  KEY `ACT_FK_EXE_PROCINST` (`PROC_INST_ID_`),
  KEY `ACT_FK_EXE_PARENT` (`PARENT_ID_`),
  KEY `ACT_FK_EXE_SUPER` (`SUPER_EXEC_`),
  KEY `ACT_FK_EXE_PROCDEF` (`PROC_DEF_ID_`),
  CONSTRAINT `ACT_FK_EXE_PARENT` FOREIGN KEY (`PARENT_ID_`) REFERENCES `act_ru_execution` (`ID_`),
  CONSTRAINT `ACT_FK_EXE_PROCDEF` FOREIGN KEY (`PROC_DEF_ID_`) REFERENCES `act_re_procdef` (`ID_`),
  CONSTRAINT `ACT_FK_EXE_PROCINST` FOREIGN KEY (`PROC_INST_ID_`) REFERENCES `act_ru_execution` (`ID_`) ON DELETE CASCADE ON UPDATE CASCADE,
  CONSTRAINT `ACT_FK_EXE_SUPER` FOREIGN KEY (`SUPER_EXEC_`) REFERENCES `act_ru_execution` (`ID_`)
) ENGINE=InnoDB DEFAULT CHARSET=utf8 COLLATE=utf8_bin;

-- ----------------------------
--  Table structure for `act_ru_identitylink`
-- ----------------------------
DROP TABLE IF EXISTS `act_ru_identitylink`;
CREATE TABLE `act_ru_identitylink` (
  `ID_` varchar(64) COLLATE utf8_bin NOT NULL DEFAULT '',
  `REV_` int(11) DEFAULT NULL,
  `GROUP_ID_` varchar(255) COLLATE utf8_bin DEFAULT NULL,
  `TYPE_` varchar(255) COLLATE utf8_bin DEFAULT NULL,
  `USER_ID_` varchar(255) COLLATE utf8_bin DEFAULT NULL,
  `TASK_ID_` varchar(64) COLLATE utf8_bin DEFAULT NULL,
  `PROC_INST_ID_` varchar(64) COLLATE utf8_bin DEFAULT NULL,
  `PROC_DEF_ID_` varchar(64) COLLATE utf8_bin DEFAULT NULL,
  PRIMARY KEY (`ID_`),
  KEY `ACT_IDX_IDENT_LNK_USER` (`USER_ID_`),
  KEY `ACT_IDX_IDENT_LNK_GROUP` (`GROUP_ID_`),
  KEY `ACT_IDX_ATHRZ_PROCEDEF` (`PROC_DEF_ID_`),
  KEY `ACT_FK_TSKASS_TASK` (`TASK_ID_`),
  KEY `ACT_FK_IDL_PROCINST` (`PROC_INST_ID_`),
  CONSTRAINT `ACT_FK_ATHRZ_PROCEDEF` FOREIGN KEY (`PROC_DEF_ID_`) REFERENCES `act_re_procdef` (`ID_`),
  CONSTRAINT `ACT_FK_IDL_PROCINST` FOREIGN KEY (`PROC_INST_ID_`) REFERENCES `act_ru_execution` (`ID_`),
  CONSTRAINT `ACT_FK_TSKASS_TASK` FOREIGN KEY (`TASK_ID_`) REFERENCES `act_ru_task` (`ID_`)
) ENGINE=InnoDB DEFAULT CHARSET=utf8 COLLATE=utf8_bin;

-- ----------------------------
--  Table structure for `act_ru_job`
-- ----------------------------
DROP TABLE IF EXISTS `act_ru_job`;
CREATE TABLE `act_ru_job` (
  `ID_` varchar(64) COLLATE utf8_bin NOT NULL,
  `REV_` int(11) DEFAULT NULL,
  `TYPE_` varchar(255) COLLATE utf8_bin NOT NULL,
  `LOCK_EXP_TIME_` timestamp(3) NULL DEFAULT NULL,
  `LOCK_OWNER_` varchar(255) COLLATE utf8_bin DEFAULT NULL,
  `EXCLUSIVE_` tinyint(1) DEFAULT NULL,
  `EXECUTION_ID_` varchar(64) COLLATE utf8_bin DEFAULT NULL,
  `PROCESS_INSTANCE_ID_` varchar(64) COLLATE utf8_bin DEFAULT NULL,
  `PROC_DEF_ID_` varchar(64) COLLATE utf8_bin DEFAULT NULL,
  `RETRIES_` int(11) DEFAULT NULL,
  `EXCEPTION_STACK_ID_` varchar(64) COLLATE utf8_bin DEFAULT NULL,
  `EXCEPTION_MSG_` varchar(4000) COLLATE utf8_bin DEFAULT NULL,
  `DUEDATE_` timestamp(3) NULL DEFAULT NULL,
  `REPEAT_` varchar(255) COLLATE utf8_bin DEFAULT NULL,
  `HANDLER_TYPE_` varchar(255) COLLATE utf8_bin DEFAULT NULL,
  `HANDLER_CFG_` varchar(4000) COLLATE utf8_bin DEFAULT NULL,
  `TENANT_ID_` varchar(255) COLLATE utf8_bin DEFAULT '',
  PRIMARY KEY (`ID_`),
  KEY `ACT_FK_JOB_EXCEPTION` (`EXCEPTION_STACK_ID_`),
  CONSTRAINT `ACT_FK_JOB_EXCEPTION` FOREIGN KEY (`EXCEPTION_STACK_ID_`) REFERENCES `act_ge_bytearray` (`ID_`)
) ENGINE=InnoDB DEFAULT CHARSET=utf8 COLLATE=utf8_bin;

-- ----------------------------
--  Table structure for `act_ru_task`
-- ----------------------------
DROP TABLE IF EXISTS `act_ru_task`;
CREATE TABLE `act_ru_task` (
  `ID_` varchar(64) COLLATE utf8_bin NOT NULL DEFAULT '',
  `REV_` int(11) DEFAULT NULL,
  `EXECUTION_ID_` varchar(64) COLLATE utf8_bin DEFAULT NULL,
  `PROC_INST_ID_` varchar(64) COLLATE utf8_bin DEFAULT NULL,
  `PROC_DEF_ID_` varchar(64) COLLATE utf8_bin DEFAULT NULL,
  `NAME_` varchar(255) COLLATE utf8_bin DEFAULT NULL,
  `PARENT_TASK_ID_` varchar(64) COLLATE utf8_bin DEFAULT NULL,
  `DESCRIPTION_` varchar(4000) COLLATE utf8_bin DEFAULT NULL,
  `TASK_DEF_KEY_` varchar(255) COLLATE utf8_bin DEFAULT NULL,
  `OWNER_` varchar(255) COLLATE utf8_bin DEFAULT NULL,
  `ASSIGNEE_` varchar(255) COLLATE utf8_bin DEFAULT NULL,
  `DELEGATION_` varchar(64) COLLATE utf8_bin DEFAULT NULL,
  `PRIORITY_` int(11) DEFAULT NULL,
  `CREATE_TIME_` timestamp(3) NULL DEFAULT NULL,
  `DUE_DATE_` datetime(3) DEFAULT NULL,
  `CATEGORY_` varchar(255) COLLATE utf8_bin DEFAULT NULL,
  `SUSPENSION_STATE_` int(11) DEFAULT NULL,
  `TENANT_ID_` varchar(255) COLLATE utf8_bin DEFAULT '',
  `FORM_KEY_` varchar(255) COLLATE utf8_bin DEFAULT NULL,
  PRIMARY KEY (`ID_`),
  KEY `ACT_IDX_TASK_CREATE` (`CREATE_TIME_`),
  KEY `ACT_FK_TASK_EXE` (`EXECUTION_ID_`),
  KEY `ACT_FK_TASK_PROCINST` (`PROC_INST_ID_`),
  KEY `ACT_FK_TASK_PROCDEF` (`PROC_DEF_ID_`),
  CONSTRAINT `ACT_FK_TASK_EXE` FOREIGN KEY (`EXECUTION_ID_`) REFERENCES `act_ru_execution` (`ID_`),
  CONSTRAINT `ACT_FK_TASK_PROCDEF` FOREIGN KEY (`PROC_DEF_ID_`) REFERENCES `act_re_procdef` (`ID_`),
  CONSTRAINT `ACT_FK_TASK_PROCINST` FOREIGN KEY (`PROC_INST_ID_`) REFERENCES `act_ru_execution` (`ID_`)
) ENGINE=InnoDB DEFAULT CHARSET=utf8 COLLATE=utf8_bin;

-- ----------------------------
--  Table structure for `act_ru_variable`
-- ----------------------------
DROP TABLE IF EXISTS `act_ru_variable`;
CREATE TABLE `act_ru_variable` (
  `ID_` varchar(64) COLLATE utf8_bin NOT NULL,
  `REV_` int(11) DEFAULT NULL,
  `TYPE_` varchar(255) COLLATE utf8_bin NOT NULL,
  `NAME_` varchar(255) COLLATE utf8_bin NOT NULL,
  `EXECUTION_ID_` varchar(64) COLLATE utf8_bin DEFAULT NULL,
  `PROC_INST_ID_` varchar(64) COLLATE utf8_bin DEFAULT NULL,
  `TASK_ID_` varchar(64) COLLATE utf8_bin DEFAULT NULL,
  `BYTEARRAY_ID_` varchar(64) COLLATE utf8_bin DEFAULT NULL,
  `DOUBLE_` double DEFAULT NULL,
  `LONG_` bigint(20) DEFAULT NULL,
  `TEXT_` varchar(4000) COLLATE utf8_bin DEFAULT NULL,
  `TEXT2_` varchar(4000) COLLATE utf8_bin DEFAULT NULL,
  PRIMARY KEY (`ID_`),
  KEY `ACT_IDX_VARIABLE_TASK_ID` (`TASK_ID_`),
  KEY `ACT_FK_VAR_EXE` (`EXECUTION_ID_`),
  KEY `ACT_FK_VAR_PROCINST` (`PROC_INST_ID_`),
  KEY `ACT_FK_VAR_BYTEARRAY` (`BYTEARRAY_ID_`),
  CONSTRAINT `ACT_FK_VAR_BYTEARRAY` FOREIGN KEY (`BYTEARRAY_ID_`) REFERENCES `act_ge_bytearray` (`ID_`),
  CONSTRAINT `ACT_FK_VAR_EXE` FOREIGN KEY (`EXECUTION_ID_`) REFERENCES `act_ru_execution` (`ID_`),
  CONSTRAINT `ACT_FK_VAR_PROCINST` FOREIGN KEY (`PROC_INST_ID_`) REFERENCES `act_ru_execution` (`ID_`)
) ENGINE=InnoDB DEFAULT CHARSET=utf8 COLLATE=utf8_bin;

-- ----------------------------
--  Table structure for `aos_sys_catalog`
-- ----------------------------
DROP TABLE IF EXISTS `aos_sys_catalog`;
CREATE TABLE `aos_sys_catalog` (
  `id_` varchar(64) NOT NULL COMMENT '',
  `cascade_id_` varchar(255) NOT NULL COMMENT 'ID',
  `root_key_` varchar(255) NOT NULL COMMENT '',
  `root_name_` varchar(255) NOT NULL COMMENT '',
  `name_` varchar(255) NOT NULL COMMENT '',
  `hotkey_` varchar(255) DEFAULT NULL COMMENT '',
  `parent_id_` varchar(64) NOT NULL COMMENT '',
  `is_leaf_` varchar(255) NOT NULL DEFAULT '1' COMMENT '',
  `is_auto_expand_` varchar(255) NOT NULL DEFAULT '0' COMMENT '',
  `icon_name_` varchar(255) DEFAULT NULL COMMENT '',
  `sort_no_` int(10) DEFAULT NULL COMMENT '',
  PRIMARY KEY (`id_`),
  UNIQUE KEY `aos_sys_catalog_ukey` (`cascade_id_`)
) ENGINE=InnoDB DEFAULT CHARSET=utf8 ROW_FORMAT=COMPACT COMMENT='';

-- ----------------------------
--  Records of `aos_sys_catalog`
-- ----------------------------
BEGIN;
INSERT INTO `aos_sys_catalog` VALUES ('21d03054afdf43d69972cf6f7db6cfa3', '0.002', 'DIC_TYPE', '', '', null, '0', '0', '0', 'book.png', '2'), ('38368661c53c40b6824869a0ccffad05', '0.002.001.001', 'DIC_TYPE', '', '', null, '4018a2217b0542059a26ecf3f605d60f', '1', '0', 'folder6.png', '1'), ('4018a2217b0542059a26ecf3f605d60f', '0.002.001', 'DIC_TYPE', '', '', null, '21d03054afdf43d69972cf6f7db6cfa3', '0', '1', 'folder22.png', '2'), ('4018f65de18043c899b5e21ce7328df7', '0.001.002', 'PARAM_TYPE', '', '', null, 'cd14928a239b448b867c2e45246cd038', '0', '1', 'folder22.png', '1'), ('6f94ef4ac17d4d098f91f0a4579f8591', '0.001.002.001', 'PARAM_TYPE', '', '', null, '4018f65de18043c899b5e21ce7328df7', '1', '0', 'ok3.png', '2'), ('8d6c9869e8b2427cb16cf3f4777bf236', '0.002.007', 'DIC_TYPE', '', '', '', '21d03054afdf43d69972cf6f7db6cfa3', '1', '0', 'folder11.png', '10'), ('aa3082ab67e24d8b884bc4504d3d9945', '0.002.002', 'DIC_TYPE', '', '', null, '21d03054afdf43d69972cf6f7db6cfa3', '1', '0', 'folder24.png', '3'), ('c0c43dea5ab6419dad37e459213d7bb5', '0.002.006', 'DIC_TYPE', '', '', null, '21d03054afdf43d69972cf6f7db6cfa3', '1', '0', 'folder2.png', '1'), ('cd14928a239b448b867c2e45246cd038', '0.001', 'PARAM_TYPE', '', '', null, '0', '0', '0', 'book.png', '1');
COMMIT;

-- ----------------------------
--  Table structure for `aos_sys_dic`
-- ----------------------------
DROP TABLE IF EXISTS `aos_sys_dic`;
CREATE TABLE `aos_sys_dic` (
  `id_` varchar(64) NOT NULL COMMENT '',
  `code_` varchar(255) NOT NULL COMMENT '',
  `desc_` varchar(255) NOT NULL COMMENT '',
  `hotkey_` varchar(255) DEFAULT NULL COMMENT ' ',
  `status_` varchar(255) NOT NULL DEFAULT '1' COMMENT '',
  `dic_index_id_` varchar(64) NOT NULL COMMENT '',
  `remark_` varchar(4000) DEFAULT NULL COMMENT '',
  PRIMARY KEY (`id_`)
) ENGINE=InnoDB DEFAULT CHARSET=utf8 ROW_FORMAT=COMPACT COMMENT='';

-- ----------------------------
--  Records of `aos_sys_dic`
-- ----------------------------
BEGIN;
INSERT INTO `aos_sys_dic` VALUES ('040e1d4d8a914145884553f170e1bcfd', '1', '', null, '1', 'cfcbc48fd8ad42678a52334bac8aa299', null), ('040fbde5cca746e7a90a9f888c033897', '4', '', null, '1', '2794338c8b4946b99c361dae80da71b1', null), ('045e7dce267b4ef3b098ca00030220bf', '2', '', null, '1', '2724924f1cdd48d1aa1a84cb7dd9b3ee', null), ('074c63e541174ed0b7c71588936ae453', '1', '', null, '1', 'ffc94f2b7ad14c78b14c46f8fab17543', null), ('075a268cd7e14a728ca841e769b9d5a6', '1', '', null, '1', '79004d064e954e55b832a8a9a4332576', null), ('0801986eec2b49e6904db73bb016b8bc', '5', '', null, '1', '3f77e94615ba4b93a4e5ca5ecf3c8f14', null), ('0825b66058c14bc5bfacdba1fd055af4', '2', '', null, '1', 'a9fd5aa3b7654326902a94e70bccedd8', 'Mac'), ('0ccc4a6e3df246d8bbd3ccb1d29eb4c4', '0', '', null, '1', '10a113b1dd6d492dad27c8b0a0fb7efc', null), ('0ee3e8b931374725b213150b021507cc', 'catalog', 'aos', null, '1', '2d977e97aacf4781836bac9f5e88ad2b', '/'), ('15f728ef5143444f9bfafa1c5c8a6a3b', '3', '', null, '1', '2794338c8b4946b99c361dae80da71b1', null), ('1722aa532c4044ac8087579feac85f7f', 'neptune', 'neptune.png', null, '1', 'e9e9cfc195514b05890a2249b81dfe73', null), ('17b249a462e7409baa99f36057fa79e7', '1', '', null, '1', '91bc8a695b744b27ba66a94561fd6dbc', ''), ('1915d507f36d4ae688267ebca838d39f', 'blue', '#3399FF', null, '1', '61fd319a23b04bd1bdbce7037002976a', null), ('1bb70ce5d6e649fd9179f3a3d35367f9', 'blue', 'left-logo.png', null, '1', 'fa8097dd670643f9a03722c4074ecba5', null), ('1c2ebffd1b48420999ff57e2ec325270', '3', '', null, '1', 'f59d8693d8cf4f10850914e09ae9b93c', ''), ('1deee1b367ae4ccb81226a86eb7d9675', '1', '', null, '1', '2724924f1cdd48d1aa1a84cb7dd9b3ee', null), ('1fb134407f364baf8b857235c7828059', '2', '', null, '1', '0744eedeaaa143afa499254866aa75c9', null), ('226489afb7ab4cf69107a78c60ed2267', 'PENDING', '', null, '1', 'c66f06c069224241a4785e77d1406f9c', null), ('23910ad1f9684644b214ff99209e94d4', '3', '', null, '1', '38841cd4f85f4ffb8c07c74650a130dc', ''), ('23a410439cf7459799c286745b123293', '1', '', null, '1', '2c90ab6212f44b08a1d8ed527c72795f', null), ('24bca6d79bb14b5f97fbddbe5219705b', '1', '|', null, '1', '7d048854ccdc4eab996dcb703722065b', null), ('27689b76c3cf4168a7efb737806e9ed7', '2', '', null, '1', 'a06eb2af650444db903c945030334b12', null), ('29462076b88f4facb86f7647c04119d0', '2', '', null, '1', '38841cd4f85f4ffb8c07c74650a130dc', '()'), ('2a5d03f79fd64c2090c9847d1b1484f0', '3', '', null, '1', '48062fd856f14794b03ceba2a1d6b60e', null), ('2bd5fc7756d74fe59f5b9372fd83d03c', '4', '', null, '1', '38841cd4f85f4ffb8c07c74650a130dc', ''), ('2ce972620b1d484e880ae17113f4cf05', 'tight', '', null, '1', 'a19ac2af964c4a6e8af9c6f1c0d2673f', null), ('2e2ef7ebcd5449a1a1b593f63ddb17ba', '3', '', null, '1', '0744eedeaaa143afa499254866aa75c9', null), ('2ea2449b3cea4517a40e88bab1a3b67b', '1', '', null, '1', '3f77e94615ba4b93a4e5ca5ecf3c8f14', null), ('2ef4d36610334dc6bc9bd153be594da2', '3', 'DBSequence', null, '1', '2a9ac1749d224bef924cd258bf35254a', null), ('2f9994a32b3e4afd96420c180155065a', '3', '', null, '1', '21136c3dc660464d92fccd66408e149b', null), ('3058d4cd6c514d23a27eee77b140a349', 'aos', 'left-logo.png', null, '1', 'fa8097dd670643f9a03722c4074ecba5', null), ('338541a1b2094ea5a0e51ce81f9012de', 'port', '3306', null, '1', '2d977e97aacf4781836bac9f5e88ad2b', ''), ('37a243f7cb96413386c3ea781051244e', '3', '', null, '1', '58b28eade8604dffa7c531b7b42af2fa', null), ('37d2d28ac8104f6481997b640c5d4fd0', '4', '', null, '1', '58b28eade8604dffa7c531b7b42af2fa', null), ('3a4466b864744a0da3b93eec3f24dfff', 'blue', '', null, '1', '3ba3a682c2ac4d52982411dd045fae32', null), ('3c56f07c48b746698591068c308064a7', 'gray', '', null, '1', '3ba3a682c2ac4d52982411dd045fae32', null), ('3f1b50a0f5be46a69597fca95c1e82d7', '2', '[64X64]', null, '1', '21136c3dc660464d92fccd66408e149b', null), ('4113d10127a34b4fa88b2d6b118accf0', '0', '', null, '1', '91bc8a695b744b27ba66a94561fd6dbc', null), ('413055f896744285a401cc238323785d', '0', '', null, '1', '852946ac593e4f3fa21df7db7d21e085', ''), ('462d4322dd6c408c8d2dfa1241c209f6', '2', '', null, '1', '2c90ab6212f44b08a1d8ed527c72795f', null), ('4ae7b6f7d54a4236ba9b18a9e05d7fb4', '4', '(||||)', null, '1', '7d048854ccdc4eab996dcb703722065b', null), ('4af1d58e374149f38c5ae9f76674a79f', 'aos', '#FAFAFA', null, '1', '61fd319a23b04bd1bdbce7037002976a', null), ('4c5816e8db1c4f0995fbeb7a1b840685', '1', '', null, '1', '38841cd4f85f4ffb8c07c74650a130dc', ''), ('569b3bab75734c628a9bb0b3fbcd8922', '2', '', null, '1', '2794338c8b4946b99c361dae80da71b1', null), ('58195ff7a3084df2a2dd5b401aa29a77', '0', '', null, '1', '4c2a12d3890a449fa91521a29a3c2436', null), ('58fc07abcfdc46478ad14fb9d95214f6', 'dataBaseType', 'mysql', null, '1', '2d977e97aacf4781836bac9f5e88ad2b', 'mysqloraclemicrosoft sql serverpostgresql'), ('5a53887315f7450e96816c1a46dc5b5e', '2', '', null, '1', '58b28eade8604dffa7c531b7b42af2fa', null), ('5c4196e15f47466ea19137666e455504', 'neptune', 'left-logo.png', null, '1', 'fa8097dd670643f9a03722c4074ecba5', null), ('5dd1c5a1610544b490af86cc826e3663', '2', '', null, '1', '7d048854ccdc4eab996dcb703722065b', null), ('5de14be720b546ebb9676db86cdc5f6c', '2', '', null, '1', 'f59d8693d8cf4f10850914e09ae9b93c', null), ('5dfc1a71df524cd68311a95e7176cab7', 'gray', '#BCB0B0', null, '1', '1ec5d3c945de40469595c85955196e76', null), ('6a05b8c8ce244c3f9b4872f812c689ec', '1', '', null, '1', 'dd9f74d16be14db5b0f6d79720c8f177', null), ('6c575847953847ceb7d4675e94d78547', 'aos', '#99bce8', null, '1', '1ec5d3c945de40469595c85955196e76', null), ('6e018ced3ae046de93d74630a97361a1', 'aos', '#006699', null, '1', '54e48c66b3ef4d99823ca8217a2abf43', null), ('735edf2e8a1242078141405d344d3c84', '1', '', null, '1', '2794338c8b4946b99c361dae80da71b1', null), ('786d09295c904608868807b9e08238ee', 'neptune', '#c0c0c0', null, '1', '1ec5d3c945de40469595c85955196e76', null), ('7ab2cba5964a4457ae250919ae120cc4', '3', '', null, '1', '852946ac593e4f3fa21df7db7d21e085', null), ('7b6226ba4b6b404bab3cc520d5c1e6b5', 'neptune', '()', null, '1', '3ba3a682c2ac4d52982411dd045fae32', null), ('84552cfdf36f4fee92d81a49340495ca', 'blue', '#DFE8F6', null, '1', '3146aefcb39344cebe6e0a9baa7a4a48', null), ('84ee7e35ab134ec1acd2cfd28d3915f6', 'standalone', '', null, '1', 'a19ac2af964c4a6e8af9c6f1c0d2673f', null), ('85f5017c1860434eacfceb519b8ad8cd', 'blue', 'blue.png', null, '1', 'e9e9cfc195514b05890a2249b81dfe73', null), ('867c0aacba654feea60c22c5e4be9368', 'aos', 'red', null, '1', '3146aefcb39344cebe6e0a9baa7a4a48', null), ('871d7ac8ec704614a15d29f540b8b439', 'true', '', null, '1', '33a73af4b729448b91c13acf4d0a31e1', null), ('87923302cb424da9aa55b6a9ce77090b', '7', '', null, '1', '2794338c8b4946b99c361dae80da71b1', null), ('89f8ab9369a64de09a8207829f520297', 'gray', 'gray.png', null, '1', 'e9e9cfc195514b05890a2249b81dfe73', null), ('8b536d0c9a2e4e80b1edf91190b98253', '5', '', null, '1', '2794338c8b4946b99c361dae80da71b1', null), ('8da661446e6d4e9cb49d2eb5ab225cd0', '2', '', null, '1', 'ffc94f2b7ad14c78b14c46f8fab17543', null), ('8e42e7df7bd044b89c7a5d5b59b44b18', '1', '', null, '1', 'f59d8693d8cf4f10850914e09ae9b93c', null), ('92dfd82860a0474da735575e9b91f6de', 'classic', '', null, '1', 'a44dd9bbf55041368882e88821309355', 'Banner--'), ('958235d21e2f4d44babd8ae7da7dd7f8', '99', '', null, '1', '2794338c8b4946b99c361dae80da71b1', null), ('99419e3ea3d64507aa507854fd210a75', '3', '(||)', null, '1', '7d048854ccdc4eab996dcb703722065b', null), ('9d1c5da19d0b4ad9b97b570ed4481bf2', 'false', '', null, '1', '33a73af4b729448b91c13acf4d0a31e1', null), ('9df1bbd8b0d44b4c994ed7a792d6f055', '3', '', null, '1', '3f77e94615ba4b93a4e5ca5ecf3c8f14', null), ('9eb462a5fd0547b9898540b6e5a4ca98', 'gray', 'left-logo.png', null, '1', 'fa8097dd670643f9a03722c4074ecba5', null), ('9f291605aa824f489ee51528e80a7227', '0', '', null, '1', '3f77e94615ba4b93a4e5ca5ecf3c8f14', ''), ('a603159d47b94145a32b51f659b47c09', '4', '', null, '1', '0744eedeaaa143afa499254866aa75c9', null), ('a63ab46c45b048b1a0d727c5f0d69f58', '3', '', null, '1', '483fb2ff35e84a42974e914851fae01a', null), ('a871329cbeb343bea48a467e05e066f5', '2', '', null, '1', '483fb2ff35e84a42974e914851fae01a', null), ('a97934b734a94d70a71353bc78e572df', 'neptune', '#FAFAFA', null, '1', '61fd319a23b04bd1bdbce7037002976a', null), ('a9bef6122ad7444999ce17b4ad5a0628', '2', '', null, '1', '4c2a12d3890a449fa91521a29a3c2436', null), ('ac8049fc0ded42b09a3654ef547ac772', '1', '[16X16]', null, '1', '21136c3dc660464d92fccd66408e149b', null), ('b18435d1752a4a8c96628402298c0493', 'gray', '#555555', null, '1', '61fd319a23b04bd1bdbce7037002976a', null), ('b1d95ea28e084b64b0f6a473e65fe2fd', 'aos', 'AOS', null, '0', '3ba3a682c2ac4d52982411dd045fae32', ''), ('b5bdcaeeccd44ad9aceae1968fbe0851', 'userName', 'realdemos', null, '1', '2d977e97aacf4781836bac9f5e88ad2b', ''), ('b85f79702d094f348e1c9e79e67d95b7', '1', '', null, '1', '48062fd856f14794b03ceba2a1d6b60e', null), ('ba5b0493f0544278a980e0f268baf83c', '1', '', null, '1', '4c2a12d3890a449fa91521a29a3c2436', null), ('bbef93ea807847029e98ed7023b47c6a', '1', '', null, '1', '0744eedeaaa143afa499254866aa75c9', null), ('bc17f4f03f0d415c97a026e8ec5a999d', 'blue', '#6699CC', null, '1', '54e48c66b3ef4d99823ca8217a2abf43', null), ('c172686bc21e40efacca63c5b7e1c9d3', 'blue', '#99bce8', null, '1', '1ec5d3c945de40469595c85955196e76', null), ('c1c92ade06b94969b2b066184845781c', '6', '', null, '1', '2794338c8b4946b99c361dae80da71b1', null), ('c20e301598954f0ab33445680ca1db27', 'gray', '#F0F0F0', null, '1', '3146aefcb39344cebe6e0a9baa7a4a48', null), ('c38ebb4d102440babfde6f6f8fbf5d00', '2', '', null, '1', '48062fd856f14794b03ceba2a1d6b60e', null), ('c3e008a5ba864e21b5a66230e389926c', '1', '', null, '1', '58b28eade8604dffa7c531b7b42af2fa', null), ('cab329d4831642a3a42148c691cab443', '1', '', null, '1', '852946ac593e4f3fa21df7db7d21e085', null), ('cc53b6f6235f413db559f4a7e7ba88e6', '1', '', null, '1', 'a06eb2af650444db903c945030334b12', null), ('cc8d6e844c3c46e0bfc973ef51dcb4a3', 'neptune', '#D0DDF2', null, '1', '3146aefcb39344cebe6e0a9baa7a4a48', null), ('cd08dff488454293bc8aa8224eb719cb', 'password', 'realtest6', null, '1', '2d977e97aacf4781836bac9f5e88ad2b', ''), ('cde729266d09465ca624939dc05e6b4d', '2', 'UUID', null, '1', '2a9ac1749d224bef924cd258bf35254a', null), ('ce49529f302f446d8e6e4576578ad459', '3', '', null, '1', '0475e71c145f49acbe781b2e7310ab64', null), ('d93b044fec9941cd87ec8260fab2c9b9', 'gray', '#888888', null, '1', '54e48c66b3ef4d99823ca8217a2abf43', null), ('dbb1b8afd73948aea5df13876b1f4c29', '2', '', null, '1', '3f77e94615ba4b93a4e5ca5ecf3c8f14', null), ('e81beb66246441228ba1bb17190db222', '2', '', null, '1', 'dd9f74d16be14db5b0f6d79720c8f177', null), ('ebe726f2cfa2434dbb7f943f6f42c3ad', '2', '', null, '1', '0475e71c145f49acbe781b2e7310ab64', null), ('f08565c1fd7444bcb24645e52335a1e1', '1', '', null, '1', 'a9fd5aa3b7654326902a94e70bccedd8', null), ('f1f754ae30d54e2895c32050ff4c1d3d', 'aos', 'aos.png', null, '1', 'e9e9cfc195514b05890a2249b81dfe73', null), ('f3b582592cb24df5b64301b5edc0a4ef', '2', '', null, '1', '852946ac593e4f3fa21df7db7d21e085', null), ('f4108659f1f8461db381c2808b82e038', '1', '', null, '1', '10a113b1dd6d492dad27c8b0a0fb7efc', null), ('f5d18126770d42a4a6b922c3b67ed161', '1', '', null, '1', '483fb2ff35e84a42974e914851fae01a', null), ('f624177f00ba4f15a60a8188856b5425', '1', 'APPID', null, '1', '2a9ac1749d224bef924cd258bf35254a', null), ('f7b6f63fc5de469aaf90986188037516', 'neptune', '#006699', null, '1', '54e48c66b3ef4d99823ca8217a2abf43', null), ('f97e6ea7f6fe4f6e8b7fde75f0074e2c', '1', '', null, '1', '0475e71c145f49acbe781b2e7310ab64', null), ('fac86f6625cb47fc8c1a4bab41dc1af4', 'ip', '127.0.0.1', null, '1', '2d977e97aacf4781836bac9f5e88ad2b', 'IP'), ('fdd10e4dcc284a6d99fe88ce8556a2b8', '4', '', null, '1', '3f77e94615ba4b93a4e5ca5ecf3c8f14', null), ('fedcb0e622734060a19a3d9b98e96f71', '4', '', null, '1', '483fb2ff35e84a42974e914851fae01a', null);
COMMIT;

-- ----------------------------
--  Table structure for `aos_sys_dic_index`
-- ----------------------------
DROP TABLE IF EXISTS `aos_sys_dic_index`;
CREATE TABLE `aos_sys_dic_index` (
  `id_` varchar(64) NOT NULL COMMENT '',
  `key_` varchar(255) NOT NULL COMMENT '',
  `name_` varchar(255) NOT NULL COMMENT '',
  `hotkey_` varchar(255) DEFAULT NULL COMMENT '',
  `catalog_id_` varchar(64) NOT NULL COMMENT '',
  `catalog_cascade_id_` varchar(255) NOT NULL COMMENT 'ID',
  `remark_` varchar(4000) DEFAULT NULL COMMENT '',
  PRIMARY KEY (`id_`),
  UNIQUE KEY `aos_sys_dic_index_ukey` (`key_`)
) ENGINE=InnoDB DEFAULT CHARSET=utf8 ROW_FORMAT=COMPACT COMMENT='';

-- ----------------------------
--  Records of `aos_sys_dic_index`
-- ----------------------------
BEGIN;
INSERT INTO `aos_sys_dic_index` VALUES ('0475e71c145f49acbe781b2e7310ab64', 'user_type_', '', null, '4018a2217b0542059a26ecf3f605d60f', '0.002.001', null), ('0744eedeaaa143afa499254866aa75c9', 'user_status_', '', null, '4018a2217b0542059a26ecf3f605d60f', '0.002.001', null), ('10a113b1dd6d492dad27c8b0a0fb7efc', 'enabled_', '', null, 'aa3082ab67e24d8b884bc4504d3d9945', '0.002.002', ''), ('1ec5d3c945de40469595c85955196e76', 'cmp_border_color_', '', null, 'c0c43dea5ab6419dad37e459213d7bb5', '0.002.006', null), ('21136c3dc660464d92fccd66408e149b', 'icon_type_', '', null, '4018a2217b0542059a26ecf3f605d60f', '0.002.001', null), ('2724924f1cdd48d1aa1a84cb7dd9b3ee', 'card_type_', '', null, '8d6c9869e8b2427cb16cf3f4777bf236', '0.002.007', null), ('2794338c8b4946b99c361dae80da71b1', 'cmp_grant_type_', '', null, '4018a2217b0542059a26ecf3f605d60f', '0.002.001', ''), ('2a9ac1749d224bef924cd258bf35254a', 'sequence_type_', 'ID', null, '4018a2217b0542059a26ecf3f605d60f', '0.002.001', ''), ('2c90ab6212f44b08a1d8ed527c72795f', 'procdef_suspension_state_', '', null, '38368661c53c40b6824869a0ccffad05', '0.002.001.001', ''), ('2d977e97aacf4781836bac9f5e88ad2b', 'webide_jdbc', 'WebIDEJDBC', null, 'c0c43dea5ab6419dad37e459213d7bb5', '0.002.006', 'WebIDEJDBC'), ('3146aefcb39344cebe6e0a9baa7a4a48', 'south_back_color_', 'south', null, 'c0c43dea5ab6419dad37e459213d7bb5', '0.002.006', null), ('33a73af4b729448b91c13acf4d0a31e1', 'is_show_top_nav_', '', null, 'c0c43dea5ab6419dad37e459213d7bb5', '0.002.006', '(1,2)true| false'), ('38841cd4f85f4ffb8c07c74650a130dc', 'page_type_', '', null, '4018a2217b0542059a26ecf3f605d60f', '0.002.001', null), ('3ba3a682c2ac4d52982411dd045fae32', 'skin_', '', null, 'c0c43dea5ab6419dad37e459213d7bb5', '0.002.006', ''), ('3f77e94615ba4b93a4e5ca5ecf3c8f14', 'realss_checkjob_status', '', null, 'aa3082ab67e24d8b884bc4504d3d9945', '0.002.002', null), ('48062fd856f14794b03ceba2a1d6b60e', 'proctask_status_', '', null, '38368661c53c40b6824869a0ccffad05', '0.002.001.001', null), ('483fb2ff35e84a42974e914851fae01a', 'create_type_', '', null, '38368661c53c40b6824869a0ccffad05', '0.002.001.001', ''), ('4c2a12d3890a449fa91521a29a3c2436', 'nav_tab_index_', '', null, 'c0c43dea5ab6419dad37e459213d7bb5', '0.002.006', null), ('54e48c66b3ef4d99823ca8217a2abf43', 'main_text_color_', '', null, 'c0c43dea5ab6419dad37e459213d7bb5', '0.002.006', null), ('58b28eade8604dffa7c531b7b42af2fa', 'org_type_', '', null, '4018a2217b0542059a26ecf3f605d60f', '0.002.001', null), ('61fd319a23b04bd1bdbce7037002976a', 'nav_text_color_', '', null, 'c0c43dea5ab6419dad37e459213d7bb5', '0.002.006', null), ('79004d064e954e55b832a8a9a4332576', 'post_type_', '', null, '4018a2217b0542059a26ecf3f605d60f', '0.002.001', null), ('7d048854ccdc4eab996dcb703722065b', 'page_el_type_', '', null, '4018a2217b0542059a26ecf3f605d60f', '0.002.001', null), ('852946ac593e4f3fa21df7db7d21e085', 'job_type_', '', null, 'aa3082ab67e24d8b884bc4504d3d9945', '0.002.002', null), ('91bc8a695b744b27ba66a94561fd6dbc', 'bool_', '', null, 'aa3082ab67e24d8b884bc4504d3d9945', '0.002.002', ''), ('a06eb2af650444db903c945030334b12', 'procinst_status_', '', null, '38368661c53c40b6824869a0ccffad05', '0.002.001.001', null), ('a19ac2af964c4a6e8af9c6f1c0d2673f', 'navbar_btn_style_', '', null, 'c0c43dea5ab6419dad37e459213d7bb5', '0.002.006', null), ('a44dd9bbf55041368882e88821309355', 'theme_', '', null, 'c0c43dea5ab6419dad37e459213d7bb5', '0.002.006', ''), ('a9fd5aa3b7654326902a94e70bccedd8', 'module_user_nav_type', '', null, '4018a2217b0542059a26ecf3f605d60f', '0.002.001', ''), ('c66f06c069224241a4785e77d1406f9c', 'delegation_', '', null, '38368661c53c40b6824869a0ccffad05', '0.002.001.001', ''), ('cfcbc48fd8ad42678a52334bac8aa299', 'role_type_', '', null, '4018a2217b0542059a26ecf3f605d60f', '0.002.001', null), ('dd9f74d16be14db5b0f6d79720c8f177', 'grant_type_', '', null, '4018a2217b0542059a26ecf3f605d60f', '0.002.001', null), ('e9e9cfc195514b05890a2249b81dfe73', 'north_back_img_', 'north', null, 'c0c43dea5ab6419dad37e459213d7bb5', '0.002.006', null), ('f59d8693d8cf4f10850914e09ae9b93c', 'sex_', '', null, 'aa3082ab67e24d8b884bc4504d3d9945', '0.002.002', null), ('fa8097dd670643f9a03722c4074ecba5', 'left_logo_', 'Bannerlogo', null, 'c0c43dea5ab6419dad37e459213d7bb5', '0.002.006', null), ('ffc94f2b7ad14c78b14c46f8fab17543', 'nav_quick_layout_', '', null, 'c0c43dea5ab6419dad37e459213d7bb5', '0.002.006', '');
COMMIT;

-- ----------------------------
--  Table structure for `aos_sys_module`
-- ----------------------------
DROP TABLE IF EXISTS `aos_sys_module`;
CREATE TABLE `aos_sys_module` (
  `id_` varchar(64) NOT NULL COMMENT '',
  `cascade_id_` varchar(255) NOT NULL COMMENT 'ID',
  `name_` varchar(255) NOT NULL COMMENT '',
  `url_` varchar(255) DEFAULT NULL COMMENT 'URL',
  `hotkey_` varchar(255) DEFAULT NULL COMMENT '',
  `parent_id_` varchar(64) NOT NULL COMMENT '',
  `is_leaf_` varchar(255) NOT NULL DEFAULT '1' COMMENT '',
  `is_auto_expand_` varchar(255) NOT NULL DEFAULT '0' COMMENT '',
  `icon_name_` varchar(255) DEFAULT NULL COMMENT '',
  `status_` varchar(255) NOT NULL DEFAULT '1' COMMENT '',
  `parent_name_` varchar(255) NOT NULL COMMENT '',
  `vector_` varchar(255) DEFAULT NULL COMMENT '',
  `sort_no_` int(10) DEFAULT '0' COMMENT '',
  PRIMARY KEY (`id_`)
) ENGINE=InnoDB DEFAULT CHARSET=utf8 ROW_FORMAT=COMPACT COMMENT='';

-- ----------------------------
--  Records of `aos_sys_module`
-- ----------------------------
BEGIN;
INSERT INTO `aos_sys_module` VALUES ('078df89c7b5b478cb38fd607805c6155', '0.004.002.001.007', 'API', 'demo/initFormApi.jhtml', null, 'f73a952eefa2406c9327da6252c4ca79', '1', '0', null, '1', '', null, '20'), ('09b24aac059f4ba58bfb30652636b543', '0.004.003.001', '', 'demo/misc/initMisc1.jhtml', '', '33baf8c9948b47cfa54cd8d7a5e1753d', '1', '0', '', '1', '', '', '10'), ('0b99e9d118b54ee084d9e74bd72cdd1c', '0.001.002', '', null, null, '7a6d3674e5204937951d01544e18e3aa', '0', '1', 'folder14.png', '1', '', null, '20'), ('1886bf699ec74f79959bdc8ca8e5371a', '0.001.006.004', '', 'system/sessionLog/init.jhtml', null, '5b9a439743f141729f46a07e8e222a47', '1', '0', 'c_key.png', '1', '', null, '10'), ('1906d5a892654e2bb882851e0ea7322f', '0.001.008.001', '', 'system/icon/init.jhtml', null, '524e5f5c3e5b4cdb90611cd8b15ca684', '1', '0', 'page_picture.png', '1', '', null, '60'), ('1a34ea36b51447a1a16a3ddf7f2e84fc', '0.008.001', '', 'ss/temp/user/init.jhtml', '', 'a59d840e88594f7b87b3f96d227d6707', '1', '0', '', '1', '', '', '1'), ('1cf1947152174cacaf226fa54ca51351', '0.004.002.001.009', '', 'demo/initFormValidate.jhtml', null, 'f73a952eefa2406c9327da6252c4ca79', '1', '0', null, '1', '', null, '8'), ('25406890354f4514909e2ad1c0fd678d', '0.004.002.003.001', '', 'demo/grid/initGrid1.jhtml', null, 'dbf75990cf784e79920caf7eb47856f6', '1', '0', null, '1', '', null, '10'), ('266bbec9e0af4612afa5139aade0a511', '0.004.002.001.006', '', 'demo/initFormComboBox.jhtml', null, 'f73a952eefa2406c9327da6252c4ca79', '1', '0', null, '1', '', null, '30'), ('2790bf6cc0b54c36b56c90429c112ab2', '0.001.008.005', 'WebIDE', 'system/coder/init.jhtml', null, '524e5f5c3e5b4cdb90611cd8b15ca684', '1', '0', 'icon15.png', '1', '', null, '5'), ('29873ca569fb46c3bbd951a8a1df2472', '0.002', '', '', '', '2a4c060f44d944ea926fe44522ce7b39', '0', '1', 'folder2.png', '1', '', 'fa-github-alt', '10002'), ('2a4c060f44d944ea926fe44522ce7b39', '0', '', '', '', 'p', '0', '1', 'home.png', '1', 'root', '', '1'), ('2dd9dac74b064ea98f063265b642526d', '0.005.005.001', '', 'ss/checkjob/checktem/initCheckTem.jhtml', '', '9a68cc97425344cda05e551ae5ae66cb', '1', '0', '', '1', '', '', '100'), ('327677ef8d2a4e5caf3c4cbc9b72d0b0', '0.004.002.003.004', '', 'demo/grid/initGrid3.jhtml', null, 'dbf75990cf784e79920caf7eb47856f6', '1', '0', null, '1', '', null, '40'), ('33baf8c9948b47cfa54cd8d7a5e1753d', '0.004.003', '', '', '', '6e10c86d1885434e80e6dfa0953e307d', '0', '1', '', '1', '', '', '20'), ('38e28fce49414c4c9e95d032559d5bee', '0.004.002.002', '', 'demo/initButton.jhtml', null, '6cab8b013c314b37aec7c4567d859fc8', '1', '0', null, '1', 'AOS UI', null, '10'), ('3b41af04060b414d85a05655b76801a3', '0.011.001', '', 'ss/report/initJobReport.jhtml', '', 'a4b0e8936806432181f60d53fc18e0a1', '1', '0', '', '1', '', '', '1'), ('3bb16fa3935c41bebe4d3fcf3c4ebd5c', '0.004.004', '', '', '', '6e10c86d1885434e80e6dfa0953e307d', '0', '0', '', '1', '', '', '15'), ('3dddb80dc030499c936c2ede4eaa3ab4', '0.009', '', '', '', '2a4c060f44d944ea926fe44522ce7b39', '0', '0', 'task.png', '1', '', '', '1000'), ('4d3cfce7b9b146d2bc8482ec477517aa', '0.002.001', '', 'system/preference/init.jhtml', null, '29873ca569fb46c3bbd951a8a1df2472', '1', '0', 'config1.png', '1', '', null, '10'), ('50d7cd80f5854637a576aa95839488e9', '0.007.002', '', 'ss/jxq/manager.jhtml', '', '645419cf0e1c4ea6b3b8945e5338ad58', '1', '0', '', '1', '', '', '1'), ('524e5f5c3e5b4cdb90611cd8b15ca684', '0.001.008', '', null, null, '7a6d3674e5204937951d01544e18e3aa', '0', '0', 'folder9.png', '1', '', 'fa-bug', '70'), ('52bfff4fb4fd41488d5f7c09991e997f', '0.005', '', '', '', '2a4c060f44d944ea926fe44522ce7b39', '0', '1', 'search.png', '1', '', '', '4000'), ('56fcae7c948043e3a6ba6f9ab56aaccd', '0.005.003', '', 'ss/checkjob/checktem/initCheckTem.jhtml', '', '52bfff4fb4fd41488d5f7c09991e997f', '1', '0', '', '1', '', '', '300'), ('591f2ffa62a1461887c1d6f02c60a1ff', '0.004.004.002', '', 'demo/initNotification.jhtml', null, '3bb16fa3935c41bebe4d3fcf3c4ebd5c', '1', '0', null, '1', '', null, '2'), ('5ae41d35d16247febabf631a81a0d70d', '0.004.002.001.008', '', 'demo/initFormData.jhtml', null, 'f73a952eefa2406c9327da6252c4ca79', '1', '0', null, '1', '', null, '40'), ('5b9a439743f141729f46a07e8e222a47', '0.001.006', '', null, null, '7a6d3674e5204937951d01544e18e3aa', '0', '0', 'folder27.png', '1', '', null, '60'), ('5fb994e71cb14a77891670990d7f554d', '0.001.001', '', null, null, '7a6d3674e5204937951d01544e18e3aa', '0', '1', 'folder2.png', '1', '', null, '10'), ('619cb338b278406f8368471034d5946f', '0.001.004.006', '', 'workflow/procTask/init.jhtml', '', 'cfc4e4bd367047a29e0d72e688f860a2', '1', '0', 'task_list.png', '1', '', '', '40'), ('645419cf0e1c4ea6b3b8945e5338ad58', '0.007', '', '', '', '2a4c060f44d944ea926fe44522ce7b39', '0', '0', 'text_list.png', '1', '', '', '3000'), ('647ebc4423a2409dbc3d1c91d43cdcda', '0.006.003', '', 'ss/company/init4ent.jhtml', '', 'bd0a4ba6764d4d86883cfa7aa513315d', '1', '0', '', '1', '', '', '1'), ('65320b914c18453f9ca0a84d3f8a0a7b', '0.001.003.001', '', 'system/org/init.jhtml', null, 'b656d6afbbe844d0a6626d0eb590643f', '1', '0', 'icon56.png', '1', '', null, '1'), ('68822bfa39914373afe70dc343c84e94', '0.004.002.001.005', '', 'demo/initFormElements.jhtml', null, 'f73a952eefa2406c9327da6252c4ca79', '1', '0', null, '1', '', null, '10'), ('6b500915e65949639acbe8dd9b54adbc', '0.007.001', '', 'ss/jxq/init.jhtml', '', '645419cf0e1c4ea6b3b8945e5338ad58', '1', '1', '', '1', '', '', '1'), ('6cab8b013c314b37aec7c4567d859fc8', '0.004.002', 'AOS UI', null, null, '6e10c86d1885434e80e6dfa0953e307d', '0', '1', null, '1', '', null, '10'), ('6e10c86d1885434e80e6dfa0953e307d', '0.004', '', '', '', '2a4c060f44d944ea926fe44522ce7b39', '0', '1', 'folder27.png', '1', '', 'fa-coffee', '10001'), ('6f9e2b465ad54dc4ab18ebc5896951b4', '0.006.002', '', 'ss/company/initreport.jhtml', '', 'bd0a4ba6764d4d86883cfa7aa513315d', '1', '0', '', '1', '', '', '1'), ('704d4e51ffcf473fa95ab9e680177d46', '0.004.002.003.002', '', 'demo/grid/initGrid2.jhtml', null, 'dbf75990cf784e79920caf7eb47856f6', '1', '0', null, '1', '', null, '20'), ('715f6cf8d2ce4fa694baf2259327f6b1', '0.001.003.002', '', 'system/post/init.jhtml', null, 'b656d6afbbe844d0a6626d0eb590643f', '1', '0', 'icon137.png', '1', '', null, '3'), ('73b69ca49e2240ba8717fc13acb884c2', '0.004.002.001.001', '', 'demo/initForm1.jhtml', null, 'f73a952eefa2406c9327da6252c4ca79', '1', '0', null, '1', '', null, '1'), ('75df10afbf5249f6939a4507e055f055', '0.006.001', '', 'ss/company/init.jhtml', '', 'bd0a4ba6764d4d86883cfa7aa513315d', '1', '0', '', '1', '', '', '1'), ('7a6d3674e5204937951d01544e18e3aa', '0.001', '', '', '', '2a4c060f44d944ea926fe44522ce7b39', '0', '1', 'folder22.png', '1', '', 'fa-cogs', '9999'), ('7e6951e668be44b39fb9f9fd20b21315', '0.004.003.002', '', 'demo/misc/initMisc2.jhtml', '', '33baf8c9948b47cfa54cd8d7a5e1753d', '1', '0', '', '1', '', '', '20'), ('81fc0e05049e467d976ec523182421f2', '0.001.002.004', '', 'system/idMgr/init.jhtml', null, '0b99e9d118b54ee084d9e74bd72cdd1c', '1', '0', 'id.png', '1', '', null, '30'), ('82b07f82b98046028538e925f66794d1', '0.005.002', '', 'ss/checkjob/checkitem2/init.jhtml', '', '52bfff4fb4fd41488d5f7c09991e997f', '1', '0', '', '1', '', '', '200'), ('8472acca5a9e47348b7ab3d6ebf261b5', '0.005.005.003', '', 'ss/checkjob/job/initunfinishedjob.jhtml?', '', '9a68cc97425344cda05e551ae5ae66cb', '1', '0', '', '1', '', '', '300'), ('870c482cdb2e4c8aa373dcf447964284', '0.004.002.003.003', '', 'demo/grid/initEditGrid.jhtml', null, 'dbf75990cf784e79920caf7eb47856f6', '1', '0', null, '1', '', null, '30'), ('88bc371429ce4243a49c5893ae036f6a', '0.004.002.004', '', '', '', '6cab8b013c314b37aec7c4567d859fc8', '0', '0', '', '1', 'AOS UI', '', '40'), ('8b33d532b9184f39871a861ea6f8a318', '0.008.002', '', 'ss/temp/ent/init.jhtml', null, 'a59d840e88594f7b87b3f96d227d6707', '1', '0', null, '1', '', null, '1'), ('920fe6ba911148cd810ceca31ad9d54f', '0.010', '', 'ss/dashboard/init.jhtml', '', '2a4c060f44d944ea926fe44522ce7b39', '1', '0', 'bullet_group4.gif', '1', '', '', '1500'), ('921b5164722d43698abf970a92c628d1', '0.005.001', '', 'ss/checkjob/checkitem/init.jhtml', '', '52bfff4fb4fd41488d5f7c09991e997f', '1', '0', '', '1', '', '', '100'), ('97c8a95d0aa84d7cba2a8b536ba5326a', '0.004.002.001.002', '', 'demo/initForm2.jhtml', null, 'f73a952eefa2406c9327da6252c4ca79', '1', '0', null, '1', '', null, '2'), ('98d7e720b8524600844728bcb4f8d518', '0.005.005.004', '', 'ss/checkjob/job/initmycreatedjob.jhtml?', '', '9a68cc97425344cda05e551ae5ae66cb', '1', '0', '', '1', '', '', '200'), ('9a68cc97425344cda05e551ae5ae66cb', '0.005.005', '', '', '', '52bfff4fb4fd41488d5f7c09991e997f', '0', '0', '', '1', '', '', '500'), ('9a8e5cedcd514af2b37cf5828f509f94', '0.001.001.003', '', 'system/catalog/init.jhtml', null, '5fb994e71cb14a77891670990d7f554d', '1', '0', 'icon146.png', '1', '', null, '20'), ('9e4cf77815dd49fbac4158c62af3197a', '0.001.001.001', '', 'system/param/init.jhtml', null, '5fb994e71cb14a77891670990d7f554d', '1', '0', 'icon79.png', '1', '', null, '1'), ('a21b52d911bb44c2978e52bbc523de51', '0.001.004.002', '', 'workflow/procDeploy/init.jhtml', null, 'cfc4e4bd367047a29e0d72e688f860a2', '1', '0', 'modules_wizard.gif', '1', '', null, '10'), ('a27532c1cc8948e5b9bd7d8ac2e30a42', '0.004.002.006.001', '', '', '', 'f84a495bca10403ebe8351d4737dfc72', '1', '0', '', '1', '', '', '1'), ('a3791f2557354144b58bdcbbfa400e7e', '0.005.005.002', '', 'ss/checkjob/job/initfinishedjob.jhtml?', '', '9a68cc97425344cda05e551ae5ae66cb', '1', '0', '', '1', '', '', '400'), ('a4b0e8936806432181f60d53fc18e0a1', '0.011', '', null, null, '2a4c060f44d944ea926fe44522ce7b39', '0', '0', null, '1', '', null, '5000'), ('a4d2ef333e35476680786df9a89e200b', '0.004.002.004.001', '', 'demo/report/initReport1.jhtml', null, '88bc371429ce4243a49c5893ae036f6a', '1', '0', null, '1', '', null, '1'), ('a59d840e88594f7b87b3f96d227d6707', '0.008', '', null, null, '2a4c060f44d944ea926fe44522ce7b39', '0', '0', null, '1', '', null, '1'), ('b4485f8151ae4a7db09ee6cd70c5e24f', '0.004.003.003', '', 'demo/misc/initMisc3.jhtml', null, '33baf8c9948b47cfa54cd8d7a5e1753d', '1', '0', null, '1', '', null, '30'), ('b656d6afbbe844d0a6626d0eb590643f', '0.001.003', '', null, null, '7a6d3674e5204937951d01544e18e3aa', '0', '1', 'folder23.png', '1', '', null, '30'), ('ba90369eb83540bab4d9492bc17f0937', '0.001.004.005', '', 'workflow/procInst/init.jhtml', null, 'cfc4e4bd367047a29e0d72e688f860a2', '1', '0', 'icon5.png', '1', '', null, '30'), ('bc3c9877c598404da7e31355a4deebad', '0.001.008.002', 'WebSQL', 'system/webSql/init.jhtml', null, '524e5f5c3e5b4cdb90611cd8b15ca684', '1', '0', 'sql.png', '1', '', null, '10'), ('bd0a4ba6764d4d86883cfa7aa513315d', '0.006', '', '', '', '2a4c060f44d944ea926fe44522ce7b39', '0', '0', 'vcard.png', '1', '', '', '2000'), ('bf530e26480d43b08dd20e31e31274af', '0.001.003.006', '', 'system/role/init.jhtml', null, 'b656d6afbbe844d0a6626d0eb590643f', '1', '0', 'icon134.png', '1', '', null, '5'), ('c416f519d2b74cb39e0c4ace13e168d6', '0.008.004', '22', 'ss/temp/timeline/company.jhtml', null, 'a59d840e88594f7b87b3f96d227d6707', '1', '0', null, '1', '', null, '1'), ('cfc4e4bd367047a29e0d72e688f860a2', '0.001.004', '', '', '', '7a6d3674e5204937951d01544e18e3aa', '0', '0', 'folder24.png', '1', '', '', '40'), ('d452524058ff42cfb9e5146dacd0cd79', '0.001.006.002', '', null, null, '5b9a439743f141729f46a07e8e222a47', '1', '0', 'user20.png', '1', '', null, '20'), ('dbf75990cf784e79920caf7eb47856f6', '0.004.002.003', '', null, null, '6cab8b013c314b37aec7c4567d859fc8', '0', '1', null, '1', 'AOS UI', null, '30'), ('dc404d3ef1334c5ca18dd217e4f7e2f1', '0.005.006', '', 'ss/checkjob/result/init.jhtml', '', '52bfff4fb4fd41488d5f7c09991e997f', '1', '0', '', '1', '', '', '999'), ('dd2882255a2047c99e911ccd53d47bc5', '0.008.003', '', 'ss/temp/timeline/init.jhtml', '', 'a59d840e88594f7b87b3f96d227d6707', '1', '0', '', '1', '', '', '1'), ('e3e403f7b94247c7827d8f280f06b64d', '0.004.002.001.003', '', 'demo/initForm3.jhtml', null, 'f73a952eefa2406c9327da6252c4ca79', '1', '0', null, '1', '', null, '3'), ('e7bb35f24a634a759cef64d28411901f', '0.004.004.001', '', 'demo/procedure/init.jhtml', null, '3bb16fa3935c41bebe4d3fcf3c4ebd5c', '1', '0', null, '1', '', null, '10'), ('e9de0eacf61a4aa6b1ed0c210fc209fe', '0.004.004.003', '', 'demo/initShare.jhtml', null, '3bb16fa3935c41bebe4d3fcf3c4ebd5c', '1', '0', null, '1', '', null, '20'), ('f107450058a2438eb6ad9bf6a4d7e967', '0.001.001.002', '', 'system/dictionary/init.jhtml', null, '5fb994e71cb14a77891670990d7f554d', '1', '0', 'icon154.png', '1', '', null, '10'), ('f405a849f27d4ddebf7f8a2dfbf30bea', '0.001.002.001', '', 'system/module/init.jhtml', null, '0b99e9d118b54ee084d9e74bd72cdd1c', '1', '0', 'icon75.png', '1', '', null, '10'), ('f4768a44bc6a491bbac10d6f9710b8c6', '0.009.001', '', 'ss/checkjob/job/initunfinishedjob.jhtml?', '', '3dddb80dc030499c936c2ede4eaa3ab4', '1', '0', 'folder4.png', '1', '', '', '100'), ('f73a952eefa2406c9327da6252c4ca79', '0.004.002.001', '', '', '', '6cab8b013c314b37aec7c4567d859fc8', '0', '0', '', '1', 'AOS UI', '', '20'), ('f81608054a714b60adb0b1ed574c6b6c', '0.001.003.003', '', 'system/user/init.jhtml', null, 'b656d6afbbe844d0a6626d0eb590643f', '1', '0', 'user6.png', '1', '', null, '4'), ('f84a495bca10403ebe8351d4737dfc72', '0.004.002.006', '', '', '', '6cab8b013c314b37aec7c4567d859fc8', '0', '0', '', '1', 'AOS UI', '', '35'), ('fd88d0de59024e4db81ead8510b6bd98', '0.001.002.003', '', 'system/page/init.jhtml', null, '0b99e9d118b54ee084d9e74bd72cdd1c', '1', '0', 'icon59.png', '1', '', null, '20');
COMMIT;

-- ----------------------------
--  Table structure for `aos_sys_module_role`
-- ----------------------------
DROP TABLE IF EXISTS `aos_sys_module_role`;
CREATE TABLE `aos_sys_module_role` (
  `id_` varchar(64) NOT NULL COMMENT '',
  `role_id_` varchar(64) NOT NULL COMMENT ' ',
  `module_id_` varchar(64) NOT NULL COMMENT '',
  `grant_type_` varchar(255) NOT NULL COMMENT '',
  `operate_time_` varchar(255) NOT NULL COMMENT '',
  `operator_id_` varchar(64) NOT NULL COMMENT '',
  PRIMARY KEY (`id_`),
  UNIQUE KEY `aos_sys_module_role_ukey` (`role_id_`,`module_id_`,`grant_type_`)
) ENGINE=InnoDB DEFAULT CHARSET=utf8 ROW_FORMAT=COMPACT COMMENT='-';

-- ----------------------------
--  Records of `aos_sys_module_role`
-- ----------------------------
BEGIN;
INSERT INTO `aos_sys_module_role` VALUES ('0188b1648ab74fbbae624dd477fa8fb0', 'db0517b284ae4ecebe4358cb9e9d6295', '2dd9dac74b064ea98f063265b642526d', '1', '2016-05-19 14:27:22', 'fa04db9dd2f54d61b0c8202a25de2dc6'), ('050d588d27f840b88ab0f66abab19ee1', 'cb9dea34a86043be875e1729bd87df32', 'f4768a44bc6a491bbac10d6f9710b8c6', '1', '2016-05-19 14:27:32', 'fa04db9dd2f54d61b0c8202a25de2dc6'), ('0d7757a39c0e465b80afc1130bdbf29f', '84f923b5e334498494eda38d8e86ef80', 'd452524058ff42cfb9e5146dacd0cd79', '1', '2016-03-23 02:32:47', 'fa04db9dd2f54d61b0c8202a25de2dc6'), ('0f96a976ce2f4e52bb3631e3ce9a475c', '84f923b5e334498494eda38d8e86ef80', '9a8e5cedcd514af2b37cf5828f509f94', '1', '2016-03-23 02:32:47', 'fa04db9dd2f54d61b0c8202a25de2dc6'), ('1bbb15f6d8284bd9a7bc64956dd06e58', 'db0517b284ae4ecebe4358cb9e9d6295', 'b656d6afbbe844d0a6626d0eb590643f', '1', '2016-05-19 14:27:22', 'fa04db9dd2f54d61b0c8202a25de2dc6'), ('1bcfe11693e3405fad8774dd223a5707', '9fc327f9d0a54c928d490dc38ce8fa49', '98d7e720b8524600844728bcb4f8d518', '1', '2016-05-19 14:27:42', 'fa04db9dd2f54d61b0c8202a25de2dc6'), ('1ce4ef624de4486989153a02b970bc3a', 'cb9dea34a86043be875e1729bd87df32', '2dd9dac74b064ea98f063265b642526d', '1', '2016-05-19 14:27:32', 'fa04db9dd2f54d61b0c8202a25de2dc6'), ('220ebf3cb98e4aa5ae94c9bff1714916', 'db0517b284ae4ecebe4358cb9e9d6295', '715f6cf8d2ce4fa694baf2259327f6b1', '1', '2016-05-19 14:27:22', 'fa04db9dd2f54d61b0c8202a25de2dc6'), ('2486d09ed38e4ebba88cf16bae2bc65f', '84f923b5e334498494eda38d8e86ef80', '9e4cf77815dd49fbac4158c62af3197a', '1', '2016-03-23 02:32:47', 'fa04db9dd2f54d61b0c8202a25de2dc6'), ('24f35d9f5c944a2cbe5152df6aeb5963', 'db0517b284ae4ecebe4358cb9e9d6295', '920fe6ba911148cd810ceca31ad9d54f', '1', '2016-05-19 14:27:22', 'fa04db9dd2f54d61b0c8202a25de2dc6'), ('271703d9917e4fa6b6d5999021bc37b1', '84f923b5e334498494eda38d8e86ef80', '2790bf6cc0b54c36b56c90429c112ab2', '1', '2016-03-23 02:32:47', 'fa04db9dd2f54d61b0c8202a25de2dc6'), ('2bf58bcd60b34807aba13371669cb665', '84f923b5e334498494eda38d8e86ef80', 'ba90369eb83540bab4d9492bc17f0937', '1', '2016-03-23 02:32:47', 'fa04db9dd2f54d61b0c8202a25de2dc6'), ('2ce2ac4ab1b8425f83e6ce7ed047ef33', 'cb9dea34a86043be875e1729bd87df32', '75df10afbf5249f6939a4507e055f055', '1', '2016-05-19 14:27:32', 'fa04db9dd2f54d61b0c8202a25de2dc6'), ('2d546a5234ac4daf912504aa557487a0', '84f923b5e334498494eda38d8e86ef80', '7a6d3674e5204937951d01544e18e3aa', '1', '2016-03-23 02:32:47', 'fa04db9dd2f54d61b0c8202a25de2dc6'), ('2dda088ca3a045f69b42b25e342abf63', '9fc327f9d0a54c928d490dc38ce8fa49', '52bfff4fb4fd41488d5f7c09991e997f', '1', '2016-05-19 14:27:42', 'fa04db9dd2f54d61b0c8202a25de2dc6'), ('335e5f0f821e4293b42270b7c7d7ddb0', '9fc327f9d0a54c928d490dc38ce8fa49', '2dd9dac74b064ea98f063265b642526d', '1', '2016-05-19 14:27:42', 'fa04db9dd2f54d61b0c8202a25de2dc6'), ('34a2b8a342284d0c8e81e2b26cec1dda', 'db0517b284ae4ecebe4358cb9e9d6295', '921b5164722d43698abf970a92c628d1', '1', '2016-05-19 14:27:22', 'fa04db9dd2f54d61b0c8202a25de2dc6'), ('390e1d2b66ac4b5f9ba42e51e1415006', '84f923b5e334498494eda38d8e86ef80', 'f405a849f27d4ddebf7f8a2dfbf30bea', '1', '2016-03-23 02:32:47', 'fa04db9dd2f54d61b0c8202a25de2dc6'), ('3a79eb5cfe2d4e79a4c77af692555305', '84f923b5e334498494eda38d8e86ef80', 'a21b52d911bb44c2978e52bbc523de51', '1', '2016-03-23 02:32:47', 'fa04db9dd2f54d61b0c8202a25de2dc6'), ('3e570a726a554571983f8e70cfe4c511', 'db0517b284ae4ecebe4358cb9e9d6295', '6b500915e65949639acbe8dd9b54adbc', '1', '2016-05-19 14:27:22', 'fa04db9dd2f54d61b0c8202a25de2dc6'), ('3e799489aae5437d98f997e1ef978f18', 'db0517b284ae4ecebe4358cb9e9d6295', 'a4b0e8936806432181f60d53fc18e0a1', '1', '2016-05-19 14:27:22', 'fa04db9dd2f54d61b0c8202a25de2dc6'), ('42f9477b1b2342729d27853e280ed5fa', 'db0517b284ae4ecebe4358cb9e9d6295', 'dc404d3ef1334c5ca18dd217e4f7e2f1', '1', '2016-05-19 14:27:22', 'fa04db9dd2f54d61b0c8202a25de2dc6'), ('43ca9c6089ef44428c1e103fe3f45456', 'db0517b284ae4ecebe4358cb9e9d6295', '3dddb80dc030499c936c2ede4eaa3ab4', '1', '2016-05-19 14:27:21', 'fa04db9dd2f54d61b0c8202a25de2dc6'), ('51214705b3a749f99b6b55ca2e9593dc', 'db0517b284ae4ecebe4358cb9e9d6295', '82b07f82b98046028538e925f66794d1', '1', '2016-05-19 14:27:22', 'fa04db9dd2f54d61b0c8202a25de2dc6'), ('51bf0f517fde4a98b31b989aea132087', '3eee65836a4e4d5a95b4935e04a9bf6c', '2a4c060f44d944ea926fe44522ce7b39', '1', '2016-05-19 08:53:25', 'fa04db9dd2f54d61b0c8202a25de2dc6'), ('5839a2d3d321433098a54e3cca04c4d6', '84f923b5e334498494eda38d8e86ef80', '1906d5a892654e2bb882851e0ea7322f', '1', '2016-03-23 02:32:47', 'fa04db9dd2f54d61b0c8202a25de2dc6'), ('5bb27b3e203c43e28a088e0f2d6cf33e', 'db0517b284ae4ecebe4358cb9e9d6295', '2a4c060f44d944ea926fe44522ce7b39', '1', '2016-05-19 14:27:21', 'fa04db9dd2f54d61b0c8202a25de2dc6'), ('60234d270be64501bad723d4bdbc4f9d', 'db0517b284ae4ecebe4358cb9e9d6295', 'f4768a44bc6a491bbac10d6f9710b8c6', '1', '2016-05-19 14:27:21', 'fa04db9dd2f54d61b0c8202a25de2dc6'), ('6909b8bf39ee4100a4c4958e976985e8', 'db0517b284ae4ecebe4358cb9e9d6295', '65320b914c18453f9ca0a84d3f8a0a7b', '1', '2016-05-19 14:27:22', 'fa04db9dd2f54d61b0c8202a25de2dc6'), ('693c037fab3848fb84372822c9dff565', 'cb9dea34a86043be875e1729bd87df32', '6b500915e65949639acbe8dd9b54adbc', '1', '2016-05-19 14:27:32', 'fa04db9dd2f54d61b0c8202a25de2dc6'), ('69e6336219be4d809e243039ab4523aa', '9fc327f9d0a54c928d490dc38ce8fa49', '3dddb80dc030499c936c2ede4eaa3ab4', '1', '2016-05-19 14:27:42', 'fa04db9dd2f54d61b0c8202a25de2dc6'), ('6c27a9d6735146ad9b154116efd757b8', '84f923b5e334498494eda38d8e86ef80', 'f107450058a2438eb6ad9bf6a4d7e967', '1', '2016-03-23 02:32:47', 'fa04db9dd2f54d61b0c8202a25de2dc6'), ('71c43c3068ca4fc28c9ebc8cd79a4a43', 'db0517b284ae4ecebe4358cb9e9d6295', 'bf530e26480d43b08dd20e31e31274af', '1', '2016-05-19 14:27:22', 'fa04db9dd2f54d61b0c8202a25de2dc6'), ('73232240556d42abab86f1a63304354e', 'cb9dea34a86043be875e1729bd87df32', '3dddb80dc030499c936c2ede4eaa3ab4', '1', '2016-05-19 14:27:32', 'fa04db9dd2f54d61b0c8202a25de2dc6'), ('7484d55043524284bb8dd8d5984c9081', 'db0517b284ae4ecebe4358cb9e9d6295', '75df10afbf5249f6939a4507e055f055', '1', '2016-05-19 14:27:22', 'fa04db9dd2f54d61b0c8202a25de2dc6'), ('75bf2c9a3e904515b9067aeb58fb4fdd', '84f923b5e334498494eda38d8e86ef80', 'b656d6afbbe844d0a6626d0eb590643f', '1', '2016-03-23 02:32:47', 'fa04db9dd2f54d61b0c8202a25de2dc6'), ('77bd0a1ccd614116b13cc2320fe30cda', '84f923b5e334498494eda38d8e86ef80', 'bf530e26480d43b08dd20e31e31274af', '1', '2016-03-23 02:32:47', 'fa04db9dd2f54d61b0c8202a25de2dc6'), ('77d8a94836b24119aebcdd6fc70324da', '9fc327f9d0a54c928d490dc38ce8fa49', '82b07f82b98046028538e925f66794d1', '1', '2016-05-19 14:27:42', 'fa04db9dd2f54d61b0c8202a25de2dc6'), ('784c692cc819474bbbec26ac5cba54e6', '84f923b5e334498494eda38d8e86ef80', '619cb338b278406f8368471034d5946f', '1', '2016-03-23 02:32:47', 'fa04db9dd2f54d61b0c8202a25de2dc6'), ('7c2b2130d71e44c1828df1461fc9903e', 'cb9dea34a86043be875e1729bd87df32', '98d7e720b8524600844728bcb4f8d518', '1', '2016-05-19 14:27:32', 'fa04db9dd2f54d61b0c8202a25de2dc6'), ('7e262d9ecd424de28d2dc7796bb29bad', 'cb9dea34a86043be875e1729bd87df32', '9a68cc97425344cda05e551ae5ae66cb', '1', '2016-05-19 14:27:32', 'fa04db9dd2f54d61b0c8202a25de2dc6'), ('80488d5c34ca4803b46280d1218a73b0', '3eee65836a4e4d5a95b4935e04a9bf6c', 'f4768a44bc6a491bbac10d6f9710b8c6', '1', '2016-05-19 08:53:25', 'fa04db9dd2f54d61b0c8202a25de2dc6'), ('873ea12392844e519cbae489f4db8744', 'cb9dea34a86043be875e1729bd87df32', 'bd0a4ba6764d4d86883cfa7aa513315d', '1', '2016-05-19 14:27:32', 'fa04db9dd2f54d61b0c8202a25de2dc6'), ('88fd14c9fefb488daf28be9080c94d73', '84f923b5e334498494eda38d8e86ef80', '5b9a439743f141729f46a07e8e222a47', '1', '2016-03-23 02:32:47', 'fa04db9dd2f54d61b0c8202a25de2dc6'), ('8c63d15784bc4cdcab64c4e67596568b', 'db0517b284ae4ecebe4358cb9e9d6295', 'a3791f2557354144b58bdcbbfa400e7e', '1', '2016-05-19 14:27:22', 'fa04db9dd2f54d61b0c8202a25de2dc6'), ('945d429916a24f0bbfb6f9f55cb0e776', '9fc327f9d0a54c928d490dc38ce8fa49', 'bd0a4ba6764d4d86883cfa7aa513315d', '1', '2016-05-19 14:27:42', 'fa04db9dd2f54d61b0c8202a25de2dc6'), ('950d91e5479b40b3baafbb4cdb36de04', 'db0517b284ae4ecebe4358cb9e9d6295', '645419cf0e1c4ea6b3b8945e5338ad58', '1', '2016-05-19 14:27:22', 'fa04db9dd2f54d61b0c8202a25de2dc6'), ('9e7d876cd465486a94c8df7e5855a226', '84f923b5e334498494eda38d8e86ef80', '65320b914c18453f9ca0a84d3f8a0a7b', '1', '2016-03-23 02:32:47', 'fa04db9dd2f54d61b0c8202a25de2dc6'), ('9eefec427e864a52baaebde5dfe87402', '9fc327f9d0a54c928d490dc38ce8fa49', '647ebc4423a2409dbc3d1c91d43cdcda', '1', '2016-05-19 14:27:42', 'fa04db9dd2f54d61b0c8202a25de2dc6'), ('a03c228b2cf741c88a68d4d5974e26d1', '9fc327f9d0a54c928d490dc38ce8fa49', '8472acca5a9e47348b7ab3d6ebf261b5', '1', '2016-05-19 14:27:42', 'fa04db9dd2f54d61b0c8202a25de2dc6'), ('a6d628138692486eab05c5e0cb76bf7f', 'cb9dea34a86043be875e1729bd87df32', '82b07f82b98046028538e925f66794d1', '1', '2016-05-19 14:27:32', 'fa04db9dd2f54d61b0c8202a25de2dc6'), ('a86a62045bcd422882ea00c2895016fe', 'cb9dea34a86043be875e1729bd87df32', 'a4b0e8936806432181f60d53fc18e0a1', '1', '2016-05-19 14:27:32', 'fa04db9dd2f54d61b0c8202a25de2dc6'), ('a8804d424d4640ce88ac439fd31f0eb4', 'db0517b284ae4ecebe4358cb9e9d6295', '52bfff4fb4fd41488d5f7c09991e997f', '1', '2016-05-19 14:27:22', 'fa04db9dd2f54d61b0c8202a25de2dc6'), ('a8ee27e30e4741cea60adff17e8f2df4', '9fc327f9d0a54c928d490dc38ce8fa49', '9a68cc97425344cda05e551ae5ae66cb', '1', '2016-05-19 14:27:42', 'fa04db9dd2f54d61b0c8202a25de2dc6'), ('a9bfdc9f68b8480e83304b68e728aab2', '84f923b5e334498494eda38d8e86ef80', 'fd88d0de59024e4db81ead8510b6bd98', '1', '2016-03-23 02:32:47', 'fa04db9dd2f54d61b0c8202a25de2dc6'), ('a9cc960d203c4dedb735b77c6c2e98ef', 'db0517b284ae4ecebe4358cb9e9d6295', 'f81608054a714b60adb0b1ed574c6b6c', '1', '2016-05-19 14:27:22', 'fa04db9dd2f54d61b0c8202a25de2dc6'), ('a9fc257206c243e29ac58a2d35e8c13f', '84f923b5e334498494eda38d8e86ef80', '2a4c060f44d944ea926fe44522ce7b39', '1', '2016-03-23 02:32:47', 'fa04db9dd2f54d61b0c8202a25de2dc6'), ('aeaa0615d8cd4feeacdaf9ab9b0a6fd4', 'cb9dea34a86043be875e1729bd87df32', '920fe6ba911148cd810ceca31ad9d54f', '1', '2016-05-19 14:27:32', 'fa04db9dd2f54d61b0c8202a25de2dc6'), ('b25a6d3f659443f290a107556d75cc5f', 'cb9dea34a86043be875e1729bd87df32', '645419cf0e1c4ea6b3b8945e5338ad58', '1', '2016-05-19 14:27:32', 'fa04db9dd2f54d61b0c8202a25de2dc6'), ('b43b4b15f2374cd8bfe882b141e94d8b', '84f923b5e334498494eda38d8e86ef80', '0b99e9d118b54ee084d9e74bd72cdd1c', '1', '2016-03-23 02:32:47', 'fa04db9dd2f54d61b0c8202a25de2dc6'), ('bd2126707c7b4c00908a994704c741e0', 'cb9dea34a86043be875e1729bd87df32', 'a3791f2557354144b58bdcbbfa400e7e', '1', '2016-05-19 14:27:32', 'fa04db9dd2f54d61b0c8202a25de2dc6'), ('c102c61185e0432bb551745ea22d9700', '84f923b5e334498494eda38d8e86ef80', '81fc0e05049e467d976ec523182421f2', '1', '2016-03-23 02:32:47', 'fa04db9dd2f54d61b0c8202a25de2dc6'), ('c28d9a85f2934a0ca7c04d16e20a031c', 'db0517b284ae4ecebe4358cb9e9d6295', '3b41af04060b414d85a05655b76801a3', '1', '2016-05-19 14:27:22', 'fa04db9dd2f54d61b0c8202a25de2dc6'), ('c5c2913652994b1dacf9ad6c2b2a1c81', '9fc327f9d0a54c928d490dc38ce8fa49', 'f81608054a714b60adb0b1ed574c6b6c', '1', '2016-05-19 14:27:42', 'fa04db9dd2f54d61b0c8202a25de2dc6'), ('c774c855900c41cbb8e431aa6e78c863', 'cb9dea34a86043be875e1729bd87df32', '2a4c060f44d944ea926fe44522ce7b39', '1', '2016-05-19 14:27:32', 'fa04db9dd2f54d61b0c8202a25de2dc6'), ('cf9396d2874941c2be039661637fb3d3', '9fc327f9d0a54c928d490dc38ce8fa49', '2a4c060f44d944ea926fe44522ce7b39', '1', '2016-05-19 14:27:42', 'fa04db9dd2f54d61b0c8202a25de2dc6'), ('d1a975c7b7d54f9cae96eda45b3770e1', 'cb9dea34a86043be875e1729bd87df32', '52bfff4fb4fd41488d5f7c09991e997f', '1', '2016-05-19 14:27:32', 'fa04db9dd2f54d61b0c8202a25de2dc6'), ('d560c034735d497f8796d3a04fe2c409', '9fc327f9d0a54c928d490dc38ce8fa49', 'b656d6afbbe844d0a6626d0eb590643f', '1', '2016-05-19 14:27:42', 'fa04db9dd2f54d61b0c8202a25de2dc6'), ('d779a0d3cd01421c8e7dadeb7ed8999a', '9fc327f9d0a54c928d490dc38ce8fa49', '645419cf0e1c4ea6b3b8945e5338ad58', '1', '2016-05-19 14:27:42', 'fa04db9dd2f54d61b0c8202a25de2dc6'), ('d847f8e4b85e4c7493d90f3315215e4f', '9fc327f9d0a54c928d490dc38ce8fa49', '50d7cd80f5854637a576aa95839488e9', '1', '2016-05-19 14:27:42', 'fa04db9dd2f54d61b0c8202a25de2dc6'), ('d8986d30483d4fccbc9ca73a2d02ecd1', 'db0517b284ae4ecebe4358cb9e9d6295', '1886bf699ec74f79959bdc8ca8e5371a', '1', '2016-05-19 14:27:22', 'fa04db9dd2f54d61b0c8202a25de2dc6'), ('d963ae8247cf4642a0be0fed1f29e01f', 'db0517b284ae4ecebe4358cb9e9d6295', '9a68cc97425344cda05e551ae5ae66cb', '1', '2016-05-19 14:27:22', 'fa04db9dd2f54d61b0c8202a25de2dc6'), ('dbba3e637e2a40788f9879049dbf6f7e', 'db0517b284ae4ecebe4358cb9e9d6295', '8472acca5a9e47348b7ab3d6ebf261b5', '1', '2016-05-19 14:27:22', 'fa04db9dd2f54d61b0c8202a25de2dc6'), ('e2f388c27bd4484aa3e1ba31e2015694', 'db0517b284ae4ecebe4358cb9e9d6295', 'bd0a4ba6764d4d86883cfa7aa513315d', '1', '2016-05-19 14:27:22', 'fa04db9dd2f54d61b0c8202a25de2dc6'), ('e7119468622c4b22b672060e26653a93', '84f923b5e334498494eda38d8e86ef80', '715f6cf8d2ce4fa694baf2259327f6b1', '1', '2016-03-23 02:32:47', 'fa04db9dd2f54d61b0c8202a25de2dc6'), ('e92eb76ccd2b4f47978be188b68c2081', '9fc327f9d0a54c928d490dc38ce8fa49', 'a3791f2557354144b58bdcbbfa400e7e', '1', '2016-05-19 14:27:42', 'fa04db9dd2f54d61b0c8202a25de2dc6'), ('ea2594b1b19a45698ac2ff9b5aa59f48', 'cb9dea34a86043be875e1729bd87df32', '3b41af04060b414d85a05655b76801a3', '1', '2016-05-19 14:27:32', 'fa04db9dd2f54d61b0c8202a25de2dc6'), ('ec5392e974ea4da48a745a61b099a1eb', '84f923b5e334498494eda38d8e86ef80', '1886bf699ec74f79959bdc8ca8e5371a', '1', '2016-03-23 02:32:47', 'fa04db9dd2f54d61b0c8202a25de2dc6'), ('ecc9b853a25c41cda37b637b2849d779', 'cb9dea34a86043be875e1729bd87df32', '8472acca5a9e47348b7ab3d6ebf261b5', '1', '2016-05-19 14:27:32', 'fa04db9dd2f54d61b0c8202a25de2dc6'), ('ed19957898e1403a86df1c4d63ec98ba', '3eee65836a4e4d5a95b4935e04a9bf6c', '3dddb80dc030499c936c2ede4eaa3ab4', '1', '2016-05-19 08:53:25', 'fa04db9dd2f54d61b0c8202a25de2dc6'), ('ee6d97b75dd54231b7fae8dc04b0d896', '9fc327f9d0a54c928d490dc38ce8fa49', '7a6d3674e5204937951d01544e18e3aa', '1', '2016-05-19 14:27:42', 'fa04db9dd2f54d61b0c8202a25de2dc6'), ('ef2ca3c3fcb04fa0a4883636f32abb55', '9fc327f9d0a54c928d490dc38ce8fa49', 'bf530e26480d43b08dd20e31e31274af', '1', '2016-05-19 14:27:42', 'fa04db9dd2f54d61b0c8202a25de2dc6'), ('f04151346df64002bdb5a5af542540b1', '84f923b5e334498494eda38d8e86ef80', '5fb994e71cb14a77891670990d7f554d', '1', '2016-03-23 02:32:47', 'fa04db9dd2f54d61b0c8202a25de2dc6'), ('f1559c0cce8344d2b63b87bb9ac4c342', 'db0517b284ae4ecebe4358cb9e9d6295', '5b9a439743f141729f46a07e8e222a47', '1', '2016-05-19 14:27:22', 'fa04db9dd2f54d61b0c8202a25de2dc6'), ('f1a76db90f7e4881b848dc9bbe4b9864', '84f923b5e334498494eda38d8e86ef80', 'cfc4e4bd367047a29e0d72e688f860a2', '1', '2016-03-23 02:32:47', 'fa04db9dd2f54d61b0c8202a25de2dc6'), ('f2841eaa505d442bb608f79184429bd4', 'cb9dea34a86043be875e1729bd87df32', 'dc404d3ef1334c5ca18dd217e4f7e2f1', '1', '2016-05-19 14:27:32', 'fa04db9dd2f54d61b0c8202a25de2dc6'), ('f3ac8869c46c4ecb9a59f5375f777f55', '9fc327f9d0a54c928d490dc38ce8fa49', 'f4768a44bc6a491bbac10d6f9710b8c6', '1', '2016-05-19 14:27:42', 'fa04db9dd2f54d61b0c8202a25de2dc6'), ('f3c0946492b44acbb328987f382aad29', '84f923b5e334498494eda38d8e86ef80', '524e5f5c3e5b4cdb90611cd8b15ca684', '1', '2016-03-23 02:32:47', 'fa04db9dd2f54d61b0c8202a25de2dc6'), ('f4ab0bb38c6d497ca676093146144473', '84f923b5e334498494eda38d8e86ef80', 'bc3c9877c598404da7e31355a4deebad', '1', '2016-03-23 02:32:47', 'fa04db9dd2f54d61b0c8202a25de2dc6'), ('f636f65c00b5463bb75b043f1dc6ee4f', '84f923b5e334498494eda38d8e86ef80', 'f81608054a714b60adb0b1ed574c6b6c', '1', '2016-03-23 02:32:47', 'fa04db9dd2f54d61b0c8202a25de2dc6'), ('f7c1380d52504ed58b8f6d19d60736d6', 'db0517b284ae4ecebe4358cb9e9d6295', '98d7e720b8524600844728bcb4f8d518', '1', '2016-05-19 14:27:22', 'fa04db9dd2f54d61b0c8202a25de2dc6'), ('ff7ecca1769e4c09b42371e998ea7023', 'db0517b284ae4ecebe4358cb9e9d6295', '7a6d3674e5204937951d01544e18e3aa', '1', '2016-05-19 14:27:22', 'fa04db9dd2f54d61b0c8202a25de2dc6');
COMMIT;

-- ----------------------------
--  Table structure for `aos_sys_module_user`
-- ----------------------------
DROP TABLE IF EXISTS `aos_sys_module_user`;
CREATE TABLE `aos_sys_module_user` (
  `id_` varchar(64) NOT NULL COMMENT '',
  `user_id_` varchar(64) NOT NULL COMMENT ' ',
  `module_id_` varchar(64) NOT NULL COMMENT '',
  `grant_type_` varchar(255) NOT NULL COMMENT '',
  `operate_time_` varchar(255) NOT NULL COMMENT '',
  `operator_id_` varchar(64) NOT NULL COMMENT '',
  PRIMARY KEY (`id_`),
  UNIQUE KEY `aos_sys_module_user_ukey` (`user_id_`,`module_id_`,`grant_type_`)
) ENGINE=InnoDB DEFAULT CHARSET=utf8 ROW_FORMAT=COMPACT COMMENT='-';

-- ----------------------------
--  Records of `aos_sys_module_user`
-- ----------------------------
BEGIN;
INSERT INTO `aos_sys_module_user` VALUES ('c0d40a9f899b463c986a822b4969c7d2', 'c321c891521446bdac49ae2bb29d7a00', '2a4c060f44d944ea926fe44522ce7b39', '1', '2016-03-23 16:14:04', 'fa04db9dd2f54d61b0c8202a25de2dc6'), ('ce73653a710344c69da7b387b149a198', 'c321c891521446bdac49ae2bb29d7a00', 'bd0a4ba6764d4d86883cfa7aa513315d', '1', '2016-03-23 16:14:04', 'fa04db9dd2f54d61b0c8202a25de2dc6'), ('f3b97bd4ae7d457da59c50f8462e21b9', 'c321c891521446bdac49ae2bb29d7a00', '75df10afbf5249f6939a4507e055f055', '1', '2016-03-23 16:14:04', 'fa04db9dd2f54d61b0c8202a25de2dc6');
COMMIT;

-- ----------------------------
--  Table structure for `aos_sys_module_user_nav`
-- ----------------------------
DROP TABLE IF EXISTS `aos_sys_module_user_nav`;
CREATE TABLE `aos_sys_module_user_nav` (
  `id_` varchar(64) NOT NULL COMMENT '',
  `module_id_` varchar(64) NOT NULL COMMENT '',
  `user_id_` varchar(64) NOT NULL COMMENT '',
  `nav_icon_` varchar(255) DEFAULT NULL COMMENT '',
  `type_` varchar(255) NOT NULL COMMENT '',
  `sort_no_` int(10) DEFAULT NULL COMMENT '',
  PRIMARY KEY (`id_`),
  UNIQUE KEY `aos_sys_module_user_nav_ukey` (`module_id_`,`user_id_`,`type_`)
) ENGINE=InnoDB DEFAULT CHARSET=utf8 ROW_FORMAT=COMPACT COMMENT='-(|)';

-- ----------------------------
--  Records of `aos_sys_module_user_nav`
-- ----------------------------
BEGIN;
INSERT INTO `aos_sys_module_user_nav` VALUES ('069b1267b4fe4b9889a949769cb984d8', '98d7e720b8524600844728bcb4f8d518', 'e470153e65ff4acf84ef6bba89290519', null, '1', null), ('0a6bb4844863456ebe7d15df14fc719c', 'dc404d3ef1334c5ca18dd217e4f7e2f1', 'fa04db9dd2f54d61b0c8202a25de2dc6', null, '1', null), ('0dff8bc99dbf4092ab3d9332768bc116', '921b5164722d43698abf970a92c628d1', 'c4db76be7dd94f95b5213b885f919cba', null, '1', null), ('0f37be2ab99f4f05b6d683a1cef4df44', '82b07f82b98046028538e925f66794d1', '5f6b500ffdf642349a1b46203c147ee0', null, '1', null), ('0f8eab3a36ae43beb97a0b39d49830a1', 'bd0a4ba6764d4d86883cfa7aa513315d', '5f6b500ffdf642349a1b46203c147ee0', null, '1', null), ('0f9873c57552450692a4d3ba8f0dd78c', '8472acca5a9e47348b7ab3d6ebf261b5', 'e470153e65ff4acf84ef6bba89290519', null, '1', null), ('13848d731dbf4fe081c70e36a78f61ce', 'a3791f2557354144b58bdcbbfa400e7e', 'c4db76be7dd94f95b5213b885f919cba', null, '1', null), ('217a3a8e9db14937bc669c9c0987a953', '82b07f82b98046028538e925f66794d1', 'fa04db9dd2f54d61b0c8202a25de2dc6', null, '1', null), ('246e98a5e8db4fd49b08b6f8cf64bb19', 'bd0a4ba6764d4d86883cfa7aa513315d', 'fa04db9dd2f54d61b0c8202a25de2dc6', null, '1', null), ('28bf9f66ef914ccaa550b447164ff6de', '52bfff4fb4fd41488d5f7c09991e997f', 'c4db76be7dd94f95b5213b885f919cba', null, '1', null), ('363037cd4bd44ae39331085fd6f731eb', '7e6951e668be44b39fb9f9fd20b21315', 'fa04db9dd2f54d61b0c8202a25de2dc6', null, '1', null), ('371b4b1cb69649cd980753cbdcf89a0e', 'f4768a44bc6a491bbac10d6f9710b8c6', 'c4db76be7dd94f95b5213b885f919cba', null, '1', null), ('3c90885b19ae4787bf2b0bcd7e5df400', '645419cf0e1c4ea6b3b8945e5338ad58', 'c4db76be7dd94f95b5213b885f919cba', null, '1', null), ('3e02a05e55e4453f8ebdfc77c9ae9d7d', 'a59d840e88594f7b87b3f96d227d6707', 'fa04db9dd2f54d61b0c8202a25de2dc6', null, '1', null), ('528d6e76b8334fcc901cf4849c690b87', '6b500915e65949639acbe8dd9b54adbc', 'c4db76be7dd94f95b5213b885f919cba', null, '1', null), ('53b89a5dc9ba4e57ac286a988261ec3d', '9a68cc97425344cda05e551ae5ae66cb', 'e470153e65ff4acf84ef6bba89290519', null, '1', null), ('5ac9d58ebbec491aab0e05d053fabb21', '2a4c060f44d944ea926fe44522ce7b39', 'fa04db9dd2f54d61b0c8202a25de2dc6', null, '1', null), ('664086bde26547a291d92888c51e14bd', '52bfff4fb4fd41488d5f7c09991e997f', '5f6b500ffdf642349a1b46203c147ee0', null, '1', null), ('70d1d88d8db1470dadc092515f7e694a', 'c416f519d2b74cb39e0c4ace13e168d6', 'fa04db9dd2f54d61b0c8202a25de2dc6', null, '1', null), ('7269da5e43014b98bb268ac0ae0d3b7f', '647ebc4423a2409dbc3d1c91d43cdcda', '5f6b500ffdf642349a1b46203c147ee0', null, '1', null), ('7532d48a4ae34b578a5eec24ef15e5a3', '920fe6ba911148cd810ceca31ad9d54f', 'c4db76be7dd94f95b5213b885f919cba', null, '1', null), ('7b1de12af9a54da49904ce0e01f7e2ba', '647ebc4423a2409dbc3d1c91d43cdcda', 'fa04db9dd2f54d61b0c8202a25de2dc6', null, '1', null), ('7b621fd8a57f43dcadfb70dd8bfd2551', '98d7e720b8524600844728bcb4f8d518', 'c4db76be7dd94f95b5213b885f919cba', null, '1', null), ('7c71fc53be2142f2958d56317b67bc11', 'dc404d3ef1334c5ca18dd217e4f7e2f1', 'c4db76be7dd94f95b5213b885f919cba', null, '1', null), ('7ea0e1eb288f48f5a3faba7e8871e8e0', '82b07f82b98046028538e925f66794d1', 'c4db76be7dd94f95b5213b885f919cba', null, '1', null), ('8012b2caa81941a1813b89cb654633ce', 'bf530e26480d43b08dd20e31e31274af', 'c4db76be7dd94f95b5213b885f919cba', null, '1', null), ('80f45368327c4c03ae00461416bb0778', '75df10afbf5249f6939a4507e055f055', 'c4db76be7dd94f95b5213b885f919cba', null, '1', null), ('83d730c404884959b78e72f3e44d0d7a', '2a4c060f44d944ea926fe44522ce7b39', 'e470153e65ff4acf84ef6bba89290519', null, '1', null), ('89483e66a8e04855af7ef7b4d12f1727', '6e10c86d1885434e80e6dfa0953e307d', 'fa04db9dd2f54d61b0c8202a25de2dc6', null, '1', null), ('8af365d1ea364a209fbca7a76999e739', '56fcae7c948043e3a6ba6f9ab56aaccd', 'fa04db9dd2f54d61b0c8202a25de2dc6', null, '1', null), ('8d8a9ef7b00d4d2fb118b72fac02b2bc', '50d7cd80f5854637a576aa95839488e9', 'fa04db9dd2f54d61b0c8202a25de2dc6', null, '1', null), ('9fe8f9751dee41f98c9e05ddf163de8a', 'a3791f2557354144b58bdcbbfa400e7e', 'e470153e65ff4acf84ef6bba89290519', null, '1', null), ('a751f19211e14def9004dd4ab677809f', '50d7cd80f5854637a576aa95839488e9', '5f6b500ffdf642349a1b46203c147ee0', null, '1', null), ('aa5097d864e048d5b048164664a10974', '2dd9dac74b064ea98f063265b642526d', 'e470153e65ff4acf84ef6bba89290519', null, '1', null), ('aa62bb86d729433aa8e46e6e0d99826d', 'b656d6afbbe844d0a6626d0eb590643f', 'c4db76be7dd94f95b5213b885f919cba', null, '1', null), ('b4087f644bcb4d1899871967ce8aaefa', '3dddb80dc030499c936c2ede4eaa3ab4', 'c4db76be7dd94f95b5213b885f919cba', null, '1', null), ('b8e9c7e041d547168031186209197988', '52bfff4fb4fd41488d5f7c09991e997f', 'e470153e65ff4acf84ef6bba89290519', null, '1', null), ('baafea8c21f948059b950b9740e1af99', '52bfff4fb4fd41488d5f7c09991e997f', 'fa04db9dd2f54d61b0c8202a25de2dc6', null, '1', null), ('c0b448cb672c4c0caa7829f6f184d46f', '33baf8c9948b47cfa54cd8d7a5e1753d', 'fa04db9dd2f54d61b0c8202a25de2dc6', null, '1', null), ('c6dd25d7244b49ceb13297e3b0b20e06', '7a6d3674e5204937951d01544e18e3aa', 'fa04db9dd2f54d61b0c8202a25de2dc6', null, '1', null), ('c81c3c41339a4d3399911763ee9fa159', '2a4c060f44d944ea926fe44522ce7b39', 'c4db76be7dd94f95b5213b885f919cba', null, '1', null), ('ce0b78a3f86a4a498ed01846c82f5b6f', '75df10afbf5249f6939a4507e055f055', 'fa04db9dd2f54d61b0c8202a25de2dc6', null, '1', null), ('d64cc506351a4851b7b9244df3d68bfe', 'a4b0e8936806432181f60d53fc18e0a1', 'c4db76be7dd94f95b5213b885f919cba', null, '1', null), ('d84744efa4134ae4a3842d0363ee217b', '9a68cc97425344cda05e551ae5ae66cb', 'c4db76be7dd94f95b5213b885f919cba', null, '1', null), ('d91d8a7c77af40df8082b0fb1c4e9f59', '2a4c060f44d944ea926fe44522ce7b39', '5f6b500ffdf642349a1b46203c147ee0', null, '1', null), ('e073c08dc14f4bc19d253b6b67671180', 'dd2882255a2047c99e911ccd53d47bc5', 'fa04db9dd2f54d61b0c8202a25de2dc6', null, '1', null), ('e539a5ff42b545d6b4ca28766acccc71', '3b41af04060b414d85a05655b76801a3', 'c4db76be7dd94f95b5213b885f919cba', null, '1', null), ('e6a87cab16e1411891d6fdd57abc3cb0', '8472acca5a9e47348b7ab3d6ebf261b5', 'c4db76be7dd94f95b5213b885f919cba', null, '1', null), ('e8f49a48882847be946c3d94959364ad', '645419cf0e1c4ea6b3b8945e5338ad58', 'fa04db9dd2f54d61b0c8202a25de2dc6', null, '1', null), ('f1edd73234e44eada4400e2330cc797a', 'bd0a4ba6764d4d86883cfa7aa513315d', 'c4db76be7dd94f95b5213b885f919cba', null, '1', null), ('f5ef82d9920b4636950af8b2d04da3f8', '0b99e9d118b54ee084d9e74bd72cdd1c', 'fa04db9dd2f54d61b0c8202a25de2dc6', null, '1', null), ('f6424fa67d454ff6b53671d58834842c', '921b5164722d43698abf970a92c628d1', 'fa04db9dd2f54d61b0c8202a25de2dc6', null, '1', null), ('f948ea0c8b414f1a81015c8a68914949', '645419cf0e1c4ea6b3b8945e5338ad58', '5f6b500ffdf642349a1b46203c147ee0', null, '1', null), ('fa6d10cad0a54669be0add2df5c791bf', '7a6d3674e5204937951d01544e18e3aa', 'c4db76be7dd94f95b5213b885f919cba', null, '1', null), ('fb181460ba7e488a8ad3a92fa54d2518', '2dd9dac74b064ea98f063265b642526d', 'c4db76be7dd94f95b5213b885f919cba', null, '1', null), ('fb60d51c305144089ba35d7c168fde91', 'f405a849f27d4ddebf7f8a2dfbf30bea', 'fa04db9dd2f54d61b0c8202a25de2dc6', null, '1', null), ('fceaed23db6a429591f51abb7d215355', '65320b914c18453f9ca0a84d3f8a0a7b', 'c4db76be7dd94f95b5213b885f919cba', null, '1', null), ('fd6de83e1e2b4b4f911da9dd0fe1f023', '6b500915e65949639acbe8dd9b54adbc', 'fa04db9dd2f54d61b0c8202a25de2dc6', null, '1', null);
COMMIT;

-- ----------------------------
--  Table structure for `aos_sys_page`
-- ----------------------------
DROP TABLE IF EXISTS `aos_sys_page`;
CREATE TABLE `aos_sys_page` (
  `id_` varchar(64) NOT NULL COMMENT '',
  `module_id_` varchar(64) NOT NULL COMMENT 'ID',
  `name_` varchar(255) DEFAULT NULL COMMENT '',
  `url_` varchar(255) DEFAULT NULL COMMENT 'URL',
  `type_` varchar(255) NOT NULL COMMENT '',
  `enabled_` varchar(255) NOT NULL COMMENT '',
  `is_default_` varchar(255) NOT NULL DEFAULT '0' COMMENT '',
  `icon_` varchar(255) DEFAULT NULL COMMENT '',
  `icon_big_` varchar(255) DEFAULT NULL COMMENT '',
  `vector_` varchar(255) DEFAULT NULL COMMENT '',
  `sort_no_` int(10) DEFAULT '0' COMMENT '',
  PRIMARY KEY (`id_`)
) ENGINE=InnoDB DEFAULT CHARSET=utf8 ROW_FORMAT=COMPACT COMMENT='';

-- ----------------------------
--  Records of `aos_sys_page`
-- ----------------------------
BEGIN;
INSERT INTO `aos_sys_page` VALUES ('19041a2cb7264838b48288ce9b0b8e80', '1906d5a892654e2bb882851e0ea7322f', '[64X64]', 'initIconList.jhtml?type_=2', '2', '1', '0', 'picture.png', null, null, '2'), ('9e30077a6bb043cc8db8c8d4b5fa5c91', '1906d5a892654e2bb882851e0ea7322f', '[16X16]', 'initIconList.jhtml?type_=1', '2', '1', '1', 'pictures.png', null, null, '1'), ('bcb82c68976d4527a8f1c8bdbb8b4a04', '1906d5a892654e2bb882851e0ea7322f', '', 'initIconList.jhtml?type_=3', '2', '1', '0', 'vector.png', null, null, '4'), ('c47935773e9443dd9a6ceecb69982ac2', '4d3cfce7b9b146d2bc8482ec477517aa', '', 'initMyNav.jhtml', '2', '1', '0', 'org.png', '', '', '4'), ('c8548f73784d42989363712729a320e0', '1906d5a892654e2bb882851e0ea7322f', '', null, '4', '1', '0', null, null, null, '3'), ('cacc4fcdc5454f1ebab63b00e4bf56cc', '4d3cfce7b9b146d2bc8482ec477517aa', '', 'initMyInfo.jhtml', '2', '1', '1', 'icon_19.png', '', '', '1'), ('d45aefac856942d484441481cd142212', '4d3cfce7b9b146d2bc8482ec477517aa', '', '', '2', '1', '0', 'icon75.png', '', '', '6'), ('dd3d77605b824ca18357222128aebc5b', '4d3cfce7b9b146d2bc8482ec477517aa', '', null, '4', '1', '0', null, null, null, '5');
COMMIT;

-- ----------------------------
--  Table structure for `aos_sys_param`
-- ----------------------------
DROP TABLE IF EXISTS `aos_sys_param`;
CREATE TABLE `aos_sys_param` (
  `id_` varchar(64) NOT NULL COMMENT '',
  `key_` varchar(255) NOT NULL COMMENT '',
  `value_` varchar(255) DEFAULT NULL COMMENT '',
  `catalog_id_` varchar(64) NOT NULL COMMENT '',
  `catalog_cascade_id_` varchar(255) NOT NULL COMMENT 'ID',
  `name_` varchar(255) NOT NULL COMMENT '',
  `is_overwrite_` varchar(255) NOT NULL COMMENT '',
  `overwrite_field_` varchar(255) DEFAULT NULL COMMENT '',
  `remark_` varchar(4000) DEFAULT NULL COMMENT '',
  PRIMARY KEY (`id_`),
  UNIQUE KEY `aos_sys_param_ukey` (`key_`)
) ENGINE=InnoDB DEFAULT CHARSET=utf8 ROW_FORMAT=COMPACT COMMENT='';

-- ----------------------------
--  Records of `aos_sys_param`
-- ----------------------------
BEGIN;
INSERT INTO `aos_sys_param` VALUES ('0dabca413781404b9cbfaae3881fc5a6', 'app_ico', '/static/icon/ico/aos2.ico', 'f22f39171b484d81a604d3eb50b33584', '0.001.002.002', '', '0', null, ''), ('19ad8d57d72b4ecf98ad133ebb6492bd', 'page_load_gif_', 'wheel.gif', 'f22f39171b484d81a604d3eb50b33584', '0.001.002.002', '', '0', '', 'run.gifwheel.gifpath/static/image/gif/pageload'), ('1bd1c0a5849d4a30b3f1eb2761b2865d', 'show_login_win_head_', 'true', 'f22f39171b484d81a604d3eb50b33584', '0.001.002.002', '', '0', '', '(Ext)falsetrue|false'), ('1cc1a1bee27f44389e7e64a89d9ccc76', 'msgtarget_', 'qtip', 'f22f39171b484d81a604d3eb50b33584', '0.001.002.002', '', '0', null, ' (1)qtip (2)title title (3)under div(4)side '), ('1f2adf3aa726447e9728a3f67b718b41', 'vercode_show_', '0', '6f94ef4ac17d4d098f91f0a4579f8591', '0.001.002.001', '', '0', '', '0() | 1()'), ('2e45751d623f48389e12bfb7c3891597', 'treenode_cursor_', 'pointer', 'f22f39171b484d81a604d3eb50b33584', '0.001.002.002', '', '0', '', 'pointerCsscursordefault | pointer | auto'), ('376a372433634af4b6d2d558f1959f5b', 'role_grant_mode_', '1', '01afa7f4bb4d4189a4817ade7b5c1b8d', '0.001.002.003', '', '0', null, '()1|212'), ('3ff54d336e57461d8cd708a8bad8bc36', 'combobox_emptytext', '...', 'f22f39171b484d81a604d3eb50b33584', '0.001.002.002', '', '0', null, null), ('43fb125bed224cbbaf2390df1041c3b0', 'dev_account_', 'root', '01afa7f4bb4d4189a4817ade7b5c1b8d', '0.001.002.003', '', '0', '', ''), ('47bd798e93314882af7244ba1ae9fbc8', 'vercode_characters_', 'abcdetx2345678', '6f94ef4ac17d4d098f91f0a4579f8591', '0.001.002.001', '', '0', '', ''), ('53267cbf8e9f4fc490798054fbe85c7e', 'copyright_', '2016 Realaicy', '4018f65de18043c899b5e21ce7328df7', '0.001.002', '', '0', '', ''), ('58099059c3004213ae0977d4ed5551f5', 'prevent_rightclick_', 'false', '01afa7f4bb4d4189a4817ade7b5c1b8d', '0.001.002.003', '', '0', null, 'true|falsetrue'), ('6032c7e953994a718f6072c956906538', 'app_title_', '', '4018f65de18043c899b5e21ce7328df7', '0.001.002', '', '0', '', ''), ('714d370fa7f54b01ae9a006806c60135', 'is_show_top_nav_', 'true', 'a072411787f545edb7e7c3c23fa6c0ff', '0.001.002.004', '', '1', 'is_show_top_nav_', '(1,2)true| false'), ('7290d8299cba41dc9e23323a0db22a95', 'json_format', '1', 'f22f39171b484d81a604d3eb50b33584', '0.001.002.002', 'JSON', '0', '', ' json01'), ('74d65234606c4f448eb06d6a07a6c138', 'user_head_catalog_id_', '613', '01afa7f4bb4d4189a4817ade7b5c1b8d', '0.001.002.003', 'ID', '0', null, 'IDID'), ('757f555c0d734539baa70e8a1788cc62', 'is_show_statusbar_', 'true', 'f22f39171b484d81a604d3eb50b33584', '0.001.002.002', '', '0', '', 'true|false'), ('7882ac5560ef4a04993279dfc24b6f23', 'user_obj_del_mode_', 'update', '01afa7f4bb4d4189a4817ade7b5c1b8d', '0.001.002.003', '', '0', null, 'deleteupdate'), ('7bc3899d2fc24e4b804e6f763c3d6b36', 'dev_account_login_', '1', '01afa7f4bb4d4189a4817ade7b5c1b8d', '0.001.002.003', '', '0', null, ',[]1 | 0'), ('7e4d320f454843739f40476dcbcdc91a', 'run_mode_', '0', '01afa7f4bb4d4189a4817ade7b5c1b8d', '0.001.002.003', '', '0', '', '012'), ('873c2cb1dde54b308211e8a2bc6edbb5', 'theme_', 'classic', 'f22f39171b484d81a604d3eb50b33584', '0.001.002.002', '', '1', 'theme_', 'classicclassic'), ('9cb03933f61e4c68a58e50873ac38fbd', 'page_load_msg_', ', ...', 'f22f39171b484d81a604d3eb50b33584', '0.001.002.002', '', '0', null, null), ('a19b559ab8804f5887867df4151ad631', 'page_size_', '50', 'f22f39171b484d81a604d3eb50b33584', '0.001.002.002', '', '0', null, 'JSP'), ('a1ad9c90f524467180bceecd1f02b8b8', 'nav_mode_', '1', 'a072411787f545edb7e7c3c23fa6c0ff', '0.001.002.004', '', '1', 'nav_mode_', '12(2)'), ('a843396066db4e77a7b9ed7ae4cdda37', 'login_page_', 'login.ext.jsp', '01afa7f4bb4d4189a4817ade7b5c1b8d', '0.001.002.003', '', '0', '', 'Ext'), ('ad9cb685144c4e36b19b31e53190221a', 'skin_', 'blue', 'f22f39171b484d81a604d3eb50b33584', '0.001.002.002', '', '1', 'skin_', 'blue|gray|neptune|aosblue'), ('b07b8e2cc1284d14b9e680a5cac0722a', 'app_name_', '', '4018f65de18043c899b5e21ce7328df7', '0.001.002', '', '0', '', ''), ('be82f58309a24ee397d3a24631e48405', 'vercode_length_', '4', '6f94ef4ac17d4d098f91f0a4579f8591', '0.001.002.001', '', '0', '', ''), ('bf26e19236654718a6aa369f3e4b4bf7', 'coder_project_rootpath_', '0', '01afa7f4bb4d4189a4817ade7b5c1b8d', '0.001.002.003', '', '0', '', '0'), ('c744b99660c74302b7a3ae5834a7b6eb', 'grid_column_algin_', 'left', 'f22f39171b484d81a604d3eb50b33584', '0.001.002.002', '', '0', '', 'left|center|right'), ('d2a8d045aa7e44ef93f0735a4c486bc6', 'nav_tab_index_', '0', 'a072411787f545edb7e7c3c23fa6c0ff', '0.001.002.004', '', '1', 'nav_tab_index_', '0'), ('d3b33d5dee5b46738f9525b8977d7673', 'login_back_img_', '-1', 'f22f39171b484d81a604d3eb50b33584', '0.001.002.002', '', '0', '', '0.jpg1.jpg2.jpg-1'), ('eeb66260a2c141b2a0bb06bb41d7803b', 'navbar_btn_style_', 'tight', 'a072411787f545edb7e7c3c23fa6c0ff', '0.001.002.004', '', '1', 'navbar_btn_style_', 'tightstandalone'), ('f18649a182a946a693b36f817374cb1c', 'welcome_page_title_', '', 'f22f39171b484d81a604d3eb50b33584', '0.001.002.002', '', '0', null, 'Tab\"\"'), ('fcf73fa9129649a08ebb41e1ec8b5340', 'layout_', 'tab', 'f22f39171b484d81a604d3eb50b33584', '0.001.002.002', 'Center', '1', 'layout_', '(center)tab|pagetabtabpage1'), ('fdd95913b7e54e3ca6be9557484159f5', 'tab_focus_color_', '#0099FF', 'f22f39171b484d81a604d3eb50b33584', '0.001.002.002', 'Tab', '1', 'tab_focus_color_', 'Tab');
COMMIT;

-- ----------------------------
--  Table structure for `jc_common_tree`
-- ----------------------------
DROP TABLE IF EXISTS `jc_common_tree`;
CREATE TABLE `jc_common_tree` (
  `id` bigint(64) unsigned NOT NULL AUTO_INCREMENT COMMENT '',
  `RES_TYPE` smallint(255) unsigned NOT NULL DEFAULT '1' COMMENT '',
  `CASCADE_ID` varchar(255) NOT NULL COMMENT 'ID',
  `PID` bigint(64) unsigned DEFAULT NULL COMMENT '',
  `NAME` varchar(255) NOT NULL COMMENT '',
  `URI` varchar(512) DEFAULT NULL COMMENT 'URLmo',
  `HOTKEY` varchar(255) DEFAULT NULL COMMENT '',
  `RES_ICON` varchar(255) DEFAULT '0' COMMENT '',
  `RES_WEIGHT` int(10) unsigned DEFAULT '0' COMMENT '',
  `IS_SHOW` bit(1) DEFAULT NULL,
  `IS_FOLDER` varchar(255) DEFAULT '1' COMMENT '',
  `IS_AUTO_EXPAND` varchar(255) DEFAULT '0' COMMENT '',
  `STATUS` smallint(255) DEFAULT '1' COMMENT '',
  `IDENTITY` varchar(255) DEFAULT NULL COMMENT '',
  `CREATETIME` datetime NOT NULL COMMENT '',
  `CREATERID` bigint(64) unsigned NOT NULL COMMENT 'ID',
  `UPDATETIME` datetime NOT NULL,
  `UPDATERID` bigint(64) unsigned NOT NULL,
  `CUSTOM_CODE` varchar(4000) DEFAULT NULL COMMENT '',
  PRIMARY KEY (`id`)
) ENGINE=InnoDB AUTO_INCREMENT=18 DEFAULT CHARSET=utf8 ROW_FORMAT=COMPACT COMMENT='';

-- ----------------------------
--  Records of `jc_common_tree`
-- ----------------------------
BEGIN;
INSERT INTO `jc_common_tree` VALUES ('1', '1', '1', '0', '', null, null, null, null, b'1', '1', '1', '1', '', '2016-07-07 10:34:50', '1', '2016-07-07 10:34:50', '1', ''), ('2', '1', '1.001', '1', 'SOP', null, null, null, '1000', b'1', '1', '1', '1', '', '2016-07-07 10:45:23', '1', '2016-07-07 10:45:23', '1', ''), ('3', '1', '1.002', '1', '', null, null, null, '3000', b'1', '1', '1', '1', '', '2016-07-07 14:24:05', '1', '2016-07-07 14:24:05', '1', ''), ('4', '1', '1.003', '1', '', null, null, '0', '2000', b'1', '1', '1', '1', null, '2016-07-19 15:52:21', '1', '2016-07-19 15:52:26', '1', null), ('5', '1', '1.004', '1', '', '', '', '0', '4000', b'1', '1', '1', '1', '', '2016-07-19 15:55:06', '1', '2016-07-19 15:55:13', '1', ''), ('6', '1', '1.002.0000001', '3', 'Real_1', null, null, '0', '1000', b'1', '0', '0', '1', 'test', '2016-07-19 15:56:23', '1', '2016-07-19 15:56:25', '1', null), ('7', '1', '1.002.0000002', '3', 'Real_Tue Jul 19 16:00:53 CST 2016', null, null, null, '3000', b'1', '0', '0', '1', 'test', '2016-07-19 16:00:53', '3', '2016-07-19 16:00:53', '3', ''), ('8', '1', '1.002.0000003', '3', 'Real_Tue Jul 19 16:01:06 CST 2016', null, null, null, '2000', b'1', '0', '0', '1', 'test', '2016-07-19 16:01:06', '3', '2016-07-19 16:01:06', '3', ''), ('9', '1', '1.005', '1', '111111', null, null, '0', '999', b'1', '1', '0', '1', null, '2016-07-19 16:32:18', '1', '2016-07-19 16:32:21', '1', null), ('10', '1', '1.005.001', '9', '2', null, null, null, '1000', b'0', '1', '1', '1', '', '2016-07-19 16:35:35', '9', '2016-07-19 16:35:35', '9', ''), ('11', '1', '1.005.001.001', '10', '3', null, null, null, '1000', b'0', '1', '1', '1', '', '2016-07-19 16:37:25', '10', '2016-07-19 16:37:25', '10', ''), ('12', '1', '1.005.001.001.001', '11', '4', null, null, null, '1000', b'0', '1', '1', '1', '', '2016-07-19 16:39:44', '11', '2016-07-19 16:39:44', '11', ''), ('13', '1', '1.005.001.001.001.0000001', '12', '1', null, null, null, '1000', b'0', '0', '1', '1', '', '2016-07-19 16:50:52', '12', '2016-07-19 16:50:52', '12', ''), ('14', '1', '1.005.001.001.001.0000001', '10', '3_002', null, null, null, '1000', b'0', '1', '1', '1', '', '2016-07-20 01:08:00', '1', '2016-07-20 01:08:00', '1', ''), ('15', '1', '1.005.001.001.001.0000001', '10', '3_003', null, null, null, '1000', b'0', '1', '1', '1', '', '2016-07-20 01:13:42', '1', '2016-07-20 01:13:42', '1', ''), ('16', '1', '1.005.001.001.001.0000001', '12', '5', null, null, null, '1000', b'0', '1', '1', '1', '', '2016-07-20 01:14:02', '1', '2016-07-20 01:14:02', '1', ''), ('17', '1', '0', '0', '', null, null, '0', '0', null, '1', '0', '1', null, '2016-07-19 16:14:19', '1', '2016-07-19 16:14:21', '1', null);
COMMIT;

-- ----------------------------
--  Table structure for `jc_m_audit_checkdoc`
-- ----------------------------
DROP TABLE IF EXISTS `jc_m_audit_checkdoc`;
CREATE TABLE `jc_m_audit_checkdoc` (
  `ID` bigint(64) unsigned NOT NULL AUTO_INCREMENT COMMENT ' ',
  `F_DELETED` bit(1) DEFAULT b'0',
  `NAME` varchar(255) NOT NULL COMMENT '',
  `CREATETIME` timestamp NULL DEFAULT CURRENT_TIMESTAMP ON UPDATE CURRENT_TIMESTAMP COMMENT '',
  `CREATERID` bigint(64) DEFAULT NULL COMMENT 'ID',
  `UPDATETIME` datetime DEFAULT NULL,
  `UPDATERID` bigint(64) DEFAULT NULL,
  `ORGID` bigint(64) DEFAULT NULL,
  `CUSTOM_CODE` varchar(4000) DEFAULT NULL,
  `STATUS` tinyint(255) DEFAULT NULL,
  `TYPE` bigint(64) DEFAULT NULL,
  PRIMARY KEY (`ID`)
) ENGINE=InnoDB AUTO_INCREMENT=16 DEFAULT CHARSET=utf8 ROW_FORMAT=COMPACT COMMENT='';

-- ----------------------------
--  Records of `jc_m_audit_checkdoc`
-- ----------------------------
BEGIN;
INSERT INTO `jc_m_audit_checkdoc` VALUES ('1', b'0', '', '2016-10-26 15:55:48', null, null, null, null, null, null, null), ('2', b'0', '', '2016-10-26 15:58:23', null, null, null, null, null, null, null), ('3', b'0', '', '2016-10-26 15:58:48', null, null, null, null, null, null, null), ('4', b'0', '', '2016-10-26 15:59:43', null, null, null, null, null, null, null), ('5', b'0', '', '2016-10-26 15:59:51', null, null, null, null, null, null, null), ('6', b'0', 'CRF', '2016-10-26 16:00:17', null, null, null, null, null, null, null), ('7', b'0', '', '2016-10-26 16:00:27', null, null, null, null, null, null, null), ('8', b'0', '', '2016-10-26 16:00:36', null, null, null, null, null, null, null), ('9', b'0', '', '2016-10-26 16:00:42', null, null, null, null, null, null, null), ('10', b'0', '', '2016-10-26 16:00:52', null, null, null, null, null, null, null), ('11', b'0', '', '2016-10-26 16:01:09', null, null, null, null, null, null, null), ('12', b'0', '', '2016-10-26 16:02:38', null, null, null, null, null, null, null), ('13', b'0', '', '2016-10-26 16:03:17', null, null, null, null, null, null, null), ('14', b'0', '', '2016-10-26 16:03:40', null, null, null, null, null, null, null), ('15', b'0', '/', '2016-10-26 16:03:55', null, null, null, null, null, null, null);
COMMIT;

-- ----------------------------
--  Table structure for `jc_m_audit_checkitem`
-- ----------------------------
DROP TABLE IF EXISTS `jc_m_audit_checkitem`;
CREATE TABLE `jc_m_audit_checkitem` (
  `id` bigint(64) unsigned NOT NULL AUTO_INCREMENT COMMENT '',
  `RES_TYPE` smallint(255) unsigned NOT NULL DEFAULT '1' COMMENT '',
  `CASCADE_ID` varchar(255) NOT NULL COMMENT 'ID',
  `PID` bigint(64) unsigned DEFAULT NULL COMMENT '',
  `RES_WEIGHT` int(10) unsigned DEFAULT '1000' COMMENT '',
  `NAME` varchar(255) NOT NULL COMMENT '',
  `HOTKEY` varchar(255) DEFAULT NULL COMMENT '',
  `RES_ICON` varchar(255) DEFAULT '0' COMMENT '',
  `IS_SHOW` bit(1) DEFAULT NULL,
  `ORGID` bigint(64) DEFAULT NULL,
  `IS_FOLDER` bit(1) DEFAULT b'1' COMMENT '',
  `IS_AUTO_EXPAND` bit(1) DEFAULT b'0' COMMENT '',
  `STATUS` smallint(255) DEFAULT '1' COMMENT '',
  `IDENTITY` varchar(255) DEFAULT NULL COMMENT '',
  `CREATETIME` datetime NOT NULL DEFAULT CURRENT_TIMESTAMP COMMENT '',
  `CREATERID` bigint(64) unsigned NOT NULL COMMENT 'ID',
  `UPDATETIME` datetime NOT NULL DEFAULT CURRENT_TIMESTAMP,
  `UPDATERID` bigint(64) unsigned NOT NULL,
  `CUSTOM_CODE` varchar(4000) DEFAULT NULL COMMENT '',
  `F_DELETED` bit(1) DEFAULT b'0',
  `RES_ICON_EXT` varchar(255) DEFAULT NULL,
  PRIMARY KEY (`id`),
  KEY `PID` (`PID`)
) ENGINE=InnoDB AUTO_INCREMENT=235 DEFAULT CHARSET=utf8 ROW_FORMAT=COMPACT COMMENT='';

-- ----------------------------
--  Records of `jc_m_audit_checkitem`
-- ----------------------------
BEGIN;
INSERT INTO `jc_m_audit_checkitem` VALUES ('1', '1', '0', '1', '100', '', null, '0', null, null, b'1', b'0', '1', null, '2016-10-25 14:26:10', '0', '2016-10-25 14:26:10', '0', null, b'0', null), ('2', '1', '1', '1', '100', 'ROOT', null, '0', null, null, b'1', b'0', '1', null, '2016-10-25 14:26:46', '0', '2016-10-25 14:26:46', '0', null, b'0', null), ('3', '1', '1.001', '2', '100', '', null, '0', null, null, b'1', b'0', '1', null, '2016-10-25 14:28:47', '0', '2016-10-25 14:28:47', '0', null, b'0', null), ('4', '1', '1.001.001', '3', '100', '', null, '0', null, null, b'1', b'0', '1', null, '2016-10-25 14:29:33', '0', '2016-10-25 14:29:33', '0', null, b'0', null), ('5', '2', '1.001.001.0001', '4', '100', '', null, '0', null, null, b'1', b'0', '1', null, '2016-10-25 14:30:52', '0', '2016-10-25 14:30:52', '0', null, b'0', null), ('7', '3', '1.001.001.0001.0001', '5', '100', '', null, '0', null, null, b'0', b'0', '1', null, '2016-10-25 14:36:02', '0', '2016-10-26 11:21:22', '6', null, b'0', null), ('8', '3', '1.001.001.0001.0002', '5', '200', '', null, '0', null, null, b'0', b'0', '1', null, '2016-10-25 14:36:02', '0', '2016-10-25 14:36:02', '0', null, b'0', null), ('9', '3', '1.001.001.0001.0003', '5', '300', '', null, '0', null, null, b'0', b'0', '1', null, '2016-10-25 14:36:02', '0', '2016-10-25 14:36:02', '0', null, b'0', null), ('10', '3', '1.001.001.0001.0004', '5', '400', '', null, '0', null, null, b'0', b'0', '1', null, '2016-10-25 14:36:02', '0', '2016-10-25 14:36:02', '0', null, b'0', null), ('11', '3', '1.001.001.0001.0005', '5', '500', '', null, '0', null, null, b'0', b'0', '1', null, '2016-10-25 14:36:02', '0', '2016-10-25 14:36:02', '0', null, b'0', null), ('12', '2', '1.001.001.0002', '4', '200', '', null, '0', null, null, b'1', b'0', '1', null, '2016-10-25 14:36:02', '0', '2016-10-25 14:36:02', '0', null, b'0', null), ('13', '3', '1.001.001.0002.0001', '12', '100', '', null, '0', null, null, b'0', b'0', '1', null, '2016-10-25 14:36:02', '0', '2016-10-25 14:36:02', '0', null, b'0', null), ('14', '3', '1.001.001.0002.0002', '12', '200', '', null, '0', null, null, b'0', b'0', '1', null, '2016-10-25 14:36:02', '0', '2016-10-25 14:36:02', '0', null, b'0', null), ('15', '3', '1.001.001.0002.0003', '12', '300', 'CRF', null, '0', null, null, b'0', b'0', '1', null, '2016-10-25 14:36:02', '0', '2016-10-25 14:36:02', '0', null, b'0', null), ('16', '3', '1.001.001.0002.0004', '12', '400', 'CRF', null, '0', null, null, b'0', b'0', '1', null, '2016-10-25 14:36:02', '0', '2016-10-25 14:36:02', '0', null, b'0', null), ('17', '3', '1.001.001.0002.0005', '12', '500', 'CRF(AE)//', null, '0', null, null, b'0', b'0', '1', null, '2016-10-25 14:36:02', '0', '2016-10-25 14:36:02', '0', null, b'0', null), ('18', '2', '1.001.001.0003', '4', '300', '', null, '0', null, null, b'1', b'0', '1', null, '2016-10-25 14:36:02', '0', '2016-10-25 14:36:02', '0', null, b'0', null), ('19', '3', '1.001.001.0003.0001', '18', '100', '', null, '0', null, null, b'0', b'0', '1', null, '2016-10-25 14:36:02', '0', '2016-10-25 14:36:02', '0', null, b'0', null), ('20', '3', '1.001.001.0003.0002', '18', '200', 'CRF', null, '0', null, null, b'0', b'0', '1', null, '2016-10-25 14:36:02', '0', '2016-10-25 14:36:02', '0', null, b'0', null), ('21', '3', '1.001.001.0003.0003', '18', '300', '', null, '0', null, null, b'0', b'0', '1', null, '2016-10-25 14:36:02', '0', '2016-10-25 14:36:02', '0', null, b'0', null), ('22', '2', '1.001.001.0004', '4', '400', 'SAE', null, '0', null, null, b'1', b'0', '1', null, '2016-10-25 14:36:02', '0', '2016-10-25 14:36:02', '0', null, b'0', null), ('23', '3', '1.001.001.0004.0001', '22', '100', 'CRF/', null, '0', null, null, b'0', b'0', '1', null, '2016-10-25 14:36:02', '0', '2016-10-25 14:36:02', '0', null, b'0', null), ('24', '3', '1.001.001.0004.0002', '22', '200', 'CRF/', null, '0', null, null, b'0', b'0', '1', null, '2016-10-25 14:36:02', '0', '2016-10-25 14:36:02', '0', null, b'0', null), ('25', '3', '1.001.001.0004.0003', '22', '300', 'CRFSAE/', null, '0', null, null, b'0', b'0', '1', null, '2016-10-25 14:36:02', '0', '2016-10-25 14:36:02', '0', null, b'0', null), ('26', '2', '1.001.001.0005', '4', '500', '', null, '0', null, null, b'1', b'0', '1', null, '2016-10-25 14:36:02', '0', '2016-10-25 14:36:02', '0', null, b'0', null), ('27', '3', '1.001.001.0005.0001', '26', '100', '', null, '0', null, null, b'0', b'0', '1', null, '2016-10-25 14:36:02', '0', '2016-10-25 14:36:02', '0', null, b'0', null), ('28', '3', '1.001.001.0005.0002', '26', '200', 'CRF', null, '0', null, null, b'0', b'0', '1', null, '2016-10-25 14:36:02', '0', '2016-10-25 14:36:02', '0', null, b'0', null), ('29', '2', '1.001.001.0006', '4', '600', '', null, '0', null, null, b'1', b'0', '1', null, '2016-10-25 14:36:02', '0', '2016-10-25 14:36:02', '0', null, b'0', null), ('30', '3', '1.001.001.0006.0001', '29', '100', '', null, '0', null, null, b'0', b'0', '1', null, '2016-10-25 14:36:02', '0', '2016-10-25 14:36:02', '0', null, b'0', null), ('31', '3', '1.001.001.0006.0002', '29', '200', '', null, '0', null, null, b'0', b'0', '1', null, '2016-10-25 14:36:02', '0', '2016-10-25 14:36:02', '0', null, b'0', null), ('32', '3', '1.001.001.0006.0003', '29', '300', 'CRF', null, '0', null, null, b'0', b'0', '1', null, '2016-10-25 14:36:02', '0', '2016-10-25 14:36:02', '0', null, b'0', null), ('33', '3', '1.001.001.0006.0004', '29', '400', '', null, '0', null, null, b'0', b'0', '1', null, '2016-10-25 14:36:02', '0', '2016-10-25 14:36:02', '0', null, b'0', null), ('34', '3', '1.001.001.0006.0005', '29', '500', '', null, '0', null, null, b'0', b'0', '1', null, '2016-10-25 14:36:02', '0', '2016-10-25 14:36:02', '0', null, b'0', null), ('35', '2', '1.001.001.0007', '4', '700', '', null, '0', null, null, b'1', b'0', '1', null, '2016-10-25 14:36:02', '0', '2016-10-25 14:36:02', '0', null, b'0', null), ('36', '3', '1.001.001.0007.0001', '35', '100', '', null, '0', null, null, b'0', b'0', '1', null, '2016-10-25 14:36:02', '0', '2016-10-25 14:36:02', '0', null, b'0', null), ('37', '3', '1.001.001.0007.0002', '35', '200', '//', null, '0', null, null, b'0', b'0', '1', null, '2016-10-25 14:36:02', '0', '2016-10-25 14:36:02', '0', null, b'0', null), ('38', '3', '1.001.001.0007.0003', '35', '300', '', null, '0', null, null, b'0', b'0', '1', null, '2016-10-25 14:36:02', '0', '2016-10-25 14:36:02', '0', null, b'0', null), ('39', '3', '1.001.001.0007.0004', '35', '400', '/UPS', null, '0', null, null, b'0', b'0', '1', null, '2016-10-25 14:36:02', '0', '2016-10-25 14:36:02', '0', null, b'0', null), ('40', '3', '1.001.001.0007.0005', '35', '500', '', null, '0', null, null, b'0', b'0', '1', null, '2016-10-25 14:36:02', '0', '2016-10-25 14:36:02', '0', null, b'0', null), ('41', '3', '1.001.001.0007.0006', '35', '600', '2-8', null, '0', null, null, b'0', b'0', '1', null, '2016-10-25 14:36:02', '0', '2016-10-25 14:36:02', '0', null, b'0', null), ('42', '3', '1.001.001.0007.0007', '35', '700', '/20', null, '0', null, null, b'0', b'0', '1', null, '2016-10-25 14:36:02', '0', '2016-10-25 14:36:02', '0', null, b'0', null), ('43', '3', '1.001.001.0007.0008', '35', '800', '/24', null, '0', null, null, b'0', b'0', '1', null, '2016-10-25 14:36:02', '0', '2016-10-25 14:36:02', '0', null, b'0', null), ('44', '2', '1.001.001.0008', '4', '800', '', null, '0', null, null, b'1', b'0', '1', null, '2016-10-25 14:36:02', '0', '2016-10-25 14:36:02', '0', null, b'0', null), ('45', '3', '1.001.001.0008.0001', '44', '100', 'GCP5', null, '0', null, null, b'0', b'0', '1', null, '2016-10-25 14:36:02', '0', '2016-10-25 14:36:02', '0', null, b'0', null), ('46', '3', '1.001.001.0008.0002', '44', '200', '', null, '0', null, null, b'0', b'0', '1', null, '2016-10-25 14:36:02', '0', '2016-10-25 14:36:02', '0', null, b'0', null), ('47', '3', '1.001.001.0008.0003', '44', '300', '', null, '0', null, null, b'0', b'0', '1', null, '2016-10-25 14:36:02', '0', '2016-10-25 14:36:02', '0', null, b'0', null), ('48', '3', '1.001.001.0008.0004', '44', '400', '', null, '0', null, null, b'0', b'0', '1', null, '2016-10-25 14:36:02', '0', '2016-10-25 14:36:02', '0', null, b'0', null), ('49', '3', '1.001.001.0008.0005', '44', '500', 'PI', null, '0', null, null, b'0', b'0', '1', null, '2016-10-25 14:36:02', '0', '2016-10-25 14:36:02', '0', null, b'0', null), ('50', '3', '1.001.001.0008.0006', '44', '600', '', null, '0', null, null, b'0', b'0', '1', null, '2016-10-25 14:36:02', '0', '2016-10-25 14:36:02', '0', null, b'0', null), ('51', '2', '1.001.001.0009', '4', '900', '', null, '0', null, null, b'1', b'0', '1', null, '2016-10-25 14:36:02', '0', '2016-10-25 14:36:02', '0', null, b'0', null), ('52', '3', '1.001.001.0009.0001', '51', '100', 'SOP', null, '0', null, null, b'0', b'0', '1', null, '2016-10-25 14:36:02', '0', '2016-10-25 14:36:02', '0', null, b'0', null), ('53', '2', '1.001.001.0010', '4', '1000', '', null, '0', null, null, b'1', b'0', '1', null, '2016-10-25 14:36:02', '0', '2016-10-25 14:36:02', '0', null, b'0', null), ('54', '3', '1.001.001.0010.0001', '53', '100', ' /', null, '0', null, null, b'0', b'0', '1', null, '2016-10-25 14:36:02', '0', '2016-10-25 14:36:02', '0', null, b'0', null), ('55', '3', '1.001.001.0010.0002', '53', '200', 'cFDA', null, '0', null, null, b'0', b'0', '1', null, '2016-10-25 14:36:02', '0', '2016-10-25 14:36:02', '0', null, b'0', null), ('56', '3', '1.001.001.0010.0003', '53', '300', 'GMP', null, '0', null, null, b'0', b'0', '1', null, '2016-10-25 14:36:02', '0', '2016-10-25 14:36:02', '0', null, b'0', null), ('57', '3', '1.001.001.0010.0004', '53', '400', '', null, '0', null, null, b'0', b'0', '1', null, '2016-10-25 14:36:02', '0', '2016-10-25 14:36:02', '0', null, b'0', null), ('58', '3', '1.001.001.0010.0005', '53', '500', '', null, '0', null, null, b'0', b'0', '1', null, '2016-10-25 14:36:02', '0', '2016-10-25 14:36:02', '0', null, b'0', null), ('59', '3', '1.001.001.0010.0006', '53', '600', '', null, '0', null, null, b'0', b'0', '1', null, '2016-10-25 14:36:02', '0', '2016-10-25 14:36:02', '0', null, b'0', null), ('60', '3', '1.001.001.0010.0007', '53', '700', '/////', null, '0', null, null, b'0', b'0', '1', null, '2016-10-25 14:36:02', '0', '2016-10-25 14:36:02', '0', null, b'0', null), ('61', '3', '1.001.001.0010.0008', '53', '800', '/', null, '0', null, null, b'0', b'0', '1', null, '2016-10-25 14:36:02', '0', '2016-10-25 14:36:02', '0', null, b'0', null), ('62', '3', '1.001.001.0010.0009', '53', '900', 'GMP', null, '0', null, null, b'0', b'0', '1', null, '2016-10-25 14:36:02', '0', '2016-10-25 14:36:02', '0', null, b'0', null), ('63', '3', '1.001.001.0010.0010', '53', '1000', '', null, '0', null, null, b'0', b'0', '1', null, '2016-10-25 14:36:02', '0', '2016-10-25 14:36:02', '0', null, b'0', null), ('64', '3', '1.001.001.0010.0011', '53', '1100', '/', null, '0', null, null, b'0', b'0', '1', null, '2016-10-25 14:36:02', '0', '2016-10-25 14:36:02', '0', null, b'0', null), ('65', '3', '1.001.001.0010.0012', '53', '1200', '', null, '0', null, null, b'0', b'0', '1', null, '2016-10-25 14:36:02', '0', '2016-10-25 14:36:02', '0', null, b'0', null), ('66', '3', '1.001.001.0010.0013', '53', '1300', '', null, '0', null, null, b'0', b'0', '1', null, '2016-10-25 14:36:02', '0', '2016-10-25 14:36:02', '0', null, b'0', null), ('67', '3', '1.001.001.0010.0014', '53', '1400', '/', null, '0', null, null, b'0', b'0', '1', null, '2016-10-25 14:36:02', '0', '2016-10-25 14:36:02', '0', null, b'0', null), ('68', '3', '1.001.001.0010.0015', '53', '1500', '/', null, '0', null, null, b'0', b'0', '1', null, '2016-10-25 14:36:02', '0', '2016-10-25 14:36:02', '0', null, b'0', null), ('69', '3', '1.001.001.0010.0016', '53', '1600', '/CRC//', null, '0', null, null, b'0', b'0', '1', null, '2016-10-25 14:36:02', '0', '2016-10-25 14:36:02', '0', null, b'0', null), ('70', '3', '1.001.001.0010.0017', '53', '1700', '', null, '0', null, null, b'0', b'0', '1', null, '2016-10-25 14:36:02', '0', '2016-10-25 14:36:02', '0', null, b'0', null), ('71', '3', '1.001.001.0010.0018', '53', '1800', '', null, '0', null, null, b'0', b'0', '1', null, '2016-10-25 14:36:02', '0', '2016-10-25 14:36:02', '0', null, b'0', null), ('72', '3', '1.001.001.0010.0019', '53', '1900', '', null, '0', null, null, b'0', b'0', '1', null, '2016-10-25 14:36:02', '0', '2016-10-25 14:36:02', '0', null, b'0', null), ('73', '3', '1.001.001.0010.0020', '53', '2000', '', null, '0', null, null, b'0', b'0', '1', null, '2016-10-25 14:36:02', '0', '2016-10-25 14:36:02', '0', null, b'0', null), ('74', '3', '1.001.001.0010.0021', '53', '2100', '', null, '0', null, null, b'0', b'0', '1', null, '2016-10-25 14:36:02', '0', '2016-10-25 14:36:02', '0', null, b'0', null), ('75', '3', '1.001.001.0010.0022', '53', '2200', 'AESAE//', null, '0', null, null, b'0', b'0', '1', null, '2016-10-25 14:36:02', '0', '2016-10-25 14:36:02', '0', null, b'0', null), ('76', '3', '1.001.001.0010.0023', '53', '2300', '', null, '0', null, null, b'0', b'0', '1', null, '2016-10-25 14:36:02', '0', '2016-10-25 14:36:02', '0', null, b'0', null), ('77', '3', '1.001.001.0010.0024', '53', '2400', '', null, '0', null, null, b'0', b'0', '1', null, '2016-10-25 14:36:02', '0', '2016-10-25 14:36:02', '0', null, b'0', null), ('78', '3', '1.001.001.0010.0025', '53', '2500', '', null, '0', null, null, b'0', b'0', '1', null, '2016-10-25 14:36:02', '0', '2016-10-25 14:36:02', '0', null, b'0', null), ('79', '3', '1.001.001.0010.0026', '53', '2600', '', null, '0', null, null, b'0', b'0', '1', null, '2016-10-25 14:36:02', '0', '2016-10-25 14:36:02', '0', null, b'0', null), ('80', '3', '1.001.001.0010.0027', '53', '2700', '', null, '0', null, null, b'0', b'0', '1', null, '2016-10-25 14:36:02', '0', '2016-10-25 14:36:02', '0', null, b'0', null), ('81', '3', '1.001.001.0010.0028', '53', '2800', '', null, '0', null, null, b'0', b'0', '1', null, '2016-10-25 14:36:02', '0', '2016-10-25 14:36:02', '0', null, b'0', null), ('82', '3', '1.001.001.0010.0029', '53', '2900', '', null, '0', null, null, b'0', b'0', '1', null, '2016-10-25 14:36:02', '0', '2016-10-25 14:36:02', '0', null, b'0', null), ('83', '3', '1.001.001.0010.0030', '53', '3000', '/CRO', null, '0', null, null, b'0', b'0', '1', null, '2016-10-25 14:36:02', '0', '2016-10-25 14:36:02', '0', null, b'0', null), ('84', '3', '1.001.001.0010.0031', '53', '3100', '', null, '0', null, null, b'0', b'0', '1', null, '2016-10-25 14:36:02', '0', '2016-10-25 14:36:02', '0', null, b'0', null), ('85', '2', '1.001.001.0011', '4', '1100', '', null, '0', null, null, b'1', b'0', '1', null, '2016-10-25 14:36:02', '0', '2016-10-25 14:36:02', '0', null, b'0', null), ('86', '3', '1.001.001.0011.0001', '85', '100', '', null, '0', null, null, b'0', b'0', '1', null, '2016-10-25 14:36:02', '0', '2016-10-25 14:36:02', '0', null, b'0', null), ('87', '3', '1.001.001.0011.0002', '85', '200', '', null, '0', null, null, b'0', b'0', '1', null, '2016-10-25 14:36:02', '0', '2016-10-25 14:36:02', '0', null, b'0', null), ('88', '3', '1.001.001.0011.0003', '85', '300', '', null, '0', null, null, b'0', b'0', '1', null, '2016-10-25 14:36:02', '0', '2016-10-25 14:36:02', '0', null, b'0', null), ('89', '2', '1.001.001.0012', '4', '1200', '', null, '0', null, null, b'1', b'0', '1', null, '2016-10-25 14:36:02', '0', '2016-10-25 14:36:02', '0', null, b'0', null), ('90', '3', '1.001.001.0012.0001', '89', '100', '', null, '0', null, null, b'0', b'0', '1', null, '2016-10-25 14:36:02', '0', '2016-10-25 14:36:02', '0', null, b'0', null), ('91', '3', '1.001.001.0012.0002', '89', '200', 'CFDA', null, '0', null, null, b'0', b'0', '1', null, '2016-10-25 14:36:02', '0', '2016-10-25 14:36:02', '0', null, b'0', null), ('92', '3', '1.001.001.0012.0003', '89', '300', '', null, '0', null, null, b'0', b'0', '1', null, '2016-10-25 14:36:02', '0', '2016-10-25 14:36:02', '0', null, b'0', null), ('93', '3', '1.001.001.0012.0004', '89', '400', '', null, '0', null, null, b'0', b'0', '1', null, '2016-10-25 14:36:02', '0', '2016-10-25 14:36:02', '0', null, b'0', null), ('94', '3', '1.001.001.0012.0005', '89', '500', '', null, '0', null, null, b'0', b'0', '1', null, '2016-10-25 14:36:02', '0', '2016-10-25 14:36:02', '0', null, b'0', null), ('95', '3', '1.001.001.0012.0006', '89', '600', '', null, '0', null, null, b'0', b'0', '1', null, '2016-10-25 14:36:02', '0', '2016-10-25 14:36:02', '0', null, b'0', null), ('96', '3', '1.001.001.0012.0007', '89', '700', '', null, '0', null, null, b'0', b'0', '1', null, '2016-10-25 14:36:02', '0', '2016-10-25 14:36:02', '0', null, b'0', null), ('97', '2', '1.001.001.0013', '4', '1300', '', null, '0', null, null, b'1', b'0', '1', null, '2016-10-25 14:36:02', '0', '2016-10-25 14:36:02', '0', null, b'0', null), ('98', '3', '1.001.001.0013.0001', '97', '100', '', null, '0', null, null, b'0', b'0', '1', null, '2016-10-25 14:36:02', '0', '2016-10-25 14:36:02', '0', null, b'0', null), ('99', '3', '1.001.001.0013.0002', '97', '200', '', null, '0', null, null, b'0', b'0', '1', null, '2016-10-25 14:36:02', '0', '2016-10-25 14:36:02', '0', null, b'0', null), ('100', '3', '1.001.001.0013.0003', '97', '300', '', null, '0', null, null, b'0', b'0', '1', null, '2016-10-25 14:36:02', '0', '2016-10-25 14:36:02', '0', null, b'0', null), ('101', '2', '1.001.001.0014', '4', '1400', '', null, '0', null, null, b'1', b'0', '1', null, '2016-10-25 14:36:02', '0', '2016-10-25 14:36:02', '0', null, b'0', null), ('102', '3', '1.001.001.0014.0001', '101', '100', '', null, '0', null, null, b'0', b'0', '1', null, '2016-10-25 14:36:02', '0', '2016-10-25 14:36:02', '0', null, b'0', null), ('103', '3', '1.001.001.0014.0002', '101', '200', '', null, '0', null, null, b'0', b'0', '1', null, '2016-10-25 14:36:02', '0', '2016-10-25 14:36:02', '0', null, b'0', null), ('104', '3', '1.001.001.0014.0003', '101', '300', '', null, '0', null, null, b'0', b'0', '1', null, '2016-10-25 14:36:02', '0', '2016-10-25 14:36:02', '0', null, b'0', null), ('105', '3', '1.001.001.0014.0004', '101', '400', '', null, '0', null, null, b'0', b'0', '1', null, '2016-10-25 14:36:02', '0', '2016-10-25 14:36:02', '0', null, b'0', null), ('106', '3', '1.001.001.0014.0005', '101', '500', '', null, '0', null, null, b'0', b'0', '1', null, '2016-10-25 14:36:02', '0', '2016-10-25 14:36:02', '0', null, b'0', null), ('107', '3', '1.001.001.0014.0006', '101', '600', '', null, '0', null, null, b'0', b'0', '1', null, '2016-10-25 14:36:02', '0', '2016-10-25 14:36:02', '0', null, b'0', null), ('108', '3', '1.001.001.0014.0007', '101', '700', '', null, '0', null, null, b'0', b'0', '1', null, '2016-10-25 14:36:02', '0', '2016-10-25 14:36:02', '0', null, b'0', null), ('109', '3', '1.001.001.0014.0008', '101', '800', '', null, '0', null, null, b'0', b'0', '1', null, '2016-10-25 14:36:02', '0', '2016-10-25 14:36:02', '0', null, b'0', null), ('110', '3', '1.001.001.0014.0009', '101', '900', '', null, '0', null, null, b'0', b'0', '1', null, '2016-10-25 14:36:02', '0', '2016-10-25 14:36:02', '0', null, b'0', null), ('111', '3', '1.001.001.0014.0010', '101', '1000', '', null, '0', null, null, b'0', b'0', '1', null, '2016-10-25 14:36:02', '0', '2016-10-25 14:36:02', '0', null, b'0', null), ('112', '3', '1.001.001.0014.0011', '101', '1100', '', null, '0', null, null, b'0', b'0', '1', null, '2016-10-25 14:36:02', '0', '2016-10-25 14:36:02', '0', null, b'0', null), ('113', '3', '1.001.001.0014.0012', '101', '1200', '', null, '0', null, null, b'0', b'0', '1', null, '2016-10-25 14:36:02', '0', '2016-10-25 14:36:02', '0', null, b'0', null), ('114', '2', '1.001.001.0015', '4', '1500', '', null, '0', null, null, b'1', b'0', '1', null, '2016-10-25 14:36:02', '0', '2016-10-25 14:36:02', '0', null, b'0', null), ('115', '3', '1.001.001.0015.0001', '114', '100', '', null, '0', null, null, b'0', b'0', '1', null, '2016-10-25 14:36:02', '0', '2016-10-25 14:36:02', '0', null, b'0', null), ('116', '3', '1.001.001.0015.0002', '114', '200', '', null, '0', null, null, b'0', b'0', '1', null, '2016-10-25 14:36:02', '0', '2016-10-25 14:36:02', '0', null, b'0', null), ('117', '3', '1.001.001.0015.0003', '114', '300', '', null, '0', null, null, b'0', b'0', '1', null, '2016-10-25 14:36:02', '0', '2016-10-25 14:36:02', '0', null, b'0', null), ('118', '3', '1.001.001.0015.0004', '114', '400', '', null, '0', null, null, b'0', b'0', '1', null, '2016-10-25 14:36:02', '0', '2016-10-25 14:36:02', '0', null, b'0', null), ('119', '3', '1.001.001.0015.0005', '114', '500', '', null, '0', null, null, b'0', b'0', '1', null, '2016-10-25 14:36:02', '0', '2016-10-25 14:36:02', '0', null, b'0', null), ('120', '3', '1.001.001.0015.0006', '114', '600', '', null, '0', null, null, b'0', b'0', '1', null, '2016-10-25 14:36:02', '0', '2016-10-25 14:36:02', '0', null, b'0', null), ('121', '3', '1.001.001.0015.0007', '114', '700', 'GCP', null, '0', null, null, b'0', b'0', '1', null, '2016-10-25 14:36:02', '0', '2016-10-25 14:36:02', '0', null, b'0', null), ('122', '3', '1.001.001.0015.0008', '114', '800', '', null, '0', null, null, b'0', b'0', '1', null, '2016-10-25 14:36:02', '0', '2016-10-25 14:36:02', '0', null, b'0', null), ('123', '2', '1.001.001.0016', '4', '1600', '', null, '0', null, null, b'1', b'0', '1', null, '2016-10-25 14:36:02', '0', '2016-10-25 14:36:02', '0', null, b'0', null), ('124', '3', '1.001.001.0016.0001', '123', '100', '', null, '0', null, null, b'0', b'0', '1', null, '2016-10-25 14:36:02', '0', '2016-10-25 14:36:02', '0', null, b'0', null), ('125', '3', '1.001.001.0016.0002', '123', '200', '', null, '0', null, null, b'0', b'0', '1', null, '2016-10-25 14:36:02', '0', '2016-10-25 14:36:02', '0', null, b'0', null), ('126', '2', '1.001.001.0017', '4', '1700', '', null, '0', null, null, b'1', b'0', '1', null, '2016-10-25 14:36:02', '0', '2016-10-25 14:36:02', '0', null, b'0', null), ('127', '3', '1.001.001.0017.0001', '126', '100', '', null, '0', null, null, b'0', b'0', '1', null, '2016-10-25 14:36:02', '0', '2016-10-25 14:36:02', '0', null, b'0', null), ('128', '3', '1.001.001.0017.0002', '126', '200', '', null, '0', null, null, b'0', b'0', '1', null, '2016-10-25 14:36:02', '0', '2016-10-25 14:36:02', '0', null, b'0', null), ('129', '3', '1.001.001.0017.0003', '126', '300', '', null, '0', null, null, b'0', b'0', '1', null, '2016-10-25 14:36:02', '0', '2016-10-25 14:36:02', '0', null, b'0', null), ('130', '3', '1.001.001.0017.0004', '126', '400', '', null, '0', null, null, b'0', b'0', '1', null, '2016-10-25 14:36:02', '0', '2016-10-25 14:36:02', '0', null, b'0', null), ('131', '3', '1.001.001.0017.0005', '126', '500', '', null, '0', null, null, b'0', b'0', '1', null, '2016-10-25 14:36:02', '0', '2016-10-25 14:36:02', '0', null, b'0', null), ('132', '3', '1.001.001.0017.0006', '126', '600', '', null, '0', null, null, b'0', b'0', '1', null, '2016-10-25 14:36:02', '0', '2016-10-25 14:36:02', '0', null, b'0', null), ('133', '3', '1.001.001.0017.0007', '126', '700', 'CCR', null, '0', null, null, b'0', b'0', '1', null, '2016-10-25 14:36:02', '0', '2016-10-25 14:36:02', '0', null, b'0', null), ('134', '3', '1.001.001.0017.0008', '126', '800', '', null, '0', null, null, b'0', b'0', '1', null, '2016-10-25 14:36:02', '0', '2016-10-25 14:36:02', '0', null, b'0', null), ('135', '3', '1.001.001.0017.0009', '126', '900', 'CRF', null, '0', null, null, b'0', b'0', '1', null, '2016-10-25 14:36:02', '0', '2016-10-25 14:36:02', '0', null, b'0', null), ('136', '3', '1.001.001.0017.0010', '126', '1000', 'ICF', null, '0', null, null, b'0', b'0', '1', null, '2016-10-25 14:36:02', '0', '2016-10-25 14:36:02', '0', null, b'0', null), ('137', '3', '1.001.001.0017.0011', '126', '1100', '', null, '0', null, null, b'0', b'0', '1', null, '2016-10-25 14:36:02', '0', '2016-10-25 14:36:02', '0', null, b'0', null), ('138', '2', '1.001.001.0018', '4', '1800', '', null, '0', null, null, b'1', b'0', '1', null, '2016-10-25 14:36:02', '0', '2016-10-25 14:36:02', '0', null, b'0', null), ('139', '3', '1.001.001.0018.0001', '138', '100', 'CRA', null, '0', null, null, b'0', b'0', '1', null, '2016-10-25 14:36:02', '0', '2016-10-25 14:36:02', '0', null, b'0', null), ('140', '2', '1.001.001.0019', '4', '1900', '', null, '0', null, null, b'1', b'0', '1', null, '2016-10-25 14:36:02', '0', '2016-10-25 14:36:02', '0', null, b'0', null), ('141', '3', '1.001.001.0019.0001', '140', '100', '', null, '0', null, null, b'0', b'0', '1', null, '2016-10-25 14:36:02', '0', '2016-10-25 14:36:02', '0', null, b'0', null), ('142', '3', '1.001.001.0019.0002', '140', '200', '', null, '0', null, null, b'0', b'0', '1', null, '2016-10-25 14:36:02', '0', '2016-10-25 14:36:02', '0', null, b'0', null), ('143', '3', '1.001.001.0019.0003', '140', '300', '', null, '0', null, null, b'0', b'0', '1', null, '2016-10-25 14:36:02', '0', '2016-10-25 14:36:02', '0', null, b'0', null), ('144', '3', '1.001.001.0019.0004', '140', '400', '', null, '0', null, null, b'0', b'0', '1', null, '2016-10-25 14:36:02', '0', '2016-10-25 14:36:02', '0', null, b'0', null), ('145', '3', '1.001.001.0019.0005', '140', '500', '', null, '0', null, null, b'0', b'0', '1', null, '2016-10-25 14:36:02', '0', '2016-10-25 14:36:02', '0', null, b'0', null), ('146', '3', '1.001.001.0019.0006', '140', '600', '', null, '0', null, null, b'0', b'0', '1', null, '2016-10-25 14:36:02', '0', '2016-10-25 14:36:02', '0', null, b'0', null), ('147', '2', '1.001.001.0020', '4', '2000', '', null, '0', null, null, b'1', b'0', '1', null, '2016-10-25 14:36:02', '0', '2016-10-25 14:36:02', '0', null, b'0', null), ('148', '3', '1.001.001.0020.0001', '147', '100', 'SAE', null, '0', null, null, b'0', b'0', '1', null, '2016-10-25 14:36:02', '0', '2016-10-25 14:36:02', '0', null, b'0', null), ('149', '3', '1.001.001.0020.0002', '147', '100', '', null, '0', null, null, b'0', b'0', '1', null, '2016-10-25 14:36:02', '0', '2016-10-25 14:36:02', '0', null, b'0', null), ('150', '3', '1.001.001.0020.0003', '147', '100', 'AE', null, '0', null, null, b'0', b'0', '1', null, '2016-10-25 14:36:02', '0', '2016-10-25 14:36:02', '0', null, b'0', null), ('151', '2', '1.001.001.0021', '4', '2100', '', null, '0', null, null, b'1', b'0', '1', null, '2016-10-25 14:36:02', '0', '2016-10-25 14:36:02', '0', null, b'0', null), ('152', '3', '1.001.001.0021.0001', '151', '100', '', null, '0', null, null, b'0', b'0', '1', null, '2016-10-25 14:36:02', '0', '2016-10-25 14:36:02', '0', null, b'0', null), ('153', '3', '1.001.001.0021.0002', '151', '200', '', null, '0', null, null, b'0', b'0', '1', null, '2016-10-25 14:36:02', '0', '2016-10-25 14:36:02', '0', null, b'0', null), ('154', '3', '1.001.001.0021.0003', '151', '300', '', null, '0', null, null, b'0', b'0', '1', null, '2016-10-25 14:36:02', '0', '2016-10-25 14:36:02', '0', null, b'0', null), ('155', '3', '1.001.001.0021.0004', '151', '400', 'GMP', null, '0', null, null, b'0', b'0', '1', null, '2016-10-25 14:36:02', '0', '2016-10-25 14:36:02', '0', null, b'0', null), ('156', '2', '1.001.001.0022', '4', '2200', '', null, '0', null, null, b'1', b'0', '1', null, '2016-10-25 14:36:02', '0', '2016-10-25 14:36:02', '0', null, b'0', null), ('157', '3', '1.001.001.0022.0001', '156', '100', '', null, '0', null, null, b'0', b'0', '1', null, '2016-10-25 14:36:02', '0', '2016-10-25 14:36:02', '0', null, b'0', null), ('158', '3', '1.001.001.0022.0002', '156', '200', 'CRC', null, '0', null, null, b'0', b'0', '1', null, '2016-10-25 14:36:02', '0', '2016-10-25 14:36:02', '0', null, b'0', null), ('159', '2', '1.001.001.0023', '4', '2300', '', null, '0', null, null, b'1', b'0', '1', null, '2016-10-25 14:36:02', '0', '2016-10-25 14:36:02', '0', null, b'0', null), ('160', '3', '1.001.001.0023.0001', '159', '100', '', null, '0', null, null, b'0', b'0', '1', null, '2016-10-25 14:36:02', '0', '2016-10-25 14:36:02', '0', null, b'0', null), ('161', '3', '1.001.001.0023.0002', '159', '200', '', null, '0', null, null, b'0', b'0', '1', null, '2016-10-25 14:36:02', '0', '2016-10-25 14:36:02', '0', null, b'0', null), ('162', '3', '1.001.001.0023.0003', '159', '300', '', null, '0', null, null, b'0', b'0', '1', null, '2016-10-25 14:36:02', '0', '2016-10-25 14:36:02', '0', null, b'0', null), ('163', '3', '1.001.001.0023.0004', '159', '400', '', null, '0', null, null, b'0', b'0', '1', null, '2016-10-25 14:36:02', '0', '2016-10-25 14:36:02', '0', null, b'0', null), ('164', '3', '1.001.001.0023.0005', '159', '500', '', null, '0', null, null, b'0', b'0', '1', null, '2016-10-25 14:36:02', '0', '2016-10-25 14:36:02', '0', null, b'0', null), ('165', '3', '1.001.001.0023.0006', '159', '600', '', null, '0', null, null, b'0', b'0', '1', null, '2016-10-25 14:36:02', '0', '2016-10-25 14:36:02', '0', null, b'0', null), ('166', '3', '1.001.001.0023.0007', '159', '700', '', null, '0', null, null, b'0', b'0', '1', null, '2016-10-25 14:36:02', '0', '2016-10-25 14:36:02', '0', null, b'0', null), ('167', '3', '1.001.001.0023.0008', '159', '800', '', null, '0', null, null, b'0', b'0', '1', null, '2016-10-25 14:36:02', '0', '2016-10-25 14:36:02', '0', null, b'0', null), ('168', '3', '1.001.001.0023.0009', '159', '900', '', null, '0', null, null, b'0', b'0', '1', null, '2016-10-25 14:36:02', '0', '2016-10-25 14:36:02', '0', null, b'0', null), ('169', '3', '1.001.001.0023.0010', '159', '1000', '', null, '0', null, null, b'0', b'0', '1', null, '2016-10-25 14:36:02', '0', '2016-10-25 14:36:02', '0', null, b'0', null), ('170', '3', '1.001.001.0023.0011', '159', '1100', '', null, '0', null, null, b'0', b'0', '1', null, '2016-10-25 14:36:02', '0', '2016-10-25 14:36:02', '0', null, b'0', null), ('171', '3', '1.001.001.0023.0012', '159', '1200', '', null, '0', null, null, b'0', b'0', '1', null, '2016-10-25 14:36:02', '0', '2016-10-25 14:36:02', '0', null, b'0', null), ('172', '3', '1.001.001.0023.0013', '159', '1300', '', null, '0', null, null, b'0', b'0', '1', null, '2016-10-25 14:36:02', '0', '2016-10-25 14:36:02', '0', null, b'0', null), ('173', '3', '1.001.001.0023.0014', '159', '1400', '', null, '0', null, null, b'0', b'0', '1', null, '2016-10-25 14:36:02', '0', '2016-10-25 14:36:02', '0', null, b'0', null), ('174', '3', '1.001.001.0023.0015', '159', '1500', '', null, '0', null, null, b'0', b'0', '1', null, '2016-10-25 14:36:02', '0', '2016-10-25 14:36:02', '0', null, b'0', null), ('175', '3', '1.001.001.0023.0016', '159', '1600', '', null, '0', null, null, b'0', b'0', '1', null, '2016-10-25 14:36:02', '0', '2016-10-25 14:36:02', '0', null, b'0', null), ('176', '3', '1.001.001.0023.0017', '159', '1700', '', null, '0', null, null, b'0', b'0', '1', null, '2016-10-25 14:36:02', '0', '2016-10-25 14:36:02', '0', null, b'0', null), ('177', '3', '1.001.001.0023.0018', '159', '1800', '', null, '0', null, null, b'0', b'0', '1', null, '2016-10-25 14:36:02', '0', '2016-10-25 14:36:02', '0', null, b'0', null), ('178', '3', '1.001.001.0023.0019', '159', '1900', '', null, '0', null, null, b'0', b'0', '1', null, '2016-10-25 14:36:02', '0', '2016-10-25 14:36:02', '0', null, b'0', null), ('179', '3', '1.001.001.0023.0020', '159', '2000', '', null, '0', null, null, b'0', b'0', '1', null, '2016-10-25 14:36:02', '0', '2016-10-25 14:36:02', '0', null, b'0', null), ('180', '3', '1.001.001.0023.0021', '159', '2100', '', null, '0', null, null, b'0', b'0', '1', null, '2016-10-25 14:36:02', '0', '2016-10-25 14:36:02', '0', null, b'0', null), ('181', '3', '1.001.001.0023.0022', '159', '2200', '', null, '0', null, null, b'0', b'0', '1', null, '2016-10-25 14:36:02', '0', '2016-10-25 14:36:02', '0', null, b'0', null), ('182', '3', '1.001.001.0023.0023', '159', '2300', '', null, '0', null, null, b'0', b'0', '1', null, '2016-10-25 14:36:02', '0', '2016-10-25 14:36:02', '0', null, b'0', null), ('183', '3', '1.001.001.0023.0024', '159', '2400', '', null, '0', null, null, b'0', b'0', '1', null, '2016-10-25 14:36:02', '0', '2016-10-25 14:36:02', '0', null, b'0', null), ('184', '3', '1.001.001.0023.0025', '159', '2500', '', null, '0', null, null, b'0', b'0', '1', null, '2016-10-25 14:36:02', '0', '2016-10-25 14:36:02', '0', null, b'0', null), ('185', '3', '1.001.001.0023.0026', '159', '2600', '', null, '0', null, null, b'0', b'0', '1', null, '2016-10-25 14:36:02', '0', '2016-10-25 14:36:02', '0', null, b'0', null), ('186', '3', '1.001.001.0023.0027', '159', '2700', '', null, '0', null, null, b'0', b'0', '1', null, '2016-10-25 14:36:02', '0', '2016-10-25 14:36:02', '0', null, b'0', null), ('187', '3', '1.001.001.0023.0028', '159', '2800', '', null, '0', null, null, b'0', b'0', '1', null, '2016-10-25 14:36:02', '0', '2016-10-25 14:36:02', '0', null, b'0', null), ('188', '3', '1.001.001.0023.0029', '159', '2900', '', null, '0', null, null, b'0', b'0', '1', null, '2016-10-25 14:36:02', '0', '2016-10-25 14:36:02', '0', null, b'0', null), ('189', '3', '1.001.001.0023.0030', '159', '3000', '', null, '0', null, null, b'0', b'0', '1', null, '2016-10-25 14:36:02', '0', '2016-10-25 14:36:02', '0', null, b'0', null), ('190', '3', '1.001.001.0023.0031', '159', '3100', '', null, '0', null, null, b'0', b'0', '1', null, '2016-10-25 14:36:02', '0', '2016-10-25 14:36:02', '0', null, b'0', null), ('191', '3', '1.001.001.0023.0032', '159', '3200', '', null, '0', null, null, b'0', b'0', '1', null, '2016-10-25 14:36:02', '0', '2016-10-25 14:36:02', '0', null, b'0', null), ('192', '3', '1.001.001.0023.0033', '159', '3300', '', null, '0', null, null, b'0', b'0', '1', null, '2016-10-25 14:36:02', '0', '2016-10-25 14:36:02', '0', null, b'0', null), ('193', '3', '1.001.001.0023.0034', '159', '3400', '', null, '0', null, null, b'0', b'0', '1', null, '2016-10-25 14:36:02', '0', '2016-10-25 14:36:02', '0', null, b'0', null), ('194', '3', '1.001.001.0023.0035', '159', '3500', '', null, '0', null, null, b'0', b'0', '1', null, '2016-10-25 14:36:02', '0', '2016-10-25 14:36:02', '0', null, b'0', null), ('195', '3', '1.001.001.0023.0036', '159', '3600', '', null, '0', null, null, b'0', b'0', '1', null, '2016-10-25 14:36:02', '0', '2016-10-25 14:36:02', '0', null, b'0', null), ('196', '3', '1.001.001.0023.0037', '159', '3700', '', null, '0', null, null, b'0', b'0', '1', null, '2016-10-25 14:36:02', '0', '2016-10-25 14:36:02', '0', null, b'0', null), ('197', '3', '1.001.001.0023.0038', '159', '3800', '', null, '0', null, null, b'0', b'0', '1', null, '2016-10-25 14:36:02', '0', '2016-10-25 14:36:02', '0', null, b'0', null), ('198', '3', '1.001.001.0023.0039', '159', '3900', '', null, '0', null, null, b'0', b'0', '1', null, '2016-10-25 14:36:02', '0', '2016-10-25 14:36:02', '0', null, b'0', null), ('199', '3', '1.001.001.0023.0040', '159', '4000', '', null, '0', null, null, b'0', b'0', '1', null, '2016-10-25 14:36:02', '0', '2016-10-25 14:36:02', '0', null, b'0', null), ('200', '3', '1.001.001.0023.0041', '159', '4100', '', null, '0', null, null, b'0', b'0', '1', null, '2016-10-25 14:36:02', '0', '2016-10-25 14:36:02', '0', null, b'0', null), ('201', '3', '1.001.001.0023.0042', '159', '4200', '', null, '0', null, null, b'0', b'0', '1', null, '2016-10-25 14:36:02', '0', '2016-10-25 14:36:02', '0', null, b'0', null), ('202', '3', '1.001.001.0023.0043', '159', '4300', ' ', null, '0', null, null, b'0', b'0', '1', null, '2016-10-25 14:36:02', '0', '2016-10-25 14:36:02', '0', null, b'0', null), ('203', '3', '1.001.001.0023.0044', '159', '4400', '', null, '0', null, null, b'0', b'0', '1', null, '2016-10-25 14:36:02', '0', '2016-10-25 14:36:02', '0', null, b'0', null), ('204', '2', '1.001.001.0024', '4', '2400', '', null, '0', null, null, b'1', b'0', '1', null, '2016-10-25 14:36:02', '0', '2016-10-25 14:36:02', '0', null, b'0', null), ('205', '3', '1.001.001.0024.0001', '204', '100', '', null, '0', null, null, b'0', b'0', '1', null, '2016-10-25 14:36:02', '0', '2016-10-25 14:36:02', '0', null, b'0', null), ('206', '3', '1.001.001.0024.0002', '204', '200', '', null, '0', null, null, b'0', b'0', '1', null, '2016-10-25 14:36:02', '0', '2016-10-25 14:36:02', '0', null, b'0', null), ('207', '3', '1.001.001.0024.0003', '204', '300', '', null, '0', null, null, b'0', b'0', '1', null, '2016-10-25 14:36:02', '0', '2016-10-25 14:36:02', '0', null, b'0', null), ('208', '3', '1.001.001.0024.0004', '204', '400', '', null, '0', null, null, b'0', b'0', '1', null, '2016-10-25 14:36:02', '0', '2016-10-25 14:36:02', '0', null, b'0', null), ('209', '3', '1.001.001.0024.0005', '204', '500', '', null, '0', null, null, b'0', b'0', '1', null, '2016-10-25 14:36:02', '0', '2016-10-25 14:36:02', '0', null, b'0', null), ('210', '3', '1.001.001.0024.0006', '204', '600', '', null, '0', null, null, b'0', b'0', '1', null, '2016-10-25 14:36:02', '0', '2016-10-25 14:36:02', '0', null, b'0', null), ('211', '3', '1.001.001.0024.0007', '204', '700', '', null, '0', null, null, b'0', b'0', '1', null, '2016-10-25 14:36:02', '0', '2016-10-25 14:36:02', '0', null, b'0', null), ('212', '3', '1.001.001.0024.0008', '204', '800', '', null, '0', null, null, b'0', b'0', '1', null, '2016-10-25 14:36:02', '0', '2016-10-25 14:36:02', '0', null, b'0', null), ('213', '3', '1.001.001.0024.0009', '204', '900', '', null, '0', null, null, b'0', b'0', '1', null, '2016-10-25 14:36:02', '0', '2016-10-25 14:36:02', '0', null, b'0', null), ('214', '3', '1.001.001.0024.0010', '204', '1000', '', null, '0', null, null, b'0', b'0', '1', null, '2016-10-25 14:36:02', '0', '2016-10-25 14:36:02', '0', null, b'0', null), ('215', '3', '1.001.001.0024.0011', '204', '1100', '', null, '0', null, null, b'0', b'0', '1', null, '2016-10-25 14:36:02', '0', '2016-10-25 14:36:02', '0', null, b'0', null), ('216', '3', '1.001.001.0024.0012', '204', '1200', '', null, '0', null, null, b'0', b'0', '1', null, '2016-10-25 14:36:02', '0', '2016-10-25 14:36:02', '0', null, b'0', null), ('217', '3', '1.001.001.0024.0013', '204', '1300', '', null, '0', null, null, b'0', b'0', '1', null, '2016-10-25 14:36:02', '0', '2016-10-25 14:36:02', '0', null, b'0', null), ('218', '3', '1.001.001.0024.0014', '204', '1400', '', null, '0', null, null, b'0', b'0', '1', null, '2016-10-25 14:36:02', '0', '2016-10-25 14:36:02', '0', null, b'0', null), ('219', '3', '1.001.001.0024.0015', '204', '1500', '', null, '0', null, null, b'0', b'0', '1', null, '2016-10-25 14:36:02', '0', '2016-10-25 14:36:02', '0', null, b'0', null), ('220', '3', '1.001.001.0024.0016', '204', '1600', '', null, '0', null, null, b'0', b'0', '1', null, '2016-10-25 14:36:02', '0', '2016-10-25 14:36:02', '0', null, b'0', null), ('221', '3', '1.001.001.0024.0017', '204', '1700', '', null, '0', null, null, b'0', b'0', '1', null, '2016-10-25 14:36:02', '0', '2016-10-25 14:36:02', '0', null, b'0', null), ('222', '3', '1.001.001.0024.0018', '204', '1800', '', null, '0', null, null, b'0', b'0', '1', null, '2016-10-25 14:36:02', '0', '2016-10-25 14:36:02', '0', null, b'0', null), ('223', '3', '1.001.001.0024.0019', '204', '1900', '', null, '0', null, null, b'0', b'0', '1', null, '2016-10-25 14:36:02', '0', '2016-10-25 14:36:02', '0', null, b'0', null), ('224', '3', '1.001.001.0024.0020', '204', '2000', '', null, '0', null, null, b'0', b'0', '1', null, '2016-10-25 14:36:02', '0', '2016-10-25 14:36:02', '0', null, b'0', null), ('225', '3', '1.001.001.0024.0021', '204', '2100', '', null, '0', null, null, b'0', b'0', '1', null, '2016-10-25 14:36:02', '0', '2016-10-25 14:36:02', '0', null, b'0', null), ('226', '3', '1.001.001.0024.0022', '204', '2200', '', null, '0', null, null, b'0', b'0', '1', null, '2016-10-25 14:36:02', '0', '2016-10-25 14:36:02', '0', null, b'0', null), ('227', '3', '1.001.001.0024.0023', '204', '2300', '', null, '0', null, null, b'0', b'0', '1', null, '2016-10-25 14:36:02', '0', '2016-10-25 14:36:02', '0', null, b'0', null), ('228', '3', '1.001.001.0024.0024', '204', '2400', '', null, '0', null, null, b'0', b'0', '1', null, '2016-10-25 14:36:02', '0', '2016-10-25 14:36:02', '0', null, b'0', null), ('229', '2', '1.001.001.0025', '4', '2500', '', null, '0', null, null, b'1', b'0', '1', null, '2016-10-25 14:36:02', '0', '2016-10-25 14:36:02', '0', null, b'0', null), ('230', '3', '1.001.001.0025.0001', '229', '100', '', null, '0', null, null, b'0', b'0', '1', null, '2016-10-25 14:36:02', '0', '2016-10-25 14:36:02', '0', null, b'0', null), ('231', '3', '1.001.001.0025.0002', '229', '200', '', null, '0', null, null, b'0', b'0', '1', null, '2016-10-25 14:36:02', '0', '2016-10-25 14:36:02', '0', null, b'0', null), ('232', '3', '1.001.002', '3', '9999', '', null, null, null, null, b'1', null, '0', '', '2016-11-16 14:49:23', '6', '2016-11-16 14:49:23', '6', '', b'0', null), ('233', '3', '1.001.002 001', '232', '100', '1', null, null, null, null, b'1', null, '0', '', '2016-11-16 14:49:53', '6', '2016-11-16 14:49:53', '6', '', b'0', null), ('234', '3', '1.001.002.001.001', '233', '100', '1', null, null, null, null, b'0', null, '0', '', '2016-11-16 14:50:08', '6', '2016-11-16 14:50:08', '6', '', b'0', null);
COMMIT;

-- ----------------------------
--  Table structure for `jc_m_audit_checkstep`
-- ----------------------------
DROP TABLE IF EXISTS `jc_m_audit_checkstep`;
CREATE TABLE `jc_m_audit_checkstep` (
  `ID` bigint(64) unsigned NOT NULL AUTO_INCREMENT COMMENT ' ',
  `CHECKITEMID` bigint(64) DEFAULT NULL,
  `F_DELETED` bit(1) DEFAULT b'0',
  `STEPNO` smallint(6) DEFAULT NULL,
  `NAME` varchar(255) NOT NULL COMMENT '',
  `DESCRIPTION` varchar(2000) DEFAULT NULL,
  `CUSTOM_CODE` varchar(4000) DEFAULT NULL,
  `STATUS` tinyint(255) DEFAULT '1',
  `TYPE` bigint(64) DEFAULT NULL,
  `ORGID` bigint(64) DEFAULT NULL,
  `CREATETIME` timestamp NULL DEFAULT CURRENT_TIMESTAMP ON UPDATE CURRENT_TIMESTAMP COMMENT '',
  `CREATERID` bigint(64) DEFAULT NULL COMMENT 'ID',
  `UPDATETIME` datetime DEFAULT NULL,
  `UPDATERID` bigint(64) DEFAULT NULL,
  PRIMARY KEY (`ID`)
) ENGINE=InnoDB AUTO_INCREMENT=12 DEFAULT CHARSET=utf8 ROW_FORMAT=COMPACT COMMENT='';

-- ----------------------------
--  Records of `jc_m_audit_checkstep`
-- ----------------------------
BEGIN;
INSERT INTO `jc_m_audit_checkstep` VALUES ('1', '7', b'0', '1', '', '', null, '1', '1', null, '2016-10-27 11:35:12', '6', '2016-10-27 11:35:06', '6'), ('2', '7', b'0', '2', '', '', null, '1', '1', null, '2016-10-27 11:35:22', '6', '2016-10-27 11:35:17', '6'), ('3', '7', b'0', '3', '', '', null, '1', '1', null, '2016-10-27 11:35:16', '6', '2016-10-27 11:35:14', '6'), ('6', '7', b'1', '4', '1', '11', '', '0', null, null, '2016-10-27 16:16:59', '6', '2016-10-27 16:40:32', '6'), ('8', '7', b'0', '4', '123', '1111', '', '0', null, null, '2016-10-27 17:04:21', '6', '2016-10-27 17:07:57', '6'), ('9', '7', b'0', '5', '444', '444444444444444', '', '0', null, null, '2016-11-16 14:53:28', '6', '2016-11-16 14:53:28', '6'), ('10', '234', b'0', '1', '1', '1111111', '', '0', null, null, '2016-11-16 15:04:32', '6', '2016-11-16 15:04:32', '6'), ('11', '234', b'0', '2', '222222222', '2222222222', '', '0', null, null, '2016-11-16 15:04:45', '6', '2016-11-16 15:04:50', '6');
COMMIT;

-- ----------------------------
--  Table structure for `jc_m_checkdb_all`
-- ----------------------------
DROP TABLE IF EXISTS `jc_m_checkdb_all`;
CREATE TABLE `jc_m_checkdb_all` (
  `id` bigint(64) unsigned NOT NULL AUTO_INCREMENT COMMENT '',
  `RES_TYPE` smallint(255) unsigned NOT NULL DEFAULT '1' COMMENT '',
  `CASCADE_ID` varchar(255) NOT NULL COMMENT 'ID',
  `PID` bigint(64) unsigned DEFAULT NULL COMMENT '',
  `NAME` varchar(255) NOT NULL COMMENT '',
  `URI` varchar(512) DEFAULT NULL COMMENT 'URLmo',
  `HOTKEY` varchar(255) DEFAULT NULL COMMENT '',
  `RES_ICON` varchar(255) DEFAULT '0' COMMENT '',
  `RES_WEIGHT` int(10) unsigned DEFAULT '0' COMMENT '',
  `IS_SHOW` bit(1) DEFAULT NULL,
  `IS_FOLDER` varchar(255) DEFAULT '1' COMMENT '',
  `IS_AUTO_EXPAND` varchar(255) DEFAULT '0' COMMENT '',
  `STATUS` smallint(255) DEFAULT '1' COMMENT '',
  `IDENTITY` varchar(255) DEFAULT NULL COMMENT '',
  `CREATETIME` datetime DEFAULT NULL COMMENT '',
  `CREATERID` bigint(64) unsigned DEFAULT NULL COMMENT 'ID',
  `UPDATETIME` datetime DEFAULT NULL,
  `UPDATERID` bigint(64) unsigned DEFAULT NULL,
  `CUSTOM_CODE` varchar(4000) DEFAULT NULL COMMENT '',
  `F_DELETED` bit(1) DEFAULT b'0',
  PRIMARY KEY (`id`)
) ENGINE=InnoDB AUTO_INCREMENT=9 DEFAULT CHARSET=utf8 ROW_FORMAT=COMPACT COMMENT='';

-- ----------------------------
--  Records of `jc_m_checkdb_all`
-- ----------------------------
BEGIN;
INSERT INTO `jc_m_checkdb_all` VALUES ('1', '1', '1', '1', '', null, null, '0', '0', null, '1', '0', '1', null, null, null, null, null, null, b'0'), ('2', '1', '1', '1', '', null, null, '0', '0', null, '1', '0', '1', null, null, null, null, null, null, b'0'), ('3', '1', '1.001', '2', 'GCP', null, null, '0', '0', null, '1', '0', '1', null, null, null, null, null, null, b'0'), ('4', '1', '1.002', '2', 'CDISC', null, null, '0', '0', null, '1', '0', '1', null, null, null, null, null, null, b'0'), ('5', '1', '1.003', '2', 'XX', null, null, '0', '0', null, '1', '0', '1', null, null, null, null, null, null, b'0'), ('6', '1', '1.004', '2', '', null, null, '0', '0', null, '1', '0', '1', null, null, null, null, null, null, b'0'), ('7', '1', '1.001.0000001', '3', 'GCP1', null, null, '0', '0', null, '0', '0', '1', null, null, null, null, null, null, b'0'), ('8', '1', '1.001.0000002', '3', 'GCP2', null, null, '0', '0', null, '0', '0', '1', null, null, null, null, null, null, b'0');
COMMIT;

-- ----------------------------
--  Table structure for `jc_m_doc_all`
-- ----------------------------
DROP TABLE IF EXISTS `jc_m_doc_all`;
CREATE TABLE `jc_m_doc_all` (
  `id` int(64) NOT NULL AUTO_INCREMENT COMMENT '',
  `cascade_id` varchar(255) DEFAULT NULL COMMENT 'ID',
  `name` varchar(255) DEFAULT NULL COMMENT '',
  `hotkey` varchar(255) DEFAULT NULL COMMENT '',
  `parent_id` varchar(64) DEFAULT NULL COMMENT '',
  `parent_name` varchar(255) DEFAULT NULL COMMENT '',
  `is_leaf` varchar(255) DEFAULT '1' COMMENT '',
  `is_auto_expand` varchar(255) DEFAULT '0' COMMENT '',
  `icon_name` varchar(255) DEFAULT NULL COMMENT '',
  `status` varchar(255) DEFAULT '1' COMMENT '',
  `type` varchar(255) DEFAULT NULL COMMENT '',
  `biz_code` varchar(255) DEFAULT NULL COMMENT '',
  `custom_code` varchar(4000) DEFAULT NULL COMMENT '',
  `create_time` varchar(255) DEFAULT NULL COMMENT '',
  `creater_id` varchar(64) DEFAULT NULL COMMENT 'ID',
  `sort_no` int(10) DEFAULT NULL COMMENT '',
  `uri` varchar(255) DEFAULT NULL COMMENT 'uri',
  `visit_count` int(11) DEFAULT NULL COMMENT '',
  PRIMARY KEY (`id`)
) ENGINE=InnoDB AUTO_INCREMENT=6 DEFAULT CHARSET=utf8 ROW_FORMAT=COMPACT COMMENT='';

-- ----------------------------
--  Records of `jc_m_doc_all`
-- ----------------------------
BEGIN;
INSERT INTO `jc_m_doc_all` VALUES ('1', '0', '', null, '1', null, '0', '0', null, '1', null, null, null, null, null, null, null, null), ('2', '0.001', 'SOP', null, '1', '', '0', '0', null, '1', null, null, null, null, null, null, null, null), ('3', '0.002', '', null, '1', '', '0', '0', null, '1', null, null, null, null, null, null, null, null), ('4', '0.003', '', null, '1', '', '0', '0', null, '1', null, null, null, null, null, null, null, null), ('5', '0.004', '', null, '1', '', '0', '0', null, '1', null, null, null, null, null, null, null, null);
COMMIT;

-- ----------------------------
--  Table structure for `jc_m_doc_allinone`
-- ----------------------------
DROP TABLE IF EXISTS `jc_m_doc_allinone`;
CREATE TABLE `jc_m_doc_allinone` (
  `id` bigint(64) unsigned NOT NULL AUTO_INCREMENT COMMENT '',
  `RES_TYPE` smallint(255) unsigned NOT NULL DEFAULT '1' COMMENT '',
  `CASCADE_ID` varchar(255) NOT NULL COMMENT 'ID',
  `PID` bigint(64) unsigned DEFAULT NULL COMMENT '',
  `ORGID` bigint(64) DEFAULT NULL,
  `F_ORGROOT` bit(1) DEFAULT NULL,
  `NAME` varchar(255) NOT NULL COMMENT '',
  `URI` varchar(512) DEFAULT NULL COMMENT 'URLmo',
  `HOTKEY` varchar(255) DEFAULT NULL COMMENT '',
  `RES_ICON` varchar(255) DEFAULT '0' COMMENT '',
  `RES_WEIGHT` int(10) unsigned DEFAULT '0' COMMENT '',
  `IS_SHOW` bit(1) DEFAULT NULL,
  `IS_FOLDER` bit(1) DEFAULT b'1' COMMENT '',
  `IS_AUTO_EXPAND` bit(1) DEFAULT b'0' COMMENT '',
  `STATUS` smallint(255) DEFAULT '1' COMMENT '',
  `IDENTITY` varchar(255) DEFAULT NULL COMMENT '',
  `CREATETIME` datetime NOT NULL DEFAULT CURRENT_TIMESTAMP COMMENT '',
  `CREATERID` bigint(64) unsigned NOT NULL COMMENT 'ID',
  `UPDATETIME` datetime NOT NULL DEFAULT CURRENT_TIMESTAMP,
  `UPDATERID` bigint(64) unsigned NOT NULL,
  `CUSTOM_CODE` varchar(4000) DEFAULT NULL COMMENT '',
  `F_DELETED` bit(1) DEFAULT b'0',
  `RES_ICON_EXT` varchar(255) DEFAULT NULL,
  `F_LAZY` bit(1) DEFAULT b'1',
  PRIMARY KEY (`id`),
  KEY `PID` (`PID`),
  CONSTRAINT `jc_m_doc_allinone_ibfk_1` FOREIGN KEY (`PID`) REFERENCES `jc_m_doc_allinone` (`id`)
) ENGINE=InnoDB AUTO_INCREMENT=121 DEFAULT CHARSET=utf8 ROW_FORMAT=COMPACT COMMENT='';

-- ----------------------------
--  Records of `jc_m_doc_allinone`
-- ----------------------------
BEGIN;
INSERT INTO `jc_m_doc_allinone` VALUES ('1', '1', '0', '1', '1', b'1', '', null, null, null, null, b'1', b'1', b'0', '1', '', '2016-07-07 10:34:50', '1', '2016-07-07 10:34:50', '1', '', b'1', null, b'1'), ('2', '1', '1', '1', '2', b'1', 'ROOT', null, null, null, '1000', b'1', b'1', b'0', '1', '', '2016-07-07 10:45:23', '1', '2016-07-07 10:45:23', '1', '', b'0', null, b'1'), ('3', '1', '1.001', '2', '3', b'1', '', null, null, null, '3000', b'1', b'1', b'0', '1', '', '2016-07-07 14:24:05', '1', '2016-07-07 14:24:05', '1', '', b'0', null, b'1'), ('4', '1', '1.002', '2', '31', b'1', '', null, null, '0', '2000', b'1', b'1', b'0', '1', null, '2016-07-19 15:52:21', '1', '2016-07-19 15:52:26', '1', null, b'0', null, b'1'), ('5', '1', '1.001.001', '3', '2', b'0', '', '', '', '0', '4000', b'1', b'1', b'0', '1', '', '2016-07-19 15:55:06', '1', '2016-07-19 15:55:13', '1', '', b'0', null, b'1'), ('100', '1', '1.001.002', '3', '2', b'0', 'SOP', null, null, '0', '0', null, b'1', b'0', '1', null, '2016-10-22 17:24:47', '0', '2016-10-22 17:24:50', '0', null, b'0', null, b'1'), ('101', '1', '1.001.003', '3', '30', b'1', '', null, null, '0', '0', null, b'1', b'0', '1', null, '2016-10-22 17:26:32', '0', '2016-10-22 17:26:32', '0', null, b'0', null, b'1'), ('102', '0', '1.002.001', '4', '31', b'0', '11', null, null, null, null, null, b'1', b'0', '0', '', '2016-10-23 07:43:51', '6', '2016-11-16 14:43:10', '6', '', b'0', null, b'1'), ('103', '0', '1.002.002', '4', '31', b'0', '1333', null, null, null, null, null, b'1', b'0', '0', '', '2016-10-23 07:44:09', '6', '2016-11-16 16:04:16', '6', '', b'0', null, b'1'), ('119', '0', '1.002.003', '4', '31', b'0', '3', null, null, null, null, null, b'1', b'0', '0', '', '2016-11-16 15:47:25', '6', '2016-11-16 15:47:25', '6', '', b'0', null, b'1'), ('120', '0', '1.002.004', '4', '31', null, '444', null, null, null, null, null, b'1', null, '0', '', '2016-11-16 16:04:03', '6', '2016-11-16 16:04:03', '6', '', b'0', null, b'1');
COMMIT;

-- ----------------------------
--  Table structure for `jc_m_doc_catalog`
-- ----------------------------
DROP TABLE IF EXISTS `jc_m_doc_catalog`;
CREATE TABLE `jc_m_doc_catalog` (
  `id` bigint(64) unsigned NOT NULL AUTO_INCREMENT COMMENT '',
  `RES_TYPE` smallint(255) unsigned NOT NULL DEFAULT '1' COMMENT '',
  `CASCADE_ID` varchar(255) NOT NULL COMMENT 'ID',
  `PID` bigint(64) unsigned DEFAULT NULL COMMENT '',
  `NAME` varchar(255) NOT NULL COMMENT '',
  `URI` varchar(512) DEFAULT NULL COMMENT 'URLmo',
  `HOTKEY` varchar(255) DEFAULT NULL COMMENT '',
  `RES_ICON` varchar(255) DEFAULT '0' COMMENT '',
  `RES_WEIGHT` int(10) unsigned DEFAULT '0' COMMENT '',
  `IS_SHOW` bit(1) DEFAULT NULL,
  `IS_FOLDER` varchar(255) DEFAULT '1' COMMENT '',
  `IS_AUTO_EXPAND` varchar(255) DEFAULT '0' COMMENT '',
  `STATUS` smallint(255) DEFAULT '1' COMMENT '',
  `IDENTITY` varchar(255) DEFAULT NULL COMMENT '',
  `CREATETIME` datetime NOT NULL COMMENT '',
  `CREATERID` bigint(64) unsigned NOT NULL COMMENT 'ID',
  `UPDATETIME` datetime NOT NULL,
  `UPDATERID` bigint(64) unsigned NOT NULL,
  `CUSTOM_CODE` varchar(4000) DEFAULT NULL COMMENT '',
  PRIMARY KEY (`id`)
) ENGINE=InnoDB AUTO_INCREMENT=18 DEFAULT CHARSET=utf8 ROW_FORMAT=COMPACT COMMENT='';

-- ----------------------------
--  Records of `jc_m_doc_catalog`
-- ----------------------------
BEGIN;
INSERT INTO `jc_m_doc_catalog` VALUES ('1', '1', '1', '0', '', null, null, null, null, b'1', '1', '1', '1', '', '2016-07-07 10:34:50', '1', '2016-07-07 10:34:50', '1', ''), ('2', '1', '1.001', '1', 'SOP', null, null, null, '1000', b'1', '1', '1', '1', '', '2016-07-07 10:45:23', '1', '2016-07-07 10:45:23', '1', ''), ('3', '1', '1.002', '1', '', null, null, null, '3000', b'1', '1', '1', '1', '', '2016-07-07 14:24:05', '1', '2016-07-07 14:24:05', '1', ''), ('4', '1', '1.003', '1', '', null, null, '0', '2000', b'1', '1', '1', '1', null, '2016-07-19 15:52:21', '1', '2016-07-19 15:52:26', '1', null), ('5', '1', '1.004', '1', '', '', '', '0', '4000', b'1', '1', '1', '1', '', '2016-07-19 15:55:06', '1', '2016-07-19 15:55:13', '1', ''), ('6', '1', '1.002.0000001', '3', 'Real_1', null, null, '0', '1000', b'1', '0', '0', '1', 'test', '2016-07-19 15:56:23', '1', '2016-07-19 15:56:25', '1', null), ('7', '1', '1.002.0000002', '3', 'Real_Tue Jul 19 16:00:53 CST 2016', null, null, null, '3000', b'1', '0', '0', '1', 'test', '2016-07-19 16:00:53', '3', '2016-07-19 16:00:53', '3', ''), ('8', '1', '1.002.0000003', '3', 'Real_Tue Jul 19 16:01:06 CST 2016', null, null, null, '2000', b'1', '0', '0', '1', 'test', '2016-07-19 16:01:06', '3', '2016-07-19 16:01:06', '3', ''), ('9', '1', '1.005', '1', '111111', null, null, '0', '999', b'1', '1', '0', '1', null, '2016-07-19 16:32:18', '1', '2016-07-19 16:32:21', '1', null), ('10', '1', '1.005.001', '9', '2', null, null, null, '1000', b'0', '1', '1', '1', '', '2016-07-19 16:35:35', '9', '2016-07-19 16:35:35', '9', ''), ('11', '1', '1.005.001.001', '10', '3', null, null, null, '1000', b'0', '1', '1', '1', '', '2016-07-19 16:37:25', '10', '2016-07-19 16:37:25', '10', ''), ('12', '1', '1.005.001.001.001', '11', '4', null, null, null, '1000', b'0', '1', '1', '1', '', '2016-07-19 16:39:44', '11', '2016-07-19 16:39:44', '11', ''), ('13', '1', '1.005.001.001.001.0000001', '12', '1', null, null, null, '1000', b'0', '0', '1', '1', '', '2016-07-19 16:50:52', '12', '2016-07-19 16:50:52', '12', ''), ('14', '1', '1.005.001.001.001.0000001', '10', '3_002', null, null, null, '1000', b'0', '1', '1', '1', '', '2016-07-20 01:08:00', '1', '2016-07-20 01:08:00', '1', ''), ('15', '1', '1.005.001.001.001.0000001', '10', '3_003', null, null, null, '1000', b'0', '1', '1', '1', '', '2016-07-20 01:13:42', '1', '2016-07-20 01:13:42', '1', ''), ('16', '1', '1.005.001.001.001.0000001', '12', '5', null, null, null, '1000', b'0', '1', '1', '1', '', '2016-07-20 01:14:02', '1', '2016-07-20 01:14:02', '1', ''), ('17', '1', '0', '0', '', null, null, '0', '0', null, '1', '0', '1', null, '2016-07-19 16:14:19', '1', '2016-07-19 16:14:21', '1', null);
COMMIT;

-- ----------------------------
--  Table structure for `jc_m_doc_file`
-- ----------------------------
DROP TABLE IF EXISTS `jc_m_doc_file`;
CREATE TABLE `jc_m_doc_file` (
  `id` bigint(64) unsigned NOT NULL AUTO_INCREMENT COMMENT '',
  `RES_TYPE` smallint(255) unsigned NOT NULL DEFAULT '1' COMMENT '',
  `CAT_CASCADE_ID` varchar(255) DEFAULT NULL COMMENT 'ID',
  `CATALOGID` bigint(64) DEFAULT NULL,
  `NAME` varchar(255) NOT NULL COMMENT '',
  `URI` varchar(512) DEFAULT NULL COMMENT 'URLmo',
  `HOTKEY` varchar(255) DEFAULT NULL COMMENT '',
  `RES_ICON` varchar(255) DEFAULT '0' COMMENT '',
  `RES_WEIGHT` int(10) unsigned DEFAULT '0' COMMENT '',
  `IS_SHOW` bit(1) DEFAULT NULL,
  `IS_FOLDER` bit(1) DEFAULT b'0' COMMENT '',
  `IS_AUTO_EXPAND` bit(1) DEFAULT b'0' COMMENT '',
  `STATUS` smallint(255) DEFAULT '1' COMMENT '',
  `IDENTITY` varchar(255) DEFAULT NULL COMMENT '',
  `CREATETIME` datetime NOT NULL DEFAULT CURRENT_TIMESTAMP COMMENT '',
  `CREATERID` bigint(64) unsigned NOT NULL COMMENT 'ID',
  `UPDATETIME` datetime NOT NULL DEFAULT CURRENT_TIMESTAMP,
  `UPDATERID` bigint(64) unsigned NOT NULL,
  `CUSTOM_CODE` varchar(4000) DEFAULT NULL COMMENT '',
  `F_DELETED` bit(1) DEFAULT b'0',
  `RES_ICON_EXT` varchar(255) DEFAULT NULL,
  `MODULE` varchar(255) DEFAULT NULL,
  PRIMARY KEY (`id`)
) ENGINE=InnoDB AUTO_INCREMENT=121 DEFAULT CHARSET=utf8 ROW_FORMAT=COMPACT COMMENT='';

-- ----------------------------
--  Records of `jc_m_doc_file`
-- ----------------------------
BEGIN;
INSERT INTO `jc_m_doc_file` VALUES ('118', '0', null, '4', '1', 'realfile_1479284059035.pdf', null, '0', '0', null, b'0', b'0', '0', '', '2016-11-16 16:14:20', '6', '2016-11-16 16:14:20', '6', '', b'0', null, 'doccenter'), ('119', '0', null, '102', '1', 'realfile_1479284074598.pdf', null, '0', '0', null, b'0', b'0', '0', '', '2016-11-16 16:14:35', '6', '2016-11-16 16:14:35', '6', '', b'0', null, 'doccenter'), ('120', '0', null, '4', '2', 'realfile_1479284100779.pdf', null, '0', '0', null, b'0', b'0', '0', '', '2016-11-16 16:15:01', '6', '2016-11-16 16:15:01', '6', '', b'0', null, 'doccenter');
COMMIT;

-- ----------------------------
--  Table structure for `jc_pj_application`
-- ----------------------------
DROP TABLE IF EXISTS `jc_pj_application`;
CREATE TABLE `jc_pj_application` (
  `ID` bigint(64) unsigned NOT NULL AUTO_INCREMENT COMMENT '',
  `SUBJECT` varchar(64) DEFAULT NULL COMMENT '',
  `CLITYPE` char(2) DEFAULT NULL COMMENT '',
  `COMPNAME` varchar(64) DEFAULT NULL COMMENT '',
  `CONTACTS` varchar(10) DEFAULT NULL COMMENT '',
  `COMPTEL` varchar(20) DEFAULT NULL,
  `CONTACTTEL` varchar(20) DEFAULT NULL,
  `PRICING` varchar(64) DEFAULT NULL COMMENT '',
  `STATUS` tinyint(255) DEFAULT NULL COMMENT '',
  `CREATETIME` datetime DEFAULT CURRENT_TIMESTAMP COMMENT ' ',
  `CREATERID` bigint(64) DEFAULT NULL COMMENT '',
  `UPDATETIME` datetime DEFAULT CURRENT_TIMESTAMP,
  `UPDATERID` bigint(64) DEFAULT NULL,
  `F_DELETED` bit(1) DEFAULT b'0' COMMENT '',
  PRIMARY KEY (`ID`),
  UNIQUE KEY `username` (`SUBJECT`)
) ENGINE=InnoDB AUTO_INCREMENT=4 DEFAULT CHARSET=utf8 ROW_FORMAT=COMPACT COMMENT='';

-- ----------------------------
--  Records of `jc_pj_application`
-- ----------------------------
BEGIN;
INSERT INTO `jc_pj_application` VALUES ('1', 'GCP', '1', 'XXX', '', '022-24567890', '13920888888', '100000', '1', '2016-09-04 17:35:12', null, '2016-09-04 17:35:12', null, null), ('2', '', '1', '', '', null, null, null, '30', '2016-09-04 19:38:16', '6', '2016-09-04 23:43:17', '6', null), ('3', '1', '1', '1', '1', null, null, null, '0', '2016-09-04 19:39:36', '6', '2016-09-04 19:39:36', '6', null);
COMMIT;

-- ----------------------------
--  Table structure for `jc_pj_info`
-- ----------------------------
DROP TABLE IF EXISTS `jc_pj_info`;
CREATE TABLE `jc_pj_info` (
  `ID` bigint(64) unsigned NOT NULL AUTO_INCREMENT COMMENT '',
  `PJNAME` varchar(64) DEFAULT NULL COMMENT '',
  `PJCONTRACTURI` varchar(255) DEFAULT NULL COMMENT '',
  `MANAGERID` bigint(64) DEFAULT NULL,
  `PJManagerTEL` varchar(20) DEFAULT NULL,
  `BUDGET` varchar(10) DEFAULT NULL COMMENT '',
  `STATUS` tinyint(255) DEFAULT NULL COMMENT '',
  `CREATETIME` datetime DEFAULT CURRENT_TIMESTAMP COMMENT ' ',
  `CREATERID` bigint(64) DEFAULT NULL COMMENT '',
  `UPDATETIME` datetime DEFAULT CURRENT_TIMESTAMP,
  `UPDATERID` bigint(64) DEFAULT NULL,
  `F_DELETED` bit(1) DEFAULT b'0' COMMENT '',
  `PJSTARTDATE` datetime DEFAULT NULL,
  `PJDEADLINEDATE` datetime DEFAULT NULL,
  `CUSTOM_CODE` varchar(255) DEFAULT NULL,
  PRIMARY KEY (`ID`),
  UNIQUE KEY `username` (`PJNAME`)
) ENGINE=InnoDB AUTO_INCREMENT=27 DEFAULT CHARSET=utf8 ROW_FORMAT=COMPACT COMMENT='';

-- ----------------------------
--  Records of `jc_pj_info`
-- ----------------------------
BEGIN;
INSERT INTO `jc_pj_info` VALUES ('4', 'GCP', null, '6', '13920888888', '100000', '60', '2016-09-05 04:40:03', null, '2016-09-05 04:40:03', null, null, null, null, null), ('11', 'ffff', null, '6', null, '111111', '0', '2016-09-05 05:34:46', '6', '2016-09-05 05:34:46', '6', null, null, null, null), ('12', '1', null, null, null, '0', '0', null, null, null, null, null, null, null, null), ('14', '2016-09-05T06:35:30.442', null, null, null, '0', '0', null, null, null, null, null, null, null, null), ('15', '2016-09-05T06:36:45.832', null, null, null, '0', '0', null, null, null, null, null, null, null, null), ('16', '2016-09-05T06:38:55.215', null, null, null, '0', '0', null, null, null, null, null, null, null, null), ('17', '2016-09-05T06:41:11.733', null, null, null, '0', '0', null, null, null, null, null, null, null, null), ('18', '2016-09-05T06:56:54.755', null, null, null, '0', '0', null, null, null, null, null, null, null, null), ('19', '2016-09-05T06:58:41.692', null, null, null, '0', '0', null, null, null, null, null, null, null, null), ('20', '2016-09-05T07:00:11.758', null, null, null, '0', '0', null, null, null, null, null, null, null, null), ('21', '2016-09-05T07:01:18.900', null, null, null, '0', '0', null, null, null, null, null, null, null, null), ('22', '2016-09-05T07:26:09.259', null, null, null, '0', '0', null, null, null, null, null, null, null, null), ('23', '2016-09-05T07:27:43.354', null, null, null, '0', '0', null, null, null, null, null, null, null, null), ('24', '2016-09-05T07:29:38.442', null, null, null, '0', '0', null, null, null, null, null, null, null, null), ('25', '1', null, '6', null, '1', '0', '2016-09-05 07:48:33', '6', '2016-09-05 07:48:33', '6', null, null, null, null), ('26', '1', null, '6', null, '1111', '0', '2016-09-05 09:55:51', '6', '2016-09-05 09:55:51', '6', null, null, null, null);
COMMIT;

-- ----------------------------
--  Table structure for `jc_pj_info_basic`
-- ----------------------------
DROP TABLE IF EXISTS `jc_pj_info_basic`;
CREATE TABLE `jc_pj_info_basic` (
  `ID` bigint(64) unsigned NOT NULL AUTO_INCREMENT COMMENT '',
  `PJNAME` varchar(64) DEFAULT NULL COMMENT '',
  `PJCONTRACTURI` varchar(255) DEFAULT NULL COMMENT '',
  `MANAGERID` bigint(64) DEFAULT NULL,
  `BUDGET` int(10) DEFAULT NULL COMMENT '',
  `STATUS` tinyint(255) DEFAULT NULL COMMENT '',
  `STARTDATE` datetime DEFAULT NULL,
  `DEADLINEDATE` datetime DEFAULT NULL,
  `CREATETIME` datetime DEFAULT CURRENT_TIMESTAMP COMMENT ' ',
  `CREATERID` bigint(64) DEFAULT NULL COMMENT '',
  `UPDATETIME` datetime DEFAULT CURRENT_TIMESTAMP,
  `UPDATERID` bigint(64) DEFAULT NULL,
  `F_DELETED` bit(1) DEFAULT b'0' COMMENT '',
  `CUSTOM_CODE` varchar(255) DEFAULT NULL,
  `WFDEFID` bigint(64) DEFAULT NULL,
  `CHKTEPID` bigint(64) DEFAULT NULL,
  PRIMARY KEY (`ID`),
  UNIQUE KEY `username` (`PJNAME`)
) ENGINE=InnoDB DEFAULT CHARSET=utf8 ROW_FORMAT=COMPACT COMMENT='';

-- ----------------------------
--  Table structure for `jc_sys_group`
-- ----------------------------
DROP TABLE IF EXISTS `jc_sys_group`;
CREATE TABLE `jc_sys_group` (
  `id` bigint(64) unsigned NOT NULL AUTO_INCREMENT COMMENT '',
  `CASCADE_ID` varchar(255) DEFAULT '' COMMENT 'ID',
  `PID` bigint(64) unsigned DEFAULT NULL COMMENT '',
  `NAME` varchar(255) NOT NULL DEFAULT '' COMMENT '',
  `DESCRIBE` varchar(255) DEFAULT NULL,
  `RES_ICON` varchar(255) DEFAULT '' COMMENT '',
  `RES_WEIGHT` int(10) unsigned DEFAULT '0' COMMENT '',
  `IS_SHOW` bit(1) DEFAULT NULL,
  `IS_FOLDER` varchar(255) DEFAULT '1' COMMENT '',
  `IS_AUTO_EXPAND` varchar(255) DEFAULT '0' COMMENT '',
  `STATUS` smallint(255) DEFAULT '1' COMMENT '',
  `IDENTITY` varchar(255) DEFAULT NULL COMMENT '',
  `CREATETIME` datetime NOT NULL DEFAULT CURRENT_TIMESTAMP COMMENT '',
  `CREATERID` bigint(64) unsigned NOT NULL DEFAULT '1' COMMENT 'ID',
  `UPDATETIME` datetime NOT NULL DEFAULT CURRENT_TIMESTAMP,
  `UPDATERID` bigint(64) unsigned NOT NULL DEFAULT '1',
  `CUSTOM_CODE` varchar(4000) DEFAULT NULL COMMENT '',
  `ORGID` bigint(64) DEFAULT NULL,
  `TYPE` varchar(255) DEFAULT NULL,
  `REV` int(11) DEFAULT NULL,
  PRIMARY KEY (`id`)
) ENGINE=InnoDB AUTO_INCREMENT=7 DEFAULT CHARSET=utf8 ROW_FORMAT=COMPACT COMMENT='';

-- ----------------------------
--  Records of `jc_sys_group`
-- ----------------------------
BEGIN;
INSERT INTO `jc_sys_group` VALUES ('1', '0', '1', 'ROOT', '', '', '0', null, '1', '0', '1', null, '2016-08-30 15:47:15', '1', '2016-08-30 15:47:15', '1', '', null, null, null), ('2', '1', '1', 'Parent', '', '', '0', null, '1', '0', '1', null, '2016-08-30 16:03:14', '1', '2016-08-30 16:03:14', '1', '', null, null, null), ('3', '1.001', '2', 'org1', 'ORG1', '', '0', null, '1', '0', '1', null, '2016-08-30 16:03:57', '1', '2016-08-30 16:03:57', '1', '', null, null, null), ('4', '1.001.001', '3', 'org1_admin', 'ORG1', '', '0', null, '1', '0', '1', null, '2016-08-30 16:06:23', '1', '2016-08-30 16:06:23', '1', 'wf', null, null, null), ('5', '1.001.002', '3', 'org1_secretary', 'ORG1', '', '0', null, '1', '0', '1', null, '2016-09-05 05:54:33', '1', '2016-09-05 05:54:33', '1', 'wf', null, null, null), ('6', '1.001.003', null, 'org1_preaudit', 'ORG1', '', '0', null, '1', '0', '1', null, '2016-09-05 05:56:32', '1', '2016-09-05 05:56:32', '1', 'wf', null, null, null);
COMMIT;

-- ----------------------------
--  Table structure for `jc_sys_menu`
-- ----------------------------
DROP TABLE IF EXISTS `jc_sys_menu`;
CREATE TABLE `jc_sys_menu` (
  `id` bigint(64) unsigned NOT NULL AUTO_INCREMENT COMMENT '',
  `RES_TYPE` smallint(255) unsigned NOT NULL DEFAULT '1' COMMENT '',
  `CASCADE_ID` varchar(255) NOT NULL COMMENT 'ID',
  `PID` bigint(64) unsigned DEFAULT NULL COMMENT '',
  `NAME` varchar(255) NOT NULL COMMENT '',
  `URI` varchar(512) DEFAULT NULL COMMENT 'URLmo',
  `HOTKEY` varchar(255) DEFAULT NULL COMMENT '',
  `RES_ICON` varchar(255) DEFAULT '' COMMENT '',
  `RES_ICON_EXT` varchar(255) DEFAULT '',
  `RES_WEIGHT` int(10) unsigned DEFAULT '0' COMMENT '',
  `IS_SHOW` bit(1) DEFAULT b'1',
  `IS_FOLDER` bit(1) DEFAULT b'1' COMMENT '',
  `IS_AUTO_EXPAND` bit(1) DEFAULT b'0' COMMENT '',
  `STATUS` smallint(255) DEFAULT '1' COMMENT '',
  `IDENTITY` varchar(255) DEFAULT NULL COMMENT '',
  `CREATETIME` datetime NOT NULL DEFAULT CURRENT_TIMESTAMP COMMENT '',
  `CREATERID` bigint(64) unsigned NOT NULL COMMENT 'ID',
  `UPDATETIME` datetime NOT NULL DEFAULT CURRENT_TIMESTAMP,
  `UPDATERID` bigint(64) unsigned NOT NULL,
  `CUSTOM_CODE` varchar(4000) DEFAULT NULL COMMENT '',
  `F_DELETED` bit(1) DEFAULT b'0',
  PRIMARY KEY (`id`)
) ENGINE=InnoDB AUTO_INCREMENT=122 DEFAULT CHARSET=utf8 ROW_FORMAT=COMPACT COMMENT='';

-- ----------------------------
--  Records of `jc_sys_menu`
-- ----------------------------
BEGIN;
INSERT INTO `jc_sys_menu` VALUES ('1', '2', '1', '99', '', '#', null, null, null, null, b'1', b'1', b'1', '1', '', '2016-07-07 10:34:50', '1', '2016-07-07 10:34:50', '1', '', b'0'), ('2', '2', '1.001', '1', '', '#', null, 'fa fa-lg fa-fw fa-home', '', '1000', b'1', b'1', b'1', '1', '', '2016-07-07 10:45:23', '1', '2016-07-07 10:45:23', '1', '', b'0'), ('3', '2', '1.002', '1', '', '#', null, 'fa fa-lg fa-fw fa-inbox', '<em>3</em>', '2000', b'1', b'1', b'1', '1', '', '2016-07-07 14:24:05', '1', '2016-07-07 14:24:05', '1', '', b'0'), ('4', '2', '1.003', '1', '', '#', null, 'fa fa-lg fa-fw fa-file-powerpoint-o', null, '3000', b'1', b'1', b'1', '1', null, '2016-07-19 15:52:21', '1', '2016-07-19 15:52:26', '1', null, b'0'), ('99', '1', '0', '99', '', null, null, '0', null, '0', null, b'1', b'0', '1', null, '2016-07-19 16:14:19', '1', '2016-07-19 16:14:21', '1', null, b'0'), ('100', '2', '1.001.001', '2', '', 'dashboard/dashboard.html', null, '0', null, '1000', null, b'1', b'0', '1', null, '2016-09-25 17:33:25', '0', '2016-09-25 17:33:31', '0', null, b'0'), ('101', '2', '1.001.002', '2', '', 'dashboard/flot', null, '0', null, '2000', null, b'1', b'0', '1', null, '2016-09-25 17:33:29', '0', '2016-09-25 17:33:33', '0', null, b'0'), ('102', '2', '1.004', '1', '', '#', null, 'fa fa-lg fa-fw fa-folder-o', null, '4000', null, b'1', b'0', '1', null, '2016-09-25 20:15:17', '0', '2016-09-25 20:15:19', '0', null, b'0'), ('103', '2', '1.004.001', '102', '', 'doccenter/catalog/page.html', null, '0', null, '0', null, b'1', b'0', '1', null, '2016-09-25 20:16:18', '0', '2016-09-25 20:16:18', '0', null, b'0'), ('104', '2', '1.004.002', '102', '', 'doccenter/file/page.html', null, '0', null, '0', null, b'1', b'0', '1', null, '2016-09-25 20:22:15', '0', '2016-09-25 20:22:15', '0', null, b'0'), ('105', '2', '1.005', '1', '', null, null, 'fa fa-lg fa-fw fa-database', null, '5000', null, b'1', b'0', '1', null, '2016-09-25 20:26:52', '0', '2016-09-25 20:26:52', '0', null, b'0'), ('106', '2', '1.006', '1', '', null, null, 'fa fa-lg fa-fw fa-long-arrow-right', null, '6000', null, b'1', b'0', '1', null, '2016-09-25 20:27:03', '0', '2016-09-25 20:27:03', '0', null, b'0'), ('107', '2', '1.007', '1', '', null, null, 'fa fa-lg fa-fw fa-gear', null, '9000', null, b'1', b'0', '1', null, '2016-09-25 20:28:10', '0', '2016-09-25 20:28:10', '0', null, b'0'), ('108', '2', '1.007.001', '107', '', 'system/org/page.html', null, '0', null, '1000', null, b'1', b'0', '1', null, '2016-09-25 20:28:45', '0', '2016-09-25 20:28:45', '0', null, b'0'), ('109', '2', '1.007.002', '107', '', 'system/user/page.html', null, '0', null, '0', null, b'1', b'0', '1', null, '2016-09-25 20:30:17', '0', '2016-09-25 20:30:17', '0', null, b'0'), ('110', '2', '1.007.003', '107', '', 'system/role/page.html', null, '0', null, '0', null, b'1', b'0', '1', null, '2016-09-25 20:31:08', '0', '2016-09-25 20:31:08', '0', null, b'0'), ('111', '2', '1.006.001', '106', '', 'wf/def/page.html', null, '0', null, '0', null, b'1', b'0', '1', null, '2016-09-26 15:59:00', '0', '2016-09-26 15:59:00', '0', null, b'0'), ('112', '2', '1.006.002', '106', '', 'wf/task/page.html', null, '0', null, '0', null, b'1', b'0', '1', null, '2016-09-26 16:00:20', '0', '2016-09-26 16:00:20', '0', null, b'0'), ('113', '2', '1.007', '1', '', '#', null, 'fa fa-lg fa-fw fa-medkit', '', '7000', b'1', b'1', b'0', '1', null, '2016-10-17 05:25:16', '1', '2016-10-17 05:25:16', '1', null, b'0'), ('114', '2', '1.007.001', '113', 'MedDRA', null, null, 'fa fa-lg fa-fw fa-cubes', '', '1000', b'1', b'1', b'0', '1', null, '2016-10-17 05:27:29', '1', '2016-10-17 05:27:29', '1', null, b'0'), ('115', '2', '1.001.003', '2', '', 'dashboard/map.html', null, 'fa fa-lg fa-fw fa-map-marker', '', '3000', b'1', b'1', b'0', '1', null, '2016-10-17 05:40:32', '1', '2016-10-17 05:40:32', '1', null, b'0'), ('116', '2', '1.005.001', '105', '', '#', null, 'fa fa-lg fa-fw fa-book', '', '0', b'1', b'1', b'0', '1', null, '2016-10-25 13:45:06', '0', '2016-10-25 13:45:06', '0', null, b'0'), ('117', '2', '1.005.002', '105', '', 'auditdb/templet/page.html', null, 'fa fa-lg fa-fw fa-list-alt', '', '0', b'1', b'1', b'0', '1', null, '2016-10-25 13:45:25', '0', '2016-10-25 13:45:25', '0', null, b'0'), ('118', '2', '1.005.001.001', '116', '', 'auditdb/chkitem/page.html', null, '', '', '0', b'1', b'1', b'0', '1', null, '2016-10-27 09:50:02', '0', '2016-10-27 09:50:02', '0', null, b'0'), ('119', '2', '1.005.001.002', '116', '', 'auditdb/chkstep/page.html', null, '', '', '0', b'1', b'1', b'0', '1', null, '2016-10-27 09:50:28', '0', '2016-10-27 09:50:28', '0', null, b'0'), ('120', '2', '1.003.001', '4', '', 'project/wf/new', null, '', '', '1000', b'1', b'1', b'0', '1', null, '2016-11-16 16:23:02', '0', '2016-11-16 16:23:02', '0', null, b'0'), ('121', '2', '1.003.002', '4', '', 'project/wf/start', null, '', '', '2000', b'1', b'1', b'0', '1', null, '2016-11-16 16:24:29', '0', '2016-11-16 16:24:29', '0', null, b'0');
COMMIT;

-- ----------------------------
--  Table structure for `jc_sys_org`
-- ----------------------------
DROP TABLE IF EXISTS `jc_sys_org`;
CREATE TABLE `jc_sys_org` (
  `id` bigint(64) unsigned NOT NULL AUTO_INCREMENT COMMENT '',
  `TENANTID` bigint(64) unsigned DEFAULT NULL COMMENT 'ID',
  `CASCADE_ID` varchar(255) NOT NULL DEFAULT '' COMMENT 'ID',
  `F_DELETED` bit(1) DEFAULT b'0',
  `PID` bigint(64) unsigned NOT NULL COMMENT '',
  `NAME` varchar(255) NOT NULL DEFAULT '' COMMENT '',
  `CONTACT_NAME` varchar(20) DEFAULT NULL,
  `CONTACT_TEL` varchar(20) DEFAULT NULL,
  `CONTACT_EMAIL` varchar(64) DEFAULT NULL,
  `RES_TYPE` int(1) unsigned DEFAULT NULL,
  `RES_ICON` varchar(255) DEFAULT '' COMMENT '',
  `RES_WEIGHT` int(10) unsigned DEFAULT '0' COMMENT '',
  `IS_SHOW` bit(1) DEFAULT b'1',
  `IS_FOLDER` bit(1) DEFAULT b'1' COMMENT '',
  `IS_AUTO_EXPAND` bit(1) DEFAULT b'0' COMMENT '',
  `STATUS` smallint(255) DEFAULT '1' COMMENT '',
  `IDENTITY` varchar(255) DEFAULT NULL COMMENT '',
  `CREATETIME` datetime NOT NULL DEFAULT CURRENT_TIMESTAMP COMMENT '',
  `CREATERID` bigint(64) unsigned NOT NULL DEFAULT '1' COMMENT 'ID',
  `UPDATETIME` datetime NOT NULL DEFAULT CURRENT_TIMESTAMP,
  `UPDATERID` bigint(64) unsigned NOT NULL DEFAULT '1',
  `CUSTOM_CODE` varchar(4000) DEFAULT NULL COMMENT '',
  `RES_ICON_EXT` varchar(255) DEFAULT '',
  PRIMARY KEY (`id`)
) ENGINE=InnoDB AUTO_INCREMENT=78 DEFAULT CHARSET=utf8 ROW_FORMAT=COMPACT COMMENT='';

-- ----------------------------
--  Records of `jc_sys_org`
-- ----------------------------
BEGIN;
INSERT INTO `jc_sys_org` VALUES ('1', '1', '0', b'0', '1', '', null, '13920888888', 'realtest@google.com', '8', '', '0', null, b'1', b'0', '1', null, '2016-08-30 15:26:54', '1', '2016-08-30 15:26:54', '1', null, null), ('2', '3', '1', b'0', '1', 'ROOT', null, '13920888888', 'realtest@google.com', '8', '1', '1', null, b'1', b'1', '1', '1', '2016-08-30 15:33:36', '1', '2016-08-30 15:33:36', '1', '1', null), ('3', '2', '1.001', b'0', '2', '', '1', '13920888888', 'realtest@google.com', '9', '0', '100', null, b'1', b'0', '1', null, '2016-08-30 15:34:44', '1', '2016-10-01 09:45:43', '6', null, null), ('4', '4', '1.002', b'0', '2', '', 'aaaaa', '1392-088-8881', 'realtest@google.com', '9', '', '999', null, b'1', b'0', '1', null, '2016-09-03 11:21:07', '1', '2016-10-07 16:04:14', '6', null, null), ('5', '5', '1.003', b'0', '2', '', null, '13920888888', 'realtest@google.com', '9', '', '200', null, b'1', b'0', '1', null, '2016-09-03 11:32:36', '1', '2016-09-03 11:32:36', '1', null, null), ('6', '6', '1.002.001', b'0', '4', '', null, '13920888888', 'realtest@google.com', '1', '', '0', null, b'1', b'0', '1', null, '2016-09-03 11:33:36', '1', '2016-09-03 11:33:36', '1', null, null), ('30', '2', '1.001.001', b'0', '3', '', '3', '1392-088-8888', 'realtest@google.com', '1', null, '200', b'0', b'1', b'0', '1', '', '2016-09-04 16:50:15', '6', '2016-10-07 22:19:52', '116', '', null), ('31', '2', '1.004', b'0', '2', '', '1', '1382-088-8888', 'a@b.com', '0', null, null, b'0', b'1', b'0', '1', '', '2016-10-07 13:34:00', '6', '2016-10-09 04:40:26', '6', '', null), ('58', null, '1.001.002', b'0', '3', '', '', '13920234616', 'a@b', '0', null, null, null, b'1', null, '0', '', '2016-10-17 06:17:11', '6', '2016-10-17 06:17:11', '6', '', null), ('59', null, '1.001.003', b'0', '3', '', '', '13920234616', 'a@b', '0', null, null, null, b'1', null, '0', '', '2016-10-17 06:17:30', '6', '2016-10-17 06:17:30', '6', '', null), ('60', null, '1.001.004', b'0', '3', '', '', '13920234616', 'a@b', '0', null, null, null, b'1', null, '0', '', '2016-10-17 06:17:36', '6', '2016-10-17 06:17:36', '6', '', null), ('61', null, '1.004.001', b'0', '31', 'test20161018', 'aaa', '13911111111', 'a@b', '0', null, null, null, b'1', null, '0', '', '2016-10-18 14:21:16', '6', '2016-10-18 14:21:16', '6', '', null), ('62', null, '1.004.001.001', b'1', '61', '11aabccddee', '333', '13920234616', 'a@b', '0', null, null, null, b'1', null, '0', '', '2016-10-18 14:25:38', '6', '2016-10-18 22:32:30', '6', '', null), ('63', null, '1.004.001.002', b'0', '61', '222', '111', '13911111111', 'ab@b', '0', null, null, null, b'1', null, '0', '', '2016-10-18 16:30:44', '6', '2016-10-18 16:30:44', '6', '', null), ('64', null, '1.004.001.003', b'0', '61', '333_3', '3333444', '13911111111', 'ab@b', '0', null, null, null, b'1', null, '0', '', '2016-10-18 16:31:01', '6', '2016-10-18 16:48:23', '6', '', null), ('65', null, '1.004.001.004', b'0', '61', '4444', '4444', '13911111111', 'ab@b', '0', null, null, null, b'1', null, '0', '', '2016-10-18 16:31:15', '6', '2016-10-18 16:31:15', '6', '', null), ('66', null, '1.004.001.005', b'0', '61', '555', '55', '13911111111', '5@b', '0', null, null, null, b'1', null, '0', '', '2016-10-18 16:33:02', '6', '2016-10-18 16:33:02', '6', '', null), ('67', null, '1.004.001.006', b'0', '61', '2222', '11', '13091111111', 'A@b', '0', null, null, null, b'1', null, '0', '', '2016-10-18 16:33:53', '6', '2016-10-18 16:33:53', '6', '', null), ('68', null, '1.004.001.007', b'0', '61', '22222', '22', '13011111111', '2@b', '0', null, null, null, b'1', null, '0', '', '2016-10-18 16:35:01', '6', '2016-10-18 16:35:01', '6', '', null), ('69', null, '1.004.001.008', b'0', '61', 'a22', '2222', '13911111111', 'a@b', '0', null, null, null, b'1', null, '0', '', '2016-10-18 16:39:10', '6', '2016-10-18 22:28:09', '6', '', null), ('70', null, '1.004.001.001.001', b'1', '62', 'aaa', 'aa', '13011111111', 'a@b', '0', null, null, null, b'1', null, '0', '', '2016-10-18 16:41:26', '6', '2016-10-18 16:41:26', '6', '', null), ('71', null, '1.004.001.010', b'0', '61', '2222222', '111', '13000000000', 'a@b', '0', null, null, null, b'1', null, '0', '', '2016-10-19 09:25:11', '6', '2016-10-19 09:25:11', '6', '', null), ('72', null, '1.004.012', b'1', '31', 'test20161020', '', '13000000000', 'a@b', '0', null, null, null, b'1', null, '0', '', '2016-10-20 13:32:51', '6', '2016-10-20 13:32:51', '6', '', null), ('73', null, '1.004.012.001', b'0', '72', 'test1', 'test1', '13011111111', 'a@b', '0', null, null, null, b'1', null, '0', '', '2016-10-20 14:13:42', '6', '2016-10-20 14:13:42', '6', '', null), ('74', null, '1.004.012.002', b'1', '72', 'test02', 'test02a', '13011111111', 'a@b', '0', null, null, null, b'1', null, '0', '', '2016-10-20 14:25:58', '6', '2016-10-20 14:29:31', '6', '', null), ('75', null, '1.004.012.003', b'0', '72', 'test03', 'test03a', '13000000003', 'a@b', '0', null, null, null, b'1', null, '0', '', '2016-10-20 14:27:59', '6', '2016-10-20 14:32:52', '6', '', null), ('76', null, '1.004.016', b'0', '31', 'test20161021', 'test', '13000000000', 'a@b', '0', null, null, null, b'1', null, '0', '', '2016-10-21 16:24:14', '6', '2016-10-21 16:24:14', '6', '', null), ('77', null, '1.004.017', b'0', '31', 'test20161022', '', '13000000001', 'a@b', '0', null, null, null, b'1', null, '0', '', '2016-10-22 12:36:54', '6', '2016-10-22 12:37:41', '6', '', null);
COMMIT;

-- ----------------------------
--  Table structure for `jc_sys_org2`
-- ----------------------------
DROP TABLE IF EXISTS `jc_sys_org2`;
CREATE TABLE `jc_sys_org2` (
  `id` bigint(64) unsigned NOT NULL AUTO_INCREMENT COMMENT '',
  `CASCADE_ID` varchar(255) NOT NULL COMMENT 'ID',
  `PID` bigint(64) unsigned DEFAULT NULL COMMENT '',
  `NAME` varchar(255) NOT NULL COMMENT '',
  `URI` varchar(512) DEFAULT NULL COMMENT 'URLmo',
  `HOTKEY` varchar(255) DEFAULT NULL COMMENT '',
  `RES_ICON` varchar(255) DEFAULT '0' COMMENT '',
  `RES_WEIGHT` int(10) unsigned DEFAULT '0' COMMENT '',
  `IS_SHOW` bit(1) DEFAULT NULL,
  `IS_FOLDER` varchar(255) DEFAULT '1' COMMENT '',
  `IS_AUTO_EXPAND` varchar(255) DEFAULT '0' COMMENT '',
  `STATUS` smallint(255) DEFAULT '1' COMMENT '',
  `IDENTITY` varchar(255) DEFAULT NULL COMMENT '',
  `CREATETIME` datetime NOT NULL COMMENT '',
  `CREATERID` bigint(64) unsigned NOT NULL COMMENT 'ID',
  `UPDATETIME` datetime NOT NULL,
  `UPDATERID` bigint(64) unsigned NOT NULL,
  `CUSTOM_CODE` varchar(4000) DEFAULT NULL COMMENT '',
  PRIMARY KEY (`id`)
) ENGINE=InnoDB AUTO_INCREMENT=100 DEFAULT CHARSET=utf8 ROW_FORMAT=COMPACT COMMENT='';

-- ----------------------------
--  Records of `jc_sys_org2`
-- ----------------------------
BEGIN;
INSERT INTO `jc_sys_org2` VALUES ('1', '1', '99', '', null, null, null, null, b'1', '1', '1', '1', '', '2016-07-07 10:34:50', '1', '2016-07-07 10:34:50', '1', ''), ('2', '1.001', '1', 'SOP', null, null, null, '1000', b'1', '1', '1', '1', '', '2016-07-07 10:45:23', '1', '2016-07-07 10:45:23', '1', ''), ('3', '1.002', '1', '', null, null, null, '3000', b'1', '1', '1', '1', '', '2016-07-07 14:24:05', '1', '2016-07-07 14:24:05', '1', ''), ('4', '1.003', '1', '', null, null, '0', '2000', b'1', '1', '1', '1', null, '2016-07-19 15:52:21', '1', '2016-07-19 15:52:26', '1', null), ('5', '1.004', '1', '', '', '', '0', '4000', b'1', '1', '1', '1', '', '2016-07-19 15:55:06', '1', '2016-07-19 15:55:13', '1', ''), ('6', '1.002.0000001', '3', 'Real_1', null, null, '0', '1000', b'1', '0', '0', '1', 'test', '2016-07-19 15:56:23', '1', '2016-07-19 15:56:25', '1', null), ('7', '1.002.0000002', '3', 'Real_Tue Jul 19 16:00:53 CST 2016', null, null, null, '3000', b'1', '0', '0', '1', 'test', '2016-07-19 16:00:53', '3', '2016-07-19 16:00:53', '3', ''), ('8', '1.002.0000003', '3', 'Real_Tue Jul 19 16:01:06 CST 2016', null, null, null, '2000', b'1', '0', '0', '1', 'test', '2016-07-19 16:01:06', '3', '2016-07-19 16:01:06', '3', ''), ('9', '1.005', '1', '1', null, null, '0', '999', b'1', '1', '0', '1', null, '2016-07-19 16:32:18', '1', '2016-07-19 16:32:21', '1', null), ('10', '1.005.001', '9', '2', null, null, null, '1000', b'0', '1', '1', '1', '', '2016-07-19 16:35:35', '9', '2016-07-19 16:35:35', '9', ''), ('11', '1.005.001.001', '10', '3', null, null, null, '1000', b'0', '1', '1', '1', '', '2016-07-19 16:37:25', '10', '2016-07-19 16:37:25', '10', ''), ('12', '1.005.001.001.001', '11', '4', null, null, null, '1000', b'0', '1', '1', '1', '', '2016-07-19 16:39:44', '11', '2016-07-19 16:39:44', '11', ''), ('13', '1.005.001.001.001.0000001', '12', '1', null, null, null, '1000', b'0', '0', '1', '1', '', '2016-07-19 16:50:52', '12', '2016-07-19 16:50:52', '12', ''), ('14', '1.005.001.001.001.0000001', '10', '3_002', null, null, null, '1000', b'0', '1', '1', '1', '', '2016-07-20 01:08:00', '1', '2016-07-20 01:08:00', '1', ''), ('15', '1.005.001.001.001.0000001', '10', '3_0033', null, null, null, '1000', b'0', '1', '1', '1', '', '2016-07-20 01:13:42', '1', '2016-07-20 01:13:42', '1', ''), ('16', '1.005.001.001.001.0000001', '12', '5test', null, null, null, '1000', b'0', '1', '1', '1', '', '2016-07-20 01:14:02', '1', '2016-07-20 01:14:02', '1', ''), ('99', '0', '99', '', null, null, '0', '0', null, '1', '0', '1', null, '2016-07-19 16:14:19', '1', '2016-07-19 16:14:21', '1', null);
COMMIT;

-- ----------------------------
--  Table structure for `jc_sys_role`
-- ----------------------------
DROP TABLE IF EXISTS `jc_sys_role`;
CREATE TABLE `jc_sys_role` (
  `ID` bigint(64) unsigned NOT NULL AUTO_INCREMENT COMMENT ' ',
  `F_DELETED` bit(1) DEFAULT b'0',
  `ROLENAME` varchar(255) NOT NULL COMMENT '',
  `ROLESTATUS` tinyint(255) DEFAULT '1' COMMENT '',
  `ROLETYPE` tinyint(255) DEFAULT NULL COMMENT '',
  `MENUS` varchar(2000) DEFAULT NULL,
  `REALAUTHORITIES` varchar(2000) DEFAULT NULL,
  `CREATETIME` timestamp NULL DEFAULT CURRENT_TIMESTAMP ON UPDATE CURRENT_TIMESTAMP COMMENT '',
  `CREATERID` bigint(64) DEFAULT NULL COMMENT 'ID',
  `UPDATETIME` datetime DEFAULT NULL,
  `UPDATERID` bigint(64) DEFAULT NULL,
  `ORGID` bigint(64) DEFAULT NULL,
  `CUSTOM_CODE` varchar(4000) DEFAULT NULL,
  `STATUS` tinyint(255) DEFAULT NULL,
  PRIMARY KEY (`ID`)
) ENGINE=InnoDB AUTO_INCREMENT=65 DEFAULT CHARSET=utf8 ROW_FORMAT=COMPACT COMMENT='';

-- ----------------------------
--  Records of `jc_sys_role`
-- ----------------------------
BEGIN;
INSERT INTO `jc_sys_role` VALUES ('1', b'0', '1', '1', '1', '2,100,106', 'test,test2', '2016-10-10 15:50:17', null, null, null, '3', null, '1'), ('2', b'0', '2', '1', '1', null, null, '2016-10-10 15:50:17', null, null, null, '3', null, '1'), ('3', b'0', '3', '1', '1', null, null, '2016-10-10 15:50:18', null, null, null, '3', null, '1'), ('4', b'0', '4', '1', '1', null, null, '2016-10-10 15:50:19', null, null, null, '3', null, '1'), ('5', b'0', '5cd', '1', '1', null, null, '2016-10-10 15:50:19', null, '2016-10-18 06:15:40', '6', '31', null, '1'), ('6', b'0', '', '1', '1', null, 'superadmin', '2016-10-27 09:45:09', null, null, null, '3', null, '1'), ('7', b'0', '', '1', '1', '2,100,102,103,104,107,108,109,110,106,115,120,121', 'Org-r,Org-c,Role-a,User-a,DocRes-a,DocFileRes-a', '2016-11-16 16:28:41', null, null, null, '30', null, '1'), ('37', b'0', '', null, null, null, null, '2016-10-17 06:24:54', '6', '2016-10-17 06:24:54', '6', '58', '', '0'), ('38', b'1', '', null, null, null, null, '2016-10-17 06:25:00', '6', '2016-10-17 06:25:00', '6', '58', '', '0'), ('39', b'0', '', null, null, null, null, '2016-10-17 06:25:53', '6', '2016-10-17 06:25:53', '6', '59', '', '0'), ('40', b'0', '', null, null, null, null, '2016-10-17 06:26:09', '6', '2016-10-17 06:26:09', '6', '60', '', '0'), ('41', b'0', '', null, null, null, null, '2016-10-17 06:28:39', '6', '2016-10-17 06:28:39', '6', '58', '', '0'), ('42', b'0', '', null, null, null, null, '2016-10-17 06:31:19', '6', '2016-10-17 06:31:19', '6', '59', '', '0'), ('43', b'0', '', null, null, null, null, '2016-10-17 06:38:24', '6', '2016-10-17 06:38:24', '6', '60', '', '0'), ('44', b'0', '', null, null, null, null, '2016-10-17 06:39:02', '6', '2016-10-17 06:39:02', '6', '30', '', '0'), ('45', b'0', 'rrr', null, null, null, null, '2016-10-19 00:56:10', '6', '2016-10-19 17:17:32', '6', '31', '', '0'), ('46', b'1', 'aaa2', null, null, null, null, '2016-10-19 00:56:43', '6', '2016-10-19 00:57:41', '6', '61', '', '0'), ('47', b'0', 'aaaaa', null, null, null, null, '2016-10-19 00:57:21', '6', '2016-10-19 17:20:45', '6', '61', '', '0'), ('48', b'0', 'bbb23', null, null, null, null, '2016-10-19 00:58:26', '6', '2016-10-20 12:31:30', '6', '61', '', '0'), ('49', b'0', 'ccc2', null, null, null, null, '2016-10-19 00:59:45', '6', '2016-10-19 17:15:55', '6', '61', '', '0'), ('50', b'0', 'ddd', null, null, null, null, '2016-10-19 09:42:35', '6', '2016-10-19 09:42:35', '6', '61', '', '0'), ('51', b'1', 'eee333', null, null, null, null, '2016-10-19 09:48:14', '6', '2016-10-19 17:15:23', '6', '61', '', '0'), ('52', b'1', 'ffff22', null, null, null, null, '2016-10-19 09:48:29', '6', '2016-10-19 10:07:45', '6', '61', '', '0'), ('53', b'0', 'ggg', null, null, null, null, '2016-10-19 10:01:09', '6', '2016-10-19 10:01:09', '6', '61', '', '0'), ('54', b'1', '22', null, null, null, null, '2016-10-19 10:05:23', '6', '2016-10-19 10:05:39', '6', '61', '', '0'), ('55', b'0', 'a11', null, null, null, null, '2016-10-20 13:31:39', '6', '2016-10-20 13:31:39', '6', '31', '', '0'), ('56', b'0', 'a111', null, null, null, null, '2016-10-20 13:31:43', '6', '2016-10-20 13:31:43', '6', '31', '', '0'), ('57', b'0', 'a111111', null, null, null, null, '2016-10-20 13:31:51', '6', '2016-10-20 13:31:51', '6', '31', '', '0'), ('58', b'0', '', null, null, null, null, '2016-10-20 13:33:12', '6', '2016-10-20 13:33:12', '6', '72', '', '0'), ('59', b'1', 'a111', null, null, null, null, '2016-10-20 13:33:21', '6', '2016-10-20 13:40:22', '6', '72', '', '0'), ('60', b'1', 'a112', null, null, null, null, '2016-10-20 13:33:28', '6', '2016-10-20 13:33:28', '6', '72', '', '0'), ('61', b'0', 'a111', null, null, null, null, '2016-10-20 13:43:16', '6', '2016-10-20 13:56:33', '6', '72', '', '0'), ('62', b'1', 'a222', null, null, null, null, '2016-10-20 13:56:17', '6', '2016-10-20 13:56:22', '6', '72', '', '0'), ('63', b'0', 'testtest4', null, null, null, null, '2016-10-21 16:24:33', '6', '2016-10-21 16:27:21', '6', '76', '', '0'), ('64', b'1', 'test2', null, null, null, null, '2016-10-22 12:39:14', '6', '2016-10-22 12:39:26', '6', '77', '', '0');
COMMIT;

-- ----------------------------
--  Table structure for `jc_sys_tenant`
-- ----------------------------
DROP TABLE IF EXISTS `jc_sys_tenant`;
CREATE TABLE `jc_sys_tenant` (
  `id` bigint(64) unsigned NOT NULL AUTO_INCREMENT COMMENT '',
  `NAME` varchar(255) NOT NULL DEFAULT '' COMMENT '',
  `CONTACT_NAME` varchar(20) DEFAULT NULL,
  `CONTACT_TEL` varchar(20) DEFAULT NULL,
  `RES_ICON` varchar(255) DEFAULT '' COMMENT '',
  `RES_WEIGHT` int(10) unsigned DEFAULT '0' COMMENT '',
  `IS_SHOW` bit(1) DEFAULT NULL,
  `STATUS` smallint(255) DEFAULT '1' COMMENT '',
  `IDENTITY` varchar(255) DEFAULT NULL COMMENT '',
  `CREATETIME` datetime NOT NULL DEFAULT CURRENT_TIMESTAMP COMMENT '',
  `CREATERID` bigint(64) unsigned NOT NULL DEFAULT '1' COMMENT 'ID',
  `UPDATETIME` datetime NOT NULL DEFAULT CURRENT_TIMESTAMP,
  `UPDATERID` bigint(64) unsigned NOT NULL DEFAULT '1',
  `CUSTOM_CODE` varchar(4000) DEFAULT NULL COMMENT '',
  `F_DELETED` bit(1) DEFAULT b'0',
  PRIMARY KEY (`id`)
) ENGINE=InnoDB AUTO_INCREMENT=4 DEFAULT CHARSET=utf8 ROW_FORMAT=COMPACT COMMENT='';

-- ----------------------------
--  Records of `jc_sys_tenant`
-- ----------------------------
BEGIN;
INSERT INTO `jc_sys_tenant` VALUES ('1', 'ROOT', null, null, '', '0', null, '1', null, '2016-08-30 15:26:54', '1', '2016-08-30 15:26:54', '1', null, null), ('2', '', '', '13988888888', '1', '1', b'1', '1', '1', '2016-08-30 15:33:36', '1', '2016-08-30 15:33:36', '1', '1', null), ('3', 'realadmin', 'XudongLiu', '13920234616', '1', '1', b'1', '1', null, '2016-10-05 09:16:57', '1', '2016-10-05 09:16:57', '1', '1', b'0');
COMMIT;

-- ----------------------------
--  Table structure for `jc_sys_user`
-- ----------------------------
DROP TABLE IF EXISTS `jc_sys_user`;
CREATE TABLE `jc_sys_user` (
  `ID` bigint(64) unsigned NOT NULL AUTO_INCREMENT COMMENT '',
  `TENANTID` bigint(64) unsigned DEFAULT NULL COMMENT '',
  `ORGID` bigint(64) DEFAULT NULL COMMENT '',
  `ORGCASID` varchar(255) DEFAULT NULL COMMENT 'ID',
  `USERNAME` varchar(64) NOT NULL COMMENT '',
  `PASSWORD` varchar(255) NOT NULL COMMENT '',
  `NICKNAME` varchar(64) NOT NULL COMMENT '',
  `SEX` char(1) DEFAULT NULL COMMENT '',
  `AGE` tinyint(11) DEFAULT NULL,
  `EMAIL` varchar(64) DEFAULT NULL,
  `R_TOUXIANG` char(64) DEFAULT NULL COMMENT '',
  `STATUS` tinyint(255) DEFAULT NULL COMMENT '',
  `USERTYPE` tinyint(255) DEFAULT NULL COMMENT '',
  `CREATETIME` datetime DEFAULT CURRENT_TIMESTAMP COMMENT ' ',
  `CREATERID` bigint(64) DEFAULT NULL COMMENT '',
  `F_DELETED` bit(1) DEFAULT b'0' COMMENT '',
  `USERSALT` varchar(255) DEFAULT NULL,
  `UPDATETIME` datetime DEFAULT CURRENT_TIMESTAMP,
  `UPDATERID` bigint(64) DEFAULT NULL,
  `CUSTOM_CODE` varchar(4000) DEFAULT NULL,
  `ROLENAMES` varchar(2000) DEFAULT NULL,
  PRIMARY KEY (`ID`),
  UNIQUE KEY `username` (`USERNAME`)
) ENGINE=InnoDB AUTO_INCREMENT=177 DEFAULT CHARSET=utf8 ROW_FORMAT=COMPACT COMMENT='';

-- ----------------------------
--  Records of `jc_sys_user`
-- ----------------------------
BEGIN;
INSERT INTO `jc_sys_user` VALUES ('6', '3', '2', '1', 'realaicy', '$2a$10$S0VNeCzoga/wUkHUjCND4OYZY/2HnWI8TGB2wAo5AaL6L0Xdl.U5u', '', '1', '100', 'testonly@realaicy.com', null, '1', '1', '2016-08-25 10:25:46', null, b'0', null, '2016-01-01 08:08:08', null, null, ''), ('116', '2', '30', '1.001.001', 'wym', '$2a$10$S0VNeCzoga/wUkHUjCND4OYZY/2HnWI8TGB2wAo5AaL6L0Xdl.U5u', '', '2', '0', 'wym@126.com', '', '0', '0', '2016-09-25 22:06:41', '6', b'0', null, '2016-09-25 22:06:41', '6', null, ''), ('156', null, '31', '1.004', 'testpass', '$2a$10$S0VNeCzoga/wUkHUjCND4OYZY/2HnWI8TGB2wAo5AaL6L0Xdl.U5u', 'testpass', '\0', '0', 'a@b', '', '0', '0', '2016-10-17 10:07:23', '6', b'1', null, '2016-10-17 14:14:48', '6', '', null), ('157', null, '59', '1.001.003', '', '$2a$10$U.Bon.Yew8MfpR3KF2x34u.PEccr4/x2fG0aMhkKAGkuNuMQeYDg.', 'a', '1', '0', 'a@b', '', '0', '0', '2016-10-17 13:32:51', '6', b'0', null, '2016-10-17 13:32:51', '6', '', null), ('158', null, '3', '1.001', '', '$2a$10$OCig4jNdn1AiTSt9Tz7Yo.uNp5erxVv2neWq3llTSlt8pozVQNhR2', '', '\0', '0', 'a@b', '', '0', '0', '2016-10-17 14:12:01', '6', b'0', null, '2016-10-17 14:12:01', '6', '', null), ('159', null, '3', '1.001', '', '$2a$10$xLq1H47lJ6P/2B8ha6Kfg.ojwGCOrnYpNfoUzlIZ/6NxPztY/FW7O', '', '\0', '0', 'a@b', '', '0', '0', '2016-10-17 14:14:16', '6', b'0', null, '2016-10-17 14:14:16', '6', '', null), ('160', null, '31', '1.004', 'aaa', '$2a$10$Ga/PXPVQXDVtOfGA/g1UfOluGsehVOJauiB.ILm.FZVZ5OVByB5Yu', 'ccc', '\0', '0', 'a@b', '', '0', '0', '2016-10-17 14:15:59', '6', b'1', null, '2016-10-19 17:16:19', '6', '', null), ('161', null, '3', '1.001', 'aa', '$2a$10$LYHbkS3/c13Iccu/KC0nzeqXB9fZ0yGd3GnJT4lyedDN1JKYAUQ8e', '22266672', '\0', '0', 'a@b', '', '0', '0', '2016-10-17 14:16:27', '6', b'0', null, '2016-10-19 17:20:17', '6', '', null), ('162', null, '31', '1.004', 'bb', '$2a$10$9mNfnvpw2rhzacziOpTTGOi35/n3E82G8a8okadjxNquMCSRa/BTS', 'bbbb', '\0', '0', 'a@b', '', '0', '0', '2016-10-17 14:19:43', '6', b'0', null, '2016-10-17 14:20:10', '6', '', null), ('163', null, '31', '1.004', 'cc', '$2a$10$Or4BchGVu9HeydOTIwhHeuicS4x99FbsqflwyrrtwzNrvigFbBZ3i', 'cc', '\0', '0', 'a@b', '', '0', '0', '2016-10-17 14:21:07', '6', b'0', null, '2016-10-17 14:21:07', '6', '', null), ('164', null, '31', '1.004', 'ddd', '$2a$10$V2SbeWpaJXGcA/Y.DR3fre9rcsMRjGgdHxys4BT4C01mCtkdZOB9C', 'ddd22', '\0', '0', 'a@b', '', '0', '0', '2016-10-17 14:27:27', '6', b'0', null, '2016-10-17 14:27:36', '6', '', null), ('165', null, '31', '1.004', 'eee', '$2a$10$kjWthVtp8RDmPPDrcRT1hOIS5IMJ52xmMYCHTSKNil.sEyBphH0Dm', 'eee', '\0', '0', 'a@b', '', '0', '0', '2016-10-19 17:14:06', '6', b'0', null, '2016-10-19 17:14:06', '6', '', null), ('166', null, '31', '1.004', 'fff', '$2a$10$kJw25NHCMw7NlDMSaB7wuOYNnlc9nK8h2vkAbQHGTrvQdjjzNfPD.', 'fff2', '\0', '0', 'a@b', '', '0', '0', '2016-10-19 17:14:37', '6', b'0', null, '2016-10-19 17:14:48', '6', '', null), ('167', null, '31', '1.004', 'aa1', '$2a$10$m/mw20kFUD6/FI4Hu39Z7u02Bi.OtEwW5IpLiFVkiz.RaBw5rFs6O', 'aa222', '\0', '0', 'a@b', '', '0', '0', '2016-10-20 10:34:23', '6', b'0', null, '2016-10-20 13:34:31', '6', '', null), ('168', null, '31', '1.004', 'aa2', '$2a$10$zDSoaFbahZkqlzC.CmLcY.SmNXSpBUZehTyV0kTQPWkOOFWBImc9m', 'aa2', '\0', '0', 'a@b', '', '0', '0', '2016-10-20 10:59:55', '6', b'1', null, '2016-10-20 10:59:55', '6', '', null), ('169', null, '31', '1.004', 'aa3', '$2a$10$EgbxvFBfw/DoOda/sGjXAeJUfG6PpeVfpJw65U5LXHA3YAMlt96mW', 'aa3', '\0', '0', 'a@b', '', '0', '0', '2016-10-20 11:05:08', '6', b'1', null, '2016-10-20 11:30:31', '6', '', null), ('170', null, '31', '1.004', 'aa4', '$2a$10$itooNZwatVn7ijssTxAu0eZZdfVUYPh9LmNHkeYZTPXkK23aC59jO', 'aa4', '\0', '0', 'a@b', '', '0', '0', '2016-10-20 11:05:41', '6', b'1', null, '2016-10-20 11:05:41', '6', '', null), ('171', null, '31', '1.004', 'aa5', '$2a$10$Ky2FdZxegAZTlv/fqVW09.0aW.qXeZExtORjAVdzG9EtFaQBr3dM.', 'aa5', '\0', '0', 'a@b', '', '0', '0', '2016-10-20 11:29:46', '6', b'0', null, '2016-10-20 11:30:08', '6', '', null), ('172', null, '31', '1.004', 'aa6', '$2a$10$xNt69bVkajf7qR5e63JNkubJUeya9WBA8UU8GHCblPlwuQb4Avirq', 'aa6', '\0', '0', 'a@b', '', '0', '0', '2016-10-20 12:24:10', '6', b'0', null, '2016-10-20 12:24:10', '6', '', null), ('173', null, '30', '1.001.001', 'test1', '$2a$10$D2a4.be959OKPSUUdKfYvuBxzmJKCRfE2YWxpFYpyQ0KLPQCpEXl6', 'test12234', '\0', '0', 'a@b', '', '0', '0', '2016-10-20 12:35:49', '116', b'0', null, '2016-10-20 12:37:04', '116', '', ''), ('174', null, '72', '1.004.012', 'aaaa', '$2a$10$FSvyP7T1u.m8iy0vXmvF1OxImFXDq4J4oumZlpRwdkJwh47ErTOka', 'aaaaa', '\0', '0', 'a@b', '', '0', '0', '2016-10-20 13:56:54', '6', b'0', null, '2016-10-20 13:58:36', '6', '', 'a111'), ('175', null, '72', '1.004.012', '1020b', '$2a$10$vgCrRapFLIptxrWBVyUMKuyJ4fC4HBFuicwvSthAnlAIc6wnjRpT6', '1020c', '\0', '0', 'a@b', '', '0', '0', '2016-10-20 13:58:06', '6', b'1', null, '2016-10-20 13:58:20', '6', '', null), ('176', null, '77', '1.004.017', 'a', '$2a$10$Pvk1SPBc.dlGAy.qsLMeN.Lqzu3TpkmFks1vaErYDaU0aX.AcYFVC', 'aaaa', '\0', '0', 'a@b', '', '0', '0', '2016-10-22 12:39:51', '6', b'0', null, '2016-10-22 12:40:14', '6', '', null);
COMMIT;

-- ----------------------------
--  Table structure for `jc_sys_user_group`
-- ----------------------------
DROP TABLE IF EXISTS `jc_sys_user_group`;
CREATE TABLE `jc_sys_user_group` (
  `ID` bigint(64) unsigned NOT NULL AUTO_INCREMENT COMMENT '',
  `USERID` bigint(64) NOT NULL COMMENT '',
  `GROUPID` bigint(64) NOT NULL COMMENT '',
  `CREATERID` bigint(64) DEFAULT NULL,
  `CREATETIME` datetime DEFAULT NULL,
  `OPERATETIME` datetime DEFAULT NULL,
  `OPERATERID` bigint(64) DEFAULT NULL,
  PRIMARY KEY (`ID`),
  UNIQUE KEY `aos_sys_user_role_ukey` (`USERID`,`GROUPID`)
) ENGINE=InnoDB DEFAULT CHARSET=utf8 ROW_FORMAT=COMPACT COMMENT='-';

-- ----------------------------
--  Table structure for `jc_sys_user_role`
-- ----------------------------
DROP TABLE IF EXISTS `jc_sys_user_role`;
CREATE TABLE `jc_sys_user_role` (
  `ID` bigint(64) unsigned NOT NULL AUTO_INCREMENT COMMENT '',
  `USERID` bigint(64) NOT NULL COMMENT '',
  `ROLEID` bigint(64) NOT NULL COMMENT '',
  `CREATERID` bigint(64) DEFAULT NULL,
  `CREATETIME` datetime DEFAULT NULL,
  `OPERATETIME` datetime DEFAULT NULL,
  `OPERATERID` bigint(64) DEFAULT NULL,
  PRIMARY KEY (`ID`),
  UNIQUE KEY `aos_sys_user_role_ukey` (`USERID`,`ROLEID`)
) ENGINE=InnoDB AUTO_INCREMENT=40 DEFAULT CHARSET=utf8 ROW_FORMAT=COMPACT COMMENT='-';

-- ----------------------------
--  Records of `jc_sys_user_role`
-- ----------------------------
BEGIN;
INSERT INTO `jc_sys_user_role` VALUES ('1', '4', '4', null, null, null, null), ('15', '5', '3', null, null, null, null), ('16', '5', '4', null, null, null, null), ('17', '5', '5', null, null, null, null), ('18', '5', '2', null, null, null, null), ('19', '6', '6', null, null, null, null), ('37', '116', '7', null, null, null, null), ('38', '174', '61', null, null, null, null), ('39', '173', '44', null, null, null, null);
COMMIT;

-- ----------------------------
--  Table structure for `jc_sys_user_role_copy`
-- ----------------------------
DROP TABLE IF EXISTS `jc_sys_user_role_copy`;
CREATE TABLE `jc_sys_user_role_copy` (
  `ID` bigint(64) unsigned NOT NULL AUTO_INCREMENT COMMENT '',
  `USERID` bigint(64) NOT NULL COMMENT '',
  `ROLEID` bigint(64) NOT NULL COMMENT '',
  `CREATERID` bigint(64) DEFAULT NULL,
  `CREATETIME` datetime DEFAULT NULL,
  `OPERATETIME` datetime DEFAULT NULL,
  `OPERATERID` bigint(64) DEFAULT NULL,
  PRIMARY KEY (`ID`),
  UNIQUE KEY `aos_sys_user_role_ukey` (`USERID`,`ROLEID`)
) ENGINE=InnoDB DEFAULT CHARSET=utf8 ROW_FORMAT=COMPACT COMMENT='-';

-- ----------------------------
--  Table structure for `jc_sys_user_sec`
-- ----------------------------
DROP TABLE IF EXISTS `jc_sys_user_sec`;
CREATE TABLE `jc_sys_user_sec` (
  `ID` bigint(64) unsigned NOT NULL AUTO_INCREMENT COMMENT '',
  `TENANTID` bigint(64) unsigned DEFAULT NULL COMMENT '',
  `ORGID` bigint(64) unsigned DEFAULT NULL,
  `ORGCASID` varchar(255) DEFAULT NULL,
  `USERNAME` varchar(64) DEFAULT NULL COMMENT '',
  `PASSWORD` varchar(255) DEFAULT NULL COMMENT '',
  `NICKNAME` varchar(64) DEFAULT NULL,
  `ACCOUNTNONEXPIRED` char(1) DEFAULT NULL COMMENT '',
  `ACCOUNTNONLOCKED` char(1) DEFAULT NULL COMMENT '',
  `CREDENTIALSNONEXPIRED` char(1) DEFAULT NULL COMMENT '',
  `ENABLED` char(1) DEFAULT NULL COMMENT '',
  `CREATETIME` timestamp NULL DEFAULT NULL,
  `CREATERID` bigint(64) DEFAULT NULL,
  `UPDATETIME` timestamp NULL DEFAULT NULL,
  `UPDATERID` bigint(64) DEFAULT NULL,
  `F_DELETED` bit(1) DEFAULT b'0',
  `CUSTOM_CODE` varchar(4000) DEFAULT NULL,
  `STATUS` tinyint(255) DEFAULT NULL,
  PRIMARY KEY (`ID`)
) ENGINE=InnoDB AUTO_INCREMENT=144 DEFAULT CHARSET=utf8 ROW_FORMAT=COMPACT COMMENT='';

-- ----------------------------
--  Records of `jc_sys_user_sec`
-- ----------------------------
BEGIN;
INSERT INTO `jc_sys_user_sec` VALUES ('6', '3', '2', '1', 'realaicy', '$2a$10$S0VNeCzoga/wUkHUjCND4OYZY/2HnWI8TGB2wAo5AaL6L0Xdl.U5u', '', '1', '1', '1', '1', null, null, null, null, b'0', null, '1'), ('116', '2', '30', '1.001.001', 'wym', '$2a$10$S0VNeCzoga/wUkHUjCND4OYZY/2HnWI8TGB2wAo5AaL6L0Xdl.U5u', '', '1', '1', '1', '1', '2016-09-25 22:06:41', '6', '2016-09-25 22:06:41', '6', b'0', null, '1'), ('123', null, '31', null, 'testpass', '$2a$10$S0VNeCzoga/wUkHUjCND4OYZY/2HnWI8TGB2wAo5AaL6L0Xdl.U5u', 'testpass', '1', '1', '1', '1', null, null, null, null, b'0', '', '0'), ('124', null, '59', null, '', '$2a$10$U.Bon.Yew8MfpR3KF2x34u.PEccr4/x2fG0aMhkKAGkuNuMQeYDg.', 'a', '1', '1', '1', '1', null, null, null, null, b'0', '', '0'), ('125', null, '3', null, '', '$2a$10$OCig4jNdn1AiTSt9Tz7Yo.uNp5erxVv2neWq3llTSlt8pozVQNhR2', '', '1', '1', '1', '1', null, null, null, null, b'0', '', '0'), ('126', null, '3', null, '', '$2a$10$xLq1H47lJ6P/2B8ha6Kfg.ojwGCOrnYpNfoUzlIZ/6NxPztY/FW7O', '', '1', '1', '1', '1', null, null, null, null, b'0', '', '0'), ('127', null, '31', null, 'aaa', '$2a$10$Ga/PXPVQXDVtOfGA/g1UfOluGsehVOJauiB.ILm.FZVZ5OVByB5Yu', 'aaa', '1', '1', '1', '1', null, null, null, null, b'0', '', '0'), ('128', null, '3', null, 'aa', '$2a$10$LYHbkS3/c13Iccu/KC0nzeqXB9fZ0yGd3GnJT4lyedDN1JKYAUQ8e', '111', '1', '1', '1', '1', null, null, null, null, b'0', '', '0'), ('129', null, '31', null, 'bb', '$2a$10$9mNfnvpw2rhzacziOpTTGOi35/n3E82G8a8okadjxNquMCSRa/BTS', 'bb', '1', '1', '1', '1', null, null, null, null, b'0', '', '0'), ('130', null, '31', null, 'cc', '$2a$10$Or4BchGVu9HeydOTIwhHeuicS4x99FbsqflwyrrtwzNrvigFbBZ3i', 'cc', '1', '1', '1', '1', null, null, null, null, b'0', '', '0'), ('131', null, '31', null, 'ddd', '$2a$10$V2SbeWpaJXGcA/Y.DR3fre9rcsMRjGgdHxys4BT4C01mCtkdZOB9C', 'ddd', '1', '1', '1', '1', null, null, null, null, b'0', '', '0'), ('132', null, '31', null, 'eee', '$2a$10$kjWthVtp8RDmPPDrcRT1hOIS5IMJ52xmMYCHTSKNil.sEyBphH0Dm', 'eee', '1', '1', '1', '1', null, null, null, null, b'0', '', '0'), ('133', null, '31', null, 'fff', '$2a$10$kJw25NHCMw7NlDMSaB7wuOYNnlc9nK8h2vkAbQHGTrvQdjjzNfPD.', 'fff', '1', '1', '1', '1', null, null, null, null, b'0', '', '0'), ('134', null, '31', null, 'aa1', '$2a$10$m/mw20kFUD6/FI4Hu39Z7u02Bi.OtEwW5IpLiFVkiz.RaBw5rFs6O', 'aa1', '1', '1', '1', '1', null, null, null, null, b'0', '', '0'), ('135', null, '31', null, 'aa2', '$2a$10$zDSoaFbahZkqlzC.CmLcY.SmNXSpBUZehTyV0kTQPWkOOFWBImc9m', 'aa2', '1', '1', '1', '1', null, null, null, null, b'0', '', '0'), ('136', null, '31', null, 'aa3', '$2a$10$EgbxvFBfw/DoOda/sGjXAeJUfG6PpeVfpJw65U5LXHA3YAMlt96mW', 'aa3', '1', '1', '1', '1', null, null, null, null, b'0', '', '0'), ('137', null, '31', null, 'aa4', '$2a$10$itooNZwatVn7ijssTxAu0eZZdfVUYPh9LmNHkeYZTPXkK23aC59jO', 'aa4', '1', '1', '1', '1', null, null, null, null, b'0', '', '0'), ('138', null, '31', null, 'aa5', '$2a$10$Ky2FdZxegAZTlv/fqVW09.0aW.qXeZExtORjAVdzG9EtFaQBr3dM.', 'aa4', '1', '1', '1', '1', null, null, null, null, b'0', '', '0'), ('139', null, '31', null, 'aa6', '$2a$10$xNt69bVkajf7qR5e63JNkubJUeya9WBA8UU8GHCblPlwuQb4Avirq', 'aa6', '1', '1', '1', '1', null, null, null, null, b'0', '', '0'), ('140', null, '30', null, 'test1', '$2a$10$D2a4.be959OKPSUUdKfYvuBxzmJKCRfE2YWxpFYpyQ0KLPQCpEXl6', 'test1', '1', '1', '1', '1', null, null, null, null, b'0', '', '0'), ('141', null, '72', null, 'aaaa', '$2a$10$FSvyP7T1u.m8iy0vXmvF1OxImFXDq4J4oumZlpRwdkJwh47ErTOka', 'aaa', '1', '1', '1', '1', null, null, null, null, b'0', '', '0'), ('142', null, '72', null, '1020b', '$2a$10$vgCrRapFLIptxrWBVyUMKuyJ4fC4HBFuicwvSthAnlAIc6wnjRpT6', '1020b', '1', '1', '1', '1', null, null, null, null, b'0', '', '0'), ('143', null, '77', null, 'a', '$2a$10$Pvk1SPBc.dlGAy.qsLMeN.Lqzu3TpkmFks1vaErYDaU0aX.AcYFVC', 'aaa', '1', '1', '1', '1', null, null, null, null, b'0', '', '0');
COMMIT;

-- ----------------------------
--  Table structure for `jc_sys_user_security`
-- ----------------------------
DROP TABLE IF EXISTS `jc_sys_user_security`;
CREATE TABLE `jc_sys_user_security` (
  `ID` bigint(64) unsigned NOT NULL AUTO_INCREMENT COMMENT '',
  `USERNAME` varchar(255) DEFAULT NULL COMMENT '',
  `PASSWORD` varchar(255) DEFAULT NULL COMMENT '',
  `ACCOUNTNONEXPIRED` varchar(255) DEFAULT NULL COMMENT '',
  `NONLOCKED` char(1) DEFAULT NULL COMMENT '',
  `CREDENTIALNONEXPIRED` varchar(64) DEFAULT NULL COMMENT '',
  `ENABLED` tinyint(255) DEFAULT NULL COMMENT '',
  `USERTYPE` tinyint(255) DEFAULT NULL COMMENT '',
  `CREATETIME` timestamp NULL DEFAULT NULL COMMENT ' ',
  `CREATERID` bigint(64) DEFAULT NULL COMMENT '',
  `ORGCASID` varchar(255) DEFAULT NULL COMMENT 'ID',
  `F_DELETE` varchar(255) DEFAULT NULL COMMENT '',
  `USERSALT` varchar(255) DEFAULT NULL,
  `UPDATETIME` datetime DEFAULT NULL,
  `UPDATERID` bigint(64) DEFAULT NULL,
  PRIMARY KEY (`ID`)
) ENGINE=InnoDB AUTO_INCREMENT=102 DEFAULT CHARSET=utf8 ROW_FORMAT=COMPACT COMMENT='';

-- ----------------------------
--  Records of `jc_sys_user_security`
-- ----------------------------
BEGIN;
INSERT INTO `jc_sys_user_security` VALUES ('1', 'test_1', '$2a$10$i07EXDvszCW1dDRhwjcOA.fq35YMd11R2Ymm.OpEYH0uKauv/dMdu', '', '1', null, '1', '1', null, null, '', '0', null, null, null), ('2', 'test_2', '12345678', '', '1', null, '1', '1', null, null, '', '0', null, null, null), ('3', 'test_3', '12345678', '', '1', null, '1', '1', null, null, '', '0', null, null, null), ('4', 'test_4', '12345678', '', '1', null, '1', '1', null, null, '', '0', null, null, null), ('5', 'test_5', '12345678', '', '1', null, '1', '1', null, null, '', '0', null, null, null), ('6', 'realaicy', '$2a$10$WTbwTNwRq3.HKbmawkW.XeqLDTsyWmIhNKjmQm08v7VuI9cuTL1CC', '', '1', null, '1', '1', null, null, null, null, null, null, null), ('7', 'test_5', '12345678', '', '1', null, '1', '1', null, null, '', '0', null, null, null), ('8', 'test_6', '12345678', '', '1', null, '1', '1', null, null, '', '0', null, null, null), ('9', 'test_7', '12345678', '', '1', null, '1', '1', null, null, '', '0', null, null, null), ('10', 'test_8', '12345678', '', '1', null, '1', '1', null, null, '', '0', null, null, null), ('11', 'test_9', '12345678', '', '1', null, '1', '1', null, null, '', '0', null, null, null), ('12', 'test_10', '12345678', '', '1', null, '1', '1', null, null, '', '0', null, null, null), ('13', 'test_11', '12345678', '', '1', null, '1', '1', null, null, '', '0', null, null, null), ('14', 'test_12', '12345678', '', '1', null, '1', '1', null, null, '', '0', null, null, null), ('15', 'test_13', '12345678', '', '1', null, '1', '1', null, null, '', '0', null, null, null), ('16', 'test_14', '12345678', '', '1', null, '1', '1', null, null, '', '0', null, null, null), ('17', 'test_15', '12345678', '', '1', null, '1', '1', null, null, '', '0', null, null, null), ('18', 'test_16', '12345678', '', '1', null, '1', '1', null, null, '', '0', null, null, null), ('19', 'test_17', '12345678', '', '1', null, '1', '1', null, null, '', '0', null, null, null), ('20', 'test_18', '12345678', '', '1', null, '1', '1', null, null, '', '0', null, null, null), ('21', 'test_19', '12345678', '', '1', null, '1', '1', null, null, '', '0', null, null, null), ('22', 'test_20', '12345678', '', '1', null, '1', '1', null, null, '', '0', null, null, null), ('23', 'test_21', '12345678', '', '1', null, '1', '1', null, null, '', '0', null, null, null), ('24', 'test_22', '12345678', '', '1', null, '1', '1', null, null, '', '0', null, null, null), ('25', 'test_23', '12345678', '', '1', null, '1', '1', null, null, '', '0', null, null, null), ('26', 'test_24', '12345678', '', '1', null, '1', '1', null, null, '', '0', null, null, null), ('27', 'test_25', '12345678', '', '1', null, '1', '1', null, null, '', '0', null, null, null), ('28', 'test_26', '12345678', '', '1', null, '1', '1', null, null, '', '0', null, null, null), ('29', 'test_27', '12345678', '', '1', null, '1', '1', null, null, '', '0', null, null, null), ('30', 'test_28', '12345678', '', '1', null, '1', '1', null, null, '', '0', null, null, null), ('31', 'test_29', '12345678', '', '1', null, '1', '1', null, null, '', '0', null, null, null), ('32', 'test_30', '12345678', '', '1', null, '1', '1', null, null, '', '0', null, null, null), ('33', 'test_31', '12345678', '', '1', null, '1', '1', null, null, '', '0', null, null, null), ('34', 'test_32', '12345678', '', '1', null, '1', '1', null, null, '', '0', null, null, null), ('35', 'test_33', '12345678', '', '1', null, '1', '1', null, null, '', '0', null, null, null), ('36', 'test_34', '12345678', '', '1', null, '1', '1', null, null, '', '0', null, null, null), ('37', 'test_35', '12345678', '', '1', null, '1', '1', null, null, '', '0', null, null, null), ('38', 'test_36', '12345678', '', '1', null, '1', '1', null, null, '', '0', null, null, null), ('39', 'test_37', '12345678', '', '1', null, '1', '1', null, null, '', '0', null, null, null), ('40', 'test_38', '12345678', '', '1', null, '1', '1', null, null, '', '0', null, null, null), ('41', 'test_39', '12345678', '', '1', null, '1', '1', null, null, '', '0', null, null, null), ('42', 'test_40', '12345678', '', '1', null, '1', '1', null, null, '', '0', null, null, null), ('43', 'test_41', '12345678', '', '1', null, '1', '1', null, null, '', '0', null, null, null), ('44', 'test_42', '12345678', '', '1', null, '1', '1', null, null, '', '0', null, null, null), ('45', 'test_43', '12345678', '', '1', null, '1', '1', null, null, '', '0', null, null, null), ('46', 'test_44', '12345678', '', '1', null, '1', '1', null, null, '', '0', null, null, null), ('47', 'test_45', '12345678', '', '1', null, '1', '1', null, null, '', '0', null, null, null), ('48', 'test_46', '12345678', '', '1', null, '1', '1', null, null, '', '0', null, null, null), ('49', 'test_47', '12345678', '', '1', null, '1', '1', null, null, '', '0', null, null, null), ('50', 'test_48', '12345678', '', '1', null, '1', '1', null, null, '', '0', null, null, null), ('51', 'test_49', '12345678', '', '1', null, '1', '1', null, null, '', '0', null, null, null), ('52', 'test_50', '12345678', '', '1', null, '1', '1', null, null, '', '0', null, null, null), ('53', 'test_51', '12345678', '', '1', null, '1', '1', null, null, '', '0', null, null, null), ('54', 'test_52', '12345678', '', '1', null, '1', '1', null, null, '', '0', null, null, null), ('55', 'test_53', '12345678', '', '1', null, '1', '1', null, null, '', '0', null, null, null), ('56', 'test_54', '12345678', '', '1', null, '1', '1', null, null, '', '0', null, null, null), ('57', 'test_55', '12345678', '', '1', null, '1', '1', null, null, '', '0', null, null, null), ('58', 'test_56', '12345678', '', '1', null, '1', '1', null, null, '', '0', null, null, null), ('59', 'test_57', '12345678', '', '1', null, '1', '1', null, null, '', '0', null, null, null), ('60', 'test_58', '12345678', '', '1', null, '1', '1', null, null, '', '0', null, null, null), ('61', 'test_59', '12345678', '', '1', null, '1', '1', null, null, '', '0', null, null, null), ('62', 'test_60', '12345678', '', '1', null, '1', '1', null, null, '', '0', null, null, null), ('63', 'test_61', '12345678', '', '1', null, '1', '1', null, null, '', '0', null, null, null), ('64', 'test_62', '12345678', '', '1', null, '1', '1', null, null, '', '0', null, null, null), ('65', 'test_63', '12345678', '', '1', null, '1', '1', null, null, '', '0', null, null, null), ('66', 'test_64', '12345678', '', '1', null, '1', '1', null, null, '', '0', null, null, null), ('67', 'test_65', '12345678', '', '1', null, '1', '1', null, null, '', '0', null, null, null), ('68', 'test_66', '12345678', '', '1', null, '1', '1', null, null, '', '0', null, null, null), ('69', 'test_67', '12345678', '', '1', null, '1', '1', null, null, '', '0', null, null, null), ('70', 'test_68', '12345678', '', '1', null, '1', '1', null, null, '', '0', null, null, null), ('71', 'test_69', '12345678', '', '1', null, '1', '1', null, null, '', '0', null, null, null), ('72', 'test_70', '12345678', '', '1', null, '1', '1', null, null, '', '0', null, null, null), ('73', 'test_71', '12345678', '', '1', null, '1', '1', null, null, '', '0', null, null, null), ('74', 'test_72', '12345678', '', '1', null, '1', '1', null, null, '', '0', null, null, null), ('75', 'test_73', '12345678', '', '1', null, '1', '1', null, null, '', '0', null, null, null), ('76', 'test_74', '12345678', '', '1', null, '1', '1', null, null, '', '0', null, null, null), ('77', 'test_75', '12345678', '', '1', null, '1', '1', null, null, '', '0', null, null, null), ('78', 'test_76', '12345678', '', '1', null, '1', '1', null, null, '', '0', null, null, null), ('79', 'test_77', '12345678', '', '1', null, '1', '1', null, null, '', '0', null, null, null), ('80', 'test_78', '12345678', '', '1', null, '1', '1', null, null, '', '0', null, null, null), ('81', 'test_79', '12345678', '', '1', null, '1', '1', null, null, '', '0', null, null, null), ('82', 'test_80', '12345678', '', '1', null, '1', '1', null, null, '', '0', null, null, null), ('83', 'test_81', '12345678', '', '1', null, '1', '1', null, null, '', '0', null, null, null), ('84', 'test_82', '12345678', '', '1', null, '1', '1', null, null, '', '0', null, null, null), ('85', 'test_83', '12345678', '', '1', null, '1', '1', null, null, '', '0', null, null, null), ('86', 'test_84', '12345678', '', '1', null, '1', '1', null, null, '', '0', null, null, null), ('87', 'test_85', '12345678', '', '1', null, '1', '1', null, null, '', '0', null, null, null), ('88', 'test_86', '12345678', '', '1', null, '1', '1', null, null, '', '0', null, null, null), ('89', 'test_87', '12345678', '', '1', null, '1', '1', null, null, '', '0', null, null, null), ('90', 'test_88', '12345678', '', '1', null, '1', '1', null, null, '', '0', null, null, null), ('91', 'test_89', '12345678', '', '1', null, '1', '1', null, null, '', '0', null, null, null), ('92', 'test_90', '12345678', '', '1', null, '1', '1', null, null, '', '0', null, null, null), ('93', 'test_91', '12345678', '', '1', null, '1', '1', null, null, '', '0', null, null, null), ('94', 'test_92', '12345678', '', '1', null, '1', '1', null, null, '', '0', null, null, null), ('95', 'test_93', '12345678', '', '1', null, '1', '1', null, null, '', '0', null, null, null), ('96', 'test_94', '12345678', '', '1', null, '1', '1', null, null, '', '0', null, null, null), ('97', 'test_95', '12345678', '', '1', null, '1', '1', null, null, '', '0', null, null, null), ('98', 'test_96', '12345678', '', '1', null, '1', '1', null, null, '', '0', null, null, null), ('99', 'test_97', '12345678', '', '1', null, '1', '1', null, null, '', '0', null, null, null), ('100', 'test_98', '12345678', '', '1', null, '1', '1', null, null, '', '0', null, null, null), ('101', 'test_99', '12345678', '', '1', null, '1', '1', null, null, '', '0', null, null, null);
COMMIT;

-- ----------------------------
--  Table structure for `jc_tmp_actuserinfo`
-- ----------------------------
DROP TABLE IF EXISTS `jc_tmp_actuserinfo`;
CREATE TABLE `jc_tmp_actuserinfo` (
  `ID_` varchar(64) NOT NULL,
  `REV_` int(11) DEFAULT NULL,
  `USER_ID_` varchar(64) DEFAULT NULL,
  `TYPE_` varchar(64) DEFAULT NULL,
  `KEY_` varchar(255) DEFAULT NULL,
  `VALUE_` varchar(255) DEFAULT NULL,
  `PASSWORD_` longblob,
  `PARENT_ID_` varchar(255) DEFAULT NULL,
  PRIMARY KEY (`ID_`)
) ENGINE=InnoDB DEFAULT CHARSET=utf8;

-- ----------------------------
--  Table structure for `jc_tmp_applicant`
-- ----------------------------
DROP TABLE IF EXISTS `jc_tmp_applicant`;
CREATE TABLE `jc_tmp_applicant` (
  `id` bigint(20) unsigned NOT NULL AUTO_INCREMENT,
  `name` varchar(255) DEFAULT NULL,
  `email` varchar(255) DEFAULT NULL,
  `phone_number` varchar(255) DEFAULT NULL,
  PRIMARY KEY (`id`)
) ENGINE=InnoDB AUTO_INCREMENT=18 DEFAULT CHARSET=utf8;

-- ----------------------------
--  Records of `jc_tmp_applicant`
-- ----------------------------
BEGIN;
INSERT INTO `jc_tmp_applicant` VALUES ('1', 'John Doe', 'john@activiti.org', '12344'), ('2', 'John Doe', 'john@activiti.org', '12344'), ('3', 'John Doe', 'john@activiti.org', '12344'), ('4', 'John Doe', 'john@activiti.org', '12344'), ('5', 'John Doe', 'john@activiti.org', '12344'), ('6', 'John Doe', 'john@activiti.org', '12344'), ('7', 'John Doe', 'john@activiti.org', '12344'), ('8', 'John Doe', 'john@activiti.org', '12344'), ('9', 'John Doe', 'john@activiti.org', '12344'), ('10', 'John Doe', 'john@activiti.org', '12344'), ('11', 'John Doe', 'john@activiti.org', '12344'), ('12', 'John Doe', 'john@activiti.org', '12344'), ('13', 'John Doe', 'john@activiti.org', '12344'), ('14', 'John Doe', 'john@activiti.org', '12344'), ('15', 'John Doe', 'john@activiti.org', '12344'), ('16', 'John Doe', 'john@activiti.org', '12344'), ('17', 'John Doe', 'john@activiti.org', '12344');
COMMIT;

-- ----------------------------
--  Table structure for `ss_checkjob_job`
-- ----------------------------
DROP TABLE IF EXISTS `ss_checkjob_job`;
CREATE TABLE `ss_checkjob_job` (
  `id_` varchar(64) NOT NULL COMMENT 'ID',
  `name_` varchar(255) DEFAULT NULL COMMENT '',
  `tem_id_` varchar(255) DEFAULT NULL COMMENT 'ID',
  `status_` varchar(255) DEFAULT '0' COMMENT '',
  `ent_id_` varchar(64) DEFAULT NULL COMMENT 'ID',
  `createuser_id_` varchar(64) DEFAULT '' COMMENT 'ID',
  `createdate` datetime DEFAULT NULL COMMENT '',
  `runuser_id_` varchar(64) DEFAULT NULL COMMENT 'ID',
  `plan_fdate` datetime DEFAULT NULL COMMENT '',
  `comment` varchar(255) DEFAULT NULL COMMENT ' ',
  `result_score` int(11) DEFAULT '-1' COMMENT '',
  `act_fdate` datetime DEFAULT NULL COMMENT '',
  `type_` varchar(255) DEFAULT NULL COMMENT '',
  `runner_org_id_` varchar(64) DEFAULT NULL,
  `createuser_org_id_` varchar(64) DEFAULT NULL,
  PRIMARY KEY (`id_`)
) ENGINE=InnoDB DEFAULT CHARSET=utf8 ROW_FORMAT=COMPACT COMMENT='';

-- ----------------------------
--  Records of `ss_checkjob_job`
-- ----------------------------
BEGIN;
INSERT INTO `ss_checkjob_job` VALUES ('13fa658fe77a4452aeba067aa69f910a', '', '1f5e09c2e1ed4b0f8eb193580fc60f2d', '2', '40a954d5f1de4acc8454ee1d5bc2b523', 'c321c891521446bdac49ae2bb29d7a00', '2016-05-20 09:58:14', 'c321c891521446bdac49ae2bb29d7a00', '2099-12-31 00:00:00', '', '3', '2016-05-20 09:58:58', '2', 'be8d6dacb14a42c7bb31893f3dcb922b', 'be8d6dacb14a42c7bb31893f3dcb922b'), ('22663e41b31a4ca68051173b24105ce3', '1', 'e20dddafbd8043db8fc6f44c46b602bb', '0', '00a6355517874ab9ac9c89184d438124', 'c4db76be7dd94f95b5213b885f919cba', '2016-05-20 00:15:57', 'c4db76be7dd94f95b5213b885f919cba', '2099-12-31 00:00:00', '1', '-1', '2016-05-16 02:56:28', '1', 'be742f86c9914e7b83bfb531c2e693df', 'be742f86c9914e7b83bfb531c2e693df'), ('2a94cff1da254f37a4b907a8fd6b1c4d', 'bhtest2', '900fcf39cf11462ebc5fb7fa940aa727', '2', '00a6355517874ab9ac9c89184d438124', 'e470153e65ff4acf84ef6bba89290519', '2016-05-20 02:52:48', 'e470153e65ff4acf84ef6bba89290519', '2099-12-31 00:00:00', null, '10', '2016-05-17 02:56:28', '2', 'd12df3a736c742c58da176dbbd52d128', 'd12df3a736c742c58da176dbbd52d128'), ('33d4e7e7c47b4b3b9fb749ea9ef60041', 'jxtest1', '900fcf39cf11462ebc5fb7fa940aa727', '2', '00a6355517874ab9ac9c89184d438124', 'e470153e65ff4acf84ef6bba89290519', '2016-05-20 02:56:00', 'e470153e65ff4acf84ef6bba89290519', '2099-12-31 00:00:00', 'jxtest1', '7', '2016-05-18 02:56:28', '2', 'd12df3a736c742c58da176dbbd52d128', 'd12df3a736c742c58da176dbbd52d128'), ('72f59330be7748fc99e6968bb6400c5e', '1', '900fcf39cf11462ebc5fb7fa940aa727', '2', '00a6355517874ab9ac9c89184d438124', 'e470153e65ff4acf84ef6bba89290519', '2016-05-20 02:35:38', 'e470153e65ff4acf84ef6bba89290519', '2099-12-31 00:00:00', '1', '4', '2016-05-11 02:56:28', '2', 'd12df3a736c742c58da176dbbd52d128', 'd12df3a736c742c58da176dbbd52d128'), ('7a476a7f9da54b1cabb1158445f65926', '1', '3bf1c8399c7a4eeaaf4197211318887d', '2', '00a6355517874ab9ac9c89184d438124', 'c4db76be7dd94f95b5213b885f919cba', '2016-05-20 09:30:05', 'c4db76be7dd94f95b5213b885f919cba', '2099-12-31 00:00:00', null, '10', '2016-05-20 09:32:43', '2', 'be742f86c9914e7b83bfb531c2e693df', 'be742f86c9914e7b83bfb531c2e693df'), ('86c72188723e4e738d61f62531f73d26', 'aaa', 'e20dddafbd8043db8fc6f44c46b602bb', '0', '03aa6e8bddce4f1599c9f7fb396fb12f', 'c4db76be7dd94f95b5213b885f919cba', '2016-05-20 03:28:19', null, '2099-12-31 00:00:00', 'aaa', '-1', '2016-05-12 02:56:28', null, 'be8d6dacb14a42c7bb31893f3dcb922b', 'be742f86c9914e7b83bfb531c2e693df'), ('8f1099da100b4794930c0257ef0b6eb1', '2', 'e20dddafbd8043db8fc6f44c46b602bb', '2', '00a6355517874ab9ac9c89184d438124', 'c4db76be7dd94f95b5213b885f919cba', '2016-05-20 00:28:29', 'c4db76be7dd94f95b5213b885f919cba', '2099-12-31 00:00:00', null, '6', '2016-05-13 02:56:28', '3', 'be742f86c9914e7b83bfb531c2e693df', 'be742f86c9914e7b83bfb531c2e693df'), ('9169fa8fd0c04136a8144e5763102a26', 'a1', 'cc65b6abe5444eae8b2adfd516b2240e', '2', '00a6355517874ab9ac9c89184d438124', '5f6b500ffdf642349a1b46203c147ee0', '2016-05-20 02:58:20', '5f6b500ffdf642349a1b46203c147ee0', '2099-12-31 00:00:00', 'a1', '5', '2016-05-20 03:01:06', '3', '00a6355517874ab9ac9c89184d438124', '00a6355517874ab9ac9c89184d438124'), ('e12c736dbf9d44f08e02c53a3e1d49cb', '1', '900fcf39cf11462ebc5fb7fa940aa727', '2', '00a6355517874ab9ac9c89184d438124', 'c4db76be7dd94f95b5213b885f919cba', '2016-05-20 01:28:52', 'e470153e65ff4acf84ef6bba89290519', '2099-12-31 00:00:00', '1', '10', '2016-05-19 03:01:06', '2', 'd12df3a736c742c58da176dbbd52d128', 'be742f86c9914e7b83bfb531c2e693df'), ('e4af019f7a544cbb99d84092b11d57d5', '1', '761081eb53d84e24973aae34425066cf', '2', '02dba066a2894ac08fafe0dc599caba2', 'c321c891521446bdac49ae2bb29d7a00', '2016-05-20 02:38:12', 'c321c891521446bdac49ae2bb29d7a00', '2099-12-31 00:00:00', '1', '8', '2016-05-19 03:01:06', '2', 'be8d6dacb14a42c7bb31893f3dcb922b', 'be8d6dacb14a42c7bb31893f3dcb922b');
COMMIT;

-- ----------------------------
--  Table structure for `ss_checkjob_job_detail`
-- ----------------------------
DROP TABLE IF EXISTS `ss_checkjob_job_detail`;
CREATE TABLE `ss_checkjob_job_detail` (
  `id_` varchar(64) NOT NULL COMMENT 'ID',
  `job_id_` varchar(64) DEFAULT NULL COMMENT 'ID',
  `item_id_` varchar(64) DEFAULT '' COMMENT 'ID',
  `operate_time_` datetime DEFAULT NULL COMMENT '',
  `operator_id_` varchar(64) DEFAULT NULL COMMENT 'ID',
  `score_` int(255) DEFAULT '-1' COMMENT '',
  PRIMARY KEY (`id_`)
) ENGINE=InnoDB DEFAULT CHARSET=utf8 ROW_FORMAT=COMPACT COMMENT='';

-- ----------------------------
--  Records of `ss_checkjob_job_detail`
-- ----------------------------
BEGIN;
INSERT INTO `ss_checkjob_job_detail` VALUES ('0cc252c9712e444f89f08ce6f9661689', '72f59330be7748fc99e6968bb6400c5e', 'a09d87ce110240adbc5a959f9b46b4ed', '2016-05-20 02:35:56', 'e470153e65ff4acf84ef6bba89290519', '1'), ('0cd518393d7c4408baf622832a3130fc', '7a476a7f9da54b1cabb1158445f65926', 'be60792440cc4dfca846b3e673ebf2a4', '2016-05-20 09:32:42', 'c4db76be7dd94f95b5213b885f919cba', '2'), ('0d44bc27104a4f3b86d5945903a78b1e', 'e12c736dbf9d44f08e02c53a3e1d49cb', 'f74b2a58630d447188c0a205145a54aa', '2016-05-20 02:34:10', 'e470153e65ff4acf84ef6bba89290519', '3'), ('0f86863cf10e4a118fd2e00749702611', 'e4af019f7a544cbb99d84092b11d57d5', '6fcab2ec600d492bb17d3c8eb142a92d', '2016-05-20 02:39:52', 'c321c891521446bdac49ae2bb29d7a00', '3'), ('143f0192a2ed45e99cadb5cb8d58efe0', '2a94cff1da254f37a4b907a8fd6b1c4d', 'f74b2a58630d447188c0a205145a54aa', '2016-05-20 02:53:02', 'e470153e65ff4acf84ef6bba89290519', '3'), ('22a39f31e7da46bd973aa1cd497fbb41', '22663e41b31a4ca68051173b24105ce3', '5fc58867e9994545b77cb63e3e25daae', '2016-05-20 00:16:56', 'c4db76be7dd94f95b5213b885f919cba', '1'), ('29353c502a714b48943a115a4a150175', '7a476a7f9da54b1cabb1158445f65926', 'd398275d3c8c475489e754fc8e66642f', '2016-05-20 09:32:42', 'c4db76be7dd94f95b5213b885f919cba', '1'), ('514c4d7672d54a3e86c90a182879b5f8', 'e12c736dbf9d44f08e02c53a3e1d49cb', 'a09d87ce110240adbc5a959f9b46b4ed', '2016-05-20 02:34:01', 'e470153e65ff4acf84ef6bba89290519', '2'), ('5689fc26bd4e4dd39d8292884c7b17fc', '7a476a7f9da54b1cabb1158445f65926', '54baa8900f3d4fe8860ea3012f0c1be4', '2016-05-20 09:32:43', 'c4db76be7dd94f95b5213b885f919cba', '1'), ('56c9f47b078c44df9595eeb726bf6116', '22663e41b31a4ca68051173b24105ce3', '0bb7ce792fbc4cff809c71af3c70a8e1', '2016-05-20 00:20:55', 'c4db76be7dd94f95b5213b885f919cba', '2'), ('5faa67fc8dc84499801e8ea0cd2a84f3', '86c72188723e4e738d61f62531f73d26', '5fc58867e9994545b77cb63e3e25daae', null, null, '-1'), ('65667662c43b4d4b97aa925b60ebe8c1', 'e12c736dbf9d44f08e02c53a3e1d49cb', '85c01be5af524b589733f0d0743d26d5', '2016-05-20 02:34:01', 'e470153e65ff4acf84ef6bba89290519', '2'), ('693ea554f3da4384ab5897104a50319d', '9169fa8fd0c04136a8144e5763102a26', '08f43a3729da415bb1b56dcd7a2e68ab', '2016-05-20 03:01:00', '5f6b500ffdf642349a1b46203c147ee0', '1'), ('6e7ff7cdb02848aba78163ad50bd5210', '33d4e7e7c47b4b3b9fb749ea9ef60041', '85c01be5af524b589733f0d0743d26d5', '2016-05-20 02:56:12', 'e470153e65ff4acf84ef6bba89290519', '2'), ('756e2051e6594ec792fbb3764dadb685', '9169fa8fd0c04136a8144e5763102a26', '96ad0cac8d0649aa9505185dcf805491', '2016-05-20 03:01:00', '5f6b500ffdf642349a1b46203c147ee0', '1'), ('793e94113a4b492a8b3d67b05eabcde0', '9169fa8fd0c04136a8144e5763102a26', 'a09d87ce110240adbc5a959f9b46b4ed', '2016-05-20 03:01:06', '5f6b500ffdf642349a1b46203c147ee0', '2'), ('7c4a40e21e3f4d598a2facc10a391f14', '2a94cff1da254f37a4b907a8fd6b1c4d', 'a09d87ce110240adbc5a959f9b46b4ed', '2016-05-20 02:53:02', 'e470153e65ff4acf84ef6bba89290519', '2'), ('80d88aa094eb4a2da33ea598625c370d', '86c72188723e4e738d61f62531f73d26', '0bb7ce792fbc4cff809c71af3c70a8e1', null, null, '-1'), ('8242280848ba40a5b4878a68716156e3', '72f59330be7748fc99e6968bb6400c5e', 'f74b2a58630d447188c0a205145a54aa', '2016-05-20 02:35:56', 'e470153e65ff4acf84ef6bba89290519', '1'), ('82c61771ad8a43edba11e739605c4bc4', '9169fa8fd0c04136a8144e5763102a26', '85c01be5af524b589733f0d0743d26d5', '2016-05-20 03:01:00', '5f6b500ffdf642349a1b46203c147ee0', '1'), ('84f7e804325342cf8f7ca44144eb40b6', 'e12c736dbf9d44f08e02c53a3e1d49cb', 'ba4a6153b64b4dcfb6943000b2a0f82f', '2016-05-20 02:34:10', 'e470153e65ff4acf84ef6bba89290519', '3'), ('868b79cbe1404417880e28350ee93e1c', '8f1099da100b4794930c0257ef0b6eb1', '5fc58867e9994545b77cb63e3e25daae', '2016-05-20 00:45:04', 'c4db76be7dd94f95b5213b885f919cba', '3'), ('911ae8fca47345a3bf8fc32bc91e4c4d', '22663e41b31a4ca68051173b24105ce3', '96ad0cac8d0649aa9505185dcf805491', '2016-05-20 00:16:56', 'c4db76be7dd94f95b5213b885f919cba', '1'), ('9435a591923f47eea7bbd01dd9bc8824', 'e4af019f7a544cbb99d84092b11d57d5', 'f74b2a58630d447188c0a205145a54aa', '2016-05-20 02:39:52', 'c321c891521446bdac49ae2bb29d7a00', '2'), ('954d2db794564eada9893fa030e35cfe', '33d4e7e7c47b4b3b9fb749ea9ef60041', 'ba4a6153b64b4dcfb6943000b2a0f82f', '2016-05-20 02:56:28', 'e470153e65ff4acf84ef6bba89290519', '1'), ('99c0b65ca63243b3941fd8ff3fa53aec', '33d4e7e7c47b4b3b9fb749ea9ef60041', 'a09d87ce110240adbc5a959f9b46b4ed', '2016-05-20 02:56:12', 'e470153e65ff4acf84ef6bba89290519', '2'), ('a05275d226e544a7b3408cf47086cc8b', '7a476a7f9da54b1cabb1158445f65926', '5fc58867e9994545b77cb63e3e25daae', '2016-05-20 09:32:42', 'c4db76be7dd94f95b5213b885f919cba', '1'), ('a190cb3ecfcb4d729bc6c75ae1062208', 'e4af019f7a544cbb99d84092b11d57d5', '06254582303d4460a97b92d2b2113146', '2016-05-20 02:39:52', 'c321c891521446bdac49ae2bb29d7a00', '1'), ('a41e7a274ff34e48ae27781fba519409', '13fa658fe77a4452aeba067aa69f910a', 'ba4a6153b64b4dcfb6943000b2a0f82f', '2016-05-20 09:58:58', 'c321c891521446bdac49ae2bb29d7a00', '2'), ('b5261d801ae144608a764c3d96e1dfa9', '13fa658fe77a4452aeba067aa69f910a', '6fcab2ec600d492bb17d3c8eb142a92d', '2016-05-20 09:58:58', 'c321c891521446bdac49ae2bb29d7a00', '1'), ('b67e6885af4e418fbd1c715914de4674', '7a476a7f9da54b1cabb1158445f65926', 'd1a99b7da3ad4bbba46cb7ca595e1650', '2016-05-20 09:32:42', 'c4db76be7dd94f95b5213b885f919cba', '3'), ('c8f3db3bcf804fd08f62926681766812', '8f1099da100b4794930c0257ef0b6eb1', '96ad0cac8d0649aa9505185dcf805491', '2016-05-20 00:36:02', 'c4db76be7dd94f95b5213b885f919cba', '1'), ('d06e2bddbb2a400a965cc4e0f4d0ebc8', '33d4e7e7c47b4b3b9fb749ea9ef60041', 'f74b2a58630d447188c0a205145a54aa', '2016-05-20 02:56:12', 'e470153e65ff4acf84ef6bba89290519', '2'), ('d69e065c8e0748a4ba981da54d8e0c4f', '2a94cff1da254f37a4b907a8fd6b1c4d', 'ba4a6153b64b4dcfb6943000b2a0f82f', '2016-05-20 02:53:02', 'e470153e65ff4acf84ef6bba89290519', '3'), ('e39e7157b2bb46e8bda44bc7ffa31a65', '7a476a7f9da54b1cabb1158445f65926', '106a89d7353b439cb5eb000da7e6d881', '2016-05-20 09:32:43', 'c4db76be7dd94f95b5213b885f919cba', '2'), ('e407dc61322d4ece944c0844d0811236', 'e4af019f7a544cbb99d84092b11d57d5', '5ba89728daeb4a6999238a2939748145', '2016-05-20 02:39:52', 'c321c891521446bdac49ae2bb29d7a00', '2'), ('ee44e951d1c04bf19fd9e89997cc69ee', '72f59330be7748fc99e6968bb6400c5e', 'ba4a6153b64b4dcfb6943000b2a0f82f', '2016-05-20 02:35:56', 'e470153e65ff4acf84ef6bba89290519', '1'), ('ef8e2e1b840f48db9638a514ed4694c5', '2a94cff1da254f37a4b907a8fd6b1c4d', '85c01be5af524b589733f0d0743d26d5', '2016-05-20 02:53:02', 'e470153e65ff4acf84ef6bba89290519', '2'), ('f2a7188f49594127aaf40a614a443f61', '86c72188723e4e738d61f62531f73d26', '96ad0cac8d0649aa9505185dcf805491', null, null, '-1'), ('f40f954de6684f539a8e2e605102dd60', '72f59330be7748fc99e6968bb6400c5e', '85c01be5af524b589733f0d0743d26d5', '2016-05-20 02:35:56', 'e470153e65ff4acf84ef6bba89290519', '1'), ('f491b10f573b4c4da0e8342334a70606', '8f1099da100b4794930c0257ef0b6eb1', '0bb7ce792fbc4cff809c71af3c70a8e1', '2016-05-20 00:45:19', 'c4db76be7dd94f95b5213b885f919cba', '2');
COMMIT;

-- ----------------------------
--  Table structure for `ss_checkjob_job_result`
-- ----------------------------
DROP TABLE IF EXISTS `ss_checkjob_job_result`;
CREATE TABLE `ss_checkjob_job_result` (
  `id_` varchar(64) NOT NULL COMMENT 'ID',
  `name_` varchar(255) NOT NULL COMMENT '',
  `job_id_` varchar(255) NOT NULL COMMENT 'ID',
  `result` varchar(255) DEFAULT NULL COMMENT '',
  `ent_id_` varchar(64) NOT NULL COMMENT 'ID',
  `createuser_id_` varchar(64) NOT NULL DEFAULT '1' COMMENT '',
  PRIMARY KEY (`id_`)
) ENGINE=InnoDB DEFAULT CHARSET=utf8 ROW_FORMAT=COMPACT COMMENT='';

-- ----------------------------
--  Table structure for `ss_checkjob_job_tem`
-- ----------------------------
DROP TABLE IF EXISTS `ss_checkjob_job_tem`;
CREATE TABLE `ss_checkjob_job_tem` (
  `id_` varchar(64) NOT NULL COMMENT 'ID',
  `name_` varchar(255) DEFAULT NULL COMMENT '',
  `createuser_id_` varchar(64) DEFAULT NULL COMMENT 'ID',
  `createdate` timestamp NULL DEFAULT NULL COMMENT '',
  `comment` varchar(255) DEFAULT NULL COMMENT ' ',
  `items` longtext COMMENT '',
  `org_id_` varchar(64) DEFAULT NULL COMMENT 'ID',
  PRIMARY KEY (`id_`)
) ENGINE=InnoDB DEFAULT CHARSET=utf8 ROW_FORMAT=COMPACT COMMENT='';

-- ----------------------------
--  Records of `ss_checkjob_job_tem`
-- ----------------------------
BEGIN;
INSERT INTO `ss_checkjob_job_tem` VALUES ('0794ae8b15804c1784ef18b4cad18565', 'aa', '5f6b500ffdf642349a1b46203c147ee0', '2016-05-19 08:47:58', null, '5ba89728daeb4a6999238a2939748145,06254582303d4460a97b92d2b2113146,f74b2a58630d447188c0a205145a54aa,85c01be5af524b589733f0d0743d26d5,', '00a6355517874ab9ac9c89184d438124'), ('1f5e09c2e1ed4b0f8eb193580fc60f2d', 'test2222', 'c321c891521446bdac49ae2bb29d7a00', '2016-05-20 09:56:20', null, '6fcab2ec600d492bb17d3c8eb142a92d,ba4a6153b64b4dcfb6943000b2a0f82f,', 'be8d6dacb14a42c7bb31893f3dcb922b'), ('3bf1c8399c7a4eeaaf4197211318887d', '2', 'c4db76be7dd94f95b5213b885f919cba', '2016-05-20 09:28:47', null, '54baa8900f3d4fe8860ea3012f0c1be4,106a89d7353b439cb5eb000da7e6d881,d398275d3c8c475489e754fc8e66642f,d1a99b7da3ad4bbba46cb7ca595e1650,be60792440cc4dfca846b3e673ebf2a4,5fc58867e9994545b77cb63e3e25daae,', 'be742f86c9914e7b83bfb531c2e693df'), ('4919954eab334b8c9a70b7eaeb2b7981', '', '5f6b500ffdf642349a1b46203c147ee0', '2016-05-18 14:34:49', null, '1cb4228a85e44a6e9e0ae3b9b94d09cc,fb1bb00ed17f49aab5bca7a92c5f0ec7,29b81c1d4802456ea8025a56636bc79b,6d3e449431944c129371ed6be8be3d11,fa4712fd6d51444bae7449f3618f32f4,7c73335b484b46c0a30fda7799e568e1,9c496ad57e4e4d1e96e6f4ac501802b0,a3f95fe0ff4a4df7991130fbaaf91543,f640466a21cb452d831f57624b826b31,bc008f2cc84b49709b64465f576ec160,e4c018fea67f43f9aab0758f7592b5ab,21c400482d5f49088bba1d33c3a64134,755295eff8744e5f93e9360e91bc12ec,16c8e1581a32447191b6c12ae78d7703,2dbff7d7c0d6469993a4f137e37b2f0c,45129b544a3148caa7ed11a69db06f64,cb7fcf162bb34ded9d0694afa2cce127,98caa5d1bcf145218d9910687db6ef8f,c80fc1052a1d491ea9843099b18faf89,e3a77addc673422fb2bd3cf87f2bd2f5,6252b1c89ef247179d46db0a08b6e5b6,3776ae04982348a2a14469ed3e57abcb,472a032b4f534675acac3602e946ef69,e1947e4d73c6450bbebe724595a2276d,bb797c8b886b4cad86b05bc65b94c807,72d65040039f4c3f8ca72e22495797fc,d8407a4a393b44d3a059bdc7bed184ef,02eec96dfbf0440fa16a2caaf168c812,cc1351b04e924637bb7c8d6e62719ac2,eef8fe8c67824d23bb21c1ea9ab82449,b91cb851cf7142d3be3864826aa8f9db,f9914cf61c0343efb2d327f7f95042c2,de35744dc9914d018de7e9585b31b782,fcf9376948104da1b8d7cb43f71f4f78,77ef62f7f6644cbba6c3011cac207b68,37e65c6b652348b984e34f41fef3f614,228fb3a3a54649f8b3d84d759f916e1c,0ddff71c42164db3b755ab0198bbfdcc,b16a7a2f9d804a749fa583e41a5581c7,37e72140320d4cdfb52acf286a70f4e2,8daa22e6661643b3b60316c0f6c62ead,2d7af66ddec7413c842c294dc599bb4a,d398275d3c8c475489e754fc8e66642f,6eea078283214dbaa3612819b59346b0,8a39cc8902694c4b93a415154d8ae805,8339f698c8944a55a1e13af47485aa06,bd274ea7d3a84536b47e2f9aa14f5005,cce580d1e61d41e1b2fb71e20f9f2f20,b20e7020c78248c7afc6c818bce61446,dee27c258ed34630b60ed833a4b7fa3c,2365f90d42f14ace8f4298f236643a7f,87d922c87449409e94af94446eb3bd68,59f9422d36414718b72fc604ee5acf2a,79b417931ffb4e1fa7a49af433d8becd,33292f2c24384e7197742f40b8018e71,29999d34870b41f9ad4e791b5feec11e,c2729b7b0a1e47408cfbe378b7a90a51,f74b2a58630d447188c0a205145a54aa,5fc58867e9994545b77cb63e3e25daae,08f43a3729da415bb1b56dcd7a2e68ab,96ad0cac8d0649aa9505185dcf805491,', '00a6355517874ab9ac9c89184d438124'), ('54c9392998734269b0075c7adc40c104', 'test11111', 'c321c891521446bdac49ae2bb29d7a00', '2016-05-20 09:55:40', null, '06254582303d4460a97b92d2b2113146,a09d87ce110240adbc5a959f9b46b4ed,be60792440cc4dfca846b3e673ebf2a4,', 'be8d6dacb14a42c7bb31893f3dcb922b'), ('5cbd9b0e26ea491da62259580f244a86', 'testnew1', 'c4db76be7dd94f95b5213b885f919cba', '2016-05-20 09:14:08', null, '12ef81ff422441eab5924c18443e1807,6fcab2ec600d492bb17d3c8eb142a92d,f74b2a58630d447188c0a205145a54aa,a09d87ce110240adbc5a959f9b46b4ed,', 'be742f86c9914e7b83bfb531c2e693df'), ('761081eb53d84e24973aae34425066cf', '1', 'c321c891521446bdac49ae2bb29d7a00', '2016-05-19 13:52:16', null, '5ba89728daeb4a6999238a2939748145,6fcab2ec600d492bb17d3c8eb142a92d,06254582303d4460a97b92d2b2113146,f74b2a58630d447188c0a205145a54aa,', 'be8d6dacb14a42c7bb31893f3dcb922b'), ('900fcf39cf11462ebc5fb7fa940aa727', '1', 'e470153e65ff4acf84ef6bba89290519', '2016-05-18 16:46:34', null, 'ba4a6153b64b4dcfb6943000b2a0f82f,f74b2a58630d447188c0a205145a54aa,a09d87ce110240adbc5a959f9b46b4ed,85c01be5af524b589733f0d0743d26d5,', 'd12df3a736c742c58da176dbbd52d128'), ('c3f4273431c94d9bbc4ec5daca923bc8', '1', 'c4db76be7dd94f95b5213b885f919cba', '2016-05-18 15:35:07', null, '73842ea9aff84bbaa90898cc64be3ab6,85b3c3f90f374d0697203446b464e44c,3e73743f2e024d12bce72c4aed8a4c40,f255f88cc7f54fe5a5397e8bed014124,7f5defb0bc974d36ba1f5d1ee77aa087,fe2fbf44f2d94750b49e286aabd3ad07,f56d0d92eaab45329453f9bccbb36fe3,853ecdd98d3048c3a0bf3d4773bcdfda,1a66f7071b784ab9bd647652c3d93429,1809e810e0994707bcf6ae104b160710,5d9ec80c4df7478dbc58cac6ca36fe0c,6d0fe6e941444a19813694dc2fd7f45c,00a0aeba317840509f2f15d94fd6a1b3,c2729b7b0a1e47408cfbe378b7a90a51,29999d34870b41f9ad4e791b5feec11e,97e296dae88242d6a170220c39bcc95f,', 'be742f86c9914e7b83bfb531c2e693df'), ('cc65b6abe5444eae8b2adfd516b2240e', '1', '5f6b500ffdf642349a1b46203c147ee0', '2016-05-17 09:21:39', null, 'a09d87ce110240adbc5a959f9b46b4ed,85c01be5af524b589733f0d0743d26d5,08f43a3729da415bb1b56dcd7a2e68ab,96ad0cac8d0649aa9505185dcf805491,', '00a6355517874ab9ac9c89184d438124'), ('e20dddafbd8043db8fc6f44c46b602bb', '1', 'c4db76be7dd94f95b5213b885f919cba', '2016-05-20 00:14:47', null, '0bb7ce792fbc4cff809c71af3c70a8e1,5fc58867e9994545b77cb63e3e25daae,96ad0cac8d0649aa9505185dcf805491,', 'be742f86c9914e7b83bfb531c2e693df');
COMMIT;

-- ----------------------------
--  Table structure for `ss_checkjob_job_tem_item`
-- ----------------------------
DROP TABLE IF EXISTS `ss_checkjob_job_tem_item`;
CREATE TABLE `ss_checkjob_job_tem_item` (
  `id_` varchar(64) NOT NULL COMMENT 'ID',
  `tem_id_` varchar(64) DEFAULT NULL COMMENT 'ID',
  `item_id_` varchar(64) DEFAULT '' COMMENT 'ID',
  `operate_time_` datetime DEFAULT NULL COMMENT '',
  `operator_id_` varchar(64) DEFAULT NULL COMMENT 'ID',
  PRIMARY KEY (`id_`)
) ENGINE=InnoDB DEFAULT CHARSET=utf8 ROW_FORMAT=COMPACT COMMENT='';

-- ----------------------------
--  Records of `ss_checkjob_job_tem_item`
-- ----------------------------
BEGIN;
INSERT INTO `ss_checkjob_job_tem_item` VALUES ('01268134af8d452a982b00d5ec6fac46', '3bf1c8399c7a4eeaaf4197211318887d', 'd398275d3c8c475489e754fc8e66642f', '2016-05-20 09:28:47', 'c4db76be7dd94f95b5213b885f919cba'), ('018470c1eecd41cbb59d5e079726ac05', '900fcf39cf11462ebc5fb7fa940aa727', '85c01be5af524b589733f0d0743d26d5', '2016-05-18 16:46:34', 'e470153e65ff4acf84ef6bba89290519'), ('04af182f0a4947f581c13ddfd891a08a', '4919954eab334b8c9a70b7eaeb2b7981', 'eef8fe8c67824d23bb21c1ea9ab82449', '2016-05-18 14:34:49', '5f6b500ffdf642349a1b46203c147ee0'), ('08cf24561d1148fda728aa95e4234679', '4919954eab334b8c9a70b7eaeb2b7981', '228fb3a3a54649f8b3d84d759f916e1c', '2016-05-18 14:34:49', '5f6b500ffdf642349a1b46203c147ee0'), ('09227dc707c0453a887c070a3f157d10', '4919954eab334b8c9a70b7eaeb2b7981', '29999d34870b41f9ad4e791b5feec11e', '2016-05-18 14:34:49', '5f6b500ffdf642349a1b46203c147ee0'), ('0bf29b4948a145769fa85311dde05f29', '4919954eab334b8c9a70b7eaeb2b7981', 'e1947e4d73c6450bbebe724595a2276d', '2016-05-18 14:34:49', '5f6b500ffdf642349a1b46203c147ee0'), ('0f075fe3c08d4f4582b2ea42f4fdcea7', '4919954eab334b8c9a70b7eaeb2b7981', '2d7af66ddec7413c842c294dc599bb4a', '2016-05-18 14:34:49', '5f6b500ffdf642349a1b46203c147ee0'), ('0f898146ce304435a7e0b6527144389d', '0794ae8b15804c1784ef18b4cad18565', 'f74b2a58630d447188c0a205145a54aa', '2016-05-19 08:47:58', '5f6b500ffdf642349a1b46203c147ee0'), ('109194e8e1d845d099d8bdbde5881899', '4919954eab334b8c9a70b7eaeb2b7981', 'd398275d3c8c475489e754fc8e66642f', '2016-05-18 14:34:49', '5f6b500ffdf642349a1b46203c147ee0'), ('10b2555fd24943fbb5b8377113ac28ac', 'e20dddafbd8043db8fc6f44c46b602bb', '96ad0cac8d0649aa9505185dcf805491', '2016-05-20 00:14:47', 'c4db76be7dd94f95b5213b885f919cba'), ('14cd64b4b2b646acac332859e95a77b2', 'c3f4273431c94d9bbc4ec5daca923bc8', '5d9ec80c4df7478dbc58cac6ca36fe0c', '2016-05-18 15:35:07', 'c4db76be7dd94f95b5213b885f919cba'), ('1ec3453ef4cc4cada1dc7dd3679e5d24', '4919954eab334b8c9a70b7eaeb2b7981', 'd8407a4a393b44d3a059bdc7bed184ef', '2016-05-18 14:34:49', '5f6b500ffdf642349a1b46203c147ee0'), ('217269d9ed3f4189bb6141ee3f469591', '54c9392998734269b0075c7adc40c104', 'be60792440cc4dfca846b3e673ebf2a4', '2016-05-20 09:55:40', 'c321c891521446bdac49ae2bb29d7a00'), ('223f363f450348cda777c02df6e784ed', '4919954eab334b8c9a70b7eaeb2b7981', 'b20e7020c78248c7afc6c818bce61446', '2016-05-18 14:34:49', '5f6b500ffdf642349a1b46203c147ee0'), ('27c7e19572c9446985cbb22d8c8e695d', '4919954eab334b8c9a70b7eaeb2b7981', '98caa5d1bcf145218d9910687db6ef8f', '2016-05-18 14:34:49', '5f6b500ffdf642349a1b46203c147ee0'), ('2f44da835c2a44218a7087a0c73fc045', '4919954eab334b8c9a70b7eaeb2b7981', 'b16a7a2f9d804a749fa583e41a5581c7', '2016-05-18 14:34:49', '5f6b500ffdf642349a1b46203c147ee0'), ('2fc68b3eaccf4b4588a9fa05543a11b9', '4919954eab334b8c9a70b7eaeb2b7981', '9c496ad57e4e4d1e96e6f4ac501802b0', '2016-05-18 14:34:49', '5f6b500ffdf642349a1b46203c147ee0'), ('31714be685ea41d1985255d724f5b75c', 'c3f4273431c94d9bbc4ec5daca923bc8', '1a66f7071b784ab9bd647652c3d93429', '2016-05-18 15:35:07', 'c4db76be7dd94f95b5213b885f919cba'), ('36af504f64e44ba1bda89cf82bffcc91', '4919954eab334b8c9a70b7eaeb2b7981', 'f74b2a58630d447188c0a205145a54aa', '2016-05-18 14:34:49', '5f6b500ffdf642349a1b46203c147ee0'), ('36e1a55e9d894b149b783219e08d12fd', '0794ae8b15804c1784ef18b4cad18565', '06254582303d4460a97b92d2b2113146', '2016-05-19 08:47:58', '5f6b500ffdf642349a1b46203c147ee0'), ('371d129ead0a40a0a63b44ca8eb26eac', '4919954eab334b8c9a70b7eaeb2b7981', 'f9914cf61c0343efb2d327f7f95042c2', '2016-05-18 14:34:49', '5f6b500ffdf642349a1b46203c147ee0'), ('37635173c5124a9ba1e62fb556c78eb0', 'cc65b6abe5444eae8b2adfd516b2240e', '08f43a3729da415bb1b56dcd7a2e68ab', '2016-05-17 09:21:39', '5f6b500ffdf642349a1b46203c147ee0'), ('37f3327d016148d589c95d08567aaead', '4919954eab334b8c9a70b7eaeb2b7981', '7c73335b484b46c0a30fda7799e568e1', '2016-05-18 14:34:49', '5f6b500ffdf642349a1b46203c147ee0'), ('411448bcb3b04fccbde996b700dead4b', '900fcf39cf11462ebc5fb7fa940aa727', 'a09d87ce110240adbc5a959f9b46b4ed', '2016-05-18 16:46:34', 'e470153e65ff4acf84ef6bba89290519'), ('421249e781244be8b1ccc4b97b1c6bd8', '4919954eab334b8c9a70b7eaeb2b7981', '472a032b4f534675acac3602e946ef69', '2016-05-18 14:34:49', '5f6b500ffdf642349a1b46203c147ee0'), ('4871cb9c3f194ce7bfaa14a34fa6d600', 'e20dddafbd8043db8fc6f44c46b602bb', '0bb7ce792fbc4cff809c71af3c70a8e1', '2016-05-20 00:14:47', 'c4db76be7dd94f95b5213b885f919cba'), ('4a430fece4fb4849a7839063561c1ba2', '54c9392998734269b0075c7adc40c104', '06254582303d4460a97b92d2b2113146', '2016-05-20 09:55:40', 'c321c891521446bdac49ae2bb29d7a00'), ('4cc1c2f3cfb4417699a1101ab3c687de', '54c9392998734269b0075c7adc40c104', 'a09d87ce110240adbc5a959f9b46b4ed', '2016-05-20 09:55:40', 'c321c891521446bdac49ae2bb29d7a00'), ('4ef2648f02684ea08b5d89e50b7f1075', 'c3f4273431c94d9bbc4ec5daca923bc8', 'f56d0d92eaab45329453f9bccbb36fe3', '2016-05-18 15:35:07', 'c4db76be7dd94f95b5213b885f919cba'), ('52ea27f0ba3748819cecdf7493cb0f44', '3bf1c8399c7a4eeaaf4197211318887d', '106a89d7353b439cb5eb000da7e6d881', '2016-05-20 09:28:47', 'c4db76be7dd94f95b5213b885f919cba'), ('565e851e993e40069045bc71e37d8e92', '4919954eab334b8c9a70b7eaeb2b7981', '8a39cc8902694c4b93a415154d8ae805', '2016-05-18 14:34:49', '5f6b500ffdf642349a1b46203c147ee0'), ('584dca20613c4ca49133c4760309f1ec', '4919954eab334b8c9a70b7eaeb2b7981', '72d65040039f4c3f8ca72e22495797fc', '2016-05-18 14:34:49', '5f6b500ffdf642349a1b46203c147ee0'), ('58aa13ac06b24d7ab8a47ce2ccd0ac15', '1f5e09c2e1ed4b0f8eb193580fc60f2d', 'ba4a6153b64b4dcfb6943000b2a0f82f', '2016-05-20 09:56:20', 'c321c891521446bdac49ae2bb29d7a00'), ('58cc537681734ae6946cdec400c05f63', '4919954eab334b8c9a70b7eaeb2b7981', '2365f90d42f14ace8f4298f236643a7f', '2016-05-18 14:34:49', '5f6b500ffdf642349a1b46203c147ee0'), ('5b519455f06240b89a1e1c1c90505243', 'c3f4273431c94d9bbc4ec5daca923bc8', '7f5defb0bc974d36ba1f5d1ee77aa087', '2016-05-18 15:35:07', 'c4db76be7dd94f95b5213b885f919cba'), ('5dc71b8b53db4bf6bbaa40f40ac7ae0c', '4919954eab334b8c9a70b7eaeb2b7981', '6d3e449431944c129371ed6be8be3d11', '2016-05-18 14:34:49', '5f6b500ffdf642349a1b46203c147ee0'), ('609b2c4a167b4e6ca2674f35198905d2', '0794ae8b15804c1784ef18b4cad18565', '5ba89728daeb4a6999238a2939748145', '2016-05-19 08:47:58', '5f6b500ffdf642349a1b46203c147ee0'), ('68e5e29a44fe436c89181364745d7ad4', '4919954eab334b8c9a70b7eaeb2b7981', '37e72140320d4cdfb52acf286a70f4e2', '2016-05-18 14:34:49', '5f6b500ffdf642349a1b46203c147ee0'), ('6bd3a53b8cb14816a5f1bcd46260ac1f', '4919954eab334b8c9a70b7eaeb2b7981', '1cb4228a85e44a6e9e0ae3b9b94d09cc', '2016-05-18 14:34:49', '5f6b500ffdf642349a1b46203c147ee0'), ('6be1fbe464fe4bccaf85c214a559fa23', 'cc65b6abe5444eae8b2adfd516b2240e', '96ad0cac8d0649aa9505185dcf805491', '2016-05-17 09:21:39', '5f6b500ffdf642349a1b46203c147ee0'), ('730ca39d54564acc94e1f65193954e91', 'c3f4273431c94d9bbc4ec5daca923bc8', 'fe2fbf44f2d94750b49e286aabd3ad07', '2016-05-18 15:35:07', 'c4db76be7dd94f95b5213b885f919cba'), ('741f84e334a54c868d673b8761ba1af8', '5cbd9b0e26ea491da62259580f244a86', '12ef81ff422441eab5924c18443e1807', '2016-05-20 09:14:08', 'c4db76be7dd94f95b5213b885f919cba'), ('750f1e6fe35c45ae8a0b1282e566336d', '4919954eab334b8c9a70b7eaeb2b7981', '77ef62f7f6644cbba6c3011cac207b68', '2016-05-18 14:34:49', '5f6b500ffdf642349a1b46203c147ee0'), ('75b657812e9a4f5495a6b8430b88867c', '4919954eab334b8c9a70b7eaeb2b7981', 'c2729b7b0a1e47408cfbe378b7a90a51', '2016-05-18 14:34:49', '5f6b500ffdf642349a1b46203c147ee0'), ('7791fc39d69c447b826164c4d1db8d92', '5cbd9b0e26ea491da62259580f244a86', 'f74b2a58630d447188c0a205145a54aa', '2016-05-20 09:14:08', 'c4db76be7dd94f95b5213b885f919cba'), ('7a21645078e34732a322a04075326a79', '4919954eab334b8c9a70b7eaeb2b7981', 'cb7fcf162bb34ded9d0694afa2cce127', '2016-05-18 14:34:49', '5f6b500ffdf642349a1b46203c147ee0'), ('7ba6df27346248f18bc276ae40797154', 'c3f4273431c94d9bbc4ec5daca923bc8', 'f255f88cc7f54fe5a5397e8bed014124', '2016-05-18 15:35:07', 'c4db76be7dd94f95b5213b885f919cba'), ('7be4d8107e7d4f9e8ba6f866050605d5', '761081eb53d84e24973aae34425066cf', 'f74b2a58630d447188c0a205145a54aa', '2016-05-19 13:52:16', 'c321c891521446bdac49ae2bb29d7a00'), ('7fc699a975384c57a23b043d4518372c', 'c3f4273431c94d9bbc4ec5daca923bc8', '3e73743f2e024d12bce72c4aed8a4c40', '2016-05-18 15:35:07', 'c4db76be7dd94f95b5213b885f919cba'), ('82da82d689e34a688c01e044b28a8b14', '4919954eab334b8c9a70b7eaeb2b7981', '6eea078283214dbaa3612819b59346b0', '2016-05-18 14:34:49', '5f6b500ffdf642349a1b46203c147ee0'), ('831be866ace54d01817ea1d595f7f39f', 'cc65b6abe5444eae8b2adfd516b2240e', '85c01be5af524b589733f0d0743d26d5', '2016-05-17 09:21:39', '5f6b500ffdf642349a1b46203c147ee0'), ('84b7c481ea2345adac4989537389d4f9', '4919954eab334b8c9a70b7eaeb2b7981', 'cce580d1e61d41e1b2fb71e20f9f2f20', '2016-05-18 14:34:49', '5f6b500ffdf642349a1b46203c147ee0'), ('85cd8fed86af4ee292916d7d6e81fbd0', '4919954eab334b8c9a70b7eaeb2b7981', '755295eff8744e5f93e9360e91bc12ec', '2016-05-18 14:34:49', '5f6b500ffdf642349a1b46203c147ee0'), ('8b3494fa749544248ebdd74fb17792a4', 'c3f4273431c94d9bbc4ec5daca923bc8', '6d0fe6e941444a19813694dc2fd7f45c', '2016-05-18 15:35:07', 'c4db76be7dd94f95b5213b885f919cba'), ('8bad30040e194b7091e112209e571384', '5cbd9b0e26ea491da62259580f244a86', 'a09d87ce110240adbc5a959f9b46b4ed', '2016-05-20 09:14:08', 'c4db76be7dd94f95b5213b885f919cba'), ('8c5531f25f8b4df38f9e33744778e339', '4919954eab334b8c9a70b7eaeb2b7981', '6252b1c89ef247179d46db0a08b6e5b6', '2016-05-18 14:34:49', '5f6b500ffdf642349a1b46203c147ee0'), ('8f5a43316c134c768640ee0633de1b55', '4919954eab334b8c9a70b7eaeb2b7981', '0ddff71c42164db3b755ab0198bbfdcc', '2016-05-18 14:34:49', '5f6b500ffdf642349a1b46203c147ee0'), ('90bb95d2810b4d81a362c8f341b75bb0', '4919954eab334b8c9a70b7eaeb2b7981', '16c8e1581a32447191b6c12ae78d7703', '2016-05-18 14:34:49', '5f6b500ffdf642349a1b46203c147ee0'), ('91a372c5c44741c6a1b940429a79b55e', '900fcf39cf11462ebc5fb7fa940aa727', 'ba4a6153b64b4dcfb6943000b2a0f82f', '2016-05-18 16:46:34', 'e470153e65ff4acf84ef6bba89290519'), ('92525604d25948409b83331d6d176939', '4919954eab334b8c9a70b7eaeb2b7981', 'fcf9376948104da1b8d7cb43f71f4f78', '2016-05-18 14:34:49', '5f6b500ffdf642349a1b46203c147ee0'), ('96fd17f158e545368bfa4d81615df1b7', '4919954eab334b8c9a70b7eaeb2b7981', '2dbff7d7c0d6469993a4f137e37b2f0c', '2016-05-18 14:34:49', '5f6b500ffdf642349a1b46203c147ee0'), ('9883613cfbbc43b8a3907816c0581a8b', '4919954eab334b8c9a70b7eaeb2b7981', 'bd274ea7d3a84536b47e2f9aa14f5005', '2016-05-18 14:34:49', '5f6b500ffdf642349a1b46203c147ee0'), ('9b122b7ed1e148dfa3c7d8824bb4995c', '900fcf39cf11462ebc5fb7fa940aa727', 'f74b2a58630d447188c0a205145a54aa', '2016-05-18 16:46:34', 'e470153e65ff4acf84ef6bba89290519'), ('9d335e22b6714128a7a8ed0941533b9f', 'c3f4273431c94d9bbc4ec5daca923bc8', 'c2729b7b0a1e47408cfbe378b7a90a51', '2016-05-18 15:35:07', 'c4db76be7dd94f95b5213b885f919cba'), ('9d867109e00b49178cf93222b95e475d', '3bf1c8399c7a4eeaaf4197211318887d', 'd1a99b7da3ad4bbba46cb7ca595e1650', '2016-05-20 09:28:47', 'c4db76be7dd94f95b5213b885f919cba'), ('9e92a440111f4cf882272169e536a822', '3bf1c8399c7a4eeaaf4197211318887d', 'be60792440cc4dfca846b3e673ebf2a4', '2016-05-20 09:28:47', 'c4db76be7dd94f95b5213b885f919cba'), ('9ecd0a53251048dcacc45171b70967c5', 'c3f4273431c94d9bbc4ec5daca923bc8', '00a0aeba317840509f2f15d94fd6a1b3', '2016-05-18 15:35:07', 'c4db76be7dd94f95b5213b885f919cba'), ('a011c191e3b4447baadcba93e48c5225', '4919954eab334b8c9a70b7eaeb2b7981', 'f640466a21cb452d831f57624b826b31', '2016-05-18 14:34:49', '5f6b500ffdf642349a1b46203c147ee0'), ('a24813ec0a6948df98188639ca29c4dd', '4919954eab334b8c9a70b7eaeb2b7981', '8339f698c8944a55a1e13af47485aa06', '2016-05-18 14:34:49', '5f6b500ffdf642349a1b46203c147ee0'), ('a360b9df1e1c44868381248d023881d2', '4919954eab334b8c9a70b7eaeb2b7981', 'de35744dc9914d018de7e9585b31b782', '2016-05-18 14:34:49', '5f6b500ffdf642349a1b46203c147ee0'), ('a368ed1406e24cbd868ad7c21abb5884', '4919954eab334b8c9a70b7eaeb2b7981', '8daa22e6661643b3b60316c0f6c62ead', '2016-05-18 14:34:49', '5f6b500ffdf642349a1b46203c147ee0'), ('a637e0e6c9064ebe92bc971ca9289ae9', '3bf1c8399c7a4eeaaf4197211318887d', '5fc58867e9994545b77cb63e3e25daae', '2016-05-20 09:28:47', 'c4db76be7dd94f95b5213b885f919cba'), ('a77a4fc9c74e4121a0415a456ea91fed', '4919954eab334b8c9a70b7eaeb2b7981', '02eec96dfbf0440fa16a2caaf168c812', '2016-05-18 14:34:49', '5f6b500ffdf642349a1b46203c147ee0'), ('aeda24e0bb204f55ba38a3dfc0aaf67e', '4919954eab334b8c9a70b7eaeb2b7981', '5fc58867e9994545b77cb63e3e25daae', '2016-05-18 14:34:49', '5f6b500ffdf642349a1b46203c147ee0'), ('aefcc84f872a486287fe239427a0766b', '761081eb53d84e24973aae34425066cf', '06254582303d4460a97b92d2b2113146', '2016-05-19 13:52:16', 'c321c891521446bdac49ae2bb29d7a00'), ('afd01c53ab854f28923e29e39204d455', '4919954eab334b8c9a70b7eaeb2b7981', '3776ae04982348a2a14469ed3e57abcb', '2016-05-18 14:34:49', '5f6b500ffdf642349a1b46203c147ee0'), ('b003ef3be50a4e48a8e61f552296e34b', '4919954eab334b8c9a70b7eaeb2b7981', '21c400482d5f49088bba1d33c3a64134', '2016-05-18 14:34:49', '5f6b500ffdf642349a1b46203c147ee0'), ('b3b00a54206d495d8af757c5bd9e0460', '4919954eab334b8c9a70b7eaeb2b7981', '29b81c1d4802456ea8025a56636bc79b', '2016-05-18 14:34:49', '5f6b500ffdf642349a1b46203c147ee0'), ('b471a448c7d247a183db539a9138033f', 'c3f4273431c94d9bbc4ec5daca923bc8', '1809e810e0994707bcf6ae104b160710', '2016-05-18 15:35:07', 'c4db76be7dd94f95b5213b885f919cba'), ('b798bbeed6dd426b971f253ca2b7bfcd', 'e20dddafbd8043db8fc6f44c46b602bb', '5fc58867e9994545b77cb63e3e25daae', '2016-05-20 00:14:47', 'c4db76be7dd94f95b5213b885f919cba'), ('c14d154b628b4fc38430640f32914a60', '0794ae8b15804c1784ef18b4cad18565', '85c01be5af524b589733f0d0743d26d5', '2016-05-19 08:47:58', '5f6b500ffdf642349a1b46203c147ee0'), ('c2a4aed1c9ae4f60a0e22eb58a03ab60', '4919954eab334b8c9a70b7eaeb2b7981', 'cc1351b04e924637bb7c8d6e62719ac2', '2016-05-18 14:34:49', '5f6b500ffdf642349a1b46203c147ee0'), ('c543064be23d4307aaebd1ee445d7725', 'c3f4273431c94d9bbc4ec5daca923bc8', '85b3c3f90f374d0697203446b464e44c', '2016-05-18 15:35:07', 'c4db76be7dd94f95b5213b885f919cba'), ('c86949653ba24cb29f0fb6c2cc90157e', 'c3f4273431c94d9bbc4ec5daca923bc8', '853ecdd98d3048c3a0bf3d4773bcdfda', '2016-05-18 15:35:07', 'c4db76be7dd94f95b5213b885f919cba'), ('ca2ef3eb2c464bf9a459660134859a4b', '4919954eab334b8c9a70b7eaeb2b7981', 'bc008f2cc84b49709b64465f576ec160', '2016-05-18 14:34:49', '5f6b500ffdf642349a1b46203c147ee0'), ('d1f1b492487048839d30768b24065e81', '4919954eab334b8c9a70b7eaeb2b7981', '79b417931ffb4e1fa7a49af433d8becd', '2016-05-18 14:34:49', '5f6b500ffdf642349a1b46203c147ee0'), ('d3189699f6f142b8b65e3321d31a9660', '1f5e09c2e1ed4b0f8eb193580fc60f2d', '6fcab2ec600d492bb17d3c8eb142a92d', '2016-05-20 09:56:20', 'c321c891521446bdac49ae2bb29d7a00'), ('d543f4ba54104fdeb607257e20f37167', '761081eb53d84e24973aae34425066cf', '6fcab2ec600d492bb17d3c8eb142a92d', '2016-05-19 13:52:16', 'c321c891521446bdac49ae2bb29d7a00'), ('d7e3b48b541c4a26937d0c20cf9f6c7a', 'c3f4273431c94d9bbc4ec5daca923bc8', '73842ea9aff84bbaa90898cc64be3ab6', '2016-05-18 15:35:07', 'c4db76be7dd94f95b5213b885f919cba'), ('d7ecbd77dad940f1920dd89fa165f000', '4919954eab334b8c9a70b7eaeb2b7981', 'e4c018fea67f43f9aab0758f7592b5ab', '2016-05-18 14:34:49', '5f6b500ffdf642349a1b46203c147ee0'), ('da90b014c94946e3b09bbad631d15687', '4919954eab334b8c9a70b7eaeb2b7981', '59f9422d36414718b72fc604ee5acf2a', '2016-05-18 14:34:49', '5f6b500ffdf642349a1b46203c147ee0'), ('dacc300521b3464097fb31e7c77080aa', '4919954eab334b8c9a70b7eaeb2b7981', 'b91cb851cf7142d3be3864826aa8f9db', '2016-05-18 14:34:49', '5f6b500ffdf642349a1b46203c147ee0'), ('de451c49636348b0a9e7668313b1dfac', '4919954eab334b8c9a70b7eaeb2b7981', 'bb797c8b886b4cad86b05bc65b94c807', '2016-05-18 14:34:49', '5f6b500ffdf642349a1b46203c147ee0'), ('e03f637b491346b89d1daab02d0c2539', '4919954eab334b8c9a70b7eaeb2b7981', '37e65c6b652348b984e34f41fef3f614', '2016-05-18 14:34:49', '5f6b500ffdf642349a1b46203c147ee0'), ('e3d37a9d051c4448868ef1dabe730529', 'c3f4273431c94d9bbc4ec5daca923bc8', '97e296dae88242d6a170220c39bcc95f', '2016-05-18 15:35:07', 'c4db76be7dd94f95b5213b885f919cba'), ('e6ea798b04034afa9e09d436db3c61ae', '4919954eab334b8c9a70b7eaeb2b7981', '08f43a3729da415bb1b56dcd7a2e68ab', '2016-05-18 14:34:49', '5f6b500ffdf642349a1b46203c147ee0'), ('e73351d62cf24cf3b473c8f9d61be85c', '4919954eab334b8c9a70b7eaeb2b7981', '45129b544a3148caa7ed11a69db06f64', '2016-05-18 14:34:49', '5f6b500ffdf642349a1b46203c147ee0'), ('e7654b7825f948489eeb7777fdf1ee6f', '4919954eab334b8c9a70b7eaeb2b7981', 'c80fc1052a1d491ea9843099b18faf89', '2016-05-18 14:34:49', '5f6b500ffdf642349a1b46203c147ee0'), ('e7cb14ea2135498f9c799549fdbd583c', '4919954eab334b8c9a70b7eaeb2b7981', 'a3f95fe0ff4a4df7991130fbaaf91543', '2016-05-18 14:34:49', '5f6b500ffdf642349a1b46203c147ee0'), ('e80739ffacac4a218b5c5f94e0660aa8', '4919954eab334b8c9a70b7eaeb2b7981', '33292f2c24384e7197742f40b8018e71', '2016-05-18 14:34:49', '5f6b500ffdf642349a1b46203c147ee0'), ('eaf34660ada5412fa835a2487991b73b', '5cbd9b0e26ea491da62259580f244a86', '6fcab2ec600d492bb17d3c8eb142a92d', '2016-05-20 09:14:08', 'c4db76be7dd94f95b5213b885f919cba'), ('ec779c4db15b4c54bb79d2d4f02860eb', '761081eb53d84e24973aae34425066cf', '5ba89728daeb4a6999238a2939748145', '2016-05-19 13:52:16', 'c321c891521446bdac49ae2bb29d7a00'), ('ed690ba028ec451594dd21218d0f86ab', '4919954eab334b8c9a70b7eaeb2b7981', '87d922c87449409e94af94446eb3bd68', '2016-05-18 14:34:49', '5f6b500ffdf642349a1b46203c147ee0'), ('ed7383c667454956babdc7c4223c830e', '4919954eab334b8c9a70b7eaeb2b7981', 'dee27c258ed34630b60ed833a4b7fa3c', '2016-05-18 14:34:49', '5f6b500ffdf642349a1b46203c147ee0'), ('eddca003844b48008128aa4940c125e4', '3bf1c8399c7a4eeaaf4197211318887d', '54baa8900f3d4fe8860ea3012f0c1be4', '2016-05-20 09:28:47', 'c4db76be7dd94f95b5213b885f919cba'), ('f3434fcb824848409346bf633fb20b0e', '4919954eab334b8c9a70b7eaeb2b7981', '96ad0cac8d0649aa9505185dcf805491', '2016-05-18 14:34:49', '5f6b500ffdf642349a1b46203c147ee0'), ('f5a2fe916f0b4744ae4f51fd2f5cd756', '4919954eab334b8c9a70b7eaeb2b7981', 'e3a77addc673422fb2bd3cf87f2bd2f5', '2016-05-18 14:34:49', '5f6b500ffdf642349a1b46203c147ee0'), ('fa838c56c54e49e6aec4626fa409828f', '4919954eab334b8c9a70b7eaeb2b7981', 'fa4712fd6d51444bae7449f3618f32f4', '2016-05-18 14:34:49', '5f6b500ffdf642349a1b46203c147ee0'), ('fb7f6e4dc42c4b4ba89dc4aabddafe83', '4919954eab334b8c9a70b7eaeb2b7981', 'fb1bb00ed17f49aab5bca7a92c5f0ec7', '2016-05-18 14:34:49', '5f6b500ffdf642349a1b46203c147ee0'), ('fcfe70eeb895496095f354010696d03c', 'c3f4273431c94d9bbc4ec5daca923bc8', '29999d34870b41f9ad4e791b5feec11e', '2016-05-18 15:35:07', 'c4db76be7dd94f95b5213b885f919cba'), ('fe27d8d3d7974561ae7d6f8c75051575', 'cc65b6abe5444eae8b2adfd516b2240e', 'a09d87ce110240adbc5a959f9b46b4ed', '2016-05-17 09:21:39', '5f6b500ffdf642349a1b46203c147ee0');
COMMIT;

-- ----------------------------
--  View structure for `act_id_group`
-- ----------------------------
DROP VIEW IF EXISTS `act_id_group`;
CREATE ALGORITHM=UNDEFINED DEFINER=`root`@`localhost` SQL SECURITY DEFINER VIEW `act_id_group` AS select `t1`.`id` AS `ID_`,`t1`.`REV` AS `REV_`,`t1`.`NAME` AS `NAME_`,`t1`.`TYPE` AS `TYPE_` from `jc_sys_group` `t1` where (`t1`.`CUSTOM_CODE` = 'wf');

-- ----------------------------
--  View structure for `act_id_info`
-- ----------------------------
DROP VIEW IF EXISTS `act_id_info`;
CREATE ALGORITHM=UNDEFINED DEFINER=`root`@`localhost` SQL SECURITY DEFINER VIEW `act_id_info` AS select `t1`.`ID_` AS `ID_`,`t1`.`REV_` AS `REV_`,`t1`.`USER_ID_` AS `USER_ID_`,`t1`.`TYPE_` AS `TYPE_`,`t1`.`KEY_` AS `KEY_`,`t1`.`VALUE_` AS `VALUE_`,`t1`.`PASSWORD_` AS `PASSWORD_`,`t1`.`PARENT_ID_` AS `PARENT_ID_` from `jc_tmp_actuserinfo` `t1`;

-- ----------------------------
--  View structure for `act_id_membership`
-- ----------------------------
DROP VIEW IF EXISTS `act_id_membership`;
CREATE ALGORITHM=UNDEFINED DEFINER=`root`@`localhost` SQL SECURITY DEFINER VIEW `act_id_membership` AS select `jc_sys_user_group`.`USERID` AS `USER_ID_`,`jc_sys_user_group`.`GROUPID` AS `GROUP_ID_` from `jc_sys_user_group`;

-- ----------------------------
--  View structure for `act_id_user`
-- ----------------------------
DROP VIEW IF EXISTS `act_id_user`;
CREATE ALGORITHM=UNDEFINED DEFINER=`root`@`localhost` SQL SECURITY DEFINER VIEW `act_id_user` AS select `t1`.`USERNAME` AS `ID_`,(1 + 1) AS `REV_`,'testfirst' AS `FIRST_`,'testlast' AS `LAST`,'0' AS `PICTURE_ID_`,`t1`.`EMAIL` AS `EMAIL_`,`t1`.`PASSWORD` AS `PWD_` from `jc_sys_user` `t1`;

-- ----------------------------
--  Procedure structure for `checkitemprocess`
-- ----------------------------
DROP PROCEDURE IF EXISTS `checkitemprocess`;
delimiter ;;
CREATE DEFINER=`root`@`localhost` PROCEDURE `checkitemprocess`(in realtempin int,
out realtempout int,
inout realnum int )
BEGIN

DECLARE Done INT DEFAULT 0;
      
       DECLARE rs_num INT;
      
       DECLARE realcasid VARCHAR(100);
       /*  */
       DECLARE rs CURSOR FOR SELECT cascade_id_ FROM ss_checkjob_checkitem;
       /*  */
	/*DECLARE CONTINUE HANDLER FOR SQLSTATE '02000' SET Done = 1;*/

	DECLARE  CONTINUE HANDLER FOR NOT FOUND  SET  Done = 1; /*when "not found" occur,just continue,,NOT FOUND*/
	SET rs_num = 0;
   
    /*  */	
    OPEN rs;  
   
    /* LingQi */
    FETCH NEXT FROM rs INTO realcasid;     
    /*  */
    REPEAT
          IF NOT Done THEN
		SET rs_num = rs_num + 1;
		SET realnum = realnum+1;
          END IF;
         
    FETCH NEXT FROM rs INTO realcasid;

    UNTIL Done END REPEAT;
   
    /*  */
     CLOSE rs;
	
	SELECT rs_num INTO realtempout;

END
 ;;
delimiter ;

-- ----------------------------
--  Function structure for `getCheckItemChildLst`
-- ----------------------------
DROP FUNCTION IF EXISTS `getCheckItemChildLst`;
delimiter ;;
CREATE DEFINER=`root`@`localhost` FUNCTION `getCheckItemChildLst`(rootId varchar(255)) RETURNS varchar(1000) CHARSET utf8
BEGIN  
       DECLARE sTemp VARCHAR(1000);  
       DECLARE sTempChd VARCHAR(1000);  
      
       SET sTemp = '$';  
       SET sTempChd =rootId;  
      
       WHILE sTempChd is not null DO  
         SET sTemp = concat(sTemp,',',sTempChd);  
         SELECT group_concat(id_) INTO sTempChd FROM ss_checkjob_checkitem where parent_id_<>id_ and FIND_IN_SET(parent_id_,sTempChd)>0;  
       END WHILE;  
       RETURN sTemp;  
     END
 ;;
delimiter ;

-- ----------------------------
--  Function structure for `getChildLst`
-- ----------------------------
DROP FUNCTION IF EXISTS `getChildLst`;
delimiter ;;
CREATE DEFINER=`root`@`localhost` FUNCTION `getChildLst`(rootId varchar(255)) RETURNS varchar(1000) CHARSET utf8
BEGIN  
       DECLARE sTemp VARCHAR(1000);  
       DECLARE sTempChd VARCHAR(1000);  
      
       SET sTemp = '$';  
       SET sTempChd =rootId;  
      
       WHILE sTempChd is not null DO  
         SET sTemp = concat(sTemp,',',sTempChd);  
         SELECT group_concat(id_) INTO sTempChd FROM aos_sys_org where parent_id_<>id_ and type_='1' and FIND_IN_SET(parent_id_,sTempChd)>0;  
       END WHILE;  
       RETURN sTemp;  
     END
 ;;
delimiter ;

SET FOREIGN_KEY_CHECKS = 1;
