/*
Navicat MySQL Data Transfer

Source Server         : localhost
Source Server Version : 50628
Source Host           : localhost:3306
Source Database       : jc

Target Server Type    : MYSQL
Target Server Version : 50628
File Encoding         : 65001

Date: 2016-11-21 06:41:52
*/

SET FOREIGN_KEY_CHECKS=0;

-- ----------------------------
-- Table structure for `act_evt_log`
-- ----------------------------
DROP TABLE IF EXISTS `act_evt_log`;
CREATE TABLE `act_evt_log` (
  `LOG_NR_` bigint(20) NOT NULL AUTO_INCREMENT,
  `TYPE_` varchar(64) COLLATE utf8_bin DEFAULT NULL,
  `PROC_DEF_ID_` varchar(64) COLLATE utf8_bin DEFAULT NULL,
  `PROC_INST_ID_` varchar(64) COLLATE utf8_bin DEFAULT NULL,
  `EXECUTION_ID_` varchar(64) COLLATE utf8_bin DEFAULT NULL,
  `TASK_ID_` varchar(64) COLLATE utf8_bin DEFAULT NULL,
  `TIME_STAMP_` timestamp(3) NOT NULL DEFAULT CURRENT_TIMESTAMP(3) ON UPDATE CURRENT_TIMESTAMP(3),
  `USER_ID_` varchar(255) COLLATE utf8_bin DEFAULT NULL,
  `DATA_` longblob,
  `LOCK_OWNER_` varchar(255) COLLATE utf8_bin DEFAULT NULL,
  `LOCK_TIME_` timestamp(3) NULL DEFAULT NULL,
  `IS_PROCESSED_` tinyint(4) DEFAULT '0',
  PRIMARY KEY (`LOG_NR_`)
) ENGINE=InnoDB DEFAULT CHARSET=utf8 COLLATE=utf8_bin;

-- ----------------------------
-- Records of act_evt_log
-- ----------------------------

-- ----------------------------
-- Table structure for `act_ge_bytearray`
-- ----------------------------
DROP TABLE IF EXISTS `act_ge_bytearray`;
CREATE TABLE `act_ge_bytearray` (
  `ID_` varchar(64) COLLATE utf8_bin NOT NULL DEFAULT '',
  `REV_` int(11) DEFAULT NULL,
  `NAME_` varchar(255) COLLATE utf8_bin DEFAULT NULL,
  `DEPLOYMENT_ID_` varchar(64) COLLATE utf8_bin DEFAULT NULL,
  `BYTES_` longblob,
  `GENERATED_` tinyint(4) DEFAULT NULL,
  PRIMARY KEY (`ID_`),
  KEY `ACT_FK_BYTEARR_DEPL` (`DEPLOYMENT_ID_`),
  CONSTRAINT `ACT_FK_BYTEARR_DEPL` FOREIGN KEY (`DEPLOYMENT_ID_`) REFERENCES `act_re_deployment` (`ID_`)
) ENGINE=InnoDB DEFAULT CHARSET=utf8 COLLATE=utf8_bin;

-- ----------------------------
-- Records of act_ge_bytearray
-- ----------------------------
INSERT INTO `act_ge_bytearray` VALUES ('175002', '1', '/Users/realaicy/RealCode/TNA/JC/jc-web/target/classes/processes/simplejc.bpmn20.xml', '175001', 0x3C3F786D6C2076657273696F6E3D22312E302220656E636F64696E673D225554462D38223F3E0A3C646566696E6974696F6E7320786D6C6E733D22687474703A2F2F7777772E6F6D672E6F72672F737065632F42504D4E2F32303130303532342F4D4F44454C2220786D6C6E733A7873693D22687474703A2F2F7777772E77332E6F72672F323030312F584D4C536368656D612D696E7374616E6365220A20202020202020202020202020786D6C6E733A61637469766974693D22687474703A2F2F61637469766974692E6F72672F62706D6E2220786D6C6E733A62706D6E64693D22687474703A2F2F7777772E6F6D672E6F72672F737065632F42504D4E2F32303130303532342F4449220A20202020202020202020202020786D6C6E733A6F6D6764633D22687474703A2F2F7777772E6F6D672E6F72672F737065632F44442F32303130303532342F44432220786D6C6E733A6F6D6764693D22687474703A2F2F7777772E6F6D672E6F72672F737065632F44442F32303130303532342F4449220A20202020202020202020202020747970654C616E67756167653D22687474703A2F2F7777772E77332E6F72672F323030312F584D4C536368656D61222065787072657373696F6E4C616E67756167653D22687474703A2F2F7777772E77332E6F72672F313939392F5850617468220A202020202020202020202020207461726765744E616D6573706163653D22687474703A2F2F7777772E6B6166656974752E6D652F61637469766974692D696E2D616374696F6E223E0A202020203C70726F636573732069643D2273696D706C656A6322206E616D653D2273696D706C656A63223E0A20202020202020203C73746172744576656E742069643D2273746172746576656E743122206E616D653D225374617274223E3C2F73746172744576656E743E0A20202020202020203C656E644576656E742069643D22656E646576656E743122206E616D653D22456E64223E3C2F656E644576656E743E0A20202020202020203C757365725461736B2069643D22636F6D6669726D4461746522206E616D653D22E7A1AEE5AE9AE4BABAE59198E38081E697B6E997B4E38081E8A18CE7A88B222061637469766974693A63616E64696461746547726F7570733D226F7267315F736563726574617279223E3C2F757365725461736B3E0A20202020202020203C757365725461736B2069643D22707265417564697422206E616D653D22E9A284E7A8BDE69FA5222061637469766974693A63616E64696461746547726F7570733D226F7267315F7072656175646974223E3C2F757365725461736B3E0A20202020202020203C757365725461736B2069643D22617564697422206E616D653D22E7A8BDE69FA5222061637469766974693A63616E64696461746547726F7570733D226F7267315F6175646974223E3C2F757365725461736B3E0A20202020202020203C757365725461736B2069643D2270726F66657373696F6E616C22206E616D653D22E4B893E5AEB6E8AF84E5AEA1222061637469766974693A63616E64696461746547726F7570733D226F7267315F70726F66657373696F6E616C223E3C2F757365725461736B3E0A20202020202020203C757365725461736B2069643D227265706F727422206E616D653D22E68F90E4BAA4E68AA5E5918A222061637469766974693A63616E64696461746547726F7570733D226F7267315F736563726574617279223E3C2F757365725461736B3E0A20202020202020203C757365725461736B2069643D22696D70726F7665506C616E22206E616D653D22E694B9E8BF9BE8AEA1E58892222061637469766974693A63616E64696461746547726F7570733D22636F6D5F736563726574617279223E3C2F757365725461736B3E0A20202020202020203C757365725461736B2069643D226175646974496D70726F7665526573756C7422206E616D653D22E6A380E69FA5E695B4E694B9E7BB93E69E9C222061637469766974693A63616E64696461746547726F7570733D226F7267315F736563726574617279223E3C2F757365725461736B3E0A0A20202020202020203C73657175656E6365466C6F772069643D22666C6F773122206E616D653D222220736F757263655265663D2273746172746576656E743122207461726765745265663D22636F6D6669726D44617465223E3C2F73657175656E6365466C6F773E0A20202020202020203C73657175656E6365466C6F772069643D22666C6F773222206E616D653D222220736F757263655265663D22636F6D6669726D4461746522207461726765745265663D227072654175646974223E3C2F73657175656E6365466C6F773E0A20202020202020203C73657175656E6365466C6F772069643D22666C6F773322206E616D653D222220736F757263655265663D22707265417564697422207461726765745265663D226175646974223E3C2F73657175656E6365466C6F773E0A20202020202020203C73657175656E6365466C6F772069643D22666C6F773422206E616D653D222220736F757263655265663D22617564697422207461726765745265663D2270726F66657373696F6E616C223E3C2F73657175656E6365466C6F773E0A20202020202020203C73657175656E6365466C6F772069643D22666C6F773522206E616D653D222220736F757263655265663D2270726F66657373696F6E616C22207461726765745265663D227265706F7274223E3C2F73657175656E6365466C6F773E0A20202020202020203C73657175656E6365466C6F772069643D22666C6F773622206E616D653D222220736F757263655265663D227265706F727422207461726765745265663D22696D70726F7665506C616E223E3C2F73657175656E6365466C6F773E0A20202020202020203C73657175656E6365466C6F772069643D22666C6F773722206E616D653D222220736F757263655265663D22696D70726F7665506C616E22207461726765745265663D226175646974496D70726F7665526573756C74223E3C2F73657175656E6365466C6F773E0A0A20202020202020203C73657175656E6365466C6F772069643D22666C6F77393922206E616D653D222220736F757263655265663D226175646974496D70726F7665526573756C7422207461726765745265663D22656E646576656E7431223E3C2F73657175656E6365466C6F773E0A0A202020203C2F70726F636573733E0A3C2F646566696E6974696F6E733E, '0');
INSERT INTO `act_ge_bytearray` VALUES ('177502', '1', '/Users/realaicy/RealCode/TNA/JC/jc-web/target/classes/processes/jc_demo.bpmn20.xml', '177501', 0x3C3F786D6C2076657273696F6E3D22312E302220656E636F64696E673D225554462D38223F3E0A3C646566696E6974696F6E7320786D6C6E733D22687474703A2F2F7777772E6F6D672E6F72672F737065632F42504D4E2F32303130303532342F4D4F44454C2220786D6C6E733A7873693D22687474703A2F2F7777772E77332E6F72672F323030312F584D4C536368656D612D696E7374616E63652220786D6C6E733A7873643D22687474703A2F2F7777772E77332E6F72672F323030312F584D4C536368656D612220786D6C6E733A61637469766974693D22687474703A2F2F61637469766974692E6F72672F62706D6E2220786D6C6E733A62706D6E64693D22687474703A2F2F7777772E6F6D672E6F72672F737065632F42504D4E2F32303130303532342F44492220786D6C6E733A6F6D6764633D22687474703A2F2F7777772E6F6D672E6F72672F737065632F44442F32303130303532342F44432220786D6C6E733A6F6D6764693D22687474703A2F2F7777772E6F6D672E6F72672F737065632F44442F32303130303532342F44492220747970654C616E67756167653D22687474703A2F2F7777772E77332E6F72672F323030312F584D4C536368656D61222065787072657373696F6E4C616E67756167653D22687474703A2F2F7777772E77332E6F72672F313939392F585061746822207461726765744E616D6573706163653D22687474703A2F2F7777772E61637469766974692E6F72672F70726F63657373646566223E0A20203C70726F636573732069643D226A635F64656D6F22206E616D653D22E7A8BDE69FA5E6BC94E7A4BA2220697345786563757461626C653D2274727565223E0A202020203C646F63756D656E746174696F6E3EE7A8BDE69FA5E6BC94E7A4BA3C2F646F63756D656E746174696F6E3E0A202020203C73746172744576656E742069643D227265616C737461727422206E616D653D22E5BC80E5A78BE88A82E782B9223E3C2F73746172744576656E743E0A202020203C757365725461736B2069643D22706A737461727422206E616D653D22E9A1B9E79BAEE590AFE58AA8222061637469766974693A63616E64696461746547726F7570733D226D69736875223E3C2F757365725461736B3E0A202020203C736572766963655461736B2069643D22706A73746172746E6F7469667922206E616D653D22E9A1B9E79BAEE590AFE58AA8E4BC9AE4BC9AE8AEAEE7BAAAE8A68120E982AEE4BBB6E696B9E5BC8FE9809AE79FA5E588B0E59084E4B8AAE5B9B2E7B3BBE4BABA222061637469766974693A747970653D226D61696C223E0A2020202020203C657874656E73696F6E456C656D656E74733E0A20202020202020203C61637469766974693A6669656C64206E616D653D22746F223E0A202020202020202020203C61637469766974693A737472696E673E3C215B43444154415B7265616C61696379403132362E636F6D5D5D3E3C2F61637469766974693A737472696E673E0A20202020202020203C2F61637469766974693A6669656C643E0A20202020202020203C61637469766974693A6669656C64206E616D653D2266726F6D223E0A202020202020202020203C61637469766974693A737472696E673E3C215B43444154415B7265616C74656D70403132362E636F6D5D5D3E3C2F61637469766974693A737472696E673E0A20202020202020203C2F61637469766974693A6669656C643E0A20202020202020203C61637469766974693A6669656C64206E616D653D227375626A656374223E0A202020202020202020203C61637469766974693A737472696E673E3C215B43444154415BE9A1B9E79BAEE590AFE58AA8E4BC9AE4BC9AE8AEAEE7BAAAE8A6815D5D3E3C2F61637469766974693A737472696E673E0A20202020202020203C2F61637469766974693A6669656C643E0A20202020202020203C61637469766974693A6669656C64206E616D653D2274657874223E0A202020202020202020203C61637469766974693A737472696E673E3C215B43444154415BE6B58BE8AF95E6B58BE8AF955D5D3E3C2F61637469766974693A737472696E673E0A20202020202020203C2F61637469766974693A6669656C643E0A2020202020203C2F657874656E73696F6E456C656D656E74733E0A202020203C2F736572766963655461736B3E0A202020203C757365725461736B2069643D22707265617564697422206E616D653D22E9A284E7A8BDE69FA5222061637469766974693A63616E64696461746547726F7570733D22796A6367726F7570223E3C2F757365725461736B3E0A202020203C757365725461736B2069643D22706A7072656175646974636865636B22206E616D653D22E9A284E7A8BDE69FA5E68AA5E5918AE5AEA1E689B9222061637469766974693A61737369676E65653D22646F63746F7279616E223E0A2020202020203C657874656E73696F6E456C656D656E74733E0A20202020202020203C61637469766974693A666F726D50726F70657274792069643D22617070726F766522206E616D653D227265616C6966617070726F76652220747970653D22737472696E67223E3C2F61637469766974693A666F726D50726F70657274793E0A2020202020203C2F657874656E73696F6E456C656D656E74733E0A202020203C2F757365725461736B3E0A202020203C6578636C7573697665476174657761792069643D226578677731223E3C2F6578636C7573697665476174657761793E0A202020203C757365725461736B2069643D22706A7265706F727422206E616D653D22E7949FE68890E68AA5E5918A222061637469766974693A61737369676E65653D2277796D223E3C2F757365725461736B3E0A202020203C656E644576656E742069643D227265616C656E6422206E616D653D22E7BB93E69D9FE88A82E782B9223E3C2F656E644576656E743E0A202020203C73657175656E6365466C6F772069643D22666C6F775F312220736F757263655265663D227265616C737461727422207461726765745265663D22706A7374617274223E3C2F73657175656E6365466C6F773E0A202020203C73657175656E6365466C6F772069643D22666C6F775F322220736F757263655265663D22706A737461727422207461726765745265663D22706A73746172746E6F74696679223E3C2F73657175656E6365466C6F773E0A202020203C73657175656E6365466C6F772069643D22666C6F775F332220736F757263655265663D22706A73746172746E6F7469667922207461726765745265663D227072656175646974223E3C2F73657175656E6365466C6F773E0A202020203C73657175656E6365466C6F772069643D22666C6F775F342220736F757263655265663D22707265617564697422207461726765745265663D22706A7072656175646974636865636B223E3C2F73657175656E6365466C6F773E0A202020203C73657175656E6365466C6F772069643D22666C6F775F352220736F757263655265663D22706A7072656175646974636865636B22207461726765745265663D226578677731223E3C2F73657175656E6365466C6F773E0A202020203C73657175656E6365466C6F772069643D22666C6F775F372220736F757263655265663D22706A7265706F727422207461726765745265663D227265616C656E64223E3C2F73657175656E6365466C6F773E0A202020203C73657175656E6365466C6F772069643D22666C6F775F365F3122206E616D653D22E69CAAE9809AE8BF872220736F757263655265663D22657867773122207461726765745265663D227072656175646974223E0A2020202020203C636F6E646974696F6E45787072657373696F6E207873693A747970653D2274466F726D616C45787072657373696F6E223E3C215B43444154415B247B617070726F76653D3D317D5D5D3E3C2F636F6E646974696F6E45787072657373696F6E3E0A202020203C2F73657175656E6365466C6F773E0A202020203C73657175656E6365466C6F772069643D22666C6F775F365F3222206E616D653D22E9809AE8BF872220736F757263655265663D22657867773122207461726765745265663D22706A7265706F7274223E0A2020202020203C636F6E646974696F6E45787072657373696F6E207873693A747970653D2274466F726D616C45787072657373696F6E223E3C215B43444154415B247B617070726F76653D3D327D5D5D3E3C2F636F6E646974696F6E45787072657373696F6E3E0A202020203C2F73657175656E6365466C6F773E0A20203C2F70726F636573733E0A20203C62706D6E64693A42504D4E4469616772616D2069643D2242504D4E4469616772616D5F6A635F64656D6F223E0A202020203C62706D6E64693A42504D4E506C616E652062706D6E456C656D656E743D226A635F64656D6F222069643D2242504D4E506C616E655F6A635F64656D6F223E0A2020202020203C62706D6E64693A42504D4E53686170652062706D6E456C656D656E743D227265616C7374617274222069643D2242504D4E53686170655F7265616C7374617274223E0A20202020202020203C6F6D6764633A426F756E6473206865696768743D2233302E30222077696474683D2233302E302220783D2237352E302220793D2236352E30223E3C2F6F6D6764633A426F756E64733E0A2020202020203C2F62706D6E64693A42504D4E53686170653E0A2020202020203C62706D6E64693A42504D4E53686170652062706D6E456C656D656E743D22706A7374617274222069643D2242504D4E53686170655F706A7374617274223E0A20202020202020203C6F6D6764633A426F756E6473206865696768743D2234302E30222077696474683D223135322E302220783D223136352E302220793D2236302E30223E3C2F6F6D6764633A426F756E64733E0A2020202020203C2F62706D6E64693A42504D4E53686170653E0A2020202020203C62706D6E64693A42504D4E53686170652062706D6E456C656D656E743D22706A73746172746E6F74696679222069643D2242504D4E53686170655F706A73746172746E6F74696679223E0A20202020202020203C6F6D6764633A426F756E6473206865696768743D2236332E30222077696474683D223138332E302220783D223336302E302220793D2234382E35223E3C2F6F6D6764633A426F756E64733E0A2020202020203C2F62706D6E64693A42504D4E53686170653E0A2020202020203C62706D6E64693A42504D4E53686170652062706D6E456C656D656E743D227072656175646974222069643D2242504D4E53686170655F7072656175646974223E0A20202020202020203C6F6D6764633A426F756E6473206865696768743D2234302E30222077696474683D223131392E302220783D223630302E302220793D2236302E30223E3C2F6F6D6764633A426F756E64733E0A2020202020203C2F62706D6E64693A42504D4E53686170653E0A2020202020203C62706D6E64693A42504D4E53686170652062706D6E456C656D656E743D22706A7072656175646974636865636B222069643D2242504D4E53686170655F706A7072656175646974636865636B223E0A20202020202020203C6F6D6764633A426F756E6473206865696768743D2234352E30222077696474683D223133362E302220783D223539312E352220793D223138302E30223E3C2F6F6D6764633A426F756E64733E0A2020202020203C2F62706D6E64693A42504D4E53686170653E0A2020202020203C62706D6E64693A42504D4E53686170652062706D6E456C656D656E743D226578677731222069643D2242504D4E53686170655F6578677731223E0A20202020202020203C6F6D6764633A426F756E6473206865696768743D2234302E30222077696474683D2234302E302220783D223633392E352220793D223238352E30223E3C2F6F6D6764633A426F756E64733E0A2020202020203C2F62706D6E64693A42504D4E53686170653E0A2020202020203C62706D6E64693A42504D4E53686170652062706D6E456C656D656E743D22706A7265706F7274222069643D2242504D4E53686170655F706A7265706F7274223E0A20202020202020203C6F6D6764633A426F756E6473206865696768743D2234302E30222077696474683D223133342E302220783D223336302E302220793D223238352E30223E3C2F6F6D6764633A426F756E64733E0A2020202020203C2F62706D6E64693A42504D4E53686170653E0A2020202020203C62706D6E64693A42504D4E53686170652062706D6E456C656D656E743D227265616C656E64222069643D2242504D4E53686170655F7265616C656E64223E0A20202020202020203C6F6D6764633A426F756E6473206865696768743D2232382E30222077696474683D2232382E302220783D2237362E302220793D223239312E30223E3C2F6F6D6764633A426F756E64733E0A2020202020203C2F62706D6E64693A42504D4E53686170653E0A2020202020203C62706D6E64693A42504D4E456467652062706D6E456C656D656E743D22666C6F775F31222069643D2242504D4E456467655F666C6F775F31223E0A20202020202020203C6F6D6764693A776179706F696E7420783D223130352E302220793D2238302E30223E3C2F6F6D6764693A776179706F696E743E0A20202020202020203C6F6D6764693A776179706F696E7420783D223136352E302220793D2238302E30223E3C2F6F6D6764693A776179706F696E743E0A2020202020203C2F62706D6E64693A42504D4E456467653E0A2020202020203C62706D6E64693A42504D4E456467652062706D6E456C656D656E743D22666C6F775F32222069643D2242504D4E456467655F666C6F775F32223E0A20202020202020203C6F6D6764693A776179706F696E7420783D223331372E302220793D2238302E30223E3C2F6F6D6764693A776179706F696E743E0A20202020202020203C6F6D6764693A776179706F696E7420783D223336302E302220793D2238302E30223E3C2F6F6D6764693A776179706F696E743E0A2020202020203C2F62706D6E64693A42504D4E456467653E0A2020202020203C62706D6E64693A42504D4E456467652062706D6E456C656D656E743D22666C6F775F365F31222069643D2242504D4E456467655F666C6F775F365F31223E0A20202020202020203C6F6D6764693A776179706F696E7420783D223637392E352220793D223330352E30223E3C2F6F6D6764693A776179706F696E743E0A20202020202020203C6F6D6764693A776179706F696E7420783D223831392E302220793D223330352E30223E3C2F6F6D6764693A776179706F696E743E0A20202020202020203C6F6D6764693A776179706F696E7420783D223831392E302220793D2238302E30223E3C2F6F6D6764693A776179706F696E743E0A20202020202020203C6F6D6764693A776179706F696E7420783D223731392E302220793D2238302E30223E3C2F6F6D6764693A776179706F696E743E0A2020202020203C2F62706D6E64693A42504D4E456467653E0A2020202020203C62706D6E64693A42504D4E456467652062706D6E456C656D656E743D22666C6F775F33222069643D2242504D4E456467655F666C6F775F33223E0A20202020202020203C6F6D6764693A776179706F696E7420783D223534332E302220793D2238302E30223E3C2F6F6D6764693A776179706F696E743E0A20202020202020203C6F6D6764693A776179706F696E7420783D223630302E302220793D2238302E30223E3C2F6F6D6764693A776179706F696E743E0A2020202020203C2F62706D6E64693A42504D4E456467653E0A2020202020203C62706D6E64693A42504D4E456467652062706D6E456C656D656E743D22666C6F775F34222069643D2242504D4E456467655F666C6F775F34223E0A20202020202020203C6F6D6764693A776179706F696E7420783D223635392E352220793D223130302E30223E3C2F6F6D6764693A776179706F696E743E0A20202020202020203C6F6D6764693A776179706F696E7420783D223635392E352220793D223138302E30223E3C2F6F6D6764693A776179706F696E743E0A2020202020203C2F62706D6E64693A42504D4E456467653E0A2020202020203C62706D6E64693A42504D4E456467652062706D6E456C656D656E743D22666C6F775F35222069643D2242504D4E456467655F666C6F775F35223E0A20202020202020203C6F6D6764693A776179706F696E7420783D223635392E352220793D223232352E30223E3C2F6F6D6764693A776179706F696E743E0A20202020202020203C6F6D6764693A776179706F696E7420783D223635392E352220793D223238352E30223E3C2F6F6D6764693A776179706F696E743E0A2020202020203C2F62706D6E64693A42504D4E456467653E0A2020202020203C62706D6E64693A42504D4E456467652062706D6E456C656D656E743D22666C6F775F37222069643D2242504D4E456467655F666C6F775F37223E0A20202020202020203C6F6D6764693A776179706F696E7420783D223336302E302220793D223330352E30223E3C2F6F6D6764693A776179706F696E743E0A20202020202020203C6F6D6764693A776179706F696E7420783D223130342E302220793D223330352E30223E3C2F6F6D6764693A776179706F696E743E0A2020202020203C2F62706D6E64693A42504D4E456467653E0A2020202020203C62706D6E64693A42504D4E456467652062706D6E456C656D656E743D22666C6F775F365F32222069643D2242504D4E456467655F666C6F775F365F32223E0A20202020202020203C6F6D6764693A776179706F696E7420783D223633392E352220793D223330352E30223E3C2F6F6D6764693A776179706F696E743E0A20202020202020203C6F6D6764693A776179706F696E7420783D223439342E302220793D223330352E30223E3C2F6F6D6764693A776179706F696E743E0A2020202020203C2F62706D6E64693A42504D4E456467653E0A202020203C2F62706D6E64693A42504D4E506C616E653E0A20203C2F62706D6E64693A42504D4E4469616772616D3E0A3C2F646566696E6974696F6E733E, '0');
INSERT INTO `act_ge_bytearray` VALUES ('177503', '1', '/Users/realaicy/RealCode/TNA/JC/jc-web/target/classes/processes/simplejc.bpmn20.xml', '177501', 0x3C3F786D6C2076657273696F6E3D22312E302220656E636F64696E673D225554462D38223F3E0A3C646566696E6974696F6E7320786D6C6E733D22687474703A2F2F7777772E6F6D672E6F72672F737065632F42504D4E2F32303130303532342F4D4F44454C2220786D6C6E733A7873693D22687474703A2F2F7777772E77332E6F72672F323030312F584D4C536368656D612D696E7374616E6365220A20202020202020202020202020786D6C6E733A61637469766974693D22687474703A2F2F61637469766974692E6F72672F62706D6E2220786D6C6E733A62706D6E64693D22687474703A2F2F7777772E6F6D672E6F72672F737065632F42504D4E2F32303130303532342F4449220A20202020202020202020202020786D6C6E733A6F6D6764633D22687474703A2F2F7777772E6F6D672E6F72672F737065632F44442F32303130303532342F44432220786D6C6E733A6F6D6764693D22687474703A2F2F7777772E6F6D672E6F72672F737065632F44442F32303130303532342F4449220A20202020202020202020202020747970654C616E67756167653D22687474703A2F2F7777772E77332E6F72672F323030312F584D4C536368656D61222065787072657373696F6E4C616E67756167653D22687474703A2F2F7777772E77332E6F72672F313939392F5850617468220A202020202020202020202020207461726765744E616D6573706163653D22687474703A2F2F7777772E6B6166656974752E6D652F61637469766974692D696E2D616374696F6E223E0A202020203C70726F636573732069643D2273696D706C656A6322206E616D653D2273696D706C656A63223E0A20202020202020203C73746172744576656E742069643D2273746172746576656E743122206E616D653D225374617274223E3C2F73746172744576656E743E0A20202020202020203C656E644576656E742069643D22656E646576656E743122206E616D653D22456E64223E3C2F656E644576656E743E0A20202020202020203C757365725461736B2069643D22636F6D6669726D4461746522206E616D653D22E7A1AEE5AE9AE4BABAE59198E38081E697B6E997B4E38081E8A18CE7A88B222061637469766974693A63616E64696461746547726F7570733D226F7267315F736563726574617279223E3C2F757365725461736B3E0A20202020202020203C757365725461736B2069643D22707265417564697422206E616D653D22E9A284E7A8BDE69FA5222061637469766974693A63616E64696461746547726F7570733D226F7267315F7072656175646974223E3C2F757365725461736B3E0A20202020202020203C757365725461736B2069643D22617564697422206E616D653D22E7A8BDE69FA5222061637469766974693A63616E64696461746547726F7570733D226F7267315F6175646974223E3C2F757365725461736B3E0A20202020202020203C757365725461736B2069643D2270726F66657373696F6E616C22206E616D653D22E4B893E5AEB6E8AF84E5AEA1222061637469766974693A63616E64696461746547726F7570733D226F7267315F70726F66657373696F6E616C223E3C2F757365725461736B3E0A20202020202020203C757365725461736B2069643D227265706F727422206E616D653D22E68F90E4BAA4E68AA5E5918A222061637469766974693A63616E64696461746547726F7570733D226F7267315F736563726574617279223E3C2F757365725461736B3E0A20202020202020203C757365725461736B2069643D22696D70726F7665506C616E22206E616D653D22E694B9E8BF9BE8AEA1E58892222061637469766974693A63616E64696461746547726F7570733D22636F6D5F736563726574617279223E3C2F757365725461736B3E0A20202020202020203C757365725461736B2069643D226175646974496D70726F7665526573756C7422206E616D653D22E6A380E69FA5E695B4E694B9E7BB93E69E9C222061637469766974693A63616E64696461746547726F7570733D226F7267315F736563726574617279223E3C2F757365725461736B3E0A0A20202020202020203C73657175656E6365466C6F772069643D22666C6F773122206E616D653D222220736F757263655265663D2273746172746576656E743122207461726765745265663D22636F6D6669726D44617465223E3C2F73657175656E6365466C6F773E0A20202020202020203C73657175656E6365466C6F772069643D22666C6F773222206E616D653D222220736F757263655265663D22636F6D6669726D4461746522207461726765745265663D227072654175646974223E3C2F73657175656E6365466C6F773E0A20202020202020203C73657175656E6365466C6F772069643D22666C6F773322206E616D653D222220736F757263655265663D22707265417564697422207461726765745265663D226175646974223E3C2F73657175656E6365466C6F773E0A20202020202020203C73657175656E6365466C6F772069643D22666C6F773422206E616D653D222220736F757263655265663D22617564697422207461726765745265663D2270726F66657373696F6E616C223E3C2F73657175656E6365466C6F773E0A20202020202020203C73657175656E6365466C6F772069643D22666C6F773522206E616D653D222220736F757263655265663D2270726F66657373696F6E616C22207461726765745265663D227265706F7274223E3C2F73657175656E6365466C6F773E0A20202020202020203C73657175656E6365466C6F772069643D22666C6F773622206E616D653D222220736F757263655265663D227265706F727422207461726765745265663D22696D70726F7665506C616E223E3C2F73657175656E6365466C6F773E0A20202020202020203C73657175656E6365466C6F772069643D22666C6F773722206E616D653D222220736F757263655265663D22696D70726F7665506C616E22207461726765745265663D226175646974496D70726F7665526573756C74223E3C2F73657175656E6365466C6F773E0A0A20202020202020203C73657175656E6365466C6F772069643D22666C6F77393922206E616D653D222220736F757263655265663D226175646974496D70726F7665526573756C7422207461726765745265663D22656E646576656E7431223E3C2F73657175656E6365466C6F773E0A0A202020203C2F70726F636573733E0A3C2F646566696E6974696F6E733E, '0');
INSERT INTO `act_ge_bytearray` VALUES ('177504', '1', '/Users/realaicy/RealCode/TNA/JC/jc-web/target/classes/processes/jc_demo.jc_demo.png', '177501', 0x89504E470D0A1A0A0000000D494844520000033D0000014F0806000000671DA096000023974944415478DAEDDD09985575FD3F702ADAF77DB3B2B27D2F2A5BA56CB1A2B427751C0695D440CD7D297F9A619A8F6819A596D9E6A3519664A66422B3088328BF3F668A1029890B8EC02002225B68DFFFF99C8733BFCB6566988DE1DE3BAFD7F37C9EB973EF99EDCCF7CCF7FB9EEF39DF336C18000000000000000000000000000000000000000000000000000000000000000000000000000000000000000000000000000000000000000000000000000000000000000000000000000000000000000000000000000000000000000000000000000000000000000000000000000000000000000000000000000000000000000000000000000000000000000000000000000000000000000000000054A194D2F0C58B174F993367CE13CDCDCDA9B1B151A9AAADA6A6A6D4DADAFA7056631CDD0000E422F0CC9A352BB5B7B7A74D9B362955F5B562C58A3473E6CC355900DAD7110E00C0B098E11178540D069F4D8D8D8D0B1DE100000C8B53DA0C92552D56167A363BC201001816D7411820AB1A0D3DC9110E0040AF42CFD2471E4B275C717B5EF1D8C05A093D00005475E8D9B871535AF9E8FA8EF75B172EEB083DF1B878BE7DF5BAB47AED7A036D25F40000503DA12702CFE4D9F7A6FF99322F4DBFF3A134E39F4BD3E97F9EDF117AE2713C7FDD3F1E4CA764DBFC68DA5D69CD63828F127A0000A892D0F3F09A75E9DB57CEEB0839DBAB93FE70475AF2F0A306DB4AE80100A03A424FD4DF6E6FEB71E8B9F27FEF37D056420F0000D5157AE294B622D49CFCC73BD2EF6FBE2FDDB36C755EF1389E2B5EBFFE8E36036D25F40000501DA12756668B850A4AAFE1899053BE5D3C577A8D4F7C8C55DD94D003001522A5347CF1E2C553E26EF47173C6E81C95EA4F353535A5D6D6D687B31A53EDA1A7B3D3D76276A77CBB78AEB36D0DB895D0A32F5343A71F012A587412B366CD4AEDEDED06076AC06AC58A1569E6CC996BB28E6B5FA14729A1475FA686423F0254B0F8AF984E42EDA00E6B5336D85A58CDA1C7E96D4AE8D19729FD085003E234007F58D50E1C6C6DAEE6D0F37F0B192CEBF14206B1ADDFBD127AF4656AE8F52340950EF4941A4A83ADEE8E8569F37ABE64F55FFFF1A0DFBD721CEACB94F60B0327A5F48C79F3E68DBFECB2CB664E9C3871CD31C71CB379ECD8B1E980030E4863C68CF9EF11471CB1E9B4D34E5B7CEEB9E74ECEEA2DF658DF3B8AC7562F4D8BE75E9A16349D99573C8EE7FC4156B51E7AE2E6A4FF33A5E73727FDD69577A4F6D5EBFCFE95E3505FA6B45FE87FD8B9EAAAAB2E3FEBACB3361F77DC71E9924B2E4973E6CC496D6D6D69C3860D29C4DB38BFF7EF7FFF7BCA42513AF6D863FF7BFCF1C7DF376EDCB8C3ECC1DE75146B57B5A5F9379C9EEEB8EEE4AD2A9E8BD7FC5156B51C7AD6ADDF982E6E59949FC276F5AD0FA41BFFB9F5353EF138EEE333FDCE87F270F49BD67BD2868D1BFDFE95E3505FA6B45FE8BB2CDC1CF2FDEF7F7FE3C9279F9C079AC71F7F3CF5D4EDB7DF9E4E39E594C7C78F1FBF70BFFDF6DBCDDEEC5947B164C1B5DB7412453DB860AA3FCAAAE64F6F8BE0B36CD5FF2D4C100B1514A1271E17CF3FF2E87A8147390EF5654AFB857ECDEE0CBFE69A6B5A0E3FFCF03475EAD45E859D72D3A64D4B871C72C87AB33E3DEB2816DE786E971D45BCE68FB2AAF5D0D3D9AA6E45E8B14A9B721CEACB94F60B03167866CC98F1FF8E3EFAE874F7DD77A78170DF7DF7A52C40AD3FECB0C3BE29F474FF07677EE3195D7614F19A3FCA6AA8851EA51C87FA32A5FDC2808B199E083C718DCE408ACF376EDCB8B5F5F5F543F68EBF3A0AA5B3127A94E3505FA62FD37E61278B6B78E294B6819AE1E96CC6E7A0830E5A95059FB70A3D9D57AC70D3554711AFF9A3AC841EA51C87FA32A5FD421FC52A6D679E79E6A6B8866747BAEEBAEBD6373434DC22F4745E8B665FD4654711AFF9A3AC841EA51C87FA32A5FD421F5D7DF5D5BF8B55DAFEF39FFFA41DEDC8238F5C36144F73EB4947B1B26D5E9A3F7DC2B6A70364CFC56BFE282BA14729C7A1BE4C69BFD0C7599EB80F4F2C4B3D18EEB8E38E4D4371B6A7A703BD7B6FBD7C9B8E229EF30759093D4A390EF5654AFB853E9A376FDEF858BCA03F4B53F7D621871CB2EC80030ED8B516F65F7D7D7D63561F1F908E62E3C6B4E8E68BB73D1D207B6E937B92A80AEFAC06F45850CA71A82F5315D57EB371DB88BABABAAB8D9CA95A975D76D9CC5FFDEA5769304D9A34E9F6ECE039A916F65FF673A4A8E830B23F06BBF7B5A388BB54DF3DFBC22ECF838ED7DCC95A55F2606BA08E05A51C87FA325539ED37C24E5653B3DA1C6DC4C899AA3571E2C43573E6CC19D4D073F3CD37DF1707502D859E92BABEB3FF9675D9516CDC98962E6A49774E3BB5CB4EA2A8D826B6F59F3255C9A1A7CFC782528E437D99AA98F65B1E768A3272A66A1D73CC319B972E5D3AA8A167D9B265EDD981B3A446434FC77FCB4A3B8CCE3A8AEDFD47CC7FCA5495879E1E1F0BD55E0F3EF860AF3F66C3860DDBDD66C58A153DFE7CBDD9366AFDFAF55DBEB66EDDBA1DBECFD6AE5D9BDFC3ADA7DB3A0EF5656A70DA6FCCF4C5696CE56147E8A1EA8D1D3B36EF7C07537CBDECC0D950CBA1A7F4BF65F107A4B38EA227FF11EBEE3F65FE48AB6A083D3D39167644AD5EBD3A0F2345FDE0073F485FFEF297B7A98B2FBE38DFBEA5A5257DFDEB5FEFB29A9B9B3BFD3AFFFEF7BFD3F0E1C3D3A2458BB6796DCD9A35E917BFF8C5561581E25FFFFA57FCBEBA0D3E279D7452BE4DBCDDB89DFF886F6FDB73CF3D374D9830A1E3FD58B8E6FDEF7F7F7AF4D147D3AA55ABF2EFABF85E625FBDF4A52F4DF7DF7F7FFEB37DF18B5FDCAABEF9CD6FE6DBFDF5AF7FED747F96576CD7D9F73C65CA94F4DEF7BEB7E3FDB865C231C71CD351FFFCE73F3B5E8BEB4E8F3DF6D8B470E1C2BC2EBAE8A2F4A94F7DCA71A82F530358575C7145EA6C6647E8A1664403DE197AF007B6A6AAB38EA2AF9D4451FE48ABA2AAFD58D811F5C31FFE300F0245FDFEF7BF4F3FFAD18FD2B7BFFDED3CA49C7FFEF9F9FBC5F773C92597A457BFFAD5E98C33CED8A65EFBDAD77684A3E2733FE739CFE9A8273DE949E919CF7846C7FBC5603E6632BEF0852F6C551184BA0B3D118A0E3EF8E0F4B6B7BD2D4E05CEDF1E74D0419DCEBEF474DB7FFCE31FE995AF7C651E7E8E3BEEB874FBEDB7A78F7EF4A3E994534EC97FFEF8B94B7FB622502C5BB62CFDF4A73FEDA871E3C6A5F7BCE73DF96B113E7EFBDBDFE615B73C78DDEB5E973F8EB7F17EF15A6C57FABD449889E014FB22C2553C9E3469523AF5D453D3473EF29174D65967A5273FF9C9B1D267BE7D84B217BCE005E99A6BAE497BEEB9673AE18413D205175C90F6D8630FC7A1BE4C69BF355D52CA00CB3ACCFF0EF64CCFFAF5EB970D81999EB9757575A3468E1C39DC750C6A88CFF4EC94632106FE31507ED9CB5E96CFFACC9D3B377DFAD39FCE67389EFEF4A7E78FA36236A3083D1FFCE007F38F2BAF8F7DEC635B859E73CE39277DFEF39FCF6777CA2B3ECF9BDFFCE66EC3580CF623F44410898A4016AFC56CD23BDEF18EF4810F7C203DF4D043F9736D6D6DE97DEF7B5F7AF7BBDF9D66CC98D1F1797AB36DD4DD77DF9D6F17BF93D34F3F3D0F15317B72E69967A6FDF6DBAF63BBF8D8EBAFBF3EDFEEE73FFFF9569FE38F7FFC6347E8898AE0F2C217BE300F7A4F79CA53F2C7F136DE8FC7F17A676D357E270D0D0DF9CF1E6F3FF9C94FE6A1E7F0C30FCF7F6711DE8AED2304EDB6DB6EE9DE7BEFCDC3D0AB5EF5AABC9EFDEC67A777BDEB5D79C56B8E437D991A98F6BBFFFEFB7F26FBBDDF6220BEF38F497B61801D7DF4D19B06FB9A9EACE3BDAB86AFE9D9AA83A8E5EB1894D053E9C7C2B469D3D2CB5FFEF2AD06DB975F7E793AEDB4D3F2017C849F98F528424FE9CC507995879E0836713A59797DF5AB5FED083DB367CF4E3FFEF18FB7AA6BAFBD36FDEE77BFCB678662762642CB6F7EF39BFCF4BB98318AD98E0833BBEFBE7B47C5FB317B14AFFFE4273FE9D5B6E79D775E1EE6A2E274B638DDEC2D6F794BC7CF12C12FBEAF783C79F2E4F4CC673E339F3D7AEE739F9BEEBBEFBE3C1446608ABAF0C20BB70A3D9FF8C427D2AF7FFDEBF4A73FFD290F4B112EE36DBC1FCFC7EB9DB5D5F81E8BD3DBE26D69E8A9AFAF4FDFFDEE77F36D23A83EED694F4B9FFBDCE7F259AAD7BCE635E9CF7FFE731A3F7E7C7AE73BDF993F8E8AD920C7A1BE4C0D6CFBCD8EC5BDB276304BE8117A6AC6E9A79FBE68B0576FBBE1861BFE5683ABB7DD92FD81D8A7BC83D051A821187A2AE658280F3D6F78C31BD282050BF21013CF3DEB59CFDA2AF48C1831221FB89757848BCE424F9C2AD759452889EDE2F4AE18D0C7E9745FFAD297F28A4010DF57319B11AF5F7AE9A5F9F7317DFAF4FC94B262305F5A318BF3B7BFFD2D3F35AE37DBC6F53B11F4E2678E9F25163088D3F5E2FCFDF83C4F7DEA53F34013DFCBCC9933D389279E989EF7BCE7E53F633C57CCE214153365A5A1275E8F8014AFBDE8452FCADFC6FBF17C57A167975D76C96799E254B8785B1A7A62A6AA98F98AF723E844E839FBECB3F36B8FE2F94A3DBDAD46428FBE4C3FB2952D333FB3841EA1A7EA659DF3AF06FB3E3D13264CB8AE86EED3D3E97FC374146A08869E8A3B163A0B3DF3E6CDCB07E69D859E783D665DCAEB4D6F7AD356A1E75BDFFA563AF4D043D38D37DE98878FF2BAF5D65B3BB68D198F8F7FFCE3A9B5B5355D77DD751DCF7DE52B5FC91FC7A973114AE2715C6F73C41147745971417FF1797BB3EDC30F3FDC117AE2FDF87AF1B346A77AE081076EB5CFE274B20879B190419CAE17E1A5F4E7292AC2E3D5575F9DAEBAEAAA3C20C53EFDE52F7F99BF5F54BC5EBA2041F17B8850155F23AED589B7A5A1275E8F4018E12CAE078A59A8083DB1FF264E9C9807CA984D7BE31BDF983F8E6A6A6A721CEACBD40E6EBF5B667E6E3172167AAAD677BEF39D371E75D4514F3CFEF8E383B678DBE8D1A3EFC97E99BB0EA5FDACA350065B837F2CC4A9643168DF7BEFBDD395575E990FF47FF6B39FA56C60D769E889EB50F6D9679F6DEAC52F7EF156A167FFFDF7CFC3419C2E179F334EB52A2AAE5389EB7D8A6DBFF6B5AFA5EF7DEF7BF9695C715A595C4319A1242EC88FD73FFCE10FE7B32EF138668922CCBCFDED6F4FAF7FFDEBF3C751A3468DCADFC6E973C5E7EDCDB645E8295D223ABE6E5C23337FFEFC8EE722B0C5AC54FC5C1116E3FB2A0F3D11766231865804224E998B9F393E77BC8DF7632628DE8FEF2BDE2F4E9DEBE9E96DB14DCCA2C5AC533C8E53F422F4C4E988B12FA3623628AE8B2ADE8F60EA38D49729ED57E861BBB2CEF7DF710AC4209DDA3639A64987DA3ED651289DD5E01E0BB1AC710CE063701FD7B5C4C03D663F6265B258892C06D5B1D25971117C849E0F7DE8439D7EAE98A9290D3D311311D7E54438B8E9A69BB6DA36AE7B29424F2CFF1CD7EEC473711A575C6713B32C11A262B01FDBC435323123527C7CCC44C54CC82DB7DC92BF1FA12CC258F17E69F574DB22F4440859B264497EFA589C8216A7B61D79E491E9B1C71ECBB75BBC78713E5B13B333719DCC3DF7DCB34DE889C017335DC5FBB11476ECE7781B332EB1BC778498AE96E3EE2EF4C4B544314314FBB73CF4947E0EA7B7E9CB94F62BF4D027871E7AE87E279E78E2E64198ED59357AF4E8DBEAEBEBC7083D4A093D3BB28AFBCC94CE50C44A612F79C94BF26B5D627624424F71E3CB083D317B10A7AD9557CC7A14A1274E997BFEF39F9F0789083DB1EC737C6C51F1358AD0131F130B03C46201B14A5A2CA010B31431C88FD76FBBEDB63CB4C43D82E2FD5838205EAFABABCB07FFF1F1F171118C6259E9071E78A0E3E7E9CDB6B366CDCA434F848A6F7CE31B79108BE0102BB8C5CA68B17C75ECAFF87E221846388A4074D45147E5FB2B96AA8E60160B1DBCE215AFD86A662516C28960125F33BE46CC1EC5CF17D733AD5CB9B2D3B61AE12F3E7FF1B6083DB140C1673FFBD9FC6D119A841E7D99D27E851E0654D6C9CC8B9BC3ED4871FD50CCF26CEF9C611D855242CF4056CCC6C44A6D712A54CC5EC473110A62A5B1185417A12796428E60525E71317D117AE29E32C71F7F7CFE38424FCC02C5296545C512CA45E889D9922254E577AECF1EC7B52871DF9C38FD2C06FC71EF99B87EA538BD2C4E818BEB7CE29A9FC30E3B2C0F32975D76591E6EE29E41A5A7A2F574DB58F0204EEB8BBFF1717D52AC8A56BCB67CF9F23C54C432D6F17ADCB03AF6C59D77DE99BF1ED7CCC40A7311B0E26D2C74B062C58A7CFFC5C205B17474CC90C53E8945716259EC38A52DB68D59A2F2FBF444B08AD3D8223446C5CF11A7EA959EDE565A428FE35769BF420F03BD73773DE49043D6C72A3E3BC2BC79F3AEC9BEC6D2FAFAFAB70EC5FDABA3503AAB9D7B2CC440BDFCB9471E7964ABC1FF5D77DDD5E9C7C6695FA51F1F4B3F1737FD2C5F2E3906FD3193D4D5F7516CBF71E3C6AD02514FEE3B3410DBC6F538E5CFC5AC4A718A5B6F2A163AE8EA34B662B6ADA79F2B569C8BD301CB9F8FEB906256ABFCF7D6D9B68E437D99D27E851E7A64CC98310DE3C78F5F179DCC40CA3AA79B468F1E7DFF503CAD4D47A174568E05E538D49729ED17A1A7C23434341C326EDCB8B50335E313333C1178EAEAEA4E19CAFB5547A174568E05E538D49729ED17A1A7826401E5803163C6ACF9CB5FFEF2583F16375875FEF9E75F1AA7B4653576A8EF531D85D259391694E3505FA6B45F849ECADBD9BB8E1E3DBA79FCF8F1CB6EBBEDB6F5BDB90FCFF4E9D3AFC842D3DC58B460A85EC3A3A3503A2BC782721CEACB94F68BD0533D3B7DDF083F63C78E6D9F3871E2829B6EBAE9FEB6B6B6A571F16A58BF7EFDB2871E7AE8AEA6A6A6BF9E71C619D73734342C8EB013B33B437195361D85D259391694E3505FA6B45F849E2A9585995DEAEBEB8FCB7E0953B2BA37AB0DF10BD9F276495653B33A296688EC2D1D85D259391694E3505FA6B45F841E841EA5841EA51C87FA32A5FD22F4503B9A9B9BFD51553BAA36649DD5668326A50C1AF5656A28F423420F54B0D6D6D6A571FF237F58D540575B5BDB1FB2CE6AA1D0A394D0A32F5343A11F117AA082B5B4B4EC3D63C68CD5CB972F5FEF0FAC1AA8FFCC4547D5D4D4747F56FB0A3D4A093DFA323514FA11A1072A5CF6076554D629CE8D29E4E81C95EA67453B5A586D1D95D0A3841E7D59B5540C3CF523083D00083D4AB910DCC013B43D00841E25F460E009DA1E80D0A394D0838127687B00428F52420F069E687B00083D4A093D1878A2ED0120F42825F460E089B60780D0A394D063E009DA1E00BDD5DCDC6C80AC6AF2268F71CF1347B88127687B000C6B6D6D5DDADEDE6E90AC6AAAE2AEF671934747B88127687B000C6B6969D97BC68C19AB972F5FBEDE6059D5C20C4F049EA6A6A6FBDDD5DEC013B43D003A6483C3518D8D8D73E374A0B80E42A92AAE68C30B051E034FD0F6000030F0046D0F0000034FD0F6000030F044DB030000034FB43D000030F044DB0300C0C013B43D00000C3C41DB0300C0C013B43D00000C3C41DB0300C0C0136D0F00000C3CD1F60000C0C0136D0F0000034FD0F6000030F0046D0F0000034FD0F6000030F0046D0F0000034FB43D000030F044DB030000034FB43D00000C3C41DB0300C0C013B43D00000C3C41DB0300C0C0136D4FDB0300C0C0136D0F00000C3CD1F60000C0C0136D0F0000034FD0F6000030F0046D0F0000034FD0F6000030F044DBD3F6000030F044DB030000034FB43D000030F044DB0300C0C013B43D00000C3C41DB0300C0C013B43D00000C3CD1F6B43D00000C3CD1F60000C0C0136D0F00000C3CD1F6000030F0046D0F0000034FD0F6000030F0046D0F0000034FB43D7B010000034FB43D000030F044DB030000034FB43D00000C3C41DB0300C0C013B43D00000C3C41DB0300C0C0136D0F00000C3CD1F60000C0C0136D0F00000C3CD1F6000030F0046D0F0000034FD0F6000030F0046D0F0000034FB43D000018D841E6D418686EA7E6DA53083D000054EB207344569BBB0B3D757575A3EC29841E0000AA79A0797D37A1E7969123470EB797107A0000A8E681E688AE424F7D7DFD3EF610420F0000B530D8ECECDA9EB96679107A0000A895C1E636D7F6B89607A10700809A92859CABCDF220F4000050CBA167F7926B79F6B247107A0000A8C541677E6D8F591E841E00006A75D039C2C013A10700A086A494862F5EBC78CA9C39739E686E6E4E8D8D8D6A88575353536A6D6D7D38AB318E10A10700A0EA45E099356B566A6F6F4F9B366D522AAF152B56A4993367AEC902D0BE8E12A10700A0AAC50C8FC0A3BA083E9B1A1B1B173A4A841E0080AA16A7B419E0ABAE2A0B3D9B1D25420F0040558B6B380CEE5537A1C7205CE80100181AA1E7B1D54BD3E2B997A6054D67E6158FE339C140E841E80100A8FAD0B376555B9A7FC3E9E98EEB4EDEAAE2B9784D38107A107A0000AA3AF42C5970ED3681A7A807174C150E841E841E0080EA0E3D0B6F3CB7CBD013AF0907420F420F004055879EF98D6774197AE235E140E841E80100107A94D083D0030050A9A127566BEB2AF4C46BC281D083D0030050D5A167D1EC8BBA0C3DF19A7020F420F400005475E859D9362FCD9F3E61DB53DBB2E7E235E140E841E80100A8EAD01375EFAD976F137AE239C140E841E80100A8FED0B371635A74F3C5DB9EDA963D17AF0907420F420F0040D5869EB5ABDAD2DDB32FECF29A9E782DB61110841E841E0080EA0A3D1B37A6A58B5AD29DD34EED32F01415DBC4B6667D841E841E0080AA083DDB9BDD31EB23F420F400005475E8E9C9EC4E77B33EC282D083D0030050D1A1A7AF81A7286141E841E80100A8E8D0A394D023F40000083D4AE841E80100107A94D083D0030020F428A107A1070040E851428FD0030080D0A3841EA1070000A147093D420F0080D0A394D023F40000083D4AE841E80100107A94D083D0030020F428A107A1070040E851428FD0030080D0A3841EA1070000A147093D420F0080D0A394D023F40000083D4AE841E80100107A94D083D0030020F428A107A1070040E851428FD0030080D0A3841EA1070000A147093D420F00C010D2DCDC6C70AFBAAA0D59E8D9EC28117A0000AA5A6B6BEBD2F6F676037CB54DB5B5B5FD210B3D0B1D25420F0040556B6969D97BC68C19AB972F5FBEDE405F15333C11789A9A9AEECF6A5F4789D0030050F5B281EDA8C6C6C6B9712A535CC331D42B069E437C1F443B5828F0083D0000187882B60700808127687B0000187882B60700808127DA1E00001878A2ED0100808127DA1E0000069EA0ED010060E009DA1E0000069EA0ED010060E009DA1E0000069E687B000060E089B6070000069E687B0000187882B60700808127687B0000187882B60700808127687B00001878A2ED0100808127DA1E00001878A2ED010060E009DA1E0000069EA0ED010060E009DA1E0000069EA0ED010060E089B6070000069E687B000060E089B60700808127687B0000187882B60700808127687B00001878A2ED697B00001878A2ED0100808127DA1E00001878A2ED010060E009DA1E0000069EA0ED010060E009DA1E0000069E687BDA1E0000069E687B000060E089B6070000069E687B0000187882B60700808127687B0000187882B60700808127DA9EB60700808127DA1E00001878A2ED0100808127DA1E0000069EA0ED010050E583CCA931D0DC4ECDB5A7107A0000A8D641E688AC3677177AEAEAEA46D953083D000054F340F3FA6E42CF2D23478E1C6E2F21F4000050CD03CD115D859EFAFAFA7DEC21841E00006A61B0D9D9B53D73CDF220F40000502B83CD6DAEED712D0F420F000035250B39579BE541E80100A09643CFEE25D7F2EC658F20F40000508B83CEFCDA1EB33C083D0000D4A43DF7DCF353069E083D00F4494A69F8E2C58BA7CC9933E789E6E6E6D4D8D8A88668353535A5D6D6D687B31AE3C8A0C2C4296D698F3DF630F044E801A0F722F0CC9A352BB5B7B7A74D9B36A9215E2B56AC483367CE5C9305A07D1D1D5488CF64B52AAB495BDE5AB90DA10780DE89191E814795059F4D8D8D8D0B1D1D5450E029824ECCF8AC107C107A00E89538A5CD405F9557167A363B3AA8B0C0B3BDE741E801A073712D8741BEEA24F4E8E0D999F6DA4EB0295EB77C35424FAD6B6868D8A5AEAEEEA8EC973025AB4559ADDDB286FD86ACEEDD7223AF93623B7B0BE86FE8796CF5D2B478EEA56941D39979C5E3784E40107A6007059EED051A333E083DB5ACBEBE7E9FAC1AB3DA547277E2EDD58DD9F656E301FA147AD6AE6A4BF36F383DDD71DDC95B553C17AF0909420F0C90CF0CEBDD0C4E6FB707A1A70A76F6AE597099D68BA0D359CDDA6FBFFD76B33781DE849E250BAEDD26F014F5E082A94282D00303197846F5E1E3D60A3E083D35A0AEAEEE80D1A3473F521A601A1A1AD239E79C935A5A5AD2030F3C901E7DF4D114D6AD5B97DADADAD2ECD9B3D3A44993D281071E581E7CD69AF5017A137A16DE786E97A1275E1312841ED8498167A03E1E849E0A083CA3B290F27869D8993C79727E4F8D9E58B56A55BE7D7C5C69F8C93EE761F62ED093D033BFF18C2E434FBC2624083DD00FDB5BB460B03F0F083D3B21F01C501A784E38E1847C56A72FE2E34E3EF9E4F2E063C607841EA147093DECECC03350A7A699F141E8A9C29DBB6BE9296D13264CE83885ADAFE2D4B7B3CF3EBBFC54B7B7DADB20F47457B15A5B57A1275E1312841EE847402902CF93B23A78CBDBDE28FF388B1B20F454932CF03495CEF0F437F094069FB2199F59F636083DDDD5A2D91775197AE2352141E8813E069E5125C1E5D759A52D6F7B1A7CBAFA38C107A1A71AC4B2D4A5D7F0F4F594B6EE4E752BBDC6C7696E20F474572BDBE6A5F9D3276C7B6A5BF65CBC2624083DD08FC0130EDE125C522F824F69E029EAA092D75DE383D05305A1A7B10824B108C18E70C5155798ED017A7C73D27B6FBD7C9BD013CF0908420FF4425741A4B300D35DF0E96CFB5F75B2BD6B7C107A2A554343C32EC5E205311BB372E5CA1D127A6255B7B2E5AC77EDE6173DA2AEAEEE6ABF1D18A2A167E3C6B4E8E68BB73DB52D7B2E5E1312865EE8D12FD08FC0B3572F824C67C1A7A781A73CF838D50DA1A792649DC851451039EFBCF3D28E14F7F129093D2775D6A9653535ABCD7ED9303443CFDA556DE9EED91776794D4FBC16DB080A4323F4E817E8A39E068FED059FDE069ED2AFBF6298191F849E8ADAA9538A203263C68C1D1A7AE206A625A1676A579D5A517E3B308442CFC68D69E9A29674E7B453BB0C3C45C536B1AD599FDA0D3DFA050620F0F4347074157C9EDCC7C053708D0F424F85EDD445456732D00B18946B6B6B2B0D3D4BEAEAEA768FD315CA3B359D1B0CADD0B3BDD91DB33E4327F4E81718E4C0D35DF0B9AB1F81A7BFDF0FC6E7FEDEED809DBAB6E84C066A99EAEE96AF2EE9BC9EE8AA53D3B9C1D00A3D3D99DDE96ED64768A88DD0D3D9CC8E7E815EE8EFCC4A67C1A73F81A73CF8B8C607A16767EFD4A20643779D99526A6854F980B7AF81A728A1A166428F52FDAE7E0E8B9EDCC90CCF5D5B9EEF8F49F1B9FC7ED420B6652A68A667C3FEFBEFFF99ECED2D7ED930B4677A942A4E6FD32F3000333D7D9D51E96EA6A737373035D303151A7A76DA353DC5F7505F5FBF57DCBB47E706428FB290817E817E8880B176D88EB9A6A72FC1C7353D5041A167A7AFDE56D8F21FBE593A37107A9425ABF50BF423F8F46666A5AB65A93B5BBDAD37C1C7EA6D50492AE93E3D852DFFE1BBC56F07841EE5E6A4FA05FA117CB61738B6771F9E9EDEC0B4DC8861EED30395A5A1A1619762B59CEC715AB972E50E093CAB56AD4A63C68CF96F49E8D9D5DE07A147A99E841EE883EDCDB4F4F4C6A3BD0D3EC52976FBF8154085A9AFAF6F2CC2C8E4C9937748E8B9E28A2B4A677966D9EB20F42825F4B0837535E3D3D3C0D3DBE0537C3D81072A34F4EC53049298ED19E8050DE2F38D1E3DBA639627FB7A63EC75107A94127A180431E3537EAAD9C1C37A7F1F9ECE82CF41655FC7353C50E9B2307263114A4E38E184015BBE3A96A93EF1C4131F2F9DE5193972E4707B1C841EA5841E0631F8942E6E501A607A73E3D1AE3ECEB2D45045A167D7AC5614E164C28409FD0E3E1178CE3EFBECD2EB78D6D6D7D7BFD5DE06A14729A18741567EAA5B04968386F57E19EAF28FEBEFFD8180C15657577740B1A84131E3D3D753DDE2E3CA66789CD606083D4AE8A192824F7F7576EA1C500DB27032B634F8C4353EB1B841ACBED6D355DA62D182D26B78A2B240758ABD0B083D4AE8A146828F1B8F42B58B199FAC56958696083F711F9FB88169CCE214A7BEC5296C6D6D6DF98D472FB8E08274F0C1073F517607EDB511A4EC5540E851420F15A2BFA7A439A50D6A455CE353BA94751F6B966B7800A147093D5470F0E9ED4C8D450BA046C3CFBE5BC2CFE6DE849D98DDB14A1B20F428A1870AD6DB53D49CD206B5AEA1A161972CFC1C9785992959DD9BD5862D0127DE2EC96A6A5627C50C91BD05083D4AE8A1C682CF88ACD60E73E3510040E851420F5568AF2D8166AF6E5E5F21F000003DD2DCDC6C90AFCA6B43167A363B3AD8C9BA9AF1714A1B00D03BADADAD4BDBDBDB0DF45547B5B5B5FD210B3D0B1D1D5460F011780080DE6B6969D97BC68C19AB972F5FBEDE80DF0C4F049EA6A6A6FBB3DAD7D14185059F49020F00D067D90077546363E3DC38A529AEE55043B6E2F7BF50E0A102C5353C699865A90100801AF602BB000000000000000000000000000000000000000000000000000060E7F9FFBE385E0A3D7761F90000000049454E44AE426082, '1');
INSERT INTO `act_ge_bytearray` VALUES ('180002', '1', 'C:\\RealCode\\TNA\\JC\\jc-web\\target\\classes\\processes\\simplejc.bpmn20.xml', '180001', 0x3C3F786D6C2076657273696F6E3D22312E302220656E636F64696E673D225554462D38223F3E0D0A3C646566696E6974696F6E7320786D6C6E733D22687474703A2F2F7777772E6F6D672E6F72672F737065632F42504D4E2F32303130303532342F4D4F44454C2220786D6C6E733A7873693D22687474703A2F2F7777772E77332E6F72672F323030312F584D4C536368656D612D696E7374616E6365220D0A20202020202020202020202020786D6C6E733A61637469766974693D22687474703A2F2F61637469766974692E6F72672F62706D6E2220786D6C6E733A62706D6E64693D22687474703A2F2F7777772E6F6D672E6F72672F737065632F42504D4E2F32303130303532342F4449220D0A20202020202020202020202020786D6C6E733A6F6D6764633D22687474703A2F2F7777772E6F6D672E6F72672F737065632F44442F32303130303532342F44432220786D6C6E733A6F6D6764693D22687474703A2F2F7777772E6F6D672E6F72672F737065632F44442F32303130303532342F4449220D0A20202020202020202020202020747970654C616E67756167653D22687474703A2F2F7777772E77332E6F72672F323030312F584D4C536368656D61222065787072657373696F6E4C616E67756167653D22687474703A2F2F7777772E77332E6F72672F313939392F5850617468220D0A202020202020202020202020207461726765744E616D6573706163653D22687474703A2F2F7777772E6B6166656974752E6D652F61637469766974692D696E2D616374696F6E223E0D0A202020203C70726F636573732069643D2273696D706C656A6322206E616D653D2273696D706C656A63223E0D0A20202020202020203C73746172744576656E742069643D2273746172746576656E743122206E616D653D225374617274223E3C2F73746172744576656E743E0D0A20202020202020203C656E644576656E742069643D22656E646576656E743122206E616D653D22456E64223E3C2F656E644576656E743E0D0A20202020202020203C757365725461736B2069643D22636F6D6669726D4461746522206E616D653D22E7A1AEE5AE9AE4BABAE59198E38081E697B6E997B4E38081E8A18CE7A88B222061637469766974693A63616E64696461746547726F7570733D226F7267315F736563726574617279223E3C2F757365725461736B3E0D0A20202020202020203C757365725461736B2069643D22707265417564697422206E616D653D22E9A284E7A8BDE69FA5222061637469766974693A63616E64696461746547726F7570733D226F7267315F7072656175646974223E3C2F757365725461736B3E0D0A20202020202020203C757365725461736B2069643D22617564697422206E616D653D22E7A8BDE69FA5222061637469766974693A63616E64696461746547726F7570733D226F7267315F6175646974223E3C2F757365725461736B3E0D0A20202020202020203C757365725461736B2069643D2270726F66657373696F6E616C22206E616D653D22E4B893E5AEB6E8AF84E5AEA1222061637469766974693A63616E64696461746547726F7570733D226F7267315F70726F66657373696F6E616C223E3C2F757365725461736B3E0D0A20202020202020203C757365725461736B2069643D227265706F727422206E616D653D22E68F90E4BAA4E68AA5E5918A222061637469766974693A63616E64696461746547726F7570733D226F7267315F736563726574617279223E3C2F757365725461736B3E0D0A20202020202020203C757365725461736B2069643D22696D70726F7665506C616E22206E616D653D22E694B9E8BF9BE8AEA1E58892222061637469766974693A63616E64696461746547726F7570733D22636F6D5F736563726574617279223E3C2F757365725461736B3E0D0A20202020202020203C757365725461736B2069643D226175646974496D70726F7665526573756C7422206E616D653D22E6A380E69FA5E695B4E694B9E7BB93E69E9C222061637469766974693A63616E64696461746547726F7570733D226F7267315F736563726574617279223E3C2F757365725461736B3E0D0A0D0A20202020202020203C73657175656E6365466C6F772069643D22666C6F773122206E616D653D222220736F757263655265663D2273746172746576656E743122207461726765745265663D22636F6D6669726D44617465223E3C2F73657175656E6365466C6F773E0D0A20202020202020203C73657175656E6365466C6F772069643D22666C6F773222206E616D653D222220736F757263655265663D22636F6D6669726D4461746522207461726765745265663D227072654175646974223E3C2F73657175656E6365466C6F773E0D0A20202020202020203C73657175656E6365466C6F772069643D22666C6F773322206E616D653D222220736F757263655265663D22707265417564697422207461726765745265663D226175646974223E3C2F73657175656E6365466C6F773E0D0A20202020202020203C73657175656E6365466C6F772069643D22666C6F773422206E616D653D222220736F757263655265663D22617564697422207461726765745265663D2270726F66657373696F6E616C223E3C2F73657175656E6365466C6F773E0D0A20202020202020203C73657175656E6365466C6F772069643D22666C6F773522206E616D653D222220736F757263655265663D2270726F66657373696F6E616C22207461726765745265663D227265706F7274223E3C2F73657175656E6365466C6F773E0D0A20202020202020203C73657175656E6365466C6F772069643D22666C6F773622206E616D653D222220736F757263655265663D227265706F727422207461726765745265663D22696D70726F7665506C616E223E3C2F73657175656E6365466C6F773E0D0A20202020202020203C73657175656E6365466C6F772069643D22666C6F773722206E616D653D222220736F757263655265663D22696D70726F7665506C616E22207461726765745265663D226175646974496D70726F7665526573756C74223E3C2F73657175656E6365466C6F773E0D0A0D0A20202020202020203C73657175656E6365466C6F772069643D22666C6F77393922206E616D653D222220736F757263655265663D226175646974496D70726F7665526573756C7422207461726765745265663D22656E646576656E7431223E3C2F73657175656E6365466C6F773E0D0A0D0A202020203C2F70726F636573733E0D0A3C2F646566696E6974696F6E733E, '0');
INSERT INTO `act_ge_bytearray` VALUES ('180003', '1', 'C:\\RealCode\\TNA\\JC\\jc-web\\target\\classes\\processes\\jc_demo.bpmn20.xml', '180001', 0x3C3F786D6C2076657273696F6E3D22312E302220656E636F64696E673D225554462D38223F3E0D0A3C646566696E6974696F6E7320786D6C6E733D22687474703A2F2F7777772E6F6D672E6F72672F737065632F42504D4E2F32303130303532342F4D4F44454C2220786D6C6E733A7873693D22687474703A2F2F7777772E77332E6F72672F323030312F584D4C536368656D612D696E7374616E63652220786D6C6E733A7873643D22687474703A2F2F7777772E77332E6F72672F323030312F584D4C536368656D612220786D6C6E733A61637469766974693D22687474703A2F2F61637469766974692E6F72672F62706D6E2220786D6C6E733A62706D6E64693D22687474703A2F2F7777772E6F6D672E6F72672F737065632F42504D4E2F32303130303532342F44492220786D6C6E733A6F6D6764633D22687474703A2F2F7777772E6F6D672E6F72672F737065632F44442F32303130303532342F44432220786D6C6E733A6F6D6764693D22687474703A2F2F7777772E6F6D672E6F72672F737065632F44442F32303130303532342F44492220747970654C616E67756167653D22687474703A2F2F7777772E77332E6F72672F323030312F584D4C536368656D61222065787072657373696F6E4C616E67756167653D22687474703A2F2F7777772E77332E6F72672F313939392F585061746822207461726765744E616D6573706163653D22687474703A2F2F7777772E61637469766974692E6F72672F70726F63657373646566223E0D0A20203C70726F636573732069643D226A635F64656D6F22206E616D653D22E7A8BDE69FA5E6BC94E7A4BA2220697345786563757461626C653D2274727565223E0D0A202020203C646F63756D656E746174696F6E3EE7A8BDE69FA5E6BC94E7A4BA3C2F646F63756D656E746174696F6E3E0D0A202020203C73746172744576656E742069643D227265616C737461727422206E616D653D22E5BC80E5A78BE88A82E782B9223E3C2F73746172744576656E743E0D0A202020203C757365725461736B2069643D22706A737461727422206E616D653D22E9A1B9E79BAEE590AFE58AA8222061637469766974693A63616E64696461746547726F7570733D226D69736875223E3C2F757365725461736B3E0D0A202020203C736572766963655461736B2069643D22706A73746172746E6F7469667922206E616D653D22E9A1B9E79BAEE590AFE58AA8E4BC9AE4BC9AE8AEAEE7BAAAE8A68120E982AEE4BBB6E696B9E5BC8FE9809AE79FA5E588B0E59084E4B8AAE5B9B2E7B3BBE4BABA222061637469766974693A747970653D226D61696C223E0D0A2020202020203C657874656E73696F6E456C656D656E74733E0D0A20202020202020203C61637469766974693A6669656C64206E616D653D22746F223E0D0A202020202020202020203C61637469766974693A737472696E673E3C215B43444154415B7265616C61696379403132362E636F6D5D5D3E3C2F61637469766974693A737472696E673E0D0A20202020202020203C2F61637469766974693A6669656C643E0D0A20202020202020203C61637469766974693A6669656C64206E616D653D2266726F6D223E0D0A202020202020202020203C61637469766974693A737472696E673E3C215B43444154415B7265616C74656D70403132362E636F6D5D5D3E3C2F61637469766974693A737472696E673E0D0A20202020202020203C2F61637469766974693A6669656C643E0D0A20202020202020203C61637469766974693A6669656C64206E616D653D227375626A656374223E0D0A202020202020202020203C61637469766974693A737472696E673E3C215B43444154415BE9A1B9E79BAEE590AFE58AA8E4BC9AE4BC9AE8AEAEE7BAAAE8A6815D5D3E3C2F61637469766974693A737472696E673E0D0A20202020202020203C2F61637469766974693A6669656C643E0D0A20202020202020203C61637469766974693A6669656C64206E616D653D2274657874223E0D0A202020202020202020203C61637469766974693A737472696E673E3C215B43444154415BE6B58BE8AF95E6B58BE8AF955D5D3E3C2F61637469766974693A737472696E673E0D0A20202020202020203C2F61637469766974693A6669656C643E0D0A2020202020203C2F657874656E73696F6E456C656D656E74733E0D0A202020203C2F736572766963655461736B3E0D0A202020203C757365725461736B2069643D22707265617564697422206E616D653D22E9A284E7A8BDE69FA5222061637469766974693A63616E64696461746547726F7570733D22796A6367726F7570223E3C2F757365725461736B3E0D0A202020203C757365725461736B2069643D22706A7072656175646974636865636B22206E616D653D22E9A284E7A8BDE69FA5E68AA5E5918AE5AEA1E689B9222061637469766974693A61737369676E65653D22646F63746F7279616E223E0D0A2020202020203C657874656E73696F6E456C656D656E74733E0D0A20202020202020203C61637469766974693A666F726D50726F70657274792069643D22617070726F766522206E616D653D227265616C6966617070726F76652220747970653D22737472696E67223E3C2F61637469766974693A666F726D50726F70657274793E0D0A2020202020203C2F657874656E73696F6E456C656D656E74733E0D0A202020203C2F757365725461736B3E0D0A202020203C6578636C7573697665476174657761792069643D226578677731223E3C2F6578636C7573697665476174657761793E0D0A202020203C757365725461736B2069643D22706A7265706F727422206E616D653D22E7949FE68890E68AA5E5918A222061637469766974693A61737369676E65653D2277796D223E3C2F757365725461736B3E0D0A202020203C656E644576656E742069643D227265616C656E6422206E616D653D22E7BB93E69D9FE88A82E782B9223E3C2F656E644576656E743E0D0A202020203C73657175656E6365466C6F772069643D22666C6F775F312220736F757263655265663D227265616C737461727422207461726765745265663D22706A7374617274223E3C2F73657175656E6365466C6F773E0D0A202020203C73657175656E6365466C6F772069643D22666C6F775F322220736F757263655265663D22706A737461727422207461726765745265663D22706A73746172746E6F74696679223E3C2F73657175656E6365466C6F773E0D0A202020203C73657175656E6365466C6F772069643D22666C6F775F332220736F757263655265663D22706A73746172746E6F7469667922207461726765745265663D227072656175646974223E3C2F73657175656E6365466C6F773E0D0A202020203C73657175656E6365466C6F772069643D22666C6F775F342220736F757263655265663D22707265617564697422207461726765745265663D22706A7072656175646974636865636B223E3C2F73657175656E6365466C6F773E0D0A202020203C73657175656E6365466C6F772069643D22666C6F775F352220736F757263655265663D22706A7072656175646974636865636B22207461726765745265663D226578677731223E3C2F73657175656E6365466C6F773E0D0A202020203C73657175656E6365466C6F772069643D22666C6F775F372220736F757263655265663D22706A7265706F727422207461726765745265663D227265616C656E64223E3C2F73657175656E6365466C6F773E0D0A202020203C73657175656E6365466C6F772069643D22666C6F775F365F3122206E616D653D22E69CAAE9809AE8BF872220736F757263655265663D22657867773122207461726765745265663D227072656175646974223E0D0A2020202020203C636F6E646974696F6E45787072657373696F6E207873693A747970653D2274466F726D616C45787072657373696F6E223E3C215B43444154415B247B617070726F76653D3D317D5D5D3E3C2F636F6E646974696F6E45787072657373696F6E3E0D0A202020203C2F73657175656E6365466C6F773E0D0A202020203C73657175656E6365466C6F772069643D22666C6F775F365F3222206E616D653D22E9809AE8BF872220736F757263655265663D22657867773122207461726765745265663D22706A7265706F7274223E0D0A2020202020203C636F6E646974696F6E45787072657373696F6E207873693A747970653D2274466F726D616C45787072657373696F6E223E3C215B43444154415B247B617070726F76653D3D327D5D5D3E3C2F636F6E646974696F6E45787072657373696F6E3E0D0A202020203C2F73657175656E6365466C6F773E0D0A20203C2F70726F636573733E0D0A20203C62706D6E64693A42504D4E4469616772616D2069643D2242504D4E4469616772616D5F6A635F64656D6F223E0D0A202020203C62706D6E64693A42504D4E506C616E652062706D6E456C656D656E743D226A635F64656D6F222069643D2242504D4E506C616E655F6A635F64656D6F223E0D0A2020202020203C62706D6E64693A42504D4E53686170652062706D6E456C656D656E743D227265616C7374617274222069643D2242504D4E53686170655F7265616C7374617274223E0D0A20202020202020203C6F6D6764633A426F756E6473206865696768743D2233302E30222077696474683D2233302E302220783D2237352E302220793D2236352E30223E3C2F6F6D6764633A426F756E64733E0D0A2020202020203C2F62706D6E64693A42504D4E53686170653E0D0A2020202020203C62706D6E64693A42504D4E53686170652062706D6E456C656D656E743D22706A7374617274222069643D2242504D4E53686170655F706A7374617274223E0D0A20202020202020203C6F6D6764633A426F756E6473206865696768743D2234302E30222077696474683D223135322E302220783D223136352E302220793D2236302E30223E3C2F6F6D6764633A426F756E64733E0D0A2020202020203C2F62706D6E64693A42504D4E53686170653E0D0A2020202020203C62706D6E64693A42504D4E53686170652062706D6E456C656D656E743D22706A73746172746E6F74696679222069643D2242504D4E53686170655F706A73746172746E6F74696679223E0D0A20202020202020203C6F6D6764633A426F756E6473206865696768743D2236332E30222077696474683D223138332E302220783D223336302E302220793D2234382E35223E3C2F6F6D6764633A426F756E64733E0D0A2020202020203C2F62706D6E64693A42504D4E53686170653E0D0A2020202020203C62706D6E64693A42504D4E53686170652062706D6E456C656D656E743D227072656175646974222069643D2242504D4E53686170655F7072656175646974223E0D0A20202020202020203C6F6D6764633A426F756E6473206865696768743D2234302E30222077696474683D223131392E302220783D223630302E302220793D2236302E30223E3C2F6F6D6764633A426F756E64733E0D0A2020202020203C2F62706D6E64693A42504D4E53686170653E0D0A2020202020203C62706D6E64693A42504D4E53686170652062706D6E456C656D656E743D22706A7072656175646974636865636B222069643D2242504D4E53686170655F706A7072656175646974636865636B223E0D0A20202020202020203C6F6D6764633A426F756E6473206865696768743D2234352E30222077696474683D223133362E302220783D223539312E352220793D223138302E30223E3C2F6F6D6764633A426F756E64733E0D0A2020202020203C2F62706D6E64693A42504D4E53686170653E0D0A2020202020203C62706D6E64693A42504D4E53686170652062706D6E456C656D656E743D226578677731222069643D2242504D4E53686170655F6578677731223E0D0A20202020202020203C6F6D6764633A426F756E6473206865696768743D2234302E30222077696474683D2234302E302220783D223633392E352220793D223238352E30223E3C2F6F6D6764633A426F756E64733E0D0A2020202020203C2F62706D6E64693A42504D4E53686170653E0D0A2020202020203C62706D6E64693A42504D4E53686170652062706D6E456C656D656E743D22706A7265706F7274222069643D2242504D4E53686170655F706A7265706F7274223E0D0A20202020202020203C6F6D6764633A426F756E6473206865696768743D2234302E30222077696474683D223133342E302220783D223336302E302220793D223238352E30223E3C2F6F6D6764633A426F756E64733E0D0A2020202020203C2F62706D6E64693A42504D4E53686170653E0D0A2020202020203C62706D6E64693A42504D4E53686170652062706D6E456C656D656E743D227265616C656E64222069643D2242504D4E53686170655F7265616C656E64223E0D0A20202020202020203C6F6D6764633A426F756E6473206865696768743D2232382E30222077696474683D2232382E302220783D2237362E302220793D223239312E30223E3C2F6F6D6764633A426F756E64733E0D0A2020202020203C2F62706D6E64693A42504D4E53686170653E0D0A2020202020203C62706D6E64693A42504D4E456467652062706D6E456C656D656E743D22666C6F775F31222069643D2242504D4E456467655F666C6F775F31223E0D0A20202020202020203C6F6D6764693A776179706F696E7420783D223130352E302220793D2238302E30223E3C2F6F6D6764693A776179706F696E743E0D0A20202020202020203C6F6D6764693A776179706F696E7420783D223136352E302220793D2238302E30223E3C2F6F6D6764693A776179706F696E743E0D0A2020202020203C2F62706D6E64693A42504D4E456467653E0D0A2020202020203C62706D6E64693A42504D4E456467652062706D6E456C656D656E743D22666C6F775F32222069643D2242504D4E456467655F666C6F775F32223E0D0A20202020202020203C6F6D6764693A776179706F696E7420783D223331372E302220793D2238302E30223E3C2F6F6D6764693A776179706F696E743E0D0A20202020202020203C6F6D6764693A776179706F696E7420783D223336302E302220793D2238302E30223E3C2F6F6D6764693A776179706F696E743E0D0A2020202020203C2F62706D6E64693A42504D4E456467653E0D0A2020202020203C62706D6E64693A42504D4E456467652062706D6E456C656D656E743D22666C6F775F365F31222069643D2242504D4E456467655F666C6F775F365F31223E0D0A20202020202020203C6F6D6764693A776179706F696E7420783D223637392E352220793D223330352E30223E3C2F6F6D6764693A776179706F696E743E0D0A20202020202020203C6F6D6764693A776179706F696E7420783D223831392E302220793D223330352E30223E3C2F6F6D6764693A776179706F696E743E0D0A20202020202020203C6F6D6764693A776179706F696E7420783D223831392E302220793D2238302E30223E3C2F6F6D6764693A776179706F696E743E0D0A20202020202020203C6F6D6764693A776179706F696E7420783D223731392E302220793D2238302E30223E3C2F6F6D6764693A776179706F696E743E0D0A2020202020203C2F62706D6E64693A42504D4E456467653E0D0A2020202020203C62706D6E64693A42504D4E456467652062706D6E456C656D656E743D22666C6F775F33222069643D2242504D4E456467655F666C6F775F33223E0D0A20202020202020203C6F6D6764693A776179706F696E7420783D223534332E302220793D2238302E30223E3C2F6F6D6764693A776179706F696E743E0D0A20202020202020203C6F6D6764693A776179706F696E7420783D223630302E302220793D2238302E30223E3C2F6F6D6764693A776179706F696E743E0D0A2020202020203C2F62706D6E64693A42504D4E456467653E0D0A2020202020203C62706D6E64693A42504D4E456467652062706D6E456C656D656E743D22666C6F775F34222069643D2242504D4E456467655F666C6F775F34223E0D0A20202020202020203C6F6D6764693A776179706F696E7420783D223635392E352220793D223130302E30223E3C2F6F6D6764693A776179706F696E743E0D0A20202020202020203C6F6D6764693A776179706F696E7420783D223635392E352220793D223138302E30223E3C2F6F6D6764693A776179706F696E743E0D0A2020202020203C2F62706D6E64693A42504D4E456467653E0D0A2020202020203C62706D6E64693A42504D4E456467652062706D6E456C656D656E743D22666C6F775F35222069643D2242504D4E456467655F666C6F775F35223E0D0A20202020202020203C6F6D6764693A776179706F696E7420783D223635392E352220793D223232352E30223E3C2F6F6D6764693A776179706F696E743E0D0A20202020202020203C6F6D6764693A776179706F696E7420783D223635392E352220793D223238352E30223E3C2F6F6D6764693A776179706F696E743E0D0A2020202020203C2F62706D6E64693A42504D4E456467653E0D0A2020202020203C62706D6E64693A42504D4E456467652062706D6E456C656D656E743D22666C6F775F37222069643D2242504D4E456467655F666C6F775F37223E0D0A20202020202020203C6F6D6764693A776179706F696E7420783D223336302E302220793D223330352E30223E3C2F6F6D6764693A776179706F696E743E0D0A20202020202020203C6F6D6764693A776179706F696E7420783D223130342E302220793D223330352E30223E3C2F6F6D6764693A776179706F696E743E0D0A2020202020203C2F62706D6E64693A42504D4E456467653E0D0A2020202020203C62706D6E64693A42504D4E456467652062706D6E456C656D656E743D22666C6F775F365F32222069643D2242504D4E456467655F666C6F775F365F32223E0D0A20202020202020203C6F6D6764693A776179706F696E7420783D223633392E352220793D223330352E30223E3C2F6F6D6764693A776179706F696E743E0D0A20202020202020203C6F6D6764693A776179706F696E7420783D223439342E302220793D223330352E30223E3C2F6F6D6764693A776179706F696E743E0D0A2020202020203C2F62706D6E64693A42504D4E456467653E0D0A202020203C2F62706D6E64693A42504D4E506C616E653E0D0A20203C2F62706D6E64693A42504D4E4469616772616D3E0D0A3C2F646566696E6974696F6E733E, '0');
INSERT INTO `act_ge_bytearray` VALUES ('180004', '1', 'C:\\RealCode\\TNA\\JC\\jc-web\\target\\classes\\processes\\jc_demo.jc_demo.png', '180001', 0x89504E470D0A1A0A0000000D494844520000033D0000014F0806000000671DA09600001A554944415478DAEDDDDD6F5CE59D07706F958BBDDC3F808B485B69F90372C1C54ACDAA5CE422125C042663BB244A51D27681D24076E90B0AA2450DADBA91DA4AA812BB0894DDB08DBA29755342666C1C9B10EF062831492D92D6BC24132736A9134CFC52079E3D8FE549077BC6F6F875CECCE7237D95ACC726DDF173FCFCBE3E67CE34350100000000000000000000000000000000000000000000000000000000000000000000000000000000000000000000000000000000000000000000000000000000000000000000000000000000000000000000000000000000000000000000000000000000000000000000000000000000000000000000000000000000000000000000000000000000000000000000000000000000000000000000400A8510D6F5F7F71FEAE9E9F9B4BDBD3DE4723991D4269FCF87AEAEAE8F92B43ABA010098120B4F777777181C1C0C13131322A9CFD0D050387EFCF8F5A4006D71840300D014CFF0283C5287C5672297CBF539C20100688A97B41992A51E93949E49473800004DF175100664A9D3D2131CE1000054557A06FEFC49D87DF0EDA9C4BF1BAC45E9010020D5A5677C7C225CFD78F4D6FFDDD577F956E9897F2F7E7CF0DA8D706D64D4A02D4A0F0000E9293DB1F01C38F15EF8F6A1DE70EC9D4BA1F30F03E1F1FF3973ABF4C4BFC78F1FF9FDC5F058F239FF76F4DD70FD13C547941E000052527A3EBA7E23FCEB2F7B6F959CF9F2E88BA7C3858F3E366C8BD20300403A4A4FCCEFDE2E2CB8F4FCF27F3F30688BD2030040BA4A4FBCA4AD586AF6FCF7E9F05FAFBF1FFE74F9DA54E2DFE3C78A8FBF7CBA60D016A507008074949E7867B678A382D2D7F0C49233F3F3E2C74A5FE313BFC65DDD44E901801A114258D7DFDF7F28BE1B7D7C73C6B8398A2C25F97C3E7475757D94A435EDA5A7DCE56BF1ECCECCCF8B1F2BF7B9066E517AEC65D238FB0850C3E226D1DDDD1D0607070D07B26C191A1A0AC78F1FBF9E6C5C5B941E11A5C75E268DB08F00352CFE56CC26212BB4614D24C3565F9A4B8FCBDB44E9B197897D04A803F132003F58650587ADC934979EBFDEC8E0F2826F64103FD7F75E941E7B9934DE3E02A474D01369A4616BAE63E168EFC26F59FDDBDF5FF4BD17C7A1BD4CAC5F583E2184BFEDEDEDDDF5FCF3CF1FDFB76FDFF5871E7A6872FBF6ED61EBD6ADA1B5B5F5B3AF7FFDEB13DFFDEE77FB9F7EFAE90349FEC133B6F88DE2936B03A1FFD473E16CFEC9A9C4BFC78FF9812CF55E7AE29B937EFBD0C2DF9CF45F7E793A0C5EBBE1FB2F8E437B9958BFB0F4B2F3AB5FFDEA85EF7FFFFB930F3FFC70F8C52F7E117A7A7A42A15008636363218A7FC6EB7BDF7CF3CD9094A2F0CD6F7EF3B36F7DEB5BEFEFDCB9F37ECF60751BC5C870219C79E5F170FAC89ECF257E2C3EE687B2D473E9B9313A1E9EE9383F7509DBE1373E0CAFFEE1F3AFF1897F8FEFE373EC9D4B53E5E83FBAFE14C6C6C77DFFC571682F13EB17162F29373B7EF0831F8CEFD9B367AAD0DCBC79332CD4DB6FBF1D1E7BECB19BBB76EDEABBE79E7BBEE8D95CD84671E1EC6F666D12C55C3CDBE687B2D4FDE56DB1F85C1EFEEB8D09E28D0A8AA527FEBDF8F13F7F3CAAF088E3D05E26D62F2CE9ECCEBA975E7AA9E36B5FFB5A686B6BABAAECCC74F4E8D1B063C78E51677D16B651F4BDFA74C58D223EE687B2D47BE9297757B762E9719736711CDACBC4FA85652B3C9D9D9DFFF7E0830F8673E7CE85E5F0FEFBEF87A4408DDE7FFFFDFFACF4CCFD03E74CEE898A1B457CCC0F6569B4D223E238B49789F50BCB2E9EE1898527BE466739C5FFDECE9D3B47B2D96CC3BEE3AF8D426C564A8F380EED65F632EB17D6587C0D4FBCA46DB9CEF0943BE373DF7DF70D27C5E776A5A77CE21D6E2A6D14F1313F9445E911711CDACBC4FA85458A77697BF2C92727E26B7856D2912347465B5A5A4E2A3DE573FEC4CF2B6E14F1313F9445E911711CDACBC4FA85453A7CF8F07FC6BBB4FDE52F7F092BED1BDFF8C6E546BCCC6D211BC5D5426F38736CEFECCB01928FC5C7FC5016A547C471682F13EB1716799627BE0F4FBC2DF56A387DFAF444239EED59E8A0F7DE1B2FCCDA28E2C7FC4016A547C471682F13EB1716A9B7B77757BC79C1526E4D5DAD1D3B765CDEBA75EBFA7A78FEB2D96C2EC93F2ECB46313E1ECEBFFECCECCB01928F4D784F12A9F1CD6A598F0511C7A1BD4C6A6AFD2673DB864C2673D8E44C6A3DFFFCF3C79F7DF6D9B09AF6EFDFFF7672F03C5A0FCF5FF2FF4788891B46F2C3E08EC56E14F15DAACF9DF859C5EBA0E363DEC95A6A79D85AAE6341C471682F93DA59BFB1EC24694B3219D788C999D4DAB76FDFF59E9E9E552D3DAFBFFEFAFBF100AAA7D2539297CBFDB6ACE246313E1E06CE7784778E7EA7E226514CFC9CF8B97E5326B55C7A167D2C88380EED655233EB7766D929C6E44C6A3DF4D04393030303AB5A7A2E5FBE3C981C3817EAB4F4DCFA6D59E986516EA398EF37627E5326292F3D0B3E16441C87F632A98DF51BCFF4C5CBD866961DA587D4DBBE7D7B181B1B5BD5D213FFBDE4C019ABE7D253FADBB2F803A4DC46B190DF88CDF59B323FA4250DA56721C78288E3D05E266B9B83070F86726776941EEA465CC06B61013F60EB2AE5368AC56E12C5F8212DC5A4FD5810711CDACBC4FA150573456DDBB6EDB3D53ED3333A3A7AB901CEF49CCA64329B376EDCB8CE253DD2E0677AAA3A16924F291B8F7BAE6AF97B51C7677AEC650DB68FDC7BEFBD7726DFF79306F1B53F263D0BCBECC1071F9C58EDD7F45CBA74E9DD3A7E4DCFE73608AF6390062E3D8B3A16CA0D953307D1467EDC73559BDF8B3A2C3DF6B206DF47B2D9ECA6641D742B3D4A4FDD78FCF1C7CFAFF6DDDB5E79E595DFD5E1DDDB4E263F20EE9EB941D828A4014BCF928E0583B6D2A3F4D8CBA476F691E9333FDD4A8FD2937A3FFEF18F9F5DEDF7E9D9BB77EF913A7A9F9EB2BF0DB3514803969E6539160CDA4A8FD2632F93DADB47A6CFFC9C34392B3DA9F5BDEF7DEFEF1F78E0814F6FDEBCB96A376F6B6E6EFE53F2CD5CDF48CFB38D42DC354AE9517A941E7B99D847507AD6D0EEDDBBFFF8E69B6FAED6A56D07E269D2467B8E6D1462B3527A941EA5C75E26F611949E35F4D5AF7EF59E471E79647215CEF60C373737BF95CD665B951E11A5C720AFF4283DF632B18FA0F4ACAA5DBB76F5B6B5B5AD68E389AF1F8A6779E6BB66D84621D2D8A5A7C96D92DDB2DA2DABED65621F517A58A12777FD8E1D3B46CF9D3BB72285A7B7B7F7A5E4DF18C866B3B737E2F36BA3109B9563411C87F632B17E517A6A406B6B6BCBAE5DBB6E0C0E0E2E6BE1B978F1E26BCDCDCD1F34E2656D360AB1593916C471682F13EB17A5A7C6B4B4B4ECD8B973E7C8729DF189677862E1C964328F35F2F36AA3109B9563411C87F632B17E517A6A485250B6B6B6B65EFFF5AF7FFDC9126E6E30FC939FFCE4B978495B92ED8DFE9CDA28C466E55810C7A1BD4CAC5F949EDA7BB2D7373737B7EFDAB5EBF25B6FBD355ACDFBF01C3B76EC60529A4EC59B1634EA6B786C1462B3722C88E3D05E26D62F4A4F7A9EF42DB1FC6CDFBE7D70DFBE7D675F7BEDB50F0A85C2C0D8D8D854C3191D1DBD7CE9D2A577F3F9FC6F9F78E289975B5A5AFA63D98967771AF12E6D360AB1593916C471682F13EB17A527A59232735B369B7D38F9261C4AF25E92B1F80D99FEF34292B6248FC633449E2D1B85D8AC1C0BE238B49789F58BD283D223A2F488380EED6562FDA2F4503FDADBDBFD509595CA58B2594D1A9A440C8DF63269847D44E9811AD6D5D53510DFFFC80F5659EE140A851793CDAA4FE911517AEC65D208FB88D20335ACA3A3E3AECECECE6B57AE5C19F5035696EB377371A3CAE7F31F24D9A2F488283DF63269847D44E9811A97FC40D99C6C8AA7E229E4B8398A2C31711DF5A56DA3527A44E9B197A52571F0B48FA0F400A0F4887821B8C113AC3D00941E517A307882B507A0F488283D183CC1DA03507A44941E0C9E587B00283D224A0F064FAC3D00941E11A5078327D61E004A8F88D263F0046B0F806AB5B7B71B90A52EDFE431BEE78923DCE009D61E004D5D5D5D038383838664A9ABC477B58F6FF2E808377882B50740534747C75D9D9D9DD7AE5CB9326A58967A38C3130B4F3E9FFFC0BBDA1B3CC1DA03E0966438DC9CCBE54EC5CB81E2EB2044529CB886FB141E8327587B0000183CC1DA0300C0E009D61E0000064FAC3D0000307862ED010080C1136B0F00008327587B0000183CC1DA0300C0E009D61E0000064FB0F60000307862ED010080C1136B0F00000C9E587B0000183CC1DA0300C0E009D61E0000064FB0F60000307882B5070080C1136B0F00000C9E587B000060F0C4DA0300C0E009D61E0000064FB0F60000307882B5070080C1136BCFDA0300C0E089B5070000064FAC3D0000307862ED010060F0046B0F00008327587B0000183CC1DA0300C0E089B567ED010060F0C4DA0300008327D61E0000183CB1F60000307882B5070080C113AC3D00000C9E60ED010060F0C4DAB3F60000307862ED010080C1136B0F00000C9E587B0000183CC1DA0300C0E009D61E0000064FB0F60000307862ED79160000307862ED010080C1136B0F00000C9E587B0000183CC1DA0300C0E009D61E0000064FB0F60000307862ED010080C1136B0F00000C9E587B000060F0C4DA0300C0E009D61E0000064FB0F60000307882B5070080C1136B0F00009677C86C8B83E63C39E59942E9010020AD43E686249373959E4C26B3D93385D20300409A07CD97E7283D27376EDCB8CEB384D20300409A07CD0D954A4F369BBDDB3384D20300403D0C9BE55EDB73CA591E941E0000EA65D89CF5DA1EAFE541E90100A0AE2425E7B0B33C283D0000D473E9B9A3E4B53C9B3C23283D0000D4E3D039F5DA1E6779507A0000A8D7A17383C113A50700A08E8410D6F5F7F71FEAE9E9F9B4BDBD3DE4723969F0E4F3F9D0D5D5F55192564788D20300907AB1F074777787C1C1C1303131213295A1A1A170FCF8F1EB4901DAE228517A0000522D9EE15178A442F199C8E5727D8E12A5070020D5E2256D067CA994A4F44C3A4A941E0080548BAFE130DCCB1CA5C710AEF400003446E9F9E4DA40E83FF55C389B7F722AF1EFF1638A81D283D2030090FAD233325C08675E793C9C3EB2E773891F8B8F29074A0F4A0F0040AA4BCF85B3BF9955788AB978B64D39507A507A0000D25D7AFA5E7DBA62E9898F29074A0F4A0F0040AA4BCF99DC13154B4F7C4C39507A507A0000941E517A507A00006AB5F4C4BBB5552A3DF131E540E941E901004875E9397FE2E7154B4F7C4C39507A507A0000525D7AAE167AC399637B675FDA967C2C3EA61C283D283D0000A92E3D31EFBDF1C2ACD2133FA618283D283D0000E92F3DE3E3E1FCEBCFCCBEB42DF9587C4C39507A507A0000525B7A46860BE1DC899F557C4D4F7C2C7E8E82A0F4A0F40000A4ABF48C8F8781F31DE19DA3DFA958788A899F133FD7591FA507A507002015A567BEB33BCEFA283D283D0000A92E3D0B39BB33D7591F6541E941E90100A8E9D2B3D8C2538CB2A0F4A0F40000D474E911517A941E0000A547941E941E0000A547941E941E0000A547941E941E0000A547941EA5070000A547941EA5070000A547941EA5070040E911517A941E0000A547941E941E0000A547941E941E0000A547941E941E0000A547941EA5070000A547941EA5070000A547941EA5070040E911517A941E0000A547941E941E0000A547941E941E0000A547941E941E0000A547941EA5070000A547941EA5070000A547941EA50700A081B4B7B71BEEA552C692D233E928517A000052ADABAB6B607070D0802FB35228145E4C4A4F9FA344E9010048B58E8E8EBB3A3B3BAF5DB97265D4A02FC5333CB1F0E4F3F90F926C7194283D0000A9970CB69B73B9DCA97829537C0D47A3270E9E0DFE1CC475D0A7F0283D0000183CC1DA0300C0E009D61E0000064FB0F60000307862ED010080C1136B0F00000C9E587B0000183CC1DA0300C0E009D61E0000064FB0F60000307882B5070080C1136B0F00000C9E587B000060F0C4DA0300C0E009D61E0000064FB0F60000307882B5070080C113AC3D00000C9E587B000060F0C4DA0300008327D61E0000064FB0F60000307882B5070080C113AC3D00000C9E60ED010060F0C4DA0300008327D61E0000183CB1F60000307882B5070080C113AC3D00000C9E60ED010060F0C4DAB3F60000307862ED010080C1136B0F00000C9E587B0000183CC1DA0300C0E009D61E0000064FB0F60000307862ED597B0000183CB1F60000C0E089B5070000064FAC3D00000C9E60ED010060F0046B0F00008327587B0000183CB1F6AC3D00000C9E587B000060F0C4DA0300008327D61E0000064FB0F6000048F990D91607CD7972CA3385D20300405A87CC0D4926E72A3D994C66B3670AA5070080340F9A2FCF517A4E6EDCB8719D6709A5070080340F9A1B2A959E6C367BB76708A50700807A1836CBBDB6E794B33C283D0000D4CBB039EBB53D5ECB83D20300405D494ACE616779507A0000A8E7D27347C96B79367946507A0000A8C7A173EAB53DCEF2A0F400005097BEFCE52FFF93C113A50780450921ACEBEFEF3FD4D3D3F3697B7B7BC8E572D2A0C9E7F3A1ABABEBA324AD8E0C6A4CBCA42D7CE94B5F3278A2F40050BD5878BABBBBC3E0E0609898989006CFD0D050387EFCF8F5A4006D71745023EE4C329C64FFF49FEEDC86D2034075E2191E854766149F895C2ED7E7E8A0860A4FB1E8C4333E438A0F4A0F00558997B419F4656692D233E9E8A0C60ACF7C1F07A50780F2E26B390CF952A6F4D8E0594B9BE62936C5C7DDBE1AA5A7DEB5B4B4DC96C9641E48BE0987929C4F32327D0FFBB124EF4DBF91D7A3F1F33C5BC0524BCF27D70642FFA9E7C2D9FC9353897F8F1F5310941E58A1C2335FA171C607A5A79E65B3D9BB93E4924C94BC3BF17C7935F97C77E30116557A46860BE1CC2B8F87D347F67C2EF163F1312541E98165726753756770AAFD7C507A52F064AF4F8ACBD12A8A4EB974DF73CF3D5FF46C02D5949E0B677F33ABF01473F16C9B92A0F4C072169ECD8BF8BA11C507A5A70E643299ADCDCDCD7F2E2D302D2D2DE1873FFC61E8E8E8081F7EF861F8F8E38F4374E3C68D502814C2891327C2FEFDFBC357BEF29599C567C4591FA09AD2D3F7EAD3154B4F7C4C49507A608D0ACF727D3D283D355078362725E56669D93970E0C0D47B6A2CC4F0F0F0D4E7C7AF2B2D3FC97FF37ECF2EB090D27326F744C5D2131F5312941E5882F96E5AB0DAFF1D507AD6A0F06C2D2D3CBB77EF9E3AABB318F1EBF6ECD933B3F838E3034A8FD2234A0F6B5D7896EBD234677C507A52F8E4AE2FBDA46DEFDEBDB72E615BAC78E9DB534F3D35F352B7DB3DDBA0F4CC9578B7B64AA5273EA624283DB08482522C3C7F9364DBF49FD598F9756E6E80D2932649E1C9979EE1596AE1292D3E33CEF8747BB641E9992BE74FFCBC62E9898F29094A0F2CB2F06C2E292EFF9E244CFFB9D0E253E9EB141F949E3488B7A52E7D0DCF622F699BEB52B7D2D7F8B8CC0D949EB972B5D01BCE1CDB3BFBD2B6E463F1312541E98125149E68DB74710955149FD2C253CC7D258F7B8D0F4A4F0A4A4FAE5848E24D0856C2C183079DED0116FCE6A4EFBDF1C2ACD2133FA620283D50854A45A45C8199ABF894FBFC67CB7CBED7F8A0F4D4AA969696DB8A372F886763AE5EBDBA22A527DED56DC6EDACD7CFF18DDE90C9640EFBEE4083969EF1F170FEF567665FDA967C2C3EA624345EE9B12FB084C2B3A98A2253AEF82CB4F0CC2C3E2E7543E9A925C926F240B188FCE8473F0A2B29BE8F4F49E979B4DCA696A42DC9A46F363466E919192E8473277E56F1353DF1B1F8398A4263941EFB028BB4D0E2315FF1A9B6F094FEFB434DCEF8A0F4D4D4937AA858443A3B3B57B4F4C437302D293D6D9536B5627C77A0814ACFF8781838DF11DE39FA9D8A85A798F839F1739DF5A9DFD2635F60190ACF420B47A5E2F38545169E22AFF141E9A9B127F57C713359EE1B18CC5428144A4BCF854C267347BC5C61E6A6667383C62A3DF39DDD71D6A7714A8F7D81552E3C73159F7797507896FABF07F3B99F772BF0A48E143793E5BA4DF55CB7AF2ED9BC3EADB4A9D9DCA0B14ACF42CEEECC75D64769A88FD253EECC8E7D812A2CF5CC4AB9E2B394C233B3F8788D0F4ACF5A3FA9C5AC86B9363311698CCC1C78175B788A511AEAA6F4882C394B1C8BBE50E60CCFBBD31F5F8AFDF1BFE5FB23ABB896A9A1333D63F7DE7BEF9DC99F277DB3A1B1CFF488142F6FB32FB00C677A167B4665AE333DD5BC81A9333D50A3A567CD5ED353FCDF90CD6637C5F7EEB1B981D2236E64605F600962C118695A99D7F42CA6F8784D0FD450E959F3BBB7154DFF86AFDBE6064A8FB865B57D8125149F6ACEAC54BA2D75B9BBB755537CDCBD0D6A492DBD4F4FD1F46FF84EFAEE80D223DE9CD4BEC0128ACF7C8563BEF7E159E81B98CEB4A1C9FBF4406D696969B9AD78B79CE4EFE1EAD5AB2B5278868787436B6BEB6725A567BD671F941E9185941E5884F9CEB42CF48D47AB2D3EC54BECEEF62D801A93CD6673C53272E0C08115293D070F1E2C3DCBD3ED5907A54744E96185553AE3B3D0C2536DF129FE7B0A0FD468E9B9BB5848E2D99EE5BEA141FCEF353737DF3ACB93FC7BAD9E75507A44941E56413CE333F352B36D4DD5BF0F4FB9E273DF8C7FC76B78A0D62565E4D56229D9BD7BF7B2DDBE3ADEA6FA91471EB9597A9667E3C68DEB3CE3A0F488283DAC62F129BDB9416981A9E68D472B7D9DDB52438A4ACFFA2443C572B277EFDE25179F58789E7AEAA9D2D7F18C64B3D9DB3DDBA0F488283DACB29997BAC5C2725F53F5B7A19EF9754B7D7F2060B5653299ADC59B1A14CFF82CF652B7F87533CEF0B8AC0D507A44E9A1968ACF5295BB740E4883A49C6C2F2D3EF1353EF1E606F1EE6B0BBD4B5BBC6941E96B78629242F5986717507A44E9A14E8A8F371E85B48B677C920C979696587EE2FBF8C437308D67718A97BEC54BD80A85C2D41B8FFEF4A73F0DDBB66DFB74C63B688FC422E55905941E517AA8114BBD24CD256D502FE26B7C4A6F65BDC8747B0D0FA0F488D2430D179F6ACFD4B86901D469F9D9325D7E26AB293BF1EC8EBBB4014A8F283DD4B06A2F5173491BD4BB969696DB92F2F37052660E25792FC9D874C1897F5E48D296E4D17886C8B305283DA2F45067C567439291266F3C0A00283DA2F490429BA60BCDA6391E1F5278008005696F6F37E4CBCC8C25A567D2D1C11AAB74C6C7256D004075BABABA060607070DFA722B8542E1C5A4F4F4393AA8C1E2A3F00000D5EBE8E8B8ABB3B3F3DA952B57460DFCCEF0C4C293CFE73F48B2C5D1418D159FFD0A0F00B068C980BB3997CB9D8A9734C5D77248C3267EFFFB141E6A507C0D4F68725B6A0000A08EFD9DA7000000000000000000000000000000000000000000000000000060EDFC3F7BDF7A72F75C573F0000000049454E44AE426082, '1');
INSERT INTO `act_ge_bytearray` VALUES ('182502', '1', 'C:\\RealCode\\TNA\\JC\\jc-web\\target\\test-classes\\processes\\Developer_Hiring_with_jpa.bpmn20.xml', '182501', 0x3C3F786D6C2076657273696F6E3D27312E302720656E636F64696E673D275554462D38273F3E0D0A3C646566696E6974696F6E7320786D6C6E733D22687474703A2F2F7777772E6F6D672E6F72672F737065632F42504D4E2F32303130303532342F4D4F44454C2220786D6C6E733A7873693D22687474703A2F2F7777772E77332E6F72672F323030312F584D4C536368656D612D696E7374616E63652220786D6C6E733A7873643D22687474703A2F2F7777772E77332E6F72672F323030312F584D4C536368656D612220786D6C6E733A61637469766974693D22687474703A2F2F61637469766974692E6F72672F62706D6E2220786D6C6E733A62706D6E64693D22687474703A2F2F7777772E6F6D672E6F72672F737065632F42504D4E2F32303130303532342F44492220786D6C6E733A6F6D6764633D22687474703A2F2F7777772E6F6D672E6F72672F737065632F44442F32303130303532342F44432220786D6C6E733A6F6D6764693D22687474703A2F2F7777772E6F6D672E6F72672F737065632F44442F32303130303532342F44492220747970654C616E67756167653D22687474703A2F2F7777772E77332E6F72672F323030312F584D4C536368656D61222065787072657373696F6E4C616E67756167653D22687474703A2F2F7777772E77332E6F72672F313939392F585061746822207461726765744E616D6573706163653D22687474703A2F2F7777772E61637469766974692E6F72672F70726F636573736465662220786D6C6E733A6D6F64656C65723D22687474703A2F2F61637469766974692E636F6D2F6D6F64656C657222206D6F64656C65723A76657273696F6E3D22312E30656E22206D6F64656C65723A6578706F72744461746554696D653D22323031353032313631303433333934373522206D6F64656C65723A6D6F64656C49643D2239333330353722206D6F64656C65723A6D6F64656C56657273696F6E3D223322206D6F64656C65723A6D6F64656C4C617374557064617465643D2231343234303833343135373038223E0D0A20203C7369676E616C2069643D2263616E63656C4170706C69636174696F6E22206E616D653D2263616E63656C4170706C69636174696F6E222F3E0D0A20203C70726F636573732069643D226869726550726F63657373576974684A706122206E616D653D22446576656C6F70657220486972696E672220697345786563757461626C653D2274727565223E0D0A202020203C757365725461736B2069643D227369642D34324241453538412D384646422D344230322D414145442D45304438454135413745333922206E616D653D2254656C6570686F6E6520696E74657276696577222061637469766974693A63616E64696461746547726F7570733D226465762D6D616E6167657273223E0D0A2020202020203C646F63756D656E746174696F6E3E436F6E6475637420612074656C6570686F6E6520696E74657276696577207769746820247B6170706C6963616E742E6E616D657D2E2050686F6E65206E756D626572203D20247B6170706C6963616E742E70686F6E654E756D6265727D3C2F646F63756D656E746174696F6E3E0D0A202020203C2F757365725461736B3E0D0A202020203C6578636C7573697665476174657761792069643D227369642D34374543443343362D434134382D343044382D423437382D364332364131323246413238222F3E0D0A202020203C73657175656E6365466C6F772069643D227369642D42343638323236422D444232452D343231452D423034422D3546463136323246334537382220736F757263655265663D227369642D34324241453538412D384646422D344230322D414145442D45304438454135413745333922207461726765745265663D227369642D34374543443343362D434134382D343044382D423437382D364332364131323246413238222F3E0D0A202020203C656E644576656E742069643D227369642D41343835393532312D393842412D343445412D413942312D353534343538323343453044222F3E0D0A202020203C73657175656E6365466C6F772069643D227369642D44353336423131392D394636432D343542362D423142362D3831343241453730323038412220736F757263655265663D227369642D35394339393342442D333841302D344443332D393742432D46353846443934453338413922207461726765745265663D227369642D41343835393532312D393842412D343445412D413942312D353534343538323343453044222F3E0D0A202020203C736572766963655461736B2069643D227369642D35394339393342442D333841302D344443332D393742432D46353846443934453338413922206E616D653D2253656E642072656A656374696F6E20656D61696C222061637469766974693A747970653D226D61696C223E0D0A2020202020203C657874656E73696F6E456C656D656E74733E0D0A20202020202020203C61637469766974693A6669656C64206E616D653D22746F223E0D0A202020202020202020203C61637469766974693A65787072657373696F6E3E247B6170706C6963616E742E656D61696C7D3C2F61637469766974693A65787072657373696F6E3E0D0A20202020202020203C2F61637469766974693A6669656C643E0D0A20202020202020203C61637469766974693A6669656C64206E616D653D227375626A656374223E0D0A202020202020202020203C61637469766974693A737472696E673E3C215B43444154415B596F7572206170706C69636174696F6E20686173206265656E2072656A65637465645D5D3E3C2F61637469766974693A737472696E673E0D0A20202020202020203C2F61637469766974693A6669656C643E0D0A20202020202020203C61637469766974693A6669656C64206E616D653D2268746D6C223E0D0A202020202020202020203C61637469766974693A65787072657373696F6E3E4465617220247B6170706C6963616E742E6E616D657D2C0D0A0D0A576527726520736F72727920746F20696E666F726D20796F75207468617420796F757220726563656E74206170706C69636174696F6E20686173206265656E2072656A65637465642E20576520686176652073746F72656420796F757220696E666F726D6174696F6E20696E206F757220646174612073797374656D7320616E642077696C6C20636F6E7461637420796F7520696620696E2074686520667574757265206120706F74656E7469616C206D61746368696E67206170706C69636174696F6E20697320706F73746564206F6E206F757220776562736974652E0D0A0D0A526567617264732C0D0A4D7920436F72703C2F61637469766974693A65787072657373696F6E3E0D0A20202020202020203C2F61637469766974693A6669656C643E0D0A2020202020203C2F657874656E73696F6E456C656D656E74733E0D0A202020203C2F736572766963655461736B3E0D0A202020203C73756250726F636573732069643D227369642D33303439383944312D443345432D344638392D413238382D32323338433739343139373322206E616D653D2273756250726F63657373223E0D0A2020202020203C73746172744576656E742069643D227369642D34384345433132432D323034372D344238422D393445392D333731413337394333434633222F3E0D0A2020202020203C706172616C6C656C476174657761792069643D227369642D39303442364133462D344430352D343038432D424635302D323531393446424645344341222F3E0D0A2020202020203C757365725461736B2069643D227369642D43323133374334362D313636422D344639422D393241312D39374246393230464344394522206E616D653D225465636820696E74657276696577222061637469766974693A63616E64696461746547726F7570733D226465762D6D616E6167656D656E74222F3E0D0A2020202020203C757365725461736B2069643D227369642D31343432394636382D344137392D343744432D413346302D32313830343632394644383822206E616D653D2246696E616E6369616C206E65676F74696174696F6E222061637469766974693A63616E64696461746547726F7570733D2266696E616E6365222F3E0D0A2020202020203C706172616C6C656C476174657761792069643D227369642D45313642443143322D463039452D343934362D413635412D334432464246314643363245222F3E0D0A2020202020203C656E644576656E742069643D227369642D44423035444335462D413537362D344537372D383033412D433431414230363934323435222F3E0D0A2020202020203C73657175656E6365466C6F772069643D227369642D36393834453934342D313931302D343539442D383532372D4341453444384438414237322220736F757263655265663D227369642D34384345433132432D323034372D344238422D393445392D33373141333739433343463322207461726765745265663D227369642D39303442364133462D344430352D343038432D424635302D323531393446424645344341222F3E0D0A2020202020203C73657175656E6365466C6F772069643D227369642D32343641303336312D333445382D344538322D423942342D3733324337384336353936412220736F757263655265663D227369642D39303442364133462D344430352D343038432D424635302D32353139344642464534434122207461726765745265663D227369642D43323133374334362D313636422D344639422D393241312D393742463932304643443945222F3E0D0A2020202020203C73657175656E6365466C6F772069643D227369642D43303044323136342D454144422D344439422D423638312D4444323334353846413938352220736F757263655265663D227369642D39303442364133462D344430352D343038432D424635302D32353139344642464534434122207461726765745265663D227369642D31343432394636382D344137392D343744432D413346302D323138303436323946443838222F3E0D0A2020202020203C73657175656E6365466C6F772069643D227369642D33394638333032322D433543352D343235352D393436442D3731464436353734443441332220736F757263655265663D227369642D43323133374334362D313636422D344639422D393241312D39374246393230464344394522207461726765745265663D227369642D45313642443143322D463039452D343934362D413635412D334432464246314643363245222F3E0D0A2020202020203C73657175656E6365466C6F772069643D227369642D37374334433532422D363036392D343546442D394146332D3643383644323046463735342220736F757263655265663D227369642D31343432394636382D344137392D343744432D413346302D32313830343632394644383822207461726765745265663D227369642D45313642443143322D463039452D343934362D413635412D334432464246314643363245222F3E0D0A2020202020203C73657175656E6365466C6F772069643D227369642D39343837313331462D323939422D344230372D393532342D3737343737414341464343302220736F757263655265663D227369642D45313642443143322D463039452D343934362D413635412D33443246424631464336324522207461726765745265663D227369642D44423035444335462D413537362D344537372D383033412D433431414230363934323435222F3E0D0A202020203C2F73756250726F636573733E0D0A202020203C73657175656E6365466C6F772069643D227369642D32383537434338352D414641422D344441422D394642442D4237463431443339363533382220736F757263655265663D227369642D42453943444334392D324544322D344645462D413744432D35363445464137314134444522207461726765745265663D227369642D34413930423633302D453930322D343144392D383534422D453735443036373134303734222F3E0D0A202020203C656E644576656E742069643D227369642D34413930423633302D453930322D343144392D383534422D453735443036373134303734222F3E0D0A202020203C736572766963655461736B2069643D227369642D39444643343833462D324335372D343337382D414532352D33303436304244333833384622206E616D653D2253746F726520726573756D65222061637469766974693A65787072657373696F6E3D22247B726573756D65536572766963652E73746F7265526573756D6528297D222F3E0D0A202020203C73657175656E6365466C6F772069643D227369642D33363644373946382D323344372D344533462D384630462D3343323935343543383146422220736F757263655265663D227369642D39444643343833462D324335372D343337382D414532352D33303436304244333833384622207461726765745265663D227369642D34324241453538412D384646422D344230322D414145442D453044384541354137453339222F3E0D0A202020203C73746172744576656E742069643D227369642D45304444324438452D303637322D344245302D393741342D393333444438373731454646222F3E0D0A202020203C73657175656E6365466C6F772069643D227369642D44344444343941422D303145332D344138342D394234362D3743453043343134443731442220736F757263655265663D227369642D45304444324438452D303637322D344245302D393741342D39333344443837373145464622207461726765745265663D227369642D39444643343833462D324335372D343337382D414532352D333034363042443338333846222F3E0D0A202020203C73657175656E6365466C6F772069643D227369642D46393637413236452D334338452D343541442D423739312D4334373334393144413938382220736F757263655265663D227369642D34374543443343362D434134382D343044382D423437382D36433236413132324641323822207461726765745265663D227369642D35394339393342442D333841302D344443332D393742432D463538464439344533384139223E0D0A2020202020203C636F6E646974696F6E45787072657373696F6E207873693A747970653D2274466F726D616C45787072657373696F6E223E3C215B43444154415B247B74656C6570686F6E65496E746572766965774F7574636F6D65203D3D2066616C73657D5D5D3E3C2F636F6E646974696F6E45787072657373696F6E3E0D0A202020203C2F73657175656E6365466C6F773E0D0A202020203C73657175656E6365466C6F772069643D227369642D46363539303530462D424631322D343346442D424536302D4630453233354231413332422220736F757263655265663D227369642D34374543443343362D434134382D343044382D423437382D36433236413132324641323822207461726765745265663D227369642D33303439383944312D443345432D344638392D413238382D323233384337393431393733223E0D0A2020202020203C636F6E646974696F6E45787072657373696F6E207873693A747970653D2274466F726D616C45787072657373696F6E223E3C215B43444154415B247B74656C6570686F6E65496E746572766965774F7574636F6D65203D3D20747275657D5D5D3E3C2F636F6E646974696F6E45787072657373696F6E3E0D0A202020203C2F73657175656E6365466C6F773E0D0A202020203C626F756E646172794576656E742069643D227369642D42453943444334392D324544322D344645462D413744432D35363445464137314134444522206E616D653D226170706C6963616E742063616E63656C7322206174746163686564546F5265663D227369642D33303439383944312D443345432D344638392D413238382D323233384337393431393733222063616E63656C41637469766974793D2274727565223E0D0A2020202020203C7369676E616C4576656E74446566696E6974696F6E207369676E616C5265663D2263616E63656C4170706C69636174696F6E222F3E0D0A202020203C2F626F756E646172794576656E743E0D0A202020203C6578636C7573697665476174657761792069643D227369642D33443633453536342D443335412D343245332D413831452D364437444633323544313138222064656661756C743D227369642D30313446414630422D454241312D343131422D414634462D434337454138343846463839222F3E0D0A202020203C73657175656E6365466C6F772069643D227369642D37334143334133432D443132382D343636342D424336432D3741463038464544433843412220736F757263655265663D227369642D33303439383944312D443345432D344638392D413238382D32323338433739343139373322207461726765745265663D227369642D33443633453536342D443335412D343245332D413831452D364437444633323544313138222F3E0D0A202020203C656E644576656E742069643D227369642D30383846364441302D454136382D344132392D394243332D37364239443543354532453022206E616D653D2272656A6563746564222F3E0D0A202020203C736572766963655461736B2069643D227369642D46324144413935332D364643462D343246412D423539452D34354441433645414346413722206E616D653D2253656E642077656C636F6D65206D61696C222061637469766974693A747970653D226D61696C223E0D0A2020202020203C657874656E73696F6E456C656D656E74733E0D0A20202020202020203C61637469766974693A6669656C64206E616D653D22746F223E0D0A202020202020202020203C61637469766974693A65787072657373696F6E3E247B6170706C6963616E742E656D61696C7D3C2F61637469766974693A65787072657373696F6E3E0D0A20202020202020203C2F61637469766974693A6669656C643E0D0A20202020202020203C61637469766974693A6669656C64206E616D653D2266726F6D223E0D0A202020202020202020203C61637469766974693A65787072657373696F6E3E746573744061637469766974692E6F72673C2F61637469766974693A65787072657373696F6E3E0D0A20202020202020203C2F61637469766974693A6669656C643E0D0A20202020202020203C61637469766974693A6669656C64206E616D653D227375626A656374223E0D0A202020202020202020203C61637469766974693A737472696E673E3C215B43444154415B596F7572206170706C69636174696F6E20686173206265656E206163636570746564215D5D3E3C2F61637469766974693A737472696E673E0D0A20202020202020203C2F61637469766974693A6669656C643E0D0A20202020202020203C61637469766974693A6669656C64206E616D653D2268746D6C223E0D0A202020202020202020203C61637469766974693A65787072657373696F6E3E4465617220247B6170706C6963616E742E6E616D657D2C0D0A0D0A576527726520686170707920746F20696E666F726D20796F75207468617420796F757220726563656E74206170706C69636174696F6E20686173206265656E2061636365707465642E202057652077696C6C20636F6E7461637420796F7520736F6F6E20666F72206D6F726520696E666F726D6174696F6E2E0D0A0D0A526567617264732C0D0A4D7920436F72703C2F61637469766974693A65787072657373696F6E3E0D0A20202020202020203C2F61637469766974693A6669656C643E0D0A2020202020203C2F657874656E73696F6E456C656D656E74733E0D0A202020203C2F736572766963655461736B3E0D0A202020203C656E644576656E742069643D227369642D37364632384636312D304232412D343142412D384137312D35453443394337383238453422206E616D653D226163636570746564222F3E0D0A202020203C73657175656E6365466C6F772069643D227369642D42393530454231372D384145362D344632332D383838382D4644434545343739374132312220736F757263655265663D227369642D46324144413935332D364643462D343246412D423539452D34354441433645414346413722207461726765745265663D227369642D37364632384636312D304232412D343142412D384137312D354534433943373832384534222F3E0D0A202020203C73657175656E6365466C6F772069643D227369642D30313446414630422D454241312D343131422D414634462D4343374541383438464638392220736F757263655265663D227369642D33443633453536342D443335412D343245332D413831452D36443744463332354431313822207461726765745265663D227369642D30383846364441302D454136382D344132392D394243332D373642394435433545324530222F3E0D0A202020203C73657175656E6365466C6F772069643D227369642D35394230384637322D394437432D344344352D413835302D3134453130333238464437422220736F757263655265663D227369642D33443633453536342D443335412D343245332D413831452D36443744463332354431313822207461726765745265663D227369642D46324144413935332D364643462D343246412D423539452D343544414336454143464137223E0D0A2020202020203C636F6E646974696F6E45787072657373696F6E207873693A747970653D2274466F726D616C45787072657373696F6E223E3C215B43444154415B247B746563684F6B2026262066696E616E6369616C4F6B7D5D5D3E3C2F636F6E646974696F6E45787072657373696F6E3E0D0A202020203C2F73657175656E6365466C6F773E0D0A20203C2F70726F636573733E0D0A20203C62706D6E64693A42504D4E4469616772616D2069643D2242504D4E4469616772616D5F6869726550726F63657373223E0D0A202020203C62706D6E64693A42504D4E506C616E652062706D6E456C656D656E743D226869726550726F63657373222069643D2242504D4E506C616E655F6869726550726F63657373223E0D0A2020202020203C62706D6E64693A42504D4E53686170652062706D6E456C656D656E743D227369642D34324241453538412D384646422D344230322D414145442D453044384541354137453339222069643D2242504D4E53686170655F7369642D34324241453538412D384646422D344230322D414145442D453044384541354137453339223E0D0A20202020202020203C6F6D6764633A426F756E6473206865696768743D2238302E30222077696474683D223130302E302220783D223332302E302220793D223138352E30222F3E0D0A2020202020203C2F62706D6E64693A42504D4E53686170653E0D0A2020202020203C62706D6E64693A42504D4E53686170652062706D6E456C656D656E743D227369642D34374543443343362D434134382D343044382D423437382D364332364131323246413238222069643D2242504D4E53686170655F7369642D34374543443343362D434134382D343044382D423437382D364332364131323246413238223E0D0A20202020202020203C6F6D6764633A426F756E6473206865696768743D2234302E30222077696474683D2234302E302220783D223436352E302220793D223230352E30222F3E0D0A2020202020203C2F62706D6E64693A42504D4E53686170653E0D0A2020202020203C62706D6E64693A42504D4E53686170652062706D6E456C656D656E743D227369642D41343835393532312D393842412D343445412D413942312D353534343538323343453044222069643D2242504D4E53686170655F7369642D41343835393532312D393842412D343445412D413942312D353534343538323343453044223E0D0A20202020202020203C6F6D6764633A426F756E6473206865696768743D2232382E30222077696474683D2232382E302220783D223639302E302220793D2235362E30222F3E0D0A2020202020203C2F62706D6E64693A42504D4E53686170653E0D0A2020202020203C62706D6E64693A42504D4E53686170652062706D6E456C656D656E743D227369642D35394339393342442D333841302D344443332D393742432D463538464439344533384139222069643D2242504D4E53686170655F7369642D35394339393342442D333841302D344443332D393742432D463538464439344533384139223E0D0A20202020202020203C6F6D6764633A426F756E6473206865696768743D2238302E30222077696474683D223130302E302220783D223532352E302220793D2233302E30222F3E0D0A2020202020203C2F62706D6E64693A42504D4E53686170653E0D0A2020202020203C62706D6E64693A42504D4E53686170652062706D6E456C656D656E743D227369642D33303439383944312D443345432D344638392D413238382D323233384337393431393733222069643D2242504D4E53686170655F7369642D33303439383944312D443345432D344638392D413238382D323233384337393431393733223E0D0A20202020202020203C6F6D6764633A426F756E6473206865696768743D223238302E30222077696474683D223439322E302220783D223532352E302220793D223133352E30222F3E0D0A2020202020203C2F62706D6E64693A42504D4E53686170653E0D0A2020202020203C62706D6E64693A42504D4E53686170652062706D6E456C656D656E743D227369642D34384345433132432D323034372D344238422D393445392D333731413337394333434633222069643D2242504D4E53686170655F7369642D34384345433132432D323034372D344238422D393445392D333731413337394333434633223E0D0A20202020202020203C6F6D6764633A426F756E6473206865696768743D2233302E30222077696474683D2233302E302220783D223534302E302220793D223235362E30222F3E0D0A2020202020203C2F62706D6E64693A42504D4E53686170653E0D0A2020202020203C62706D6E64693A42504D4E53686170652062706D6E456C656D656E743D227369642D39303442364133462D344430352D343038432D424635302D323531393446424645344341222069643D2242504D4E53686170655F7369642D39303442364133462D344430352D343038432D424635302D323531393446424645344341223E0D0A20202020202020203C6F6D6764633A426F756E6473206865696768743D2234302E30222077696474683D2234302E302220783D223631352E302220793D223235312E30222F3E0D0A2020202020203C2F62706D6E64693A42504D4E53686170653E0D0A2020202020203C62706D6E64693A42504D4E53686170652062706D6E456C656D656E743D227369642D43323133374334362D313636422D344639422D393241312D393742463932304643443945222069643D2242504D4E53686170655F7369642D43323133374334362D313636422D344639422D393241312D393742463932304643443945223E0D0A20202020202020203C6F6D6764633A426F756E6473206865696768743D2238302E30222077696474683D223130302E302220783D223732302E302220793D223136352E30222F3E0D0A2020202020203C2F62706D6E64693A42504D4E53686170653E0D0A2020202020203C62706D6E64693A42504D4E53686170652062706D6E456C656D656E743D227369642D31343432394636382D344137392D343744432D413346302D323138303436323946443838222069643D2242504D4E53686170655F7369642D31343432394636382D344137392D343744432D413346302D323138303436323946443838223E0D0A20202020202020203C6F6D6764633A426F756E6473206865696768743D2238302E30222077696474683D223130302E302220783D223732302E302220793D223330302E30222F3E0D0A2020202020203C2F62706D6E64693A42504D4E53686170653E0D0A2020202020203C62706D6E64693A42504D4E53686170652062706D6E456C656D656E743D227369642D45313642443143322D463039452D343934362D413635412D334432464246314643363245222069643D2242504D4E53686170655F7369642D45313642443143322D463039452D343934362D413635412D334432464246314643363245223E0D0A20202020202020203C6F6D6764633A426F756E6473206865696768743D2234302E30222077696474683D2234302E302220783D223836352E302220793D223235342E30222F3E0D0A2020202020203C2F62706D6E64693A42504D4E53686170653E0D0A2020202020203C62706D6E64693A42504D4E53686170652062706D6E456C656D656E743D227369642D44423035444335462D413537362D344537372D383033412D433431414230363934323435222069643D2242504D4E53686170655F7369642D44423035444335462D413537362D344537372D383033412D433431414230363934323435223E0D0A20202020202020203C6F6D6764633A426F756E6473206865696768743D2232382E30222077696474683D2232382E302220783D223935302E302220793D223236302E30222F3E0D0A2020202020203C2F62706D6E64693A42504D4E53686170653E0D0A2020202020203C62706D6E64693A42504D4E53686170652062706D6E456C656D656E743D227369642D34413930423633302D453930322D343144392D383534422D453735443036373134303734222069643D2242504D4E53686170655F7369642D34413930423633302D453930322D343144392D383534422D453735443036373134303734223E0D0A20202020202020203C6F6D6764633A426F756E6473206865696768743D2232382E30222077696474683D2232382E302220783D223937352E302220793D223435302E30222F3E0D0A2020202020203C2F62706D6E64693A42504D4E53686170653E0D0A2020202020203C62706D6E64693A42504D4E53686170652062706D6E456C656D656E743D227369642D39444643343833462D324335372D343337382D414532352D333034363042443338333846222069643D2242504D4E53686170655F7369642D39444643343833462D324335372D343337382D414532352D333034363042443338333846223E0D0A20202020202020203C6F6D6764633A426F756E6473206865696768743D2238302E30222077696474683D223130302E302220783D223137352E302220793D223138352E30222F3E0D0A2020202020203C2F62706D6E64693A42504D4E53686170653E0D0A2020202020203C62706D6E64693A42504D4E53686170652062706D6E456C656D656E743D227369642D45304444324438452D303637322D344245302D393741342D393333444438373731454646222069643D2242504D4E53686170655F7369642D45304444324438452D303637322D344245302D393741342D393333444438373731454646223E0D0A20202020202020203C6F6D6764633A426F756E6473206865696768743D2233302E30222077696474683D2233302E302220783D223130352E302220793D223231302E30222F3E0D0A2020202020203C2F62706D6E64693A42504D4E53686170653E0D0A2020202020203C62706D6E64693A42504D4E53686170652062706D6E456C656D656E743D227369642D42453943444334392D324544322D344645462D413744432D353634454641373141344445222069643D2242504D4E53686170655F7369642D42453943444334392D324544322D344645462D413744432D353634454641373141344445223E0D0A20202020202020203C6F6D6764633A426F756E6473206865696768743D2233302E30222077696474683D2233302E302220783D223932302E383133353233333836383934362220793D223430302E34333838363735333734323634222F3E0D0A2020202020203C2F62706D6E64693A42504D4E53686170653E0D0A2020202020203C62706D6E64693A42504D4E53686170652062706D6E456C656D656E743D227369642D33443633453536342D443335412D343245332D413831452D364437444633323544313138222069643D2242504D4E53686170655F7369642D33443633453536342D443335412D343245332D413831452D364437444633323544313138223E0D0A20202020202020203C6F6D6764633A426F756E6473206865696768743D2234302E30222077696474683D2234302E302220783D22313036322E302220793D223235352E30222F3E0D0A2020202020203C2F62706D6E64693A42504D4E53686170653E0D0A2020202020203C62706D6E64693A42504D4E53686170652062706D6E456C656D656E743D227369642D30383846364441302D454136382D344132392D394243332D373642394435433545324530222069643D2242504D4E53686170655F7369642D30383846364441302D454136382D344132392D394243332D373642394435433545324530223E0D0A20202020202020203C6F6D6764633A426F756E6473206865696768743D2232382E30222077696474683D2232382E302220783D22313138302E302220793D223236312E30222F3E0D0A2020202020203C2F62706D6E64693A42504D4E53686170653E0D0A2020202020203C62706D6E64693A42504D4E53686170652062706D6E456C656D656E743D227369642D46324144413935332D364643462D343246412D423539452D343544414336454143464137222069643D2242504D4E53686170655F7369642D46324144413935332D364643462D343246412D423539452D343544414336454143464137223E0D0A20202020202020203C6F6D6764633A426F756E6473206865696768743D2238302E30222077696474683D223130302E302220783D22313033352E302220793D223130352E30222F3E0D0A2020202020203C2F62706D6E64693A42504D4E53686170653E0D0A2020202020203C62706D6E64693A42504D4E53686170652062706D6E456C656D656E743D227369642D37364632384636312D304232412D343142412D384137312D354534433943373832384534222069643D2242504D4E53686170655F7369642D37364632384636312D304232412D343142412D384137312D354534433943373832384534223E0D0A20202020202020203C6F6D6764633A426F756E6473206865696768743D2232382E30222077696474683D2232382E302220783D22313138302E302220793D223133312E30222F3E0D0A2020202020203C2F62706D6E64693A42504D4E53686170653E0D0A2020202020203C62706D6E64693A42504D4E456467652062706D6E456C656D656E743D227369642D35394230384637322D394437432D344344352D413835302D313445313033323846443742222069643D2242504D4E456467655F7369642D35394230384637322D394437432D344344352D413835302D313445313033323846443742223E0D0A20202020202020203C6F6D6764693A776179706F696E7420783D22313038322E3837353933393834393632342220793D223235352E3837353933393834393632343035222F3E0D0A20202020202020203C6F6D6764693A776179706F696E7420783D22313038342E3233333731363437353039362220793D223138352E30222F3E0D0A2020202020203C2F62706D6E64693A42504D4E456467653E0D0A2020202020203C62706D6E64693A42504D4E456467652062706D6E456C656D656E743D227369642D33394638333032322D433543352D343235352D393436442D373146443635373444344133222069643D2242504D4E456467655F7369642D33394638333032322D433543352D343235352D393436442D373146443635373444344133223E0D0A20202020202020203C6F6D6764693A776179706F696E7420783D223832302E302220793D223230352E30222F3E0D0A20202020202020203C6F6D6764693A776179706F696E7420783D223838352E352220793D223230352E30222F3E0D0A20202020202020203C6F6D6764693A776179706F696E7420783D223838352E352220793D223235342E35222F3E0D0A2020202020203C2F62706D6E64693A42504D4E456467653E0D0A2020202020203C62706D6E64693A42504D4E456467652062706D6E456C656D656E743D227369642D43303044323136342D454144422D344439422D423638312D444432333435384641393835222069643D2242504D4E456467655F7369642D43303044323136342D454144422D344439422D423638312D444432333435384641393835223E0D0A20202020202020203C6F6D6764693A776179706F696E7420783D223633352E352220793D223239302E35222F3E0D0A20202020202020203C6F6D6764693A776179706F696E7420783D223633352E352220793D223334302E30222F3E0D0A20202020202020203C6F6D6764693A776179706F696E7420783D223732302E302220793D223334302E30222F3E0D0A2020202020203C2F62706D6E64693A42504D4E456467653E0D0A2020202020203C62706D6E64693A42504D4E456467652062706D6E456C656D656E743D227369642D36393834453934342D313931302D343539442D383532372D434145344438443841423732222069643D2242504D4E456467655F7369642D36393834453934342D313931302D343539442D383532372D434145344438443841423732223E0D0A20202020202020203C6F6D6764693A776179706F696E7420783D223536392E393939373130363637363832352220793D223237312E30393331363539303437363832222F3E0D0A20202020202020203C6F6D6764693A776179706F696E7420783D223631352E3337352220793D223237312E333735222F3E0D0A2020202020203C2F62706D6E64693A42504D4E456467653E0D0A2020202020203C62706D6E64693A42504D4E456467652062706D6E456C656D656E743D227369642D32343641303336312D333445382D344538322D423942342D373332433738433635393641222069643D2242504D4E456467655F7369642D32343641303336312D333445382D344538322D423942342D373332433738433635393641223E0D0A20202020202020203C6F6D6764693A776179706F696E7420783D223633352E352220793D223235312E35222F3E0D0A20202020202020203C6F6D6764693A776179706F696E7420783D223633352E352220793D223230352E30222F3E0D0A20202020202020203C6F6D6764693A776179706F696E7420783D223732302E302220793D223230352E30222F3E0D0A2020202020203C2F62706D6E64693A42504D4E456467653E0D0A2020202020203C62706D6E64693A42504D4E456467652062706D6E456C656D656E743D227369642D42393530454231372D384145362D344632332D383838382D464443454534373937413231222069643D2242504D4E456467655F7369642D42393530454231372D384145362D344632332D383838382D464443454534373937413231223E0D0A20202020202020203C6F6D6764693A776179706F696E7420783D22313133352E302220793D223134352E30222F3E0D0A20202020202020203C6F6D6764693A776179706F696E7420783D22313138302E302220793D223134352E30222F3E0D0A2020202020203C2F62706D6E64693A42504D4E456467653E0D0A2020202020203C62706D6E64693A42504D4E456467652062706D6E456C656D656E743D227369642D44353336423131392D394636432D343542362D423142362D383134324145373032303841222069643D2242504D4E456467655F7369642D44353336423131392D394636432D343542362D423142362D383134324145373032303841223E0D0A20202020202020203C6F6D6764693A776179706F696E7420783D223632352E302220793D2237302E30222F3E0D0A20202020202020203C6F6D6764693A776179706F696E7420783D223639302E302220793D2237302E30222F3E0D0A2020202020203C2F62706D6E64693A42504D4E456467653E0D0A2020202020203C62706D6E64693A42504D4E456467652062706D6E456C656D656E743D227369642D33363644373946382D323344372D344533462D384630462D334332393534354338314642222069643D2242504D4E456467655F7369642D33363644373946382D323344372D344533462D384630462D334332393534354338314642223E0D0A20202020202020203C6F6D6764693A776179706F696E7420783D223237352E302220793D223232352E30222F3E0D0A20202020202020203C6F6D6764693A776179706F696E7420783D223332302E302220793D223232352E30222F3E0D0A2020202020203C2F62706D6E64693A42504D4E456467653E0D0A2020202020203C62706D6E64693A42504D4E456467652062706D6E456C656D656E743D227369642D32383537434338352D414641422D344441422D394642442D423746343144333936353338222069643D2242504D4E456467655F7369642D32383537434338352D414641422D344441422D394642442D423746343144333936353338223E0D0A20202020202020203C6F6D6764693A776179706F696E7420783D223933352E383133353233333836383934362220793D223433302E34333838363735333734323634222F3E0D0A20202020202020203C6F6D6764693A776179706F696E7420783D223933352E383133353233333836383934362220793D223436342E30222F3E0D0A20202020202020203C6F6D6764693A776179706F696E7420783D223937352E302220793D223436342E30222F3E0D0A2020202020203C2F62706D6E64693A42504D4E456467653E0D0A2020202020203C62706D6E64693A42504D4E456467652062706D6E456C656D656E743D227369642D39343837313331462D323939422D344230372D393532342D373734373741434146434330222069643D2242504D4E456467655F7369642D39343837313331462D323939422D344230372D393532342D373734373741434146434330223E0D0A20202020202020203C6F6D6764693A776179706F696E7420783D223930342E363231373934383731373934392220793D223237342E3337383230353132383230353134222F3E0D0A20202020202020203C6F6D6764693A776179706F696E7420783D223935302E303030323833393738353339342220793D223237342E30383931373031363537343138222F3E0D0A2020202020203C2F62706D6E64693A42504D4E456467653E0D0A2020202020203C62706D6E64693A42504D4E456467652062706D6E456C656D656E743D227369642D30313446414630422D454241312D343131422D414634462D434337454138343846463839222069643D2242504D4E456467655F7369642D30313446414630422D454241312D343131422D414634462D434337454138343846463839223E0D0A20202020202020203C6F6D6764693A776179706F696E7420783D22313130312E353835353835353835353835352220793D223237352E34313434313434313434313434222F3E0D0A20202020202020203C6F6D6764693A776179706F696E7420783D22313138302E303030313430373630383132322220793D223237352E30363237373936333738343339222F3E0D0A2020202020203C2F62706D6E64693A42504D4E456467653E0D0A2020202020203C62706D6E64693A42504D4E456467652062706D6E456C656D656E743D227369642D37374334433532422D363036392D343546442D394146332D364338364432304646373534222069643D2242504D4E456467655F7369642D37374334433532422D363036392D343546442D394146332D364338364432304646373534223E0D0A20202020202020203C6F6D6764693A776179706F696E7420783D223832302E302220793D223334302E30222F3E0D0A20202020202020203C6F6D6764693A776179706F696E7420783D223838352E302220793D223334302E30222F3E0D0A20202020202020203C6F6D6764693A776179706F696E7420783D223838352E302220793D223239342E30222F3E0D0A2020202020203C2F62706D6E64693A42504D4E456467653E0D0A2020202020203C62706D6E64693A42504D4E456467652062706D6E456C656D656E743D227369642D46363539303530462D424631322D343346442D424536302D463045323335423141333242222069643D2242504D4E456467655F7369642D46363539303530462D424631322D343346442D424536302D463045323335423141333242223E0D0A20202020202020203C6F6D6764693A776179706F696E7420783D223438352E352220793D223234342E35222F3E0D0A20202020202020203C6F6D6764693A776179706F696E7420783D223438352E352220793D223237352E30222F3E0D0A20202020202020203C6F6D6764693A776179706F696E7420783D223532352E302220793D223237352E30222F3E0D0A2020202020203C2F62706D6E64693A42504D4E456467653E0D0A2020202020203C62706D6E64693A42504D4E456467652062706D6E456C656D656E743D227369642D44344444343941422D303145332D344138342D394234362D374345304334313444373144222069643D2242504D4E456467655F7369642D44344444343941422D303145332D344138342D394234362D374345304334313444373144223E0D0A20202020202020203C6F6D6764693A776179706F696E7420783D223133352E302220793D223232352E30222F3E0D0A20202020202020203C6F6D6764693A776179706F696E7420783D223137352E302220793D223232352E30222F3E0D0A2020202020203C2F62706D6E64693A42504D4E456467653E0D0A2020202020203C62706D6E64693A42504D4E456467652062706D6E456C656D656E743D227369642D46393637413236452D334338452D343541442D423739312D433437333439314441393838222069643D2242504D4E456467655F7369642D46393637413236452D334338452D343541442D423739312D433437333439314441393838223E0D0A20202020202020203C6F6D6764693A776179706F696E7420783D223438352E352220793D223230352E35222F3E0D0A20202020202020203C6F6D6764693A776179706F696E7420783D223438352E352220793D2237302E30222F3E0D0A20202020202020203C6F6D6764693A776179706F696E7420783D223532352E302220793D2237302E30222F3E0D0A2020202020203C2F62706D6E64693A42504D4E456467653E0D0A2020202020203C62706D6E64693A42504D4E456467652062706D6E456C656D656E743D227369642D37334143334133432D443132382D343636342D424336432D374146303846454443384341222069643D2242504D4E456467655F7369642D37334143334133432D443132382D343636342D424336432D374146303846454443384341223E0D0A20202020202020203C6F6D6764693A776179706F696E7420783D22313031372E302220793D223237352E33393438363335363334303239222F3E0D0A20202020202020203C6F6D6764693A776179706F696E7420783D22313036322E3436373834353635393136342220793D223237352E3436373834353635393136333937222F3E0D0A2020202020203C2F62706D6E64693A42504D4E456467653E0D0A2020202020203C62706D6E64693A42504D4E456467652062706D6E456C656D656E743D227369642D42343638323236422D444232452D343231452D423034422D354646313632324633453738222069643D2242504D4E456467655F7369642D42343638323236422D444232452D343231452D423034422D354646313632324633453738223E0D0A20202020202020203C6F6D6764693A776179706F696E7420783D223432302E302220793D223232352E32313634353032313634353032222F3E0D0A20202020202020203C6F6D6764693A776179706F696E7420783D223436352E343133303433343738323630392220793D223232352E3431333034333437383236303837222F3E0D0A2020202020203C2F62706D6E64693A42504D4E456467653E0D0A202020203C2F62706D6E64693A42504D4E506C616E653E0D0A20203C2F62706D6E64693A42504D4E4469616772616D3E0D0A3C2F646566696E6974696F6E733E, '0');
INSERT INTO `act_ge_bytearray` VALUES ('182503', '1', 'C:\\RealCode\\TNA\\JC\\jc-web\\target\\test-classes\\processes\\simplejc.bpmn20.xml', '182501', 0x3C3F786D6C2076657273696F6E3D22312E302220656E636F64696E673D225554462D38223F3E0D0A3C646566696E6974696F6E7320786D6C6E733D22687474703A2F2F7777772E6F6D672E6F72672F737065632F42504D4E2F32303130303532342F4D4F44454C2220786D6C6E733A7873693D22687474703A2F2F7777772E77332E6F72672F323030312F584D4C536368656D612D696E7374616E6365220D0A20202020202020202020202020786D6C6E733A61637469766974693D22687474703A2F2F61637469766974692E6F72672F62706D6E2220786D6C6E733A62706D6E64693D22687474703A2F2F7777772E6F6D672E6F72672F737065632F42504D4E2F32303130303532342F4449220D0A20202020202020202020202020786D6C6E733A6F6D6764633D22687474703A2F2F7777772E6F6D672E6F72672F737065632F44442F32303130303532342F44432220786D6C6E733A6F6D6764693D22687474703A2F2F7777772E6F6D672E6F72672F737065632F44442F32303130303532342F4449220D0A20202020202020202020202020747970654C616E67756167653D22687474703A2F2F7777772E77332E6F72672F323030312F584D4C536368656D61222065787072657373696F6E4C616E67756167653D22687474703A2F2F7777772E77332E6F72672F313939392F5850617468220D0A202020202020202020202020207461726765744E616D6573706163653D22687474703A2F2F7777772E6B6166656974752E6D652F61637469766974692D696E2D616374696F6E223E0D0A202020203C70726F636573732069643D2273696D706C656A6322206E616D653D2273696D706C656A63223E0D0A20202020202020203C73746172744576656E742069643D2273746172746576656E743122206E616D653D225374617274223E3C2F73746172744576656E743E0D0A20202020202020203C656E644576656E742069643D22656E646576656E743122206E616D653D22456E64223E3C2F656E644576656E743E0D0A20202020202020203C757365725461736B2069643D22636F6D6669726D4461746522206E616D653D22E7A1AEE5AE9AE4BABAE59198E38081E697B6E997B4E38081E8A18CE7A88B222061637469766974693A63616E64696461746547726F7570733D226F7267315F736563726574617279223E3C2F757365725461736B3E0D0A20202020202020203C757365725461736B2069643D22707265417564697422206E616D653D22E9A284E7A8BDE69FA5222061637469766974693A63616E64696461746547726F7570733D226F7267315F7072656175646974223E3C2F757365725461736B3E0D0A20202020202020203C757365725461736B2069643D22617564697422206E616D653D22E7A8BDE69FA5222061637469766974693A63616E64696461746547726F7570733D226F7267315F6175646974223E3C2F757365725461736B3E0D0A20202020202020203C757365725461736B2069643D2270726F66657373696F6E616C22206E616D653D22E4B893E5AEB6E8AF84E5AEA1222061637469766974693A63616E64696461746547726F7570733D226F7267315F70726F66657373696F6E616C223E3C2F757365725461736B3E0D0A20202020202020203C757365725461736B2069643D227265706F727422206E616D653D22E68F90E4BAA4E68AA5E5918A222061637469766974693A63616E64696461746547726F7570733D226F7267315F736563726574617279223E3C2F757365725461736B3E0D0A20202020202020203C757365725461736B2069643D22696D70726F7665506C616E22206E616D653D22E694B9E8BF9BE8AEA1E58892222061637469766974693A63616E64696461746547726F7570733D22636F6D5F736563726574617279223E3C2F757365725461736B3E0D0A20202020202020203C757365725461736B2069643D226175646974496D70726F7665526573756C7422206E616D653D22E6A380E69FA5E695B4E694B9E7BB93E69E9C222061637469766974693A63616E64696461746547726F7570733D226F7267315F736563726574617279223E3C2F757365725461736B3E0D0A0D0A20202020202020203C73657175656E6365466C6F772069643D22666C6F773122206E616D653D222220736F757263655265663D2273746172746576656E743122207461726765745265663D22636F6D6669726D44617465223E3C2F73657175656E6365466C6F773E0D0A20202020202020203C73657175656E6365466C6F772069643D22666C6F773222206E616D653D222220736F757263655265663D22636F6D6669726D4461746522207461726765745265663D227072654175646974223E3C2F73657175656E6365466C6F773E0D0A20202020202020203C73657175656E6365466C6F772069643D22666C6F773322206E616D653D222220736F757263655265663D22707265417564697422207461726765745265663D226175646974223E3C2F73657175656E6365466C6F773E0D0A20202020202020203C73657175656E6365466C6F772069643D22666C6F773422206E616D653D222220736F757263655265663D22617564697422207461726765745265663D2270726F66657373696F6E616C223E3C2F73657175656E6365466C6F773E0D0A20202020202020203C73657175656E6365466C6F772069643D22666C6F773522206E616D653D222220736F757263655265663D2270726F66657373696F6E616C22207461726765745265663D227265706F7274223E3C2F73657175656E6365466C6F773E0D0A20202020202020203C73657175656E6365466C6F772069643D22666C6F773622206E616D653D222220736F757263655265663D227265706F727422207461726765745265663D22696D70726F7665506C616E223E3C2F73657175656E6365466C6F773E0D0A20202020202020203C73657175656E6365466C6F772069643D22666C6F773722206E616D653D222220736F757263655265663D22696D70726F7665506C616E22207461726765745265663D226175646974496D70726F7665526573756C74223E3C2F73657175656E6365466C6F773E0D0A0D0A20202020202020203C73657175656E6365466C6F772069643D22666C6F77393922206E616D653D222220736F757263655265663D226175646974496D70726F7665526573756C7422207461726765745265663D22656E646576656E7431223E3C2F73657175656E6365466C6F773E0D0A0D0A202020203C2F70726F636573733E0D0A3C2F646566696E6974696F6E733E, '0');
INSERT INTO `act_ge_bytearray` VALUES ('182504', '1', 'C:\\RealCode\\TNA\\JC\\jc-web\\target\\test-classes\\processes\\Developer_Hiring.bpmn20.xml', '182501', 0x3C3F786D6C2076657273696F6E3D27312E302720656E636F64696E673D275554462D38273F3E0D0A3C646566696E6974696F6E7320786D6C6E733D22687474703A2F2F7777772E6F6D672E6F72672F737065632F42504D4E2F32303130303532342F4D4F44454C2220786D6C6E733A7873693D22687474703A2F2F7777772E77332E6F72672F323030312F584D4C536368656D612D696E7374616E63652220786D6C6E733A7873643D22687474703A2F2F7777772E77332E6F72672F323030312F584D4C536368656D612220786D6C6E733A61637469766974693D22687474703A2F2F61637469766974692E6F72672F62706D6E2220786D6C6E733A62706D6E64693D22687474703A2F2F7777772E6F6D672E6F72672F737065632F42504D4E2F32303130303532342F44492220786D6C6E733A6F6D6764633D22687474703A2F2F7777772E6F6D672E6F72672F737065632F44442F32303130303532342F44432220786D6C6E733A6F6D6764693D22687474703A2F2F7777772E6F6D672E6F72672F737065632F44442F32303130303532342F44492220747970654C616E67756167653D22687474703A2F2F7777772E77332E6F72672F323030312F584D4C536368656D61222065787072657373696F6E4C616E67756167653D22687474703A2F2F7777772E77332E6F72672F313939392F585061746822207461726765744E616D6573706163653D22687474703A2F2F7777772E61637469766974692E6F72672F70726F636573736465662220786D6C6E733A6D6F64656C65723D22687474703A2F2F61637469766974692E636F6D2F6D6F64656C657222206D6F64656C65723A76657273696F6E3D22312E30656E22206D6F64656C65723A6578706F72744461746554696D653D22323031353032313631303433333934373522206D6F64656C65723A6D6F64656C49643D2239333330353722206D6F64656C65723A6D6F64656C56657273696F6E3D223322206D6F64656C65723A6D6F64656C4C617374557064617465643D2231343234303833343135373038223E0D0A20203C7369676E616C2069643D2263616E63656C4170706C69636174696F6E22206E616D653D2263616E63656C4170706C69636174696F6E222F3E0D0A20203C70726F636573732069643D226869726550726F6365737322206E616D653D22446576656C6F70657220486972696E672220697345786563757461626C653D2274727565223E0D0A202020203C757365725461736B2069643D227369642D34324241453538412D384646422D344230322D414145442D45304438454135413745333922206E616D653D2254656C6570686F6E6520696E74657276696577222061637469766974693A63616E64696461746547726F7570733D226465762D6D616E6167657273223E0D0A2020202020203C646F63756D656E746174696F6E3E436F6E6475637420612074656C6570686F6E6520696E74657276696577207769746820247B6170706C6963616E744E616D657D2E2050686F6E65206E756D626572203D20247B70686F6E654E756D6265727D3C2F646F63756D656E746174696F6E3E0D0A202020203C2F757365725461736B3E0D0A202020203C6578636C7573697665476174657761792069643D227369642D34374543443343362D434134382D343044382D423437382D364332364131323246413238222F3E0D0A202020203C73657175656E6365466C6F772069643D227369642D42343638323236422D444232452D343231452D423034422D3546463136323246334537382220736F757263655265663D227369642D34324241453538412D384646422D344230322D414145442D45304438454135413745333922207461726765745265663D227369642D34374543443343362D434134382D343044382D423437382D364332364131323246413238222F3E0D0A202020203C656E644576656E742069643D227369642D41343835393532312D393842412D343445412D413942312D353534343538323343453044222F3E0D0A202020203C73657175656E6365466C6F772069643D227369642D44353336423131392D394636432D343542362D423142362D3831343241453730323038412220736F757263655265663D227369642D35394339393342442D333841302D344443332D393742432D46353846443934453338413922207461726765745265663D227369642D41343835393532312D393842412D343445412D413942312D353534343538323343453044222F3E0D0A202020203C736572766963655461736B2069643D227369642D35394339393342442D333841302D344443332D393742432D46353846443934453338413922206E616D653D2253656E642072656A656374696F6E20656D61696C222061637469766974693A747970653D226D61696C223E0D0A2020202020203C657874656E73696F6E456C656D656E74733E0D0A20202020202020203C61637469766974693A6669656C64206E616D653D22746F223E0D0A202020202020202020203C61637469766974693A65787072657373696F6E3E247B656D61696C7D3C2F61637469766974693A65787072657373696F6E3E0D0A20202020202020203C2F61637469766974693A6669656C643E0D0A20202020202020203C61637469766974693A6669656C64206E616D653D2266726F6D223E0D0A202020202020202020203C61637469766974693A65787072657373696F6E3E746573744061637469766974692E6F72673C2F61637469766974693A65787072657373696F6E3E0D0A20202020202020203C2F61637469766974693A6669656C643E0D0A20202020202020203C61637469766974693A6669656C64206E616D653D227375626A656374223E0D0A202020202020202020203C61637469766974693A737472696E673E3C215B43444154415B596F7572206170706C69636174696F6E20686173206265656E2072656A65637465645D5D3E3C2F61637469766974693A737472696E673E0D0A20202020202020203C2F61637469766974693A6669656C643E0D0A20202020202020203C61637469766974693A6669656C64206E616D653D2268746D6C223E0D0A202020202020202020203C61637469766974693A65787072657373696F6E3E4465617220247B6170706C6963616E744E616D657D2C0D0A0D0A576527726520736F72727920746F20696E666F726D20796F75207468617420796F757220726563656E74206170706C69636174696F6E20686173206265656E2072656A65637465642E20576520686176652073746F72656420796F757220696E666F726D6174696F6E20696E206F757220646174612073797374656D7320616E642077696C6C20636F6E7461637420796F7520696620696E2074686520667574757265206120706F74656E7469616C206D61746368696E67206170706C69636174696F6E20697320706F73746564206F6E206F757220776562736974652E0D0A0D0A526567617264732C0D0A4D7920436F72703C2F61637469766974693A65787072657373696F6E3E0D0A20202020202020203C2F61637469766974693A6669656C643E0D0A2020202020203C2F657874656E73696F6E456C656D656E74733E0D0A202020203C2F736572766963655461736B3E0D0A202020203C73756250726F636573732069643D227369642D33303439383944312D443345432D344638392D413238382D32323338433739343139373322206E616D653D2273756250726F63657373223E0D0A2020202020203C73746172744576656E742069643D227369642D34384345433132432D323034372D344238422D393445392D333731413337394333434633222F3E0D0A2020202020203C706172616C6C656C476174657761792069643D227369642D39303442364133462D344430352D343038432D424635302D323531393446424645344341222F3E0D0A2020202020203C757365725461736B2069643D227369642D43323133374334362D313636422D344639422D393241312D39374246393230464344394522206E616D653D225465636820696E74657276696577222061637469766974693A63616E64696461746547726F7570733D226465762D6D616E6167656D656E74222F3E0D0A2020202020203C757365725461736B2069643D227369642D31343432394636382D344137392D343744432D413346302D32313830343632394644383822206E616D653D2246696E616E6369616C206E65676F74696174696F6E222061637469766974693A63616E64696461746547726F7570733D2266696E616E6365222F3E0D0A2020202020203C706172616C6C656C476174657761792069643D227369642D45313642443143322D463039452D343934362D413635412D334432464246314643363245222F3E0D0A2020202020203C656E644576656E742069643D227369642D44423035444335462D413537362D344537372D383033412D433431414230363934323435222F3E0D0A2020202020203C73657175656E6365466C6F772069643D227369642D36393834453934342D313931302D343539442D383532372D4341453444384438414237322220736F757263655265663D227369642D34384345433132432D323034372D344238422D393445392D33373141333739433343463322207461726765745265663D227369642D39303442364133462D344430352D343038432D424635302D323531393446424645344341222F3E0D0A2020202020203C73657175656E6365466C6F772069643D227369642D32343641303336312D333445382D344538322D423942342D3733324337384336353936412220736F757263655265663D227369642D39303442364133462D344430352D343038432D424635302D32353139344642464534434122207461726765745265663D227369642D43323133374334362D313636422D344639422D393241312D393742463932304643443945222F3E0D0A2020202020203C73657175656E6365466C6F772069643D227369642D43303044323136342D454144422D344439422D423638312D4444323334353846413938352220736F757263655265663D227369642D39303442364133462D344430352D343038432D424635302D32353139344642464534434122207461726765745265663D227369642D31343432394636382D344137392D343744432D413346302D323138303436323946443838222F3E0D0A2020202020203C73657175656E6365466C6F772069643D227369642D33394638333032322D433543352D343235352D393436442D3731464436353734443441332220736F757263655265663D227369642D43323133374334362D313636422D344639422D393241312D39374246393230464344394522207461726765745265663D227369642D45313642443143322D463039452D343934362D413635412D334432464246314643363245222F3E0D0A2020202020203C73657175656E6365466C6F772069643D227369642D37374334433532422D363036392D343546442D394146332D3643383644323046463735342220736F757263655265663D227369642D31343432394636382D344137392D343744432D413346302D32313830343632394644383822207461726765745265663D227369642D45313642443143322D463039452D343934362D413635412D334432464246314643363245222F3E0D0A2020202020203C73657175656E6365466C6F772069643D227369642D39343837313331462D323939422D344230372D393532342D3737343737414341464343302220736F757263655265663D227369642D45313642443143322D463039452D343934362D413635412D33443246424631464336324522207461726765745265663D227369642D44423035444335462D413537362D344537372D383033412D433431414230363934323435222F3E0D0A202020203C2F73756250726F636573733E0D0A202020203C73657175656E6365466C6F772069643D227369642D32383537434338352D414641422D344441422D394642442D4237463431443339363533382220736F757263655265663D227369642D42453943444334392D324544322D344645462D413744432D35363445464137314134444522207461726765745265663D227369642D34413930423633302D453930322D343144392D383534422D453735443036373134303734222F3E0D0A202020203C656E644576656E742069643D227369642D34413930423633302D453930322D343144392D383534422D453735443036373134303734222F3E0D0A202020203C736572766963655461736B2069643D227369642D39444643343833462D324335372D343337382D414532352D33303436304244333833384622206E616D653D2253746F726520726573756D65222061637469766974693A65787072657373696F6E3D22247B726573756D65536572766963652E73746F7265526573756D6528297D222F3E0D0A202020203C73657175656E6365466C6F772069643D227369642D33363644373946382D323344372D344533462D384630462D3343323935343543383146422220736F757263655265663D227369642D39444643343833462D324335372D343337382D414532352D33303436304244333833384622207461726765745265663D227369642D34324241453538412D384646422D344230322D414145442D453044384541354137453339222F3E0D0A202020203C73746172744576656E742069643D227369642D45304444324438452D303637322D344245302D393741342D393333444438373731454646222F3E0D0A202020203C73657175656E6365466C6F772069643D227369642D44344444343941422D303145332D344138342D394234362D3743453043343134443731442220736F757263655265663D227369642D45304444324438452D303637322D344245302D393741342D39333344443837373145464622207461726765745265663D227369642D39444643343833462D324335372D343337382D414532352D333034363042443338333846222F3E0D0A202020203C73657175656E6365466C6F772069643D227369642D46393637413236452D334338452D343541442D423739312D4334373334393144413938382220736F757263655265663D227369642D34374543443343362D434134382D343044382D423437382D36433236413132324641323822207461726765745265663D227369642D35394339393342442D333841302D344443332D393742432D463538464439344533384139223E0D0A2020202020203C636F6E646974696F6E45787072657373696F6E207873693A747970653D2274466F726D616C45787072657373696F6E223E3C215B43444154415B247B74656C6570686F6E65496E746572766965774F7574636F6D65203D3D2066616C73657D5D5D3E3C2F636F6E646974696F6E45787072657373696F6E3E0D0A202020203C2F73657175656E6365466C6F773E0D0A202020203C73657175656E6365466C6F772069643D227369642D46363539303530462D424631322D343346442D424536302D4630453233354231413332422220736F757263655265663D227369642D34374543443343362D434134382D343044382D423437382D36433236413132324641323822207461726765745265663D227369642D33303439383944312D443345432D344638392D413238382D323233384337393431393733223E0D0A2020202020203C636F6E646974696F6E45787072657373696F6E207873693A747970653D2274466F726D616C45787072657373696F6E223E3C215B43444154415B247B74656C6570686F6E65496E746572766965774F7574636F6D65203D3D20747275657D5D5D3E3C2F636F6E646974696F6E45787072657373696F6E3E0D0A202020203C2F73657175656E6365466C6F773E0D0A202020203C626F756E646172794576656E742069643D227369642D42453943444334392D324544322D344645462D413744432D35363445464137314134444522206E616D653D226170706C6963616E742063616E63656C7322206174746163686564546F5265663D227369642D33303439383944312D443345432D344638392D413238382D323233384337393431393733222063616E63656C41637469766974793D2274727565223E0D0A2020202020203C7369676E616C4576656E74446566696E6974696F6E207369676E616C5265663D2263616E63656C4170706C69636174696F6E222F3E0D0A202020203C2F626F756E646172794576656E743E0D0A202020203C6578636C7573697665476174657761792069643D227369642D33443633453536342D443335412D343245332D413831452D364437444633323544313138222064656661756C743D227369642D30313446414630422D454241312D343131422D414634462D434337454138343846463839222F3E0D0A202020203C73657175656E6365466C6F772069643D227369642D37334143334133432D443132382D343636342D424336432D3741463038464544433843412220736F757263655265663D227369642D33303439383944312D443345432D344638392D413238382D32323338433739343139373322207461726765745265663D227369642D33443633453536342D443335412D343245332D413831452D364437444633323544313138222F3E0D0A202020203C656E644576656E742069643D227369642D30383846364441302D454136382D344132392D394243332D37364239443543354532453022206E616D653D2272656A6563746564222F3E0D0A202020203C736572766963655461736B2069643D227369642D46324144413935332D364643462D343246412D423539452D34354441433645414346413722206E616D653D2253656E642077656C636F6D65206D61696C222061637469766974693A747970653D226D61696C223E0D0A2020202020203C657874656E73696F6E456C656D656E74733E0D0A20202020202020203C61637469766974693A6669656C64206E616D653D22746F223E0D0A202020202020202020203C61637469766974693A65787072657373696F6E3E247B656D61696C7D3C2F61637469766974693A65787072657373696F6E3E0D0A20202020202020203C2F61637469766974693A6669656C643E0D0A20202020202020203C61637469766974693A6669656C64206E616D653D2266726F6D223E0D0A202020202020202020203C61637469766974693A65787072657373696F6E3E746573744061637469766974692E6F72673C2F61637469766974693A65787072657373696F6E3E0D0A20202020202020203C2F61637469766974693A6669656C643E0D0A20202020202020203C61637469766974693A6669656C64206E616D653D227375626A656374223E0D0A202020202020202020203C61637469766974693A737472696E673E3C215B43444154415B596F7572206170706C69636174696F6E20686173206265656E206163636570746564215D5D3E3C2F61637469766974693A737472696E673E0D0A20202020202020203C2F61637469766974693A6669656C643E0D0A20202020202020203C61637469766974693A6669656C64206E616D653D2268746D6C223E0D0A202020202020202020203C61637469766974693A65787072657373696F6E3E4465617220247B6170706C6963616E744E616D657D2C0D0A0D0A576527726520686170707920746F20696E666F726D20796F75207468617420796F757220726563656E74206170706C69636174696F6E20686173206265656E2061636365707465642E202057652077696C6C20636F6E7461637420796F7520736F6F6E20666F72206D6F726520696E666F726D6174696F6E2E0D0A0D0A526567617264732C0D0A4D7920436F72703C2F61637469766974693A65787072657373696F6E3E0D0A20202020202020203C2F61637469766974693A6669656C643E0D0A2020202020203C2F657874656E73696F6E456C656D656E74733E0D0A202020203C2F736572766963655461736B3E0D0A202020203C656E644576656E742069643D227369642D37364632384636312D304232412D343142412D384137312D35453443394337383238453422206E616D653D226163636570746564222F3E0D0A202020203C73657175656E6365466C6F772069643D227369642D42393530454231372D384145362D344632332D383838382D4644434545343739374132312220736F757263655265663D227369642D46324144413935332D364643462D343246412D423539452D34354441433645414346413722207461726765745265663D227369642D37364632384636312D304232412D343142412D384137312D354534433943373832384534222F3E0D0A202020203C73657175656E6365466C6F772069643D227369642D30313446414630422D454241312D343131422D414634462D4343374541383438464638392220736F757263655265663D227369642D33443633453536342D443335412D343245332D413831452D36443744463332354431313822207461726765745265663D227369642D30383846364441302D454136382D344132392D394243332D373642394435433545324530222F3E0D0A202020203C73657175656E6365466C6F772069643D227369642D35394230384637322D394437432D344344352D413835302D3134453130333238464437422220736F757263655265663D227369642D33443633453536342D443335412D343245332D413831452D36443744463332354431313822207461726765745265663D227369642D46324144413935332D364643462D343246412D423539452D343544414336454143464137223E0D0A2020202020203C636F6E646974696F6E45787072657373696F6E207873693A747970653D2274466F726D616C45787072657373696F6E223E3C215B43444154415B247B746563684F6B2026262066696E616E6369616C4F6B7D5D5D3E3C2F636F6E646974696F6E45787072657373696F6E3E0D0A202020203C2F73657175656E6365466C6F773E0D0A20203C2F70726F636573733E0D0A20203C62706D6E64693A42504D4E4469616772616D2069643D2242504D4E4469616772616D5F6869726550726F63657373223E0D0A202020203C62706D6E64693A42504D4E506C616E652062706D6E456C656D656E743D226869726550726F63657373222069643D2242504D4E506C616E655F6869726550726F63657373223E0D0A2020202020203C62706D6E64693A42504D4E53686170652062706D6E456C656D656E743D227369642D34324241453538412D384646422D344230322D414145442D453044384541354137453339222069643D2242504D4E53686170655F7369642D34324241453538412D384646422D344230322D414145442D453044384541354137453339223E0D0A20202020202020203C6F6D6764633A426F756E6473206865696768743D2238302E30222077696474683D223130302E302220783D223332302E302220793D223138352E30222F3E0D0A2020202020203C2F62706D6E64693A42504D4E53686170653E0D0A2020202020203C62706D6E64693A42504D4E53686170652062706D6E456C656D656E743D227369642D34374543443343362D434134382D343044382D423437382D364332364131323246413238222069643D2242504D4E53686170655F7369642D34374543443343362D434134382D343044382D423437382D364332364131323246413238223E0D0A20202020202020203C6F6D6764633A426F756E6473206865696768743D2234302E30222077696474683D2234302E302220783D223436352E302220793D223230352E30222F3E0D0A2020202020203C2F62706D6E64693A42504D4E53686170653E0D0A2020202020203C62706D6E64693A42504D4E53686170652062706D6E456C656D656E743D227369642D41343835393532312D393842412D343445412D413942312D353534343538323343453044222069643D2242504D4E53686170655F7369642D41343835393532312D393842412D343445412D413942312D353534343538323343453044223E0D0A20202020202020203C6F6D6764633A426F756E6473206865696768743D2232382E30222077696474683D2232382E302220783D223639302E302220793D2235362E30222F3E0D0A2020202020203C2F62706D6E64693A42504D4E53686170653E0D0A2020202020203C62706D6E64693A42504D4E53686170652062706D6E456C656D656E743D227369642D35394339393342442D333841302D344443332D393742432D463538464439344533384139222069643D2242504D4E53686170655F7369642D35394339393342442D333841302D344443332D393742432D463538464439344533384139223E0D0A20202020202020203C6F6D6764633A426F756E6473206865696768743D2238302E30222077696474683D223130302E302220783D223532352E302220793D2233302E30222F3E0D0A2020202020203C2F62706D6E64693A42504D4E53686170653E0D0A2020202020203C62706D6E64693A42504D4E53686170652062706D6E456C656D656E743D227369642D33303439383944312D443345432D344638392D413238382D323233384337393431393733222069643D2242504D4E53686170655F7369642D33303439383944312D443345432D344638392D413238382D323233384337393431393733223E0D0A20202020202020203C6F6D6764633A426F756E6473206865696768743D223238302E30222077696474683D223439322E302220783D223532352E302220793D223133352E30222F3E0D0A2020202020203C2F62706D6E64693A42504D4E53686170653E0D0A2020202020203C62706D6E64693A42504D4E53686170652062706D6E456C656D656E743D227369642D34384345433132432D323034372D344238422D393445392D333731413337394333434633222069643D2242504D4E53686170655F7369642D34384345433132432D323034372D344238422D393445392D333731413337394333434633223E0D0A20202020202020203C6F6D6764633A426F756E6473206865696768743D2233302E30222077696474683D2233302E302220783D223534302E302220793D223235362E30222F3E0D0A2020202020203C2F62706D6E64693A42504D4E53686170653E0D0A2020202020203C62706D6E64693A42504D4E53686170652062706D6E456C656D656E743D227369642D39303442364133462D344430352D343038432D424635302D323531393446424645344341222069643D2242504D4E53686170655F7369642D39303442364133462D344430352D343038432D424635302D323531393446424645344341223E0D0A20202020202020203C6F6D6764633A426F756E6473206865696768743D2234302E30222077696474683D2234302E302220783D223631352E302220793D223235312E30222F3E0D0A2020202020203C2F62706D6E64693A42504D4E53686170653E0D0A2020202020203C62706D6E64693A42504D4E53686170652062706D6E456C656D656E743D227369642D43323133374334362D313636422D344639422D393241312D393742463932304643443945222069643D2242504D4E53686170655F7369642D43323133374334362D313636422D344639422D393241312D393742463932304643443945223E0D0A20202020202020203C6F6D6764633A426F756E6473206865696768743D2238302E30222077696474683D223130302E302220783D223732302E302220793D223136352E30222F3E0D0A2020202020203C2F62706D6E64693A42504D4E53686170653E0D0A2020202020203C62706D6E64693A42504D4E53686170652062706D6E456C656D656E743D227369642D31343432394636382D344137392D343744432D413346302D323138303436323946443838222069643D2242504D4E53686170655F7369642D31343432394636382D344137392D343744432D413346302D323138303436323946443838223E0D0A20202020202020203C6F6D6764633A426F756E6473206865696768743D2238302E30222077696474683D223130302E302220783D223732302E302220793D223330302E30222F3E0D0A2020202020203C2F62706D6E64693A42504D4E53686170653E0D0A2020202020203C62706D6E64693A42504D4E53686170652062706D6E456C656D656E743D227369642D45313642443143322D463039452D343934362D413635412D334432464246314643363245222069643D2242504D4E53686170655F7369642D45313642443143322D463039452D343934362D413635412D334432464246314643363245223E0D0A20202020202020203C6F6D6764633A426F756E6473206865696768743D2234302E30222077696474683D2234302E302220783D223836352E302220793D223235342E30222F3E0D0A2020202020203C2F62706D6E64693A42504D4E53686170653E0D0A2020202020203C62706D6E64693A42504D4E53686170652062706D6E456C656D656E743D227369642D44423035444335462D413537362D344537372D383033412D433431414230363934323435222069643D2242504D4E53686170655F7369642D44423035444335462D413537362D344537372D383033412D433431414230363934323435223E0D0A20202020202020203C6F6D6764633A426F756E6473206865696768743D2232382E30222077696474683D2232382E302220783D223935302E302220793D223236302E30222F3E0D0A2020202020203C2F62706D6E64693A42504D4E53686170653E0D0A2020202020203C62706D6E64693A42504D4E53686170652062706D6E456C656D656E743D227369642D34413930423633302D453930322D343144392D383534422D453735443036373134303734222069643D2242504D4E53686170655F7369642D34413930423633302D453930322D343144392D383534422D453735443036373134303734223E0D0A20202020202020203C6F6D6764633A426F756E6473206865696768743D2232382E30222077696474683D2232382E302220783D223937352E302220793D223435302E30222F3E0D0A2020202020203C2F62706D6E64693A42504D4E53686170653E0D0A2020202020203C62706D6E64693A42504D4E53686170652062706D6E456C656D656E743D227369642D39444643343833462D324335372D343337382D414532352D333034363042443338333846222069643D2242504D4E53686170655F7369642D39444643343833462D324335372D343337382D414532352D333034363042443338333846223E0D0A20202020202020203C6F6D6764633A426F756E6473206865696768743D2238302E30222077696474683D223130302E302220783D223137352E302220793D223138352E30222F3E0D0A2020202020203C2F62706D6E64693A42504D4E53686170653E0D0A2020202020203C62706D6E64693A42504D4E53686170652062706D6E456C656D656E743D227369642D45304444324438452D303637322D344245302D393741342D393333444438373731454646222069643D2242504D4E53686170655F7369642D45304444324438452D303637322D344245302D393741342D393333444438373731454646223E0D0A20202020202020203C6F6D6764633A426F756E6473206865696768743D2233302E30222077696474683D2233302E302220783D223130352E302220793D223231302E30222F3E0D0A2020202020203C2F62706D6E64693A42504D4E53686170653E0D0A2020202020203C62706D6E64693A42504D4E53686170652062706D6E456C656D656E743D227369642D42453943444334392D324544322D344645462D413744432D353634454641373141344445222069643D2242504D4E53686170655F7369642D42453943444334392D324544322D344645462D413744432D353634454641373141344445223E0D0A20202020202020203C6F6D6764633A426F756E6473206865696768743D2233302E30222077696474683D2233302E302220783D223932302E383133353233333836383934362220793D223430302E34333838363735333734323634222F3E0D0A2020202020203C2F62706D6E64693A42504D4E53686170653E0D0A2020202020203C62706D6E64693A42504D4E53686170652062706D6E456C656D656E743D227369642D33443633453536342D443335412D343245332D413831452D364437444633323544313138222069643D2242504D4E53686170655F7369642D33443633453536342D443335412D343245332D413831452D364437444633323544313138223E0D0A20202020202020203C6F6D6764633A426F756E6473206865696768743D2234302E30222077696474683D2234302E302220783D22313036322E302220793D223235352E30222F3E0D0A2020202020203C2F62706D6E64693A42504D4E53686170653E0D0A2020202020203C62706D6E64693A42504D4E53686170652062706D6E456C656D656E743D227369642D30383846364441302D454136382D344132392D394243332D373642394435433545324530222069643D2242504D4E53686170655F7369642D30383846364441302D454136382D344132392D394243332D373642394435433545324530223E0D0A20202020202020203C6F6D6764633A426F756E6473206865696768743D2232382E30222077696474683D2232382E302220783D22313138302E302220793D223236312E30222F3E0D0A2020202020203C2F62706D6E64693A42504D4E53686170653E0D0A2020202020203C62706D6E64693A42504D4E53686170652062706D6E456C656D656E743D227369642D46324144413935332D364643462D343246412D423539452D343544414336454143464137222069643D2242504D4E53686170655F7369642D46324144413935332D364643462D343246412D423539452D343544414336454143464137223E0D0A20202020202020203C6F6D6764633A426F756E6473206865696768743D2238302E30222077696474683D223130302E302220783D22313033352E302220793D223130352E30222F3E0D0A2020202020203C2F62706D6E64693A42504D4E53686170653E0D0A2020202020203C62706D6E64693A42504D4E53686170652062706D6E456C656D656E743D227369642D37364632384636312D304232412D343142412D384137312D354534433943373832384534222069643D2242504D4E53686170655F7369642D37364632384636312D304232412D343142412D384137312D354534433943373832384534223E0D0A20202020202020203C6F6D6764633A426F756E6473206865696768743D2232382E30222077696474683D2232382E302220783D22313138302E302220793D223133312E30222F3E0D0A2020202020203C2F62706D6E64693A42504D4E53686170653E0D0A2020202020203C62706D6E64693A42504D4E456467652062706D6E456C656D656E743D227369642D35394230384637322D394437432D344344352D413835302D313445313033323846443742222069643D2242504D4E456467655F7369642D35394230384637322D394437432D344344352D413835302D313445313033323846443742223E0D0A20202020202020203C6F6D6764693A776179706F696E7420783D22313038322E3837353933393834393632342220793D223235352E3837353933393834393632343035222F3E0D0A20202020202020203C6F6D6764693A776179706F696E7420783D22313038342E3233333731363437353039362220793D223138352E30222F3E0D0A2020202020203C2F62706D6E64693A42504D4E456467653E0D0A2020202020203C62706D6E64693A42504D4E456467652062706D6E456C656D656E743D227369642D33394638333032322D433543352D343235352D393436442D373146443635373444344133222069643D2242504D4E456467655F7369642D33394638333032322D433543352D343235352D393436442D373146443635373444344133223E0D0A20202020202020203C6F6D6764693A776179706F696E7420783D223832302E302220793D223230352E30222F3E0D0A20202020202020203C6F6D6764693A776179706F696E7420783D223838352E352220793D223230352E30222F3E0D0A20202020202020203C6F6D6764693A776179706F696E7420783D223838352E352220793D223235342E35222F3E0D0A2020202020203C2F62706D6E64693A42504D4E456467653E0D0A2020202020203C62706D6E64693A42504D4E456467652062706D6E456C656D656E743D227369642D43303044323136342D454144422D344439422D423638312D444432333435384641393835222069643D2242504D4E456467655F7369642D43303044323136342D454144422D344439422D423638312D444432333435384641393835223E0D0A20202020202020203C6F6D6764693A776179706F696E7420783D223633352E352220793D223239302E35222F3E0D0A20202020202020203C6F6D6764693A776179706F696E7420783D223633352E352220793D223334302E30222F3E0D0A20202020202020203C6F6D6764693A776179706F696E7420783D223732302E302220793D223334302E30222F3E0D0A2020202020203C2F62706D6E64693A42504D4E456467653E0D0A2020202020203C62706D6E64693A42504D4E456467652062706D6E456C656D656E743D227369642D36393834453934342D313931302D343539442D383532372D434145344438443841423732222069643D2242504D4E456467655F7369642D36393834453934342D313931302D343539442D383532372D434145344438443841423732223E0D0A20202020202020203C6F6D6764693A776179706F696E7420783D223536392E393939373130363637363832352220793D223237312E30393331363539303437363832222F3E0D0A20202020202020203C6F6D6764693A776179706F696E7420783D223631352E3337352220793D223237312E333735222F3E0D0A2020202020203C2F62706D6E64693A42504D4E456467653E0D0A2020202020203C62706D6E64693A42504D4E456467652062706D6E456C656D656E743D227369642D32343641303336312D333445382D344538322D423942342D373332433738433635393641222069643D2242504D4E456467655F7369642D32343641303336312D333445382D344538322D423942342D373332433738433635393641223E0D0A20202020202020203C6F6D6764693A776179706F696E7420783D223633352E352220793D223235312E35222F3E0D0A20202020202020203C6F6D6764693A776179706F696E7420783D223633352E352220793D223230352E30222F3E0D0A20202020202020203C6F6D6764693A776179706F696E7420783D223732302E302220793D223230352E30222F3E0D0A2020202020203C2F62706D6E64693A42504D4E456467653E0D0A2020202020203C62706D6E64693A42504D4E456467652062706D6E456C656D656E743D227369642D42393530454231372D384145362D344632332D383838382D464443454534373937413231222069643D2242504D4E456467655F7369642D42393530454231372D384145362D344632332D383838382D464443454534373937413231223E0D0A20202020202020203C6F6D6764693A776179706F696E7420783D22313133352E302220793D223134352E30222F3E0D0A20202020202020203C6F6D6764693A776179706F696E7420783D22313138302E302220793D223134352E30222F3E0D0A2020202020203C2F62706D6E64693A42504D4E456467653E0D0A2020202020203C62706D6E64693A42504D4E456467652062706D6E456C656D656E743D227369642D44353336423131392D394636432D343542362D423142362D383134324145373032303841222069643D2242504D4E456467655F7369642D44353336423131392D394636432D343542362D423142362D383134324145373032303841223E0D0A20202020202020203C6F6D6764693A776179706F696E7420783D223632352E302220793D2237302E30222F3E0D0A20202020202020203C6F6D6764693A776179706F696E7420783D223639302E302220793D2237302E30222F3E0D0A2020202020203C2F62706D6E64693A42504D4E456467653E0D0A2020202020203C62706D6E64693A42504D4E456467652062706D6E456C656D656E743D227369642D33363644373946382D323344372D344533462D384630462D334332393534354338314642222069643D2242504D4E456467655F7369642D33363644373946382D323344372D344533462D384630462D334332393534354338314642223E0D0A20202020202020203C6F6D6764693A776179706F696E7420783D223237352E302220793D223232352E30222F3E0D0A20202020202020203C6F6D6764693A776179706F696E7420783D223332302E302220793D223232352E30222F3E0D0A2020202020203C2F62706D6E64693A42504D4E456467653E0D0A2020202020203C62706D6E64693A42504D4E456467652062706D6E456C656D656E743D227369642D32383537434338352D414641422D344441422D394642442D423746343144333936353338222069643D2242504D4E456467655F7369642D32383537434338352D414641422D344441422D394642442D423746343144333936353338223E0D0A20202020202020203C6F6D6764693A776179706F696E7420783D223933352E383133353233333836383934362220793D223433302E34333838363735333734323634222F3E0D0A20202020202020203C6F6D6764693A776179706F696E7420783D223933352E383133353233333836383934362220793D223436342E30222F3E0D0A20202020202020203C6F6D6764693A776179706F696E7420783D223937352E302220793D223436342E30222F3E0D0A2020202020203C2F62706D6E64693A42504D4E456467653E0D0A2020202020203C62706D6E64693A42504D4E456467652062706D6E456C656D656E743D227369642D39343837313331462D323939422D344230372D393532342D373734373741434146434330222069643D2242504D4E456467655F7369642D39343837313331462D323939422D344230372D393532342D373734373741434146434330223E0D0A20202020202020203C6F6D6764693A776179706F696E7420783D223930342E363231373934383731373934392220793D223237342E3337383230353132383230353134222F3E0D0A20202020202020203C6F6D6764693A776179706F696E7420783D223935302E303030323833393738353339342220793D223237342E30383931373031363537343138222F3E0D0A2020202020203C2F62706D6E64693A42504D4E456467653E0D0A2020202020203C62706D6E64693A42504D4E456467652062706D6E456C656D656E743D227369642D30313446414630422D454241312D343131422D414634462D434337454138343846463839222069643D2242504D4E456467655F7369642D30313446414630422D454241312D343131422D414634462D434337454138343846463839223E0D0A20202020202020203C6F6D6764693A776179706F696E7420783D22313130312E353835353835353835353835352220793D223237352E34313434313434313434313434222F3E0D0A20202020202020203C6F6D6764693A776179706F696E7420783D22313138302E303030313430373630383132322220793D223237352E30363237373936333738343339222F3E0D0A2020202020203C2F62706D6E64693A42504D4E456467653E0D0A2020202020203C62706D6E64693A42504D4E456467652062706D6E456C656D656E743D227369642D37374334433532422D363036392D343546442D394146332D364338364432304646373534222069643D2242504D4E456467655F7369642D37374334433532422D363036392D343546442D394146332D364338364432304646373534223E0D0A20202020202020203C6F6D6764693A776179706F696E7420783D223832302E302220793D223334302E30222F3E0D0A20202020202020203C6F6D6764693A776179706F696E7420783D223838352E302220793D223334302E30222F3E0D0A20202020202020203C6F6D6764693A776179706F696E7420783D223838352E302220793D223239342E30222F3E0D0A2020202020203C2F62706D6E64693A42504D4E456467653E0D0A2020202020203C62706D6E64693A42504D4E456467652062706D6E456C656D656E743D227369642D46363539303530462D424631322D343346442D424536302D463045323335423141333242222069643D2242504D4E456467655F7369642D46363539303530462D424631322D343346442D424536302D463045323335423141333242223E0D0A20202020202020203C6F6D6764693A776179706F696E7420783D223438352E352220793D223234342E35222F3E0D0A20202020202020203C6F6D6764693A776179706F696E7420783D223438352E352220793D223237352E30222F3E0D0A20202020202020203C6F6D6764693A776179706F696E7420783D223532352E302220793D223237352E30222F3E0D0A2020202020203C2F62706D6E64693A42504D4E456467653E0D0A2020202020203C62706D6E64693A42504D4E456467652062706D6E456C656D656E743D227369642D44344444343941422D303145332D344138342D394234362D374345304334313444373144222069643D2242504D4E456467655F7369642D44344444343941422D303145332D344138342D394234362D374345304334313444373144223E0D0A20202020202020203C6F6D6764693A776179706F696E7420783D223133352E302220793D223232352E30222F3E0D0A20202020202020203C6F6D6764693A776179706F696E7420783D223137352E302220793D223232352E30222F3E0D0A2020202020203C2F62706D6E64693A42504D4E456467653E0D0A2020202020203C62706D6E64693A42504D4E456467652062706D6E456C656D656E743D227369642D46393637413236452D334338452D343541442D423739312D433437333439314441393838222069643D2242504D4E456467655F7369642D46393637413236452D334338452D343541442D423739312D433437333439314441393838223E0D0A20202020202020203C6F6D6764693A776179706F696E7420783D223438352E352220793D223230352E35222F3E0D0A20202020202020203C6F6D6764693A776179706F696E7420783D223438352E352220793D2237302E30222F3E0D0A20202020202020203C6F6D6764693A776179706F696E7420783D223532352E302220793D2237302E30222F3E0D0A2020202020203C2F62706D6E64693A42504D4E456467653E0D0A2020202020203C62706D6E64693A42504D4E456467652062706D6E456C656D656E743D227369642D37334143334133432D443132382D343636342D424336432D374146303846454443384341222069643D2242504D4E456467655F7369642D37334143334133432D443132382D343636342D424336432D374146303846454443384341223E0D0A20202020202020203C6F6D6764693A776179706F696E7420783D22313031372E302220793D223237352E33393438363335363334303239222F3E0D0A20202020202020203C6F6D6764693A776179706F696E7420783D22313036322E3436373834353635393136342220793D223237352E3436373834353635393136333937222F3E0D0A2020202020203C2F62706D6E64693A42504D4E456467653E0D0A2020202020203C62706D6E64693A42504D4E456467652062706D6E456C656D656E743D227369642D42343638323236422D444232452D343231452D423034422D354646313632324633453738222069643D2242504D4E456467655F7369642D42343638323236422D444232452D343231452D423034422D354646313632324633453738223E0D0A20202020202020203C6F6D6764693A776179706F696E7420783D223432302E302220793D223232352E32313634353032313634353032222F3E0D0A20202020202020203C6F6D6764693A776179706F696E7420783D223436352E343133303433343738323630392220793D223232352E3431333034333437383236303837222F3E0D0A2020202020203C2F62706D6E64693A42504D4E456467653E0D0A202020203C2F62706D6E64693A42504D4E506C616E653E0D0A20203C2F62706D6E64693A42504D4E4469616772616D3E0D0A3C2F646566696E6974696F6E733E, '0');
INSERT INTO `act_ge_bytearray` VALUES ('182505', '1', 'C:\\RealCode\\TNA\\JC\\jc-web\\target\\test-classes\\processes\\Developer_Hiring_with_jpa.hireProcessWithJpa.png', '182501', 0x89504E470D0A1A0A0000000D49484452000004C2000001E80806000000AB78435700005E204944415478DAECDD0B905CE561E0FBB131C5725996A56A09D765BC21755D8E42088BB9617105C3655DD9022AA478596EF58C5E9105C832600222601322074C8CE5385A9B280696771404D2C53251300F3D18491EA40810428897748510D24862841092D0CB12FEEEF94ED4939E51CF4CF73C4F77FF7E555FA9A75FF3D0E9D1397F7DE7EB86060000000000000000000000000000000000000000000000000000000000000000000000000000000000000000000000000000000000000000000000000000000000000000000000000000000000000000000000000000000000000000000000000000000000000000000000000000000000000000000000000000000000000000000000000000000000000000000000A8092184CFBCF3CE3BB3962E5DFAC9FCF9F3C3DCB9738D411EF3E6CD0B8B162DFA2019236D9100000000032446B0C58B1787B6B6B6B07FFF7E6388C6D6AD5BC3C2850B77CC9B37EF6BB64A00000080011067828960998961FBE7CE9DFBA6AD120000006000C4D32145A8EC8CB973E71EB055020000000C80B846950095A910166C950000000003A09210B6F9C38FC3F53356A4235E16AE843000000080AAD15D08DBB76F7FD8B6734FFBC78BDEDCD21EC2E2E5C2F56D1FED0E1FEDDA2364096100000000D9D555088B116C7ACBBAF09D592BC373AF6D0ACD6F6C0EB7FE7C557B088B97E3F54FBDB231DC9CDCE7EF9E793BECF8580C13C20000000032AAAB10F6C18EDDE1A6992BDBC3574F63D263AF860D1FEC14B38430000000806CEAEED4C85FAE682D3B84CDFCD7F542961006000000905DDD85B0783A642174DDF8F8ABE1D117DE0D6BB77C948E78395E57B8FDE9575B852C210C00000020BB4A85B0F88E907131FCE235C162F8EA7CBF785DF19A61F131DE4D520803000000C8A45221ACD4A98F711658E7FBC5EB4ADD57D012C20000000032470813C200000000EA825323853000000080BAD0FD62F95BCA5E2C3FDE57C812C20000000032ABBB10F6CCCAD692A73E961AFFF2CA46214B0803000000C8AEAE42D8073B7687EFCC5A597608FB8B99AF86B68F768B59421800000040367515C276EFD9177EB6604D7AFAE3EC97DE0BCFBFD171CDB078B9F98DCDE1B9D736A5C1EC81456BC3DE7DFBC42C210C000000209BBA3B3532C6B02DDBFF7DF1FBB8187E2184C5CB85EB3FDCB9470413C200000000B2ADBB1056EADD240B21CCBB430A610000000055A5921066086100000000554B0813C200000000EA8210268401000000D405214C0803000000A80B429810568D9A9A9A4ECAE572578F1831625632D6246357324232F626635D72DBECE4CF49F17E7E5A000000404A0813C2AA493E9FBF24197393B1FF50F82A673C9FDC7FA49F1E000000D439214C08AB0623468C38399FCF3F5341FC2A35160F1F3EFC0B7E9A00000050A78430212CEB72B9DC88C6C6C60F8BA356535353F8C10F7E10162C5810DE7BEFBDB073E7CE10EDDEBD3BB4B6B6869696963075EAD4306AD4A8CE316C97D96100000050A78430212CCB72B9DC45F97CFE6071009B3E7D7A686B6B0BE5D8BE7D7B7AFFF8B8E220963CE7783F5D000000A83342981096557126587104BBFEFAEBD3D95FBD111F77E38D37768E616686010000403D11C284B02C8A6B82159F0E3979F2E4F6D31F7B2B9E3679C71D77743E4D72989F36000000D409214C08CBA2C6C6C679C533C1FA1AC18A6358A799618BFDB4010000A04E08614258D6E4F3F94B8AD704EBEDE990DD9D2659BC66985324010000A04E08614258D6E4F3F9B985481517BA1F083366CC302B0C0000006A292624E32B3DDD4F0813C2B2B44D3635359D5458203FCEDADAB66DDB8084B0F86E92A3468D2A8E6127FBAD0100000055AAE8B4AFB9B95CEECB5DDDAF9210B66CD9B270CE39E784A38E3A2A1C7DF4D1E1ECB3CF0E2D2D2DFD1A82922F291D43FD3C0B172E0CE79E7B6EBF7F5DF51CC2CAD92693EBAF2EDC6FCA942961204D9D3AB538844DF25B03000000AA3C3A148DA74BCDC6A924847DF18B5F4C63D0CA952BC3F2E5CBD3CB9FFFFCE73319C2AAF5EBA88710D6DD36995C37AB707B7373F38086B018718BBE96397E6B00000040ED4487F6D938C5F1A19210166781250F096FBDF5D661B76DDDBA358C1E3DBA7DB6D8E5975F1E366EDCD8212A4D9A34291C73CC31E184134E08F7DE7B6F7A5B7CAED34F3F3D7DCCB871E3BA0C5085EBE32CAD33CF3CB3ECCFD9D3FDD6AF5F1FCE3BEFBC70E491478661C38685254B96A4F72B3CBEF01CC597E3E97A575D7555FA5CF1BE13264C083B76ECE8F17B15C27ADE26938FD714AEEFEF45F23B6B6D6D2DFE3A36F8AD0100000035161D8A67E3C4D3D32A0961F154B5E4A9D3C03371E2C4746658E1B6B163C7A6B7C599622B56AC482F9F7FFEF91DE2D0ECD9B3C3AA55ABD2CBC71F7F7C7A5B8C5085DB9E7CF2C91E43D8FCF9F3C3A64D9BCAFE9C3DDDEFC20B2F4C3F8E012CFE79DA69A7959C1156FC718C60F1F2A38F3E1A66CD9A955E8E31ACA7EF5508EB799B4CC69EC2C73B77EE1CD010B67BF7EEE2CFBDD76F0D00000018F883FF211D952E961F4F278B6129C6B0E4DB4BE358BCBEF32CAA38E2755D45A5238E38A2C3E3F6EEDD9B8E861E4258BC4FE1BA723F6777F72BDCD6D3A991A59EAFF86B2EE77B2D67647D7B19CC31188A3F9FDF56000000D00F212C6301EEC55C2E77D179E79DF79978BFDEBE6BE4860D1B4A06A5E250D5DBA8544E98AAE4737677BFDE84B0C229A2C55F730C833D3DCE8CB09EB7C9E4F22E33C2000000A08A0FFE33121D3A04B0824A42585C432B7948FAEE912FBDF4527A392EA01F6F6B6C6C4C3F8EEB611516D28FEF30D9531C8AA728361C3A95B0709A61439921ACDCCFD9DDFD0AA746C6996E0D45A7461666BCC5B5BF3A07BAC2A996C5A746C6534585B0BE6F93D608030000802A3FF81FE2E8B0249FCF5FD23980155412C2E2FA5A3120C55954F174BFB3CF3E3B5D5B2BDEB665CB9634101516908F812B2E44DF531C5ABB766D1A9FE262F5E3C78FAF2884F5F4390BA7247677BF75EBD685B3CE3A2BFDFCA79E7A6A1AF9E2F50F3CF040BAB6577C8EE9D3A71FB6587EFC5AE373C5112358E7C5F285B0DE6D93DE3512000000AAFCE07F883E6FC919609DF5F6D4C82C8F78CA5BF2AD85CF7EF6B355F7B5D77808EB719B4C6EBFBA10A7E2FA730369EAD4A9C5216C92DF56000000D0F783FF4C878D5A0C615FFDEA57C3B1C71E1B1E7FFC7121ACCA3435359D94BC660EC4D74D72399D7D3710B66FDF1E468E1CF99BA21076B2DF56000000D0474298218455269FCFCF2D04AA785AEA4098316346F16CB0C57E53010000403F10C20C21AC3271FDB042A48AB3C2FA7BD1FCF87C8D8D8DEDB3C192CF37D26F2A000000E8074258B64643D1E2F50D152E642F840DEAEBE6F942A8BAFEFAEBC3CE9D3BFB2582C5F5E36EB8E18683C5B3C17A5A470F00000028FF805E08AB8228268465EE75737232B61682D5E4C993FB1CC36204BBE38E3B8AD705DB95CFE787F96903000040FF1DD00B61158CAD5BB786D1A34787A38E3A2A1C7DF4D1E1F2CB2F0F1B376EEC10AECE38E38C70E49147A60BE2C74072E9A597A6F73FF1C413D335A5E27D172E5C184E39E594F47EF1FA871E7AC88CB02A93CBE5461416CE2FCC0CEBED6992F1719D6682392512000000FA9B1056D9183B766C1AA7962F5F1E56AC58915E3EFFFCF33B84AB279E7822AC5BB7AEFDE359B36685356BD6A4978F3FFEF8F4BE31822D5BB62C6CD8B021BDFEB8E38E13C2AAF3F533B63886C535C362EC8CEFFA58EEBB43C685F18BD7048B2397CBDDECA70B000000FD7F202F845530E2CCAE864381AA30E275A5C255771FC75076D34D378533CF3CB3CBF8D52084558538332C19DB8B43560C6253A64C09CDCDCDE96CAFC26993F1F4C7D6D6D6D0D2D2127EFAD39F863163C67C52FCB8783A648C6B7EAA000000300084B0DE85B0BD7BF7F6B8A657771F0F1B362CBD3C67CE1C21AC365E4727E7F3F9B99DA256A563B135C100000060600FE085B00A466363631AA7EEBDF7DEF4F4C878F99C73CEA9388415825AE1391A84B05A793D7DED50103B5049008BB3C0BC3B240000000CFC81BB1056C1D8B2654BBA4E585C283FC6ACB83ED8FAF5EB2B0E61D3A64D4B1F3F6EDC3821AC063535359D94CFE7AF4B5E5FB392B12E197B0F45AFF8E78664CC49C6A43893CC4F0B000000068910660861000000405D10C20C210C000000A80B4298218401000000754108338430000000A02E0861861006000000D40521CC10C200000080BA208419421800000050178430430803000000EA8210660861000000405D10C20C210C000000A80B4298218401000000754108338430000000A02E0861861006000000D40521CC10C200000080BA208419421800000050178430430803000000EA8210660861000000405D10C20C210C000000A80B429821840100000075410833843000B22284F09977DE7967D6D2A54B3F993F7F7EFAEF8E31B863DEBC7961D1A2451F2463A42D120010C28430210C0006488C608B172F0E6D6D6DFEDD1DC2B175EBD6B070E1C21DF3E6CDFB9AAD120010C20651FCDF603BA499197BE7CE9D7BC0AB0680811267828960998961FB937FF7DFB455020042D8205AB468D1663BC4D918ADADAD8FD921066020F90FB0CCCD04F71F600080103698162C5870717373F347EFBFFFFE1E3BA44337132C46B079F3E6AD778A040003C9920896440000A8EB1016CD9B37EFA26447ECC5F8BF9216B11D92117FEE6F8A60006429846DFEF0E370FD8C15E98897852B210C00A026421800501FBA0B61FBF6ED0FDB76EE69FF78D19B5BDA4358BC5CB8BEEDA3DDE1A35D7B842C210C00E07042180090155D85B018C1A6B7AC0BDF99B5323CF7DAA6D0FCC6E670EBCF57B587B078395EFFD42B1BC3CDC97DFEEE99B7C38E8FC530210C00A013210C00C88AAE42D8073B76879B66AE6C0F5F3D8D498FBD1A367CB053CC12C200003A12C20080ACE8EED4C85FAE682D3B84CDFCD7F542961006007038210C00C88AEE42583C1DB210BA6E7CFCD5F0E80BEF86B55B3E4A47BC1CAF2BDCFEF4ABAD42961006007038210C00C88A52212CBE23645C0CBF784DB018BE3ADF2F5E57BC66587C8C779314C200003A10C20080AC2815C24A9DFA18678175BE5FBCAED47D052D210C00A09D100600648510268401000C28210C00C80AA7460A610000034A080300B2A2FBC5F2B794BD587EBCAF90258401001C46080300B2A2BB10F6CCCAD692A73E961AFFF2CA46214B080300389C10060064455721EC831DBBC37766AD2C3B84FDC5CC5743DB47BBC52C210C00A023210C00C88AAE42D8EE3DFBC2CF16AC494F7F9CFDD27BE1F9373AAE19162F37BFB1393CF7DAA634983DB0686DD8BB6F9F9825840100742484010059D1DDA99131866DD9FEEF8BDFC7C5F00B212C5E2E5CFFE1CE3D2298100600509A10060064457721ACD4BB49164298778714C20000CA228401005951490833843000808A09610040560861421800C08012C20080AC10C284300080012584010059218409610000034A080300B2420813C206435353D349B95CEEEA643F785632D6246357DC274EC6DE64AC4B6E9B9DFC3929DECFAB12006A8C10060064851026840DA47C3E7F4932E62663FFA1F055CE783EB9FF48AF4E00A81142180090154298103640FBBB27E7F3F9672A885FA5C6E2E1C3877FC1AB1400AA7FC74008030032410813C2FA5B2E971BD1D8D8F86171D46A6A6A0A3FF8C10FC282050BC27BEFBD1776EEDC19A2DDBB7787D6D6D6D0D2D212A64E9D1A468D1AD53986ED323B0C00AA9C1006006485102684F5A75C2E77513E9F3F581CC0A64F9F1EDADADA4239B66FDF9EDE3F3EAE388825CF39DEAB1500AA543584B065CB96FDD1C48913D7FCDEEFFDDE81E4C36018866118C6D08F934E3A69CF17BFF8C50793CBFF510813C23218C1461447B0EBAFBF3E9DFDD51BF17137DE7863E7186666180008610313C112072FBAE8A2F0E28B2F86BD7BF7060060681D387020BCF6DA6BE1F2CB2FFFCDB1C71EBBBABF6298102684F5D3FEEDC9C5A7434E9E3CB9FDF4C7DE8AA74DDE71C71D9D4F931CE668020084B07EF5AD6F7D6B6D8C60004036FDCFFFF93FB726FF64FF400813C2B2A2B1B1715EF14CB0BE46B0E218D66966D8624713002084F5AB783A649C09060064D3EBAFBFBE33F9277B8D10268465413E9FBFA4784DB0DE9E0ED995F87CC56B863945120084B0FEE6744800C8B0789A64C3BFAD1B26840961590861730B912A2E743F1066CC986156180008610317C200806C13C284B0C1085CC9F84A77F7696A6A3AA9B0407E9CB5B56DDBB601D9DEE3BB498E1A35AA38869DECA802008430210C0084B0010961CB962D0BE79C734E38EAA8A3C2D1471F1DCE3EFBECD0D2D2D2AF11E8D0F734208169209FBB564358D1A9887373B9DC974BDD27B9FEEAC2FDA64C9932A0DBFCD4A9538B43D82447150020845545082BEC8876775B1C7147FBBFFDB7FF165E79E515473B0030C421EC8B5FFC62FA3957AE5C19962F5F9E5EFEFCE73F2F84D541082B1A4F779E21965C37AB707B7373F3806EF331BC167D2D731C550080105633212CFAD5AF7E955E8E310C0018DA10166781C5CFF9D65B6F1D76DBD6AD5BC3E8D1A3DB678B5D7EF9E561E3C68D1D02D4A44993C231C71C134E38E18470EFBDF7A6B7C5E73AFDF4D3D3C78C1B37AECB5875E2892786ABAEBA2ABD7CF7DD77A7F7F9C94F7E927E3C61C28470ECB1C796FD75C4CBEBD7AF0FE79D775E38F2C823C3B061C3C292254BD2EBE3697DF1F3C4C7C6E788CFBD63C78E0E8F3FE38C33D2C7C5CF3979F2E470E9A597A6F78D5F635C1FABA7AFA3CA4358FB0CB142104B3E5E53B8BEBF17C9EFACB5B5B5F8EBD8E0A8020084B0410D614F3DF554F8833FF883746730EEE4C51DCAC20E50E7D855FC71E1F295575E993EEE4B5FFA5258BB766D978F8BCF5F7C5BFC3CFFFDBFFFF7F4BA5DBB76856F7EF39BED3BACDFFAD6B7DA17FADFB46953F8EA57BF9A3EFEF77EEFF7C24B2FBD945E1F7768C78E1DDBBE733A7CF8F0D0D6D6D6E3F7D4DD6D0050EB212C9EF6163F678C5913274E4C6786156E8BFFAEC6DBE24CB1152B56A497CF3FFFFC0E0169F6ECD961D5AA55E9E5E38F3F3EBD2DFE5B5AB8EDC9279FEC3284C5D8F4D9CF7E36BD1C4FC98CF739EBACB3D28F3FF7B9CF858B2FBEB8ECAF235EBEF0C20BD3CB3180C53F4F3BEDB4F4FA18C1E2C78F3EFA6898356B567A39C6B0E2C73FF1C41361DDBA75ED1FC7FBAD59B3A6C3F7D5DDD7510B21AC78865832F6143EDEB973E7806EF3BB77EF2EFEDC7B1D5500801036A821ECB8E38E4B77ECE2FF70C6D317E3E542A02A2784C5B01447216E7535232C86B2E2DB162D5A143EF8E083F4BA18C1E2753367CE4C77A2E3E518C3A23FF9933F493F8E01ACA1686659E17F9C5F7BEDB5F8F6F3E9E5B843DCD3F7D4DD6D0050EB212C8E786A5A8C3C3186C5CF1FE358BC3EFEE75243D1F2060D87963828754A62BC7CC4114774785CFC4FAC38BA0A61B7DC724B7A7D9C7115FF2CFC9B5CF8B8305BACDCAFA370BFCE9FA7D4D7D3DDF7D1D5C7DD7D1D3D8D32E25366C76028FE7C8E2A0040081BD410F695AF7CA57DC6568C4EF7DC734F3ADBAADC10F6C9279FA4A3B073587C5B6127F9F77FFFF7C3D2A54B0F7B5C416147B3D473156EEBACAB9DD39EBEA7EE6E03807A086185B161C3860E71A73820F5B43657A960D453082BCCCE8AB3BFE29FF7DD775F878F1F79E4918ABE8EAE4258E1F4CFE2AF2746BFDE86B0525F478DCC087B3197CB5D74DE79E77D26B9BCCB8C3000A02E42580C4F7151D43FFFF33F0FFFF5BFFED77487EF777FF7777B15C2E28E67A9C795D8E1EF705D6187B5F8B9E20E6B3921AC38A895F33D75771B00D47A088B6B69C5CF19DF3DB230DB3A2EA01F6F6B6C6C4C3F8E6B7F1516D28FEF30D953308AA70B361C3A35B210BB4A05AAB8A657E1B6B8A658BCEECC33CF6CBF6EFEFCF9157D1D855323E30CB786A253230BA734169F1A194F03AD348475F7755479086B0F6045F7B1461800501F21ECCB5FFE72FBA987F154C578F9A4934E4A6FFBADDFFAADF4E3B7DF7E3B3CFBECB32543D8638F3D169E7EFAE9F4729C61D59B105638CDB1F8D4C86BAEB926BDAD706A64DC616F283A3572E4C891E9C70F3CF0407A7A64BC7CEEB9E7F6F83D75771B00D47A088B6B5DC59813FF4329CEDA8E6B75151699DFB2654B1A910A6B76C6C015E3554FC128AE111A23549C6D3D7EFCF86EDFD9B1703AE65D77DD957E3C6DDAB4F6FBC79942957C1D718DAFB8C658FCBCA79E7A6ABAAF50582C3F7E1DF1B171C408D679B1FC724258775F479586B025F97CFE92E20056741FEF1A0900D447088B8BD1C777418A3B79714732AE97F5C20B2FA4B7C5353BE2FA1DF1B61B6EB8A164088BEB7BC5C7C540F5EEBBEFF62A84C5C5F2E3A2FB851DD618C10A8BE5C7B5BC62BC8A9F232E721FD7F58A3EFCF0C334A015764EE3FF0AC7EFA5A7EFA9BBDB00A0D643983138236321ECB019609D25B75F5D885371CDB8813475EAD4E21036C95105000861831AC2000021CCA8DD10568EA6A6A693927DDB0371FF36B99CCEAA1B08DBB76F8FB3FA7F5314C24E76540100429810060042981026840DAA7C3E3FB710A8E259010361C68C19C5B3C1163BA20000214C080300214C0813C28622845D5288547156587F2F9A1F9FAFB1B1B17D3658F2F9463AA20000214C080300214C08EB341A8A16B16FE866317E21ACCFFBB7CF1742D5F5D75F1F76EEDCD92FDB797C23841B6EB8E160F16CB0EED62C03008430210C0084B0BA0D615D453121ACDFF76F4F4EC6D642B09A3C79729F63588C6077DC7147F1BA60BBF2F9FC3047130020840961002084D55C082B84AB33CE38237DC7E6638F3D360D2C975E7A69FACECF279E7862BA2655BCEFC2850BC329A79C92DE2F5EFFD0430F991136C872B9DC88C2C2F9859961BD3D4D323EAED34C30A744028010268401801056FB21EC89279E08EBD6AD6BFF78D6AC5961CD9A35E9E5E38F3F3EBD6F8C60CB962D0B1B366C48AF3FEEB8E384B0A1D9CF1D5B1CC3E29A613156C6777D2C47BC5F5C18BF784DB03872B9DCCD8E2200400813C2004008ABF91056CEC73194DD74D34DE1CC33CFEC327E09618323CE0C4BC6F6E2901583D8942953427373733ADBAB70DA643CFDB1B5B535B4B4B4849FFEF4A761CC98319F143F2E9E0E19E39A23080010C284300010C284B0431F0F1B362CBD3C67CE1C212C1BFBBB27E7F3F9B99DA256A563B135C100400813C2000021ACD3C771CDB07879F9F2E54258B6F67BBF7628881DA82480C55960DE1D12008430210C0010C24A7C3C6DDAB434868D1B374E08CBA0A6A6A693F2F9FC75C97EF0AC64AC4BC6DE43D12BFEB9211973923129CE2473B400004298100600D45D08ABC751AB210C0010C2843000400833843000400813C20000214C08030010C284300010C28430210C00400813C2A03FBDF7DE7B61C9922561FEFCF9E9C18931B863DEBC7961D1A24561CD9A35364610C284300000214C0883818C608B172F0E6D6D6D0ECE86706CDDBA3534373787D5AB57DB28410813C200008430210C06429C092682652786C55979801026840100086142180C80185E1C9465EBE01010C284300000214C088301E0E050080321CC10C20000843010C28AC6C71F6D0EEFBCF860787DDE6DE98897E3750EE8843010C20C210C0010C28430A89910B66B7B6B58F5ECADE1D5A76EEC30E275F1360775421808618610060008614218D44408DBF0FA3F1F16C10A63E3EB731CD4096120841942180020840961501B21ECCDE77FD865088BB739A813C2400833843000400813C2A02642D8AAB9DFEB3284C5DB1CD4096120841942180020840961208419421808618610060008614218544B088BEF12D955088BB739A813C2400833843000400813C2A02642D89A96BFEF3284C5DB1CD40961208419421800208409615013216C5BEBCAB0EAB9C9879F16995C176F7350278481106608610080102684414D84B038D6BDF4C861212C5EE7804E080321CC10C20000214C0883DA0961FBF685352FFCECF0D32293EBE26D0EEA843010C20C210C0010C28430A8FA10B66B7B6B58DD7257976B84C5DBE27D1CD8096120841942180020840961509D216CDFBEB079CD82F0DA33DFED32821546BC4FBCAFD9614218643584CD9F3FDFEF98EC8CBDC9EFBA03F6960100214C08834C84B09E6681991D268441B585B0458B166D6E6B6BF37B2603A3B5B5F5B1E477DD9BF6960100214C08834C84B072668175373BCC819E1006590B610B162CB8B8B9B9F9A3F7DF7F7F8FDF354337132C46B079F3E6AD4FC6D7EC2D439D4B7EC77FE69D77DE99B574E9D24FE2B4DDB813640CEE487E1987458B167D908C91B621A31EB721210C84B0C2E86D042B0C077B4218642D8445C9BEDA45C96BECC5785A9E7DD72119F1E7FEA60806A462C058BC7871305D7768C7D6AD5BC3C2850B7754E32F67DB906D480813C2A0BF42982184412D86B02ADFAF6AC9E7F39FF849003523CEE21130321332F657E339EBB621DB901026848110268481105693FB54E7C5FDAA38F2F9FC571C3D0335C1BB98646E27F4806DC8A8B76D48080321CC10C24008CB9E5C2EF74A2184256396A367A026D809CDDE4EA86DC8A8B76D48080321CC10C24008CBDCFED4D78A22583A72B9DCA98EA081BA0A619B3FFC385C3F63453AE2653B8D224625DBD0C71F6D0EEFBCF860787DDE6DE98897E375FEDE6D43421808618610064258760C1F3EFC3F26FB539B3B87B064FCC8113450D3216CDFBEFD61DBCE3DED1F2F7A734B7B088B970BD7B77DB43B7CB46B8F9D4821ACCBB16B7B6B58F5ECAD87BDBB57BC2EDEE6EF5E0813C2400833843010C2B2219FCF5F572282C5B137B9EDBF388A066A3284C50836BD655DF8CEAC95E1B9D73685E63736875B7FBEAA3D84C5CBF1FAA75ED9186E4EEEF377CFBC1D767C2C860961A5C786D7FFB9CBB7BADFF8FA1C7FF74298100642982184811096018766836DE82284991506D46E08FB60C7EE70D3CC95EDE1ABA731E9B157C3860F76DA9114C24A8E379FFF6197212CDEE6EF5E0813C2400833843010C232B11F757B37112C8E5D63C78EFDCF8EA4819A0B6171FC72456BD9216CE6BFAEB7132984753956CDFD5E97212CDEE6EF5E0813C2400833843010C232311BECC564AC4BC6816E62D8F71C49033519C2E2E99085D075E3E3AF86475F7837ACDDF2513AE2E5785DE1F6A75FB5CE93102684D9868430210C8430210C84B05A92CBE52E4CF6AD7E192F3735359D945C3E79F8F0E1FFA79F0C5053212CBE23645C0CBF784DB018BE3ADF2F5E57BC66587C8C779314C24A8DF82E915D85B0789BBF7B214C080321CC10C24008CB9E7C3E7F492E979BED2701D474082B75EA639C05D6F97EF1BA52F7B5332984751E6B5AFEBECB10166FF3772F84096120841942180861D993CBE5925DAB118FF9490042981026625410C2B6B5AE0CAB9E9B7CF86991C975F1367FF742981006429821848110963DF97C7E4CB26FF5909F0450D321CCA99122467F87B038D6BDF4C861212C5EE7EFDD362484811066086120846576BFEACA64DCE32701D47408FBF7C5F2B794BD587EBCAF9D4821ACCBB16F5F58F3C2CF0E3F2D32B92EDEE6EF5E0813C2A0768C1F3F3E3CF7DC734298100642586DEC575D9BCBE57EEA2701D445087B66656BC9531F4B8D7F7965A39D4821ACE4D8B5BD35AC6EB9ABCB35C2E26DF13EFEFE8530210C6A437C0DC61183D8FCF9F38530210C84B02A96CBE56ECCE7F353FC24809A0F611FECD81DBE336B65D921EC2F66BE1ADA3EDA6D475208EB300B6CF39A05E1B567BEDB65042B8C789F785FB3C38430210C6A278415C615575C5172869810268481105615FB557F998CDBFD24809A0F61BBF7EC0B3F5BB0263DFD71F64BEF85E7DFE8B86658BCDCFCC6E6F0DC6B9BD260F6C0A2B561AF88218495390BCCEC30DB901006F513C28A6788150731214C080321AC2AF6AB6E8F31CC4F02A8F9105688615BB6FFFBE2F77131FC42088B970BD77FB8738F0826847518E5CC02EB6E76986D410813C2A0F64258F10CB178CAA410268481105615FB553F4AC6243F09A02E4258A977932C8430EF0E296274B70DF5368215866D4108EB830B0E85B00B84300633EE18950F212C5BC336F96F0384B08EE242F9F97CFE1A3F09A02E43982162D8866C4319F7C7C9D89E8CA987FEBC4808A33F43187D8B8663C68C093367CE4C7F573935D28C30AF7384B0EA90BC2EEE49C6957E128010668818B621DB50362358217EC519615B331AC31C5D3840AEAB10D639801594FBEFC7A183D1C3466F7F4F96FBF872EFB770E1C270EEB9E7F6FBEFF3BE7E9F4298D73942587FC8E7F30FE772B9D17E128010668818B621DB507623584FD70B6138401E84103676ECD83063C68CC30258A521ACBFC3507F07A6C10E564298D73942D8604A5E178F2523E7270108618688611BB20D65C3053DC4AEC2ED595A33CCD18503E49AD6D50CB08108615BB76E0DA3478F0E471D755438FAE8A3C3E5975F1E366EDC98DEB67EFDFA70DE79E785238F3C320C1B362C2C59B2A4C3F34C9C38317DDC89279E181E79E4916E3F5FE1F2A44993C231C71C134E38E18470EFBDF7A68F6FE8344BADBBAFA970BF3883ECCC33CF0C8F3EFA68FAF1C89123D3DBE3E3E2C7D3A74F2FFB39E3D77FD55557A597EFBEFBEEF4313FF9C94FD28F274C98108E3DF65821CCEB1C21ACD772B9DCEC7C3E7F899F04D4A8E4F7DD7F58B972E5550F3FFCF0C23BEFBC73C7B5D75E7B20FE6F66FC4731D941F9CD37BFF9CDFDB7DC72CB3B3FFCE10FA727E377853043C4B00DD9863211C17A8A5C599B19E6E8C20132FD14C2E27E5ABC6EF9F2E561C58A15E9E5F3CF3F3FBDEDC20B2F4C3F8E012CFE79DA69A775789E279F7C32BCF5D65BE9E518B6CA0961B367CF0EAB56AD4A2F1F7FFCF125BFAEEEBEA6C27DE3BB666EDAB4291DF1E3DFFEEDDF4E6FFF9DDFF99DF4E30D1B367478DEEE9EF3D24B2F0D9FFDEC67D3CB679F7D767ADB59679D957EFCB9CF7D2E5C7CF1C54298D7394258AF25AF8BA7F3F9FC057E12508301EC89279E78E4F6DB6F3F70DD75D7857BEEB9272C5DBA34B4B6B686BD7BF7A6BF08E39F6D6D6DE1E5975F0E0F3FFC70F8F6B7BFFD9B3FFFF33F7FF7CA2BAF1C2F84194298BF3BDBD0A0FBE30A677A557A7F210C07C85510C23ACFC88A235E577C5B4FCF132F1F71C4116585B0528FE97C5B775F53E1E3B85F59B8FFA9A79E9A5EF7FCF3CFA77F9E72CA29873D6F77CF79CB2DB774984576DC71C775F8B8305B4C08F33A4708EB8D7C3EBFE0EB5FFFFAFFF093801AB274E9D271DFFFFEF7F7DD78E38D69E43A78F060D9BF1CE3FFC8DD7CF3CD07931D8C37870F1FFE0521CC10C20CDBD0A046B08B7AF1B85D1988618E2E1C20D3CF21AC382C75BEAD9C10D6D3FDBA7B4C5721ACD4D754EA73C55334E37571E65671B82A15C24A3DE7AC59B3D2DBE2ECAFF8E77DF7DDD7E1E352A77D0A615EE7086115CC086B49C61FF949406DCC02FBCC934F3EB920AE9D3067CE9C8A025867CF3CF34C18376EDC9E6A9C1D26628818B621DB509D44B0FE7ABC10E600990C85B0C6C6C6F4BAB85E573C6D305E3EE79C733A9C1AD9D2D252F2D4C8FE0A6171CDB07879C78E1D69A8EAEE6B2AF5B90A212BAE6516FF7CFCF1C70FBB6F77CF19D7422BDCF7F4D34F4FAF8BEB8F35149D862984799D2384F52184BD9CCBE5CEF093801A8860CDCDCDCBAEB9E69AB07AF5EA7EF945F9EEBBEFC60549F78C1F3FFE5B2286218419B6A101D1D3C2F883FD3C429803648638846DD9B2255D3F2B2E201F674DC575B362188AB7AD5BB72E5D2B2B06A678FAE1B265CB0624843DF0C003E97A61F154C9783A62775F53A9CF15035A7C6CC3A1D32DE3C2F89DEFDBDD7316C7B8BBEEBA2BFD78DAB469ED8FDFBD7BB710E6758E10D69710B62A9FCFFFBE9F0454B938132C46B0B8E6577F8ACF77E59557EE4A7E518C14310C21CCB00D0D4804EBAFD31A87726698A30B07C8F422841903FFEF87D7B9D73942588910B6A65A9701020E896B82C5D321FB6B2658A99961A3478FDE9ECFE7878918861066D886FA355A1522D8A79231E6D09F95E8FCB8A15A40DFD1850364843021CCEB1C21AC5A42D886647CDE4F02AA54F2FBEC3FDC76DB6DFBE39A6003E9A9A79EDAD3D4D4B444C4308430C336D4EF33B762C4BAFFD0CEE9FD15C4B0AE1E371431CCD1850364843021CCEB1C21AC5A4258DBF0E1C34FF093802A357BF6EC7F8AEF0EF9EB5FFF7AC07F714E9C38714B359C22692754C4B00DD986AA2882351C9AD1158A463931AC388215C6E8A2DB077BCD3047170E9011C28430AF7384B06A09613B9A9A9AFE939F0454E96CB0DB6FBFFDC0CB2FBF3C28BF385F7DF5D5FDD5302BCC4EA888611BB20D65545771AA54D4EA2E8695BAFF7D25EE3F986B8639BA70808C102684799D2384554B08DB7FE185171EE527015568E5CA9557C505F20F1E3C3868BF3CC78D1BB725F9C571F2507CBFF97C7E6E32BE22628818B621DB50D6B7A16E22D80515C4AD5231ACDC08D639860DF469928E2E1C20238409615EE70861D5E053C9EBE2377E0C50A51E7EF8E185F7DD77DFA0FEF29C3A75EA8AE417C7A4212AF7E93FE6F1403497CB7D59C41031AA691BEA142EBA7C6BFBEEDEEABEAF9FDB363478DB502F63544F31ACD20856FCF9B70EF0CC3047170E9011C28430AF7384B0CC8B33C192D7C53E3501AAD49D77DEB963E9D2A583FACBF385175E7837F9C53167280F408BC6D3A56666D8091531B2BC0D551AA584B0EADC864A44B07223545731ECD3BD8C609D67A40D540C7374E10019214C08F33A4708CBBCB836585C234C4D802A75EDB5D71ED8BC79F3A0FEF2DCB2654B5B7CBBD98C1C80B6CFCC283E10B5132A6264791B2A15A5B66EDD1A468F1E1D8E3AEAA870F4D14787CB2FBF3C6CDCB8F1B0FB9773BFB163C7A6B79D76DA69E1ADB7DEEA70DBC48913D3C79E78E289E191471E496FDBB66D5BB8EAAAABD2C7C4DB264C981076ECD8D1E17193264D0AC71C734C38E18413C2BDF7DEDBE3D7621BEA7504EB2E86BDDD8708D6D7AF470873808C102684799D2384D58451A346FD56F2BA785F4D802A150F78F7EEDD3BA8BF3CE3E74B7E71ECCDD20168F1CC8C78AA929D50212CCBDB50A910165FCBF1BAE5CB9787152B56A497CF3FFFFCC3EE5FCEFD9E78E289F0E4934FA697BFFAD5AF76B82D5E1FE358BC1CA356BC2D46B0F8F1A38F3E1A66CD9A955E8E31ACF871B367CF0EAB56AD4A2F1F7FFCF13D7E2DB6A1F494C9BECEC02A15C3FA12C13AC7B0FE5E33CCD1850364843021CCEB1C212CF392D7C4E793F19E9A00D5FB221EB27F50B33EECFC656754C3F63298DB50A910166755758E1DF1BACEF72FE77E3156C7D1D573143E3EE288233A3C676F1F57EA6BA9F76DE8B2CB2E2BFC4CA6F6F1D7FCA74BCC047BFBD0F57D31F5D073FD6721CC0132429810E6758E10564F860F1FFE85E475B1464D802A3566CC98DF0CF68CB03D7BF66CC9E08CB01773B9DC45E79D77DE67E2FDEC849A1196E56DA8BB10165FCFDDDDBF9CFB1507AD78CA625741ABF071BC4FE7C7C5D3207B7A5C775F8B6D28D5D3BB44F66546D8FD6684E1005908338430AF7384B0CA25FB6BA726AF8BD7D404A852D75C73CDFEC15E236CD3A64D6F67688DB0CE079E0DBD8918CB962D0BE79C734EFB5A47679F7D76686969496F5BB8706138F7DC73ED4CD66EC4E8976DA8AF21ACB1B131BD2EAEBF154F358C97E336D9F9FEE5DC2FAEFD3567CE9CF4F29FFCC99FF418B40AA738169F1A19D712EBE971DD7D2DB6A10ED16957C3C0AC11D69B18668D301C200B614298D73942585D4BF661FFEFE475F1929A0055EAD65B6F5D33D8EF1AF9ECB3CFFE3203EF1AB9249FCF5FD2C58167C511E38B5FFC62FA8FC2CA952BDB0FE83FFFF9CFD7C4BBED096183B30DF535846DD9B2A57D91FB1864E35A5BEBD7AF3FECFEE5DC2FAEEF154F5F3CF3CC33C3BA75EB7A0C5A71B1FCF1E3C7A7CF17478C609D17CB2FF5B8EEBE16DB509F6660958A60714DB052EF1A59490CF3AE91384016C28430AF7384306B848D18F147C9685113A04AFDE8473FBA2F31A8BF3C274F9EFC54F28B63D210FDD2EA6EE645AF2346E1D4B0C23BEC75B56E53B9EFB0176790C50851C93BEB55FAD8B8E8F9A9A79E1A8E3CF2C8F4B6F8B8B56BD7F6182F0A97CF38E38CF4B1C71E7B6CFC3B0D975E7A69FBBB094E9F3EBD5FDF153063116340B6A12C8C5A8EB6D5B80DF57226565711EC53DDDC5E4E0CFBC3646C1DC00826843940460813C2BCCE11C2AA423E9FFF6AF2BA98AF264095FACBBFFCCBFFEBEAABAFFEE4E0C18383F5BB736F6363E3DAE417C7C959FEB954BA133A65CA94F67591E26C983833ACABB850CE3BECCD9F3F3F9E425AD13BEB55FAD8E38E3B2EFD38CEF889A776C6CB8580564E088BEF2C181F5BF8387E2F6BD6AC19907705CC52C418A86D280BA330A34B08CBAC9E6664F514C11A7A19C30AA7675E32C0DF9FA30B07C808614298D7394258E6E572B90B93D7C52FD504A862D75F7FFDFFF7F2CB2F0FCA2FCE679F7D767AF24B63712D468CB826580C3F3186C57F20621C2B1595CA7987BDE2C5C3CB7D67BD4A1F1BD7318B1FC7595D175E786198366D5A3A83ABDC10D655E86B28F31D0A85304308EB95AE6686951BC12A8D6185CF77C9207C6F8E2E1C20238409615EE70861D53023EC925C2E375B49802AF68D6F7C63F80D37DC70601066856D6F6C6C5C9EFCE21859CB1163C3860D25E356E7D328CB7987BD4ADE59AFD2C7C6EBE2F779EDB5D7A6EB99C5FBC5B5CE062284F5F55D01853043083B6C6658E7D314C75410C1BA8B61A32B98812684E100590813C2BCCE11C2EA714658F2B218F198920055EEAAABAE5A19DF256E20C5F5C8E26CB00AD7C5A98A88316CD8B0F41F85788AE14B2FBDD4212A156688C575C06210AAE41DF62A7967BD4A1F7BD65967A51F2F59B2243D95325EFEDCE73E97DE76C20927A41FAF5AB52A3CF5D453BD0E61FDF5AE804258DFD6F41AA8772E6DA8A235C56A2C841547AA0B4A44AD722258430F8FAB74817E21CC0132429810E6758E10562F33C2C624AF8B875404A87271CDAE71E3C6ED59BD7AF580FCC25CB972E593C9E7D89CFCD218568B1123AE7F15034F9C0115DF6D2F9E76180353BCED81071E48D7CC8AD7C745E42B7987BD4ADE59AFD2C7C63FE302F7F1B6787A645C1F2C069378DB430F3D94AE21166FBBEEBAEB7A1DC2FAEB5D0185308BE00B6125753E4DF2538766747DAAC2E7E9FCB80B86208209610E9011C28430AF7384B06A3976BE3219F7A8085003468E1CD974D55557ED6E6B6BEBD75F961B376EFC556363E3FA6A3825328B11C310C2CA095C85CB93264D4A6721C6597D71265EA9772EEDEEDD3C1B3ABDFB689CB9183F4E7E3FA4B7C7C7C58F63D42DF739E33B89C637898897EFBEFBEEF4313FF9C94FD28FE31B45C4771EB50DF55B0CEB8F996603FDEE9042980364843021CCEB1C21AC9A43D8B5B95CEEA70A02D488A6A6A671575E79E5AEFE9A19166782C50896FCA2B859C43084B0810F61B367CF4E4F696D287AF7CECE33C2BA7B37CF864EEF3E5A386DF6B77FFBB7D3DB7FE7777E27FDB8B0165EE179BB7BCE38F3F0B39FFD6C87376988A7E6C68FE3E9B8175F7CB16D281B31ACBFA39A10E60019214C08F33A4708AB39C9B1ED8DF97C7E8A7A00B5F5C21E3172E4C81DBFF8C52F3EEEC302FADB7FFCE31F3F184F874CC65811C310C206278415DF164FC7EDEE9D4B1B4ABC9B674389771F3DF5D453D3EB9E7FFEF9F4CF534E39A5A27708BDE5965B3ACC228BA7DD167F5C982D661BEAF34CAEBE9CCE3854A7430A610E9011C28430AF7384B06A9B11F697C9B85D3980DA7B719FDCD8D8383F3940DDB27CF9F23D15FC6EDCFBDC73CFCD183972E48B7161FC6A59134C0813C26A318475755B77EFE6D950623DB1B88E5DBC2ECEDC2A0E570D65BE4368E14D21E2ECAFF8E77DF7DDD7E1E3471E79C436D4BF31ACD2195D43B130BE10E60019214C08F33A4708ABD663E5DB630C530DA0765FE45F8B416CECD8B16D77DE79E7EBBFFAD5AFD6B7B6B66E8E07BBD19E3D7BB66CDAB4E9ED79F3E6FDCBF7BEF7BDA79B9A9ADE89012CCE02AB86778714C284B07A08619DDFB9B4BB77F32C15C20A212BBEA942FCF3F1C71FAFE81D42E31B2414EE7BFAE9A7A7D7C5F5C71A8A4EC3B40DF59B4A4F6F1CEAD321853007C808614298D7394258B51D23FF281993D402A8714D4D4D27E5F3F9EB9217FCAC64AC4BC6DEF88FE2A13F3724634EFC65106792D5C2F76B275408ABA510D6F99D4BBB7B37CF52212C06B4F8D88643A75BC685F12B7D87D0428CBBEBAEBBD28FA74D9BD6FEF8DDBB77DB86862686FD61327625E3928C7CDD8E2E1C20238409615EE70861991717CA4F8E8DAF5109809A62275408B30DD986AADC058722D705DDDCBE3543114C0873808C102684799D238455CB8CB07B9271A5A366400833440CDB906D285BBA9A1996A5D321853007C8743218A78B1B4298D7394258EFE5F3F98773B9DC6847CD8010668818B621DB50F6635856239810E6009943162F5E1CDADADAFCEECEC088A7FDC730E975EE758E10562C794D3C968C9CA366400833440CDB906D28DB316C6A86239810E6009943D6AE5D1B9A9B9BC3FBEFBFEFF7770622D8EAD5ABEB6AFB8BEF0C7D681DE02EC7983163BC5085B0BA96CBE566E7F3F94B1A00843043C4B00DD98632EB8278F0D2D0F59A6142184258C662D882050BD2DF5DC6D08C7A8C60D1A2458B7A0C613367CEF42215C2EA5AF23A783A9FCF5FD00020841922866DC83694E99DB6ACFF0C1C5D086140065C71C5155D46B0F80ED1F1DF5584B07A96CFE7177CFDEB5FFF1F8E9A0121CC10316C43B621214C0813C2801A9E153663C60C3F2021CC3ED588112DC9F82347CD8010668818B621DB901026840961400D28B556585C1BCC6C3084B0749FEAE55C2E7786A366400833440CDB906D480813C28430A0466785591B0C21AC7D9F6A553E9FFF7D47CD8010668818B621DB901026840961408D98306182D9600861A5F7A9D60C1F3EFC0B8E9A0121CC10316C43B621214C08AB23B7DF7E7B7A801CFF046A4F7CE7CC4208FBF9CF7FEE078210F6EFFB541B92F17947CD8010668818B621DB90102684D5891FFEF087E1539FFA54F8D297BE94FEF9577FF5577E2850830A6B85990D8610D6619FAA6DF8F0E127386A06843043C4B00DD986843021AC8E2258217EC519619FFEF4A7C530A84171ADB0CB2EBBCC0F0221ACE33ED58EA6A6A6FFE4A81910C20C11C336641B12C284B03A8B603D5D0F54B718BAE3EF67A740238475D8A7DA7FE185171EE5A81910C20C11C336641B12C284B01A3F20EE2E76156E77C00CB515BE9D028D10D6C185B95C2EFE0C2E70D40C08618688611BB20D0961990E61EFBDF75E983163467A7077EDB5D786B163C7A66BDF8C1C39324C9C3831DC7AEBADE1EEBBEF0EEFBCF38E239D5E462E33C3A0B6229853A011C23AF8E3646C4FC6D4437F5EE4C81910C20C11C336641B12C23217C29E79E699F420EEBAEBAE0BF7DC734F58BA7469686D6D0D7BF7EE4D6F8F7FB6B5B585975F7E393CFCF0C3E1DBDFFE76B8E1861BC2830F3EE888A7E880B8DC995E95DE1FC8760413BA11C23A44B042FC8A33C2B68A618010668818B621DB9010969910B676EDDAF0FDEF7F3FDC78E38D69E43A78F060D98F5DB16245B8F9E69BC3B7BEF5ADB072E54A07C4151EF88A61509D9C028D10565604EBE97A0021CC10C20CDB901036B821EC97BFFC65983061429833674E4501ACD46CB26F7CE31B75393BACAFB33FCC1E81EA8C604E81EEFD7FBE4C9D3A353DD53E9E729FCFE7D3D3EFE3686A6A4AFF4D9A32654A7A3F21ACAA5CD043EC2ADC6ECD3040083384307F77B621216C6842D8A2458BC235D75C1356AF5EDD2FCFF7EEBBEFA6073071FD30B3420E3B180ADDFDDD95F33C4076C2B753A02B17D79E1C3F7E7C87F0D5D388FFC172FFFDF70B61D513C17A8A5C668665545353D349B95CEEEAE475372B196B92B1EBD0EB706F32D625B7CD4EFE9C14EFE7A7851026628818B621DB90105695212CCE048B112CAEF9D59FE2F35D79E595557BE03210B342CA0961668F40F54430A74057E6ADB7DE4AFF5D28377E951A7FF6677F5675A7DFD75108FBE30A677A557A7F06503E9FBF24197393B1BF82D7E4F3C9FD47FAE951B7E6CF9F2F1E6467EC9D3B77EE01DB90516FDB9010D6BBD352E2CCADFE9A09566A66D8E8D1A3C32BAFBC6256480521CC0133D45E04ABF7D01D4F978FA73B161F44C78F7FF0831F84050B16A4EF52BC73E7CEF4BEBB77EF4EDFA0A5A5A5253D7572D4A8511D1E17679255D37FB2D44908EBED0CAFF8B85D62D890EEEF9E9CBCA69EE94BA04EC6E2E1C3877FC14F93BAB368D1A2CDF17FFF0584A11FC98EC36373E7CE7DD33664D4DB36248455EEB6DB6E4BD7041B4871C6593CA5C5017165214C0C83EC710A74EFCC9C39F3B0F5BFA64F9F5EF64CE4EDDBB7A7F7EF1CD2FEE11FFE4108ABEE08D65F8FA79772B9DC88C6C6C60FFB2350C75328CD0EA3EE242F948B9B9B9B3F7AFFFDF7F7080943378B27068C79F3E6AD4FC6D76C4346BD6D43425865E2A2F6F1DD217FFDEB5F0FF841407C27C95A3B45B237B33A2A0D61F578C00C598F604E81AE7C26587104BBFEFAEBD383EBDE888F8BFF6E151F7C57C3BF2D351EC27A5A187FB09F87F223D845C96BF3607F07EAE439C7FBE952579203E78BE6CE9DFB623CA52AAE2F640CFA883FF737AB3960D8866C4342D8E085B07830F7F2CB2F0FCA41C0ABAFBE5A53B3C27A1BA77A13C2EAE98019B21EBE9D025D99B82658F141F2E4C993DB6797F4569C9572C71D7774384D32EBA7DFD77008EBEF777F34336C1067821547B0FE0ED4668601801096B91016775AE202F9070F1E1CB4038118C2E2415156C4772C7BEEB9E7066C56487F86B07A386086AC4730A74057EE8A2BAEE83013ACAF11AC3886151F78C705F485B041D779A1FB4F2563CCA13F2BD1F97116D01FF8FDDB938B4F871C88407DE834C9617EDA002084652684C5B7AEBFEFBEFB06F540E0AEBBEE0A53A64CC9CC814961672D06B1F8661D8371C0DA971056F8FC9FFEF4A7CD0C838C46B0DEBECE6BF114E8F8EF4CF12957BD9D6DD2DD7FE814CF36CBF229923518C23ACFDC8A11EBFE43DFE7FD15C4B0AE1E27860DA0C6C6C6798311A8E302FA7EDA002084652684C583BBA54B970EEA81C092254BC255575D95B910561871E6427733C4FAE3F4C4BE86B05A3D60862C720A74DFC4FF6428FC7E8DEB080D746CCBF2ACB01A0B61A54E5F1C53BCDD9719C38A2358618C2EBADD9A6103209FCF5F329881DA29920020846526845D7BEDB561F3E6CD837A20B065CB96D0D8D898D910563C43AC7310EBAF03D4FE0861B578C00C598D604E812E1DB87A3AAD7CEDDAB5ED0BE4C783E26DDBB60DC8D71217EB2E7EE7BA2C9D7E5FA321ACAB38552A6A7517C34ADDFFBE12F7B76658FF87B0B98319A8CD0A030021ACEC9D94647C652043D8D8B163C3DEBD7B07F540207EBEF833CD7A082B9E21164F992C675648A79DF97E1DD57CC00CD5C829D0E5FDEEECEEB4F2A953A7B6DF6FA04F891FCCCF550B21AC827D8CAE22D80515C4AD5231ACDC08D63986757B9AE4A851A38EA9F7C0D5D3DF6B5353D3498505F2073350C735C91C55008010D6E3E73D349D7C6E2E97FBF24084B0A10A523DC5A7AC8DCB2EBB2CDD49FFD297BE54F681EF6085B0287E5DF13EEFBEFBAE7A01FD18C19C025DFEEFF152A7954F9C38B1FDF6E6E6E601FD7A5A5A5ADA3F57964EBFCF6A08AB601FA3E21855460CAB3482157FFEAD0D5DCC0C8B112CF99ED625DFD3FF53CFFBAC3DFDBD26D75F3D14813A19931C5500801056D6CE4CD178BA8BFFE5EBF50ECA983163067D46D89E3D7BAA624658FCD9CC9C3933ECDFBFBFC3016977B3431ACC080311AC1F43587F7E3D83F5BBB3F894C9912347B65FDFDF6B1075D6DADADAFEB9B274FA7DD6435819FB189D2358B9A7277615C33EDDCB0856D0ED9A61318225DF4B5BBDC6B072FE5E93EB660D45A04EC61C471500208455BA33D3FEBF7C9D766A7ABD8372F5D5570FFA1A61F1F365798DB0CE01CC0132D40FA740F73D8415CF102BFEB8BFDE91AE2BF19DEA8A3F9F10D66FFB18BD8960DDC5B0B7FB10C1CAFA7AEA398695F3F79A7CBC66280275323638AA000021AC573B33C5FFCB7768DA7BAF7750BEF7BDEF0DFABB463EFFFCF3997CD7C8B85E5A5CD8B55400EBEF03D206EF1A0999134F2D6EC8F829D0D5765AF9608729216C40F631FAFAAE8DA562585F2258E71876811856D9DF6B32F60C51A0DEEBA802006A67A76248475F62CA7DF7DD978EC114D7A3C8D242C6DDCD001BA899587D0D618F3CF248A617D1866A9F11E614E8DECF082BFE9D5A78C74833C2CA9B4597D5F5319331B58FBB52F174C8CE33C1DE3E747D5F4CADE6385C8F81DA510500D0DB00F7622E97BBE8BCF3CEFBCCA1BBF67AE7E49D77DE494F8F3C78F0E0A01D08C47710CAEA5BDB0FD68CACBE84B0C201F1CD37DFAC5AC000700A74EFA24EA9FF54B0465855CE08EBBC8FD1D3BB44F6A4BB1961A5DE4DB25C652DDC5F6F33C3CAF97B4D2EEF32230C00A8969D99CE3BA70D7D0D61D1A44993C2CB2FBF3C2807018B162D0A7FF6677F56F707CCBD3D4016C160705FDB4E81EE398475775AB9778DACAA10D6D53E46213AED6A189835C27A13C32A5AB3AC9E6258397FAFD6080300AA61676649B2F37649173BA77D0E618F3FFE78B8E1861B066556588C60F7DF7F7F4D1D30C703D54A4F53ECCD01B235C1A0BA668635D4F829D0E59C563E75EAD4F683E0813E257E303F578D85B09EF6313AC7A7726786958A60714DB052EF1A59490CEBD59A658762D83B7FFAA77FFA7FD4FBBEA3778D0400B2BC33D3DDFFCEF65B088BE2E99173E6CC19D09DA1B816590C6195ACC5554D31AC92D923951E2067717D20A8074E81EE9BB56BD7B61F04373535856DDBB60DC8E7D9BE7D7B87D330B37AFA7DC64258B9FB18A562584F11AAAB08F6A96E6E2F2786FD6132B636F472E1FE5A8F60E5FEBD26B75F3D14813A1993ECDD0300FDA5CF3B2AF1A061DCB87161F5EAD503B223F4C61B6FA46BB6BCF2CA2B668F5478805C696403B23133ACC129D0A9F1E3C7B71F084F9F3E7D403E473C35B3F039B27CFA7D9642581FF43423ABA708D6D0CB1856383DF312BB7D7DD3D4D47452F25A39304881FA374521EC643F7D002033212C7AE8A187D27555DADADAFA754728AE0F11FFA7BED64E89ECCB0173B907C8BD39ED12189899614E81EE7BA48A07DDFDBD26517CBEF8BC85CF91E57F6B6A248415A254A918566E04AB3486153E9F08D64FF2F9FCDCC10CD4C958ECA70E00642E8445F7DC734FB8F2CA2BFB6D66589C091623D8DFFCCDDF983D52E1017256DF290EEA39863905BA77BEF18D6FB41F105F7FFDF5FDF64E75F11DE9E21A97C5B3C1B27CFA7D0D85B028CE0CEB7C9AE2980A225877316C74A7CF53F19A60F418C22E19E840DDD8D8D83E1B2CF97C23FDD401804C86B0E8C1071F0CA3468D0ABFF8C52FFAB4807EFC5FF9783A648C6B0E9807F7F1C0D085EEDE84B05A7FCDC7D3EF9303E1F6603579F2E43EC7B018C1BEFFFDEF87A203EDCC9F7E5F6321AC38525D50226A9513C11A7A785CA50BF45381E475F3FC0006EA83C5B3C12A5C8B0E0060704358E1A025CE0CFBE637BF59F181C5E2C58BD3F5C6E2FFCCD7F29A60E51ED8563AA3CBC2F8501B31ACC129D087FD274BD181717AE0DDDB5928F171C533C1B27E4A640D87B0E258755151D41A5D41046BE8E271178860031EC24E4EC6D6FE0ED477DC7147F1BA60BBF2F9FC303F6D0020F321ACE01FFFF11FD32016A3D6DFFEEDDFA66F83BD71E3C6B077EFDEF4F63D7BF684CD9B3787458B16A5EF3C146792C5FBC65960B5F8EE9003397BA437F707B2FBDA6E700AF461E2BF0DC5F12A9E9215D7278A8B6A9723DE2FAE3B54BC26581CD572FA7D8D86B05231ACAF4A9D76C900C8E572230A0BE7F753A02E9E09E6944800A0FA4258C1DAB56BC38F7FFCE33071E2C4C30E40E2E98F7191FD18C2B2FA96F5D510C31E79E4919A7AA738A8754E81EE9F9961852016FF0D696E6E4E0FA60BB352E2EC92F8862BF13F617EFAD39F863163C6844E07D95575FA7D0D87B0FE8C61FD1DD5E841F25A1A5B1CC37A1BA88BD7048B2397CBDDECA70B00546D0863600F980BA7468960509DAF6DA7405726FEA7C9F8F1E30F0B62958C6A3CFDBEC64358D4D7D3199D0E3944E2CCB0646CEF65A0FEA4D3EB73578C6B7EAA008010666658C90366A743426DBEB6FBEBFEB52C9E7E5F6910ABE6D3EFEB208415C7AC4A677459187F88C535C3F2F9FCDCBE04EAB830BE35C10000218C2E0F801D10437DC530A74097562FA7DFD749082B8E5A170DD0FD19D820F6B54341EC4025012CCE02F3EE90008010469707CC5FFAD2974430A8214E814608EB55DCFAC364EC4AC62576E7B2A5A9A9E9A47C3E7FDD8811236625635D32F61E8A5EF1CF0DC998938C497126999F16002084D1E30173DC99ACD7F581A0DE668699FD491D86B0E8824391EB826E6EDF2A8201002084D58118C280DA8F612218751CC2A2AE6686391D120000214C08036A298639051A21AC64F412C1000010C28430A0964C9830210D1F4E814608EB10BFA68A600000086142185063E23B1D5E76D96561FFFEFD7E180861FFE682433F830BECBA010020840961408D983F7F7E38F4EE6AE1E73FFFB91F0842D8BFFBCF7E040000086142185043E2699185103666CC183F108430000010C28430A0F62C5AB4A83D8215C6CC9933FD6010C20000400813C280DA12D706EB1CC2E2AC306B852184010080102684D1AFDE7BEFBDB064C992748DA6B973E71A833CE6CD9B97CE885AB3668DD9609DC68C1933BC408530210C00008430218CFE8B608B172F0E6D6D6DE9EC1B6368C6D6AD5B4373737358BD7A75DD6D83575C714597216CECD8B15EA442981006000042981046FF8833C144B0ECC4B0382BCF6C306B8521840100801086103600627811A1B233E2A992F5A4D4DA60A5D60A43080300008430218C3E8BE1458012C2BCCE11C200004008C301B21076687CFCD1E6F0CE8B0F86D7E7DD968E78395E275E09615EE7086100002084E100B96642D8AEEDAD61D5B3B786579FBAB1C388D7C5DB042C21CCEB1C210C000084301C20D74408DBF0FA3F1F16C10A63E3EB73042C21CCEB1C210C000084301C20D746087BF3F91F7619C2E26D029610E6758E1006000042180E906B2284AD9AFBBD2E4358BC4DC012C2BCCE11C200004008C301B2106608615EE7086100002084E100B95A42587C97C8AE4258BC4DC012C2BCCE11C200004008C301724D84B0352D7FDF65088BB709584298D7394218000008613840AE8910B6AD756558F5DCE4C34F8B4CAE8BB709584298D7394218000008613840AE891016C7BA971E392C84C5EBC42B21CCEB1C210C000084301C20D74E08DBB72FAC79E167879F16995C176F13B08430AF738430000010C270805CF5216CD7F6D6B0BAE5AE2ED7088BB7C5FB88584298D7394218000008613840AECE10B66F5FD8BC664178ED99EF7619C10A23DE27DED7EC3021CCEB1C210C000084301C20575508EB691698D9614298D7394218000008613840AE891056CE2CB0EE6687095A4298D7394218000008613840AE8A10D6DB085618829610E6758E1006000042180E90AB2284194298D739421800000861384016C20C21CCEB1C210C000084301C200B618610E6758E1006000042180E9085304308F33A4708030000210C07C842982184799D238401008010860364214C08F33A4708030000843007C808614298D7394218000020843940460813C2BCCE11C200000021CC0132429810E6758E1006000042180E9085304308F33A4708030000210C07C842982184799D23840100801086036421CC10C2BCCE11C200004008C301B2106608615EE7086100002084E1005908338430AF738430000010C270805CB9F1E3C787E79E7B4E0813C2BCCE11C200000021CC0172EDFFACE288416CFEFCF9990861870E683B8CE2EB07333895F33987E2EB12C2BCCE11C200004008C301722F4358615C71C5152567880D4508AB96D9594298D7394218000008613840AEC210563C43AC38886521843594981D3669D2A470CC31C784134E3821DC7BEFBDE96D0B172E0CA79C724A38F2C823C389279E181E7AE8A11E1FB37EFDFA70DE79E7A58F19366C5858B264C9619FB3A7E715C2BCCE11C200004008C301721586B0E21962F194C9AC9D1A59B83C7BF6ECB06AD5AAF4F2F1C71F9FDE1663D5B265CBC2860D1BD2EB8F3BEEB81E1F73E18517A61FC70016FF3CEDB4D30EFB9C3D3DAF10E6758E100600004218998B3B46E523AB33C28A6F3BE28823D2CBEBD6AD0B37DD745338F3CC33CB7ECC51471DD5E3E72CF7790763D82647086108610000208441FF44C33163C684993367A6D125CBA74696BA2D9EDA182FCF9933A7ECC79413C2CA7D5E33C24008030000210CAA2084750E6005D514C20A516BF9F2E5653FA6706A644B4B4B97A74696FBBC4218086100002084418643D8D8B163C38C19330E0B60D518C2A64D9B9646AB71E3C695FD9878DAE359679D952E847FEAA9A7A66B81F5F679853010C200004008830CEA6A06D8508630430803210C00008430183242981006421800000861208419421808610000208481106608612084010080100642D8A08D850B178673CF3DB7C705F9FBFA18210C8430000010C240081BD2D19B8895A5F02584811006000042185469082B44A649932685638E39269C70C209E1DE7BEF4D6FDBBA756B183D7A7438EAA8A3C2D1471F1D2EBFFCF2B071E3C6F4B6B56BD78633CF3C331C79E491E1EB5FFF7A8758B56DDBB670D55557A58F898F9D306142D8B163477AB970BFC27D8B2FC7995FA79C724AFA9C279E786278E8A1877A7C4C579FABA7EF4D0803210C00008430A8D310367BF6ECB06AD5AAF4F2F1C71F9FDE3676ECD8F4E3E5CB9787152B56A497CF3FFFFCF4B6F867E171B366CDEA10A762988A971F7DF4D1F6DB62A02A35BBABF8E318C1962D5B16366CD8905E77DC71C7F5F898723E57A9EF4D0803210C00008430A8D31056FCF111471C915EEE3C1B2B8E785DF16D7BF7EE4D47F1F394BAADF0B8EEA2D6BA75EBC24D37DD94CE346BE8620658E78F2BFD5C85EF4D0803210C0000843010C24A46A6CE8FEB2E84C5D3143BDF164F4DECE9F30D1B362CBD3C67CE9CB243586F3F9710064218000008612084B57FDCD8D8985E8EEB6AC5D323E3E573CE3927BDEDE28B2F6E3FEDF0F1C71FEFF0B8C22995C5A72B4E9C3831BD2D46AAF8715CC7ABAB996485CF55B8BEBBC774F7B9843010C2000040080321ACAC10B665CB9634341516A28FEB82AD5FBFBEFD34C6D34F3F3D3DD570FCF8F1E963E222F78505ECE375F13171C4305558C0FE81071E48D7E98A8F9B3E7D7A87CF376DDAB4F4FEE3C68DEB707D778FE9EE7309612084010080100642589FC7B1C71E1BEEBCF3CEB07BF7EEF41D24E36BF4B4D34ECBC4D73698430803210C00008430A8F110164F898CE12BCEC28A33C6CE3EFBECB064C912210C8430210C00008430A8AD10660861208401008010064298100642180000208481102684811006000008612084096120840100004218086142180861000020848110660861208401008010064298218481100600004218086186100642180000086120841942180861000020848110660861208401008010064298100642180000208481102684811006000008612084096120840100008E2E400813C24008030000210C8430430803210C0000843010C20C210C8430000010C2400833843010C2000040080321CC10C24008030000210C8430430803210C000084301820F3E7CF17A0843010C20000400883DAB778F1E2D0D6D6264265606CD9B2250D93801006000042180C80B56BD786E6E6E6F0FEFBEF8B51198860AB57AFB651821006000042180C640C5BB060417A5A9E3134430403210C000084300010C2000000210C008430000040080300210C000010C2004008030000210C0010C20000400803008430000010C20000210C00008430004008030000210C0010C2000040080300210C000010C200400803000084300010C2000000210C008430000010C20000210C00008430004008030000210C0010C20000400803008430000010C20000210C000084300010C2000000210C80A1B56DDBB6F0CC33CF84A953A786EBAEBB2E8C1D3B368C1831228C1A352A5C73CD35E16FFFF66FC39C3973D2FB2184010080100640D579F1C517C31D77DC91C6AF7BEEB9272C5DBA34B4B6B686BD7BF7A6B7C73FDBDADAC2CB2FBF1C1E7EF8E1F47EB7DD765B58BC78B11F9E1006000042180083EF87FFF4AFA16DFBEE70F0E027E1A6BB17F678FF18B77EF0831F841B6FBC318D5C070F1EECF2BEBF5CF24E878F57AC5811BEFBDDEF86C9932787CD9B370FFAF728840100801006409DFACD6F7E136EFC87E6B2EFDFD2D212264C98909EEAD85D002BE82AACC55329E3F30CC6ECB04ABF47210C000084300032E6D965EBC2CD772F0A93A63587D98BD6A4D77DB46B5FF8CBFFFDABF0D8FC37D3F8B3E8D50DDD5EBFB16D57F8C9AC97D3CBCB57BF1FFEE9B937D2CB3B3EDE9F5E1FEFBB70C5BFDD37CEFEFAF6F7A685BF48AE2BFE9C2FBEB9297CE7670BC2753FFEE770EDD4E7C21F7EF56B69C0B9EEA70BDAC7DCB973C38103073A3CF7A469CF876B6FFD5F61C182055D7E3FF16BFAEB075F087FF38F4BD3EB7FB57263975FDFFE0307D3EF2FDE6FF2FD2D61D5BA0F0EFB1EA3E796BD9B3E2EFE3C5E59F3BE10060000421800D520C69FB7D66F6B9FF1F4C26BAD61DACF5F091FEFFD75D8F4C1C7E12F7EB6B0DBEB8BE3D7DC17DF0DCFFCEBBAF4F2F4675F4F9F3706A738AB2BCE048B0BDFC7D3228B3FE78C1933C20523AE09DF98FC48F8EBEFDF191EFCF9C2306BC19B8702D48EF0370F2D0C3FFAD18FC297BFFCE5F0852F7C21BD7FF173FFC5CF9AD3E72DCC0CEBFCFDC4AFE9473396855D7B7E9D06AF4220EBFCF5453F5FB83ABDFD934F7E939E06F9BD075A0EFB1EA3F8DC3B77EF0F9BB77D9CC630210C0000843000322C86AD1871E2CCA7B8FED5E30BDE4AAFBFEF5F56A681288A4128CEB0EAEEFA188F5A5EFBB759563116C5681415425914E3573C8DF117F35F69FF9C774E5F1A26DCFAB3306CD8B030E5C1B9E1E5B7B7A4F77D2279BEC273C428F5DA3B5BDB9F27CE0A3BF5D453C3B7FFD773ED0BEA47EFBEFB6EF8D6CD53C277EF5974D8F713BFA652CF5DFCF515C4EB8A67A1C599619DBFC7E89D4D1F8559CFBFDDFE5C4218000008610064D80D7FFF7C3A4B2ACE6ABAEDA117D2D3FFE25A58F1FA187DE2E5A797BE137EB1784D97D747F73FF55A78E3D0298477FF624558DBBABD3D2A6DDFB52F3DBD70D2D47F4ED7042B7CCE77376D0B574FF945B8E8B2A6B075EBD60E8F8BC16DCD860FD3CBF1EBEA6CD7AE5DE1DAA9CF860BFFF4B2B0FCED4DE1EF1E7F29BDFEFABB1684BFFAEB3B3A7C3F9DBFA6E2E72EFEFA0ACF71CBFF5E5C7241FCE2EF31CE1E8BF78933E3AA61DD30210C0000843080BAF7FF36BF9D86A9FF3D67651A77E23B3EBEFDDE87E94CAA38A32ACE868AF7E9EEFA28CEC23A70E872E179A218CDD2B5B6EE6B0E93BEFBD7E1D7BFFE75FBE79C78DBC3E19ABF7B3A7CF4D18EC31E973EDF8183E181071E4C6777C553183B5BFCEA7BFF7F7BF71B5AD7791E00BC0343BF8CED5BC9076F9890826119F3C0837C68C0B07C11F587905939EFB94742B6232BC411B1AAD8499310546284B00CD3669A251F9C41409D204E08C45B6C9097D8539D89A8984465ACB649DBB9159AE3A9AAE5F84F6C3767E7BDF11527C25264C7FA77FDFBC1837CAFCE39F7E8D105498F9FF779F31DFF3098B7EF79AB5AF8AA7D3D1DFF7824DFF3FAD1AF5C6FE6B567DE5F4FFFF0F435E2BCAF17F7FFB4FAFC8FDF3A315D4C2B7F8D3FFBC5FF56BBDA62112C2EBB540803000085300056A0B804B036207E3ECFCF4777777775487E4D9CF1159743C64EB0D91C3B762C0F21E41F7CF0C1ACC7C4CEB0B84C325EAF66747434EFEAEAF28D5408030000853000E6D6FB2F1FE657AE5E9FF7F35F676262A23AC8FEFAF52FCF8DBB3EC681F7870E1D9AF59C2B57AEE44F3CF1445EA954F2F6F6F66A27D96CE2CCB078BDDA6E92514747477526190A61000070470B61E541C50030D3E1C387F3FDFBF77FA570B56EDDBA39CF3970E0409E6559B58B2C7E7CFBEDB7E73C3EEE26592EACF5F7F757E791512D3C4E2A840100C01D70EFBDF75E181919F1570600B3EAEBEBCB878787A71FC70EAFDDBB77CFD941D6D2D292BFFEFAEBD5C7F1E3E6CD9BF3C9C9C959CFD9BB776FDEDADA3AFD3816D07A7B7B25FFCB5CFCACF8917DDA6F2D0000F00DAD5DBBF6D58686866BFECC0060367199E2F8F8F8F4E3F5EBD7E7434343B31EFFF2CB2F578B5A9F7DF6E5F0FA3807ECB1C71ECB5F7DF5D559CF89FF2913678ED5C46591DBB76F97FC3CBF76CF3DF7FC7BF123BBC76F2D0000F0CDFD71E1BF1E7CF0C173C3C3C393E5F92C0010C56EAEF232FA55AB56CDBAACFE934F3EC9D334AD2EA72C7BF7DD77ABCFFFFAD737DFA131FEFCF956696E65BC7E7373F3DD5BFDBA766D327682DD2882FD77FC79ED57160000B843C5B0227E74E317ED5C0821842847DCF9B1EC5B736CB412777BECECEC9C1EAC5F131FC7CEB2975E7A69D673675E37BEEE5D9EFBB81C72AF2218000000C02249D3F4B3F97484C53962B17875E2C48959973FC6CF7FF8E187F3EA086B6A6AFA42F60100000058342184D3E3E3E3D7E79A1176F5EAD5FCA9A79ECABBBBBBE75CF21787ECEFD8B1239FB914FF6633C2DADADAAEC83E000000008B268470E0D8B163BFAD15A96EB66BE43BEFBC93572A95FCCC99337316C2E28CB0382BECE0C1835F79FE66BB46BEF0C20B67641F00000080459324497B4F4FCFCF6B45AAC1C1C17CDDBA75D345ABF3E7CFE75BB66CC9F7EFDF3FAF41F071F7C8AD5BB756CFAB79E08107F243870E4D3FEEEFEFCFF7ECD9D32FFB000000002C9A2CCB56B7B4B49CAD0DC08FCB1AEFBBEFBEE9C2552C80C54258B9B03597C9C9C9BCB85EFEDA6BAF4D17D6E2F5CACB2577ECD8F1C5BE7DFBFE5AF6010000005854954AE5C8F0F0F0D95AA16A6060A03AD3EBE38F3FAE2E898CBB41C682D67C23EE2E19CF3B79F2647EFFFDF757AF57333A3A9AEFDCB9F39CAC03000000B0E8D2347D78DBB66D63B5AEB0A8A9A9297FE49147AA3B41DE6E6CDAB4A9FAB1ECB9E79EFBE299679EE990750000000096449AA647DF78E38DB15AC1EAF2E5CBF9C68D1BF3871E7AA8BADCF1565CB87061FADC789D9AC3870FE71D1D1DBFDDB061C32A190700000060498410D6645976EEE4C99397CAC5B0D8191697499687DDCF252E8D8CCB21632758B9081677946C6B6BBBD6D9D9F957B20D000000C0924A92246CDEBCF9D3C2F572712BCEF88A03EFE36E92BB77EFCE878686A68B5C7108FEC8C848BE77EFDEEAEE90F1B8F24CB0A8B85EDEDEDEFE87175F7CF1195906000000605908216CDEB265CBB953A74E7DA518160B5EB1DBABBDBD3D5FBF7E7DBE6AD5AABC38BC1AB1F8D5DADA5AED1A2BEF0E59EB047BF2C927AF3FFBECB33F965D000000009695D8199665D9EFDF7CF3CDB3E501FAB72ACE046B6D6DFD7CD7AE5D3B6515000000806529CE0C6B6A6A7A7FFBF6EDFF77E2C4894BB752001B1D1DCD9F7FFEF9CF8B734F6FDBB6ED2F641300000080652F84B0A9A5A5E53FB66DDB76FE95575E998AF3C0C6C7C7A767845DBA74A93A03ECA38F3ECAFBFBFBE3D2C92B45FCF2F1C71FDF6E774800000000569C2CCB56A769DAB175EBD677E340FD4AA57235EE0C19A3A5A5E577EDEDED236D6D6D5DB1934CB600000000A82B0D0D0DDF0E215C910900000000EA5A6363E39F86107E2F1300000000D4B5E6E6E6EF8410CECA040000000075ADB1B1F1CF4308FF231300000000D4B54AA5F2DD10C2299900000000A0AE6559F69749928CCA0400000000752D4992BF09218CC80400000000752D4DD3EF851086640200000080BAF6E8A38F3E144238221300000000D4B510C2F78BF8579900000000A0AEA569FA774992BC291300000000D4B51042A5889FC80400000000752D84B0B588D7640200000080BA9624C91321847F920900000000EA5A08E10745FCBD4C0000000050D79224F9619AA63D3201000000405D0B21FCA8882E9900000000A0AEC56EB0D815261300000000D4B52449FAD234ED58C95F439665AB8BAFA33D8470A088D3455C28222FE27211BF2A3EF776F171673CCE771C000000E02E15778C8C3B47AEC47B4FD3F4E122068BF8FC46E16B3EF17E717C93EF3C000000C05D264DD37F4E9264CB4ABAE710C29AE2BE0FDF42F1EB6631D4D8D8789F7700000000C05D2284F093222A2BE57E932409954AE577E5A2569665794F4F4FFEDE7BEFE567CE9CC9A7A6A6F2E8E2C58BF9D8D8587EFCF8F1BCAFAF2F6F6E6E9E590CBBA03B0C000000E02E1142782B49924756C2BD16F7B9314DD3EBE502587F7F7FFEE9A79FE6F3313939593D3E9E572E8815D76CF54E00000000A8734992FC5B08E1FB2BE03E43B908D6D9D959EDFEBA1DF1BC5DBB76CD2C86E90C03000000A86721842345FCED32BFC735E5E5905D5D5DD3CB1F6F575C36D9DDDD3D7399E45AEF08000000803A1542F8699AA6DF5BCEF758A9548E943BC1BE6911AC5C0C9BD11936E41D0100000050A742082345AC5FAEF797A6E9C3E59960B7BB1C72AE6592E59961964802000000D4A910C2CF9324B97FB9DE5F9AA683B522551C74BF10060606748501000000D4BB10C2A94AA5F2DDC57EDD58E0FABA25995996ADAE0DC88F5D5B1313130B52088BBB49363737978B616BBC3300000000EA4C08E14C117FB604AF5B5B8A389824C903373BA678BEBD765C6F6F6FBE90FAFAFACA85B09DDE190000000075268470B6B9B9F93B4BF0BAF98C3834B343AC78EE40EDF3478F1E5DD042D8F1E3C7CBF772D03B03000000A0CE8410CE6759F6274BF0BAF9CDA2BC64B2787CBAF6FC9D1E923FD3D8D858F93E7EE39D0100000050674208571A1A1ABEBD04AF9B7F4D1C2AE252EDF1D4D4D48216C22E5EBC587EEDCBDE1900000000F5E58FE651905A16B118CAAFE7AD01000000C01D3147D16B2449928D1B366C5855FCFB828E300000000056B4B90A60A563CC080300000060652B159DFE334DD387CB05B0D231768D040000006065BB5907D84CC5E7DB6BC5A9DEDEDE052D84F5F5F5950B613B7D870000000058345996AD0E215C8BC5A9E2DFF9C4C4C48214C1262727F3A6A6A62F4A85B035B20F000000C0A24AD374B056A0EAEFEF5F9042D8C0C040B91B6C48D6010000005874717E58AD4815BBC2EEF4D0FC78BD4AA532DD0D56BC5E93AC03000000B0244208EFD70A559D9D9DF9D4D4D41D29825DBC78317FFAE9A7AF97BBC1E69A5906000000000B2ACEEC2AE25CAD60D5D5D5F58D8B61B108D6DDDD5D9E0B76214DD3B5B20D000000C0924A9224D406E7D73AC36E7799643C6F4627982591000000002C1F2184CDE562589C191607E8C75D1FE7BB3B641C8C5F9E09162349921FCA2E00000000CB4AEC0C2B62B25CC88A05B1DEDEDEFCE8D1A3D56EAFDAB2C9B8FC716C6C2C3F7EFC78BE6FDFBEBCA5A5E50FE5F3E272C8585C93550000000096A538332C4DD3C11945AD5B8D2133C100000000581142089B6E14C4AEDD4A012C7681D91D12000000801527CBB2D5699A7684100E14F1AB222EDF287AC58FBF29E260113B6327996C0100000000000000000000000000000000000000000000000000000000000000000000000000B0DCFC3F793411F8C4BD8B760000000049454E44AE426082, '1');
INSERT INTO `act_ge_bytearray` VALUES ('182506', '1', 'C:\\RealCode\\TNA\\JC\\jc-web\\target\\test-classes\\processes\\Developer_Hiring.hireProcess.png', '182501', 0x89504E470D0A1A0A0000000D49484452000004C2000001E80806000000AB78435700005E204944415478DAECDD0B905CE561E0FBB131C5725996A56A09D765BC21755D8E42088BB9617105C3655DD9022AA478596EF58C5E9105C832600222601322074C8CE5385A9B280696771404D2C53251300F3D18491EA40810428897748510D24862841092D0CB12FEEEF94ED4939E51CF4CF73C4F77FF7E555FA9A75FF3D0E9D1397F7DE7EB86060000000000000000000000000000000000000000000000000000000000000000000000000000000000000000000000000000000000000000000000000000000000000000000000000000000000000000000000000000000000000000000000000000000000000000000000000000000000000000000000000000000000000000000000000000000000000000000000A8092184CFBCF3CE3BB3962E5DFAC9FCF9F3C3DCB9738D411EF3E6CD0B8B162DFA2019236D9100000000032446B0C58B1787B6B6B6B07FFF7E6388C6D6AD5BC3C2850B77CC9B37EF6BB64A00000080011067828960998961FBE7CE9DFBA6AD120000006000C4D32145A8EC8CB973E71EB055020000000C80B846950095A910166C950000000003A09210B6F9C38FC3F53356A4235E16AE843000000080AAD15D08DBB76F7FD8B6734FFBC78BDEDCD21EC2E2E5C2F56D1FED0E1FEDDA2364096100000000D9D555088B116C7ACBBAF09D592BC373AF6D0ACD6F6C0EB7FE7C557B088B97E3F54FBDB231DC9CDCE7EF9E793BECF8580C13C20000000032AAAB10F6C18EDDE1A6992BDBC3574F63D263AF860D1FEC14B38430000000806CEAEED4C85FAE682D3B84CDFCD7F542961006000000905DDD85B0783A642174DDF8F8ABE1D117DE0D6BB77C948E78395E57B8FDE9575B852C210C00000020BB4A85B0F88E907131FCE235C162F8EA7CBF785DF19A61F131DE4D520803000000C8A45221ACD4A98F711658E7FBC5EB4ADD57D012C20000000032470813C200000000EA825323853000000080BAD0FD62F95BCA5E2C3FDE57C812C20000000032ABBB10F6CCCAD692A73E961AFFF2CA46214B0803000000C8AEAE42D8073B7687EFCC5A597608FB8B99AF86B68F768B59421800000040367515C276EFD9177EB6604D7AFAE3EC97DE0BCFBFD171CDB078B9F98DCDE1B9D736A5C1EC81456BC3DE7DFBC42C210C000000209BBA3B3532C6B02DDBFF7DF1FBB8187E2184C5CB85EB3FDCB9470413C200000000B2ADBB1056EADD240B21CCBB430A610000000055A5921066086100000000554B0813C200000000EA8210268401000000D405214C0803000000A80B429810568D9A9A9A4ECAE572578F1831625632D6246357324232F626635D72DBECE4CF49F17E7E5A000000404A0813C2AA493E9FBF24197393B1FF50F82A673C9FDC7FA49F1E000000D439214C08AB0623468C38399FCF3F5341FC2A35160F1F3EFC0B7E9A00000050A78430212CEB72B9DC88C6C6C60F8BA356535353F8C10F7E10162C5810DE7BEFBDB073E7CE10EDDEBD3BB4B6B6869696963075EAD4306AD4A8CE316C97D96100000050A78430212CCB72B9DC45F97CFE6071009B3E7D7A686B6B0BE5D8BE7D7B7AFFF8B8E220963CE7783F5D000000A83342981096557126587104BBFEFAEBD3D95FBD111F77E38D37768E616686010000403D11C284B02C8A6B82159F0E3979F2E4F6D31F7B2B9E3679C71D77743E4D72989F36000000D409214C08CBA2C6C6C679C533C1FA1AC18A6358A799618BFDB4010000A04E08614258D6E4F3F94B8AD704EBEDE990DD9D2659BC66985324010000A04E08614258D6E4F3F9B985481517BA1F083366CC302B0C0000006A292624E32B3DDD4F0813C2B2B44D3635359D5458203FCEDADAB66DDB8084B0F86E92A3468D2A8E6127FBAD0100000055AAE8B4AFB9B95CEECB5DDDAF9210B66CD9B270CE39E784A38E3A2A1C7DF4D1E1ECB3CF0E2D2D2DFD1A82922F291D43FD3C0B172E0CE79E7B6EBF7F5DF51CC2CAD92693EBAF2EDC6FCA942961204D9D3AB538844DF25B03000000AA3C3A148DA74BCDC6A924847DF18B5F4C63D0CA952BC3F2E5CBD3CB9FFFFCE73319C2AAF5EBA88710D6DD36995C37AB707B7373F38086B018718BBE96397E6B00000040ED4487F6D938C5F1A19210166781250F096FBDF5D661B76DDDBA358C1E3DBA7DB6D8E5975F1E366EDCD8212A4D9A34291C73CC31E184134E08F7DE7B6F7A5B7CAED34F3F3D7DCCB871E3BA0C5085EBE32CAD33CF3CB3ECCFD9D3FDD6AF5F1FCE3BEFBC70E491478661C38685254B96A4F72B3CBEF01CC597E3E97A575D7555FA5CF1BE13264C083B76ECE8F17B15C27ADE26938FD714AEEFEF45F23B6B6D6D2DFE3A36F8AD0100000035161D8A67E3C4D3D32A0961F154B5E4A9D3C03371E2C4746658E1B6B163C7A6B7C599622B56AC482F9F7FFEF91DE2D0ECD9B3C3AA55ABD2CBC71F7F7C7A5B8C5085DB9E7CF2C91E43D8FCF9F3C3A64D9BCAFE9C3DDDEFC20B2F4C3F8E012CFE79DA69A7959C1156FC718C60F1F2A38F3E1A66CD9A955E8E31ACA7EF5508EB799B4CC69EC2C73B77EE1CD010B67BF7EEE2CFBDD76F0D00000018F883FF211D952E961F4F278B6129C6B0E4DB4BE358BCBEF32CAA38E2755D45A5238E38A2C3E3F6EEDD9B8E861E4258BC4FE1BA723F6777F72BDCD6D3A991A59EAFF86B2EE77B2D67647D7B19CC31188A3F9FDF56000000D00F212C6301EEC55C2E77D179E79DF79978BFDEBE6BE4860D1B4A06A5E250D5DBA8544E98AAE4737677BFDE84B0C229A2C55F730C833D3DCE8CB09EB7C9E4F22E33C2000000A08A0FFE33121D3A04B0824A42585C432B7948FAEE912FBDF4527A392EA01F6F6B6C6C4C3F8EEB611516D28FEF30D9531C8AA728361C3A95B0709A61439921ACDCCFD9DDFD0AA746C6996E0D45A7461666BCC5B5BF3A07BAC2A996C5A746C6534585B0BE6F93D608030000802A3FF81FE2E8B0249FCF5FD23980155412C2E2FA5A3120C55954F174BFB3CF3E3B5D5B2BDEB665CB9634101516908F812B2E44DF531C5ABB766D1A9FE262F5E3C78FAF2884F5F4390BA7247677BF75EBD685B3CE3A2BFDFCA79E7A6A1AF9E2F50F3CF040BAB6577C8EE9D3A71FB6587EFC5AE373C5112358E7C5F285B0DE6D93DE3512000000AAFCE07F883E6FC919609DF5F6D4C82C8F78CA5BF2AD85CF7EF6B355F7B5D77808EB719B4C6EBFBA10A7E2FA730369EAD4A9C5216C92DF56000000D0F783FF4C878D5A0C615FFDEA57C3B1C71E1B1E7FFC7121ACCA3435359D94BC660EC4D74D72399D7D3710B66FDF1E468E1CF99BA21076B2DF56000000D0474298218455269FCFCF2D04AA785AEA4098316346F16CB0C57E53010000403F10C20C21AC3271FDB042A48AB3C2FA7BD1FCF87C8D8D8DEDB3C192CF37D26F2A000000E8074258B64643D1E2F50D152E642F840DEAEBE6F942A8BAFEFAEBC3CE9D3BFB2582C5F5E36EB8E18683C5B3C17A5A470F00000028FF805E08AB8228268465EE75737232B61682D5E4C993FB1CC36204BBE38E3B8AD705DB95CFE787F96903000040FF1DD00B61158CAD5BB786D1A34787A38E3A2A1C7DF4D1E1F2CB2F0F1B376EEC10AECE38E38C70E49147A60BE2C74072E9A597A6F73FF1C413D335A5E27D172E5C184E39E594F47EF1FA871E7AC88CB02A93CBE5461416CE2FCC0CEBED6992F1719D6682392512000000FA9B1056D9183B766C1AA7962F5F1E56AC58915E3EFFFCF33B84AB279E7822AC5BB7AEFDE359B36685356BD6A4978F3FFEF8F4BE31822D5BB62C6CD8B021BDFEB8E38E13C2AAF3F533B63886C535C362EC8CEFFA58EEBB43C685F18BD7048B2397CBDDECA70B000000FD7F202F845530E2CCAE864381AA30E275A5C255771FC75076D34D378533CF3CB3CBF8D52084558538332C19DB8B43560C6253A64C09CDCDCDE96CAFC26993F1F4C7D6D6D6D0D2D2127EFAD39F863163C67C52FCB8783A648C6B7EAA000000300084B0DE85B0BD7BF7F6B8A657771F0F1B362CBD3C67CE1C21AC365E4727E7F3F9B99DA256A563B135C100000060600FE085B00A466363631AA7EEBDF7DEF4F4C878F99C73CEA9388415825AE1391A84B05A793D7DED50103B5049008BB3C0BC3B240000000CFC81BB1056C1D8B2654BBA4E585C283FC6ACB83ED8FAF5EB2B0E61D3A64D4B1F3F6EDC3821AC063535359D94CFE7AF4B5E5FB392B12E197B0F45AFF8E78664CC49C6A43893CC4F0B000000068910660861000000405D10C20C210C000000A80B4298218401000000754108338430000000A02E0861861006000000D40521CC10C200000080BA208419421800000050178430430803000000EA8210660861000000405D10C20C210C000000A80B4298218401000000754108338430000000A02E0861861006000000D40521CC10C200000080BA208419421800000050178430430803000000EA8210660861000000405D10C20C210C000000A80B429821840100000075410833843000B22284F09977DE7967D6D2A54B3F993F7F7EFAEF8E31B863DEBC7961D1A2451F2463A42D120010C28430210C0006488C608B172F0E6D6D6DFEDD1DC2B175EBD6B070E1C21DF3E6CDFB9AAD120010C20651FCDF603BA499197BE7CE9D7BC0AB0680811267828960998961FB937FF7DFB455020042D8205AB468D1663BC4D918ADADAD8FD921066020F90FB0CCCD04F71F600080103698162C5870717373F347EFBFFFFE1E3BA44337132C46B079F3E6AD778A040003C9920896440000A8EB1016CD9B37EFA26447ECC5F8BF9216B11D92117FEE6F8A60006429846DFEF0E370FD8C15E98897852B210C00A026421800501FBA0B61FBF6ED0FDB76EE69FF78D19B5BDA4358BC5CB8BEEDA3DDE1A35D7B842C210C00E07042180090155D85B018C1A6B7AC0BDF99B5323CF7DAA6D0FCC6E670EBCF57B587B078395EFFD42B1BC3CDC97DFEEE99B7C38E8FC530210C00A013210C00C88AAE42D8073B76879B66AE6C0F5F3D8D498FBD1A367CB053CC12C200003A12C20080ACE8EED4C85FAE682D3B84CDFCD7F542961006007038210C00C88AEE42583C1DB210BA6E7CFCD5F0E80BEF86B55B3E4A47BC1CAF2BDCFEF4ABAD42961006007038210C00C88A52212CBE23645C0CBF784DB018BE3ADF2F5E57BC66587C8C779314C200003A10C20080AC2815C24A9DFA18678175BE5FBCAED47D052D210C00A09D100600648510268401000C28210C00C80AA7460A610000034A080300B2A2FBC5F2B794BD587EBCAF90258401001C46080300B2A2BB10F6CCCAD692A73E961AFFF2CA46214B080300389C10060064455721EC831DBBC37766AD2C3B84FDC5CC5743DB47BBC52C210C00A023210C00C88AAE42D8EE3DFBC2CF16AC494F7F9CFDD27BE1F9373AAE19162F37BFB1393CF7DAA634983DB0686DD8BB6F9F9825840100742484010059D1DDA99131866DD9FEEF8BDFC7C5F00B212C5E2E5CFFE1CE3D2298100600509A10060064457721ACD4BB49164298778714C20000CA228401005951490833843000808A09610040560861421800C08012C20080AC10C284300080012584010059218409610000034A080300B2420813C206435353D349B95CEEEA643F785632D6246357DC274EC6DE64AC4B6E9B9DFC3929DECFAB12006A8C10060064851026840DA47C3E7F4932E62663FFA1F055CE783EB9FF48AF4E00A81142180090154298103640FBBB27E7F3F9672A885FA5C6E2E1C3877FC1AB1400AA7FC74008030032410813C2FA5B2E971BD1D8D8F86171D46A6A6A0A3FF8C10FC282050BC27BEFBD1776EEDC19A2DDBB7787D6D6D6D0D2D212A64E9D1A468D1AD53986ED323B0C00AA9C1006006485102684F5A75C2E77513E9F3F581CC0A64F9F1EDADADA4239B66FDF9EDE3F3EAE388825CF39DEAB1500AA543584B065CB96FDD1C48913D7FCDEEFFDDE81E4C36018866118C6D08F934E3A69CF17BFF8C50793CBFF510813C23218C1461447B0EBAFBF3E9DFDD51BF17137DE7863E7186666180008610313C112072FBAE8A2F0E28B2F86BD7BF7060060681D387020BCF6DA6BE1F2CB2FFFCDB1C71EBBBABF6298102684F5D3FEEDC9C5A7434E9E3CB9FDF4C7DE8AA74DDE71C71D9D4F931CE668020084B07EF5AD6F7D6B6D8C60004036FDCFFFF93FB726FF64FF400813C2B2A2B1B1715EF14CB0BE46B0E218D66966D8624713002084F5AB783A649C09060064D3EBAFBFBE33F9277B8D10268465413E9FBFA4784DB0DE9E0ED995F87CC56B863945120084B0FEE6744800C8B0789A64C3BFAD1B26840961590861730B912A2E743F1066CC986156180008610317C200806C13C284B0C1085CC9F84A77F7696A6A3AA9B0407E9CB5B56DDBB601D9DEE3BB498E1A35AA38869DECA802008430210C0084B0010961CB962D0BE79C734E38EAA8A3C2D1471F1DCE3EFBECD0D2D2D2AF11E8D0F734208169209FBB564358D1A9887373B9DC974BDD27B9FEEAC2FDA64C9932A0DBFCD4A9538B43D82447150020845545082BEC8876775B1C7147FBBFFDB7FF165E79E515473B0030C421EC8B5FFC62FA3957AE5C19962F5F9E5EFEFCE73F2F84D541082B1A4F779E21965C37AB707B7373F3806EF331BC167D2D731C550080105633212CFAD5AF7E955E8E310C0018DA10166781C5CFF9D65B6F1D76DBD6AD5BC3E8D1A3DB678B5D7EF9E561E3C68D1D02D4A44993C231C71C134E38E18470EFBDF7A6B7C5E73AFDF4D3D3C78C1B37AECB5875E2892786ABAEBA2ABD7CF7DD77A7F7F9C94F7E927E3C61C28470ECB1C796FD75C4CBEBD7AF0FE79D775E38F2C823C3B061C3C292254BD2EBE3697DF1F3C4C7C6E788CFBD63C78E0E8F3FE38C33D2C7C5CF3979F2E470E9A597A6F78D5F635C1FABA7AFA3CA4358FB0CB142104B3E5E53B8BEBF17C9EFACB5B5B5F8EBD8E0A8020084B0410D614F3DF554F8833FF883746730EEE4C51DCAC20E50E7D855FC71E1F295575E993EEE4B5FFA5258BB766D978F8BCF5F7C5BFC3CFFFDBFFFF7F4BA5DBB76856F7EF39BED3BACDFFAD6B7DA17FADFB46953F8EA57BF9A3EFEF77EEFF7C24B2FBD945E1F7768C78E1DDBBE733A7CF8F0D0D6D6D6E3F7D4DD6D0050EB212C9EF6163F678C5913274E4C6786156E8BFFAEC6DBE24CB1152B56A497CF3FFFFC0E0169F6ECD961D5AA55E9E5E38F3F3EBD2DFE5B5AB8EDC9279FEC3284C5D8F4D9CF7E36BD1C4FC98CF739EBACB3D28F3FF7B9CF858B2FBEB8ECAF235EBEF0C20BD3CB3180C53F4F3BEDB4F4FA18C1E2C78F3EFA6898356B567A39C6B0E2C73FF1C41361DDBA75ED1FC7FBAD59B3A6C3F7D5DDD7510B21AC78865832F6143EDEB973E7806EF3BB77EF2EFEDC7B1D5500801036A821ECB8E38E4B77ECE2FF70C6D317E3E542A02A2784C5B01447216E7535232C86B2E2DB162D5A143EF8E083F4BA18C1E2753367CE4C77A2E3E518C3A23FF9933F493F8E01ACA1686659E17F9C5F7BEDB5F8F6F3E9E5B843DCD3F7D4DD6D0050EB212C8E786A5A8C3C3186C5CF1FE358BC3EFEE75243D1F2060D87963828754A62BC7CC4114774785CFC4FAC38BA0A61B7DC724B7A7D9C7115FF2CFC9B5CF8B8305BACDCAFA370BFCE9FA7D4D7D3DDF7D1D5C7DD7D1D3D8D32E25366C76028FE7C8E2A0040081BD410F695AF7CA57DC6568C4EF7DC734F3ADBAADC10F6C9279FA4A3B073587C5B6127F9F77FFFF7C3D2A54B0F7B5C416147B3D473156EEBACAB9DD39EBEA7EE6E03807A086185B161C3860E71A73820F5B43657A960D453082BCCCE8AB3BFE29FF7DD775F878F1F79E4918ABE8EAE4258E1F4CFE2AF2746BFDE86B0525F478DCC087B3197CB5D74DE79E77D26B9BCCB8C3000A02E42580C4F7151D43FFFF33F0FFFF5BFFED77487EF777FF7777B15C2E28E67A9C795D8E1EF705D6187B5F8B9E20E6B3921AC38A895F33D75771B00D47A088B6B69C5CF19DF3DB230DB3A2EA01F6F6B6C6C4C3F8E6B7F1516D28FEF30D953308AA70B361C3A35B210BB4A05AAB8A657E1B6B8A658BCEECC33CF6CBF6EFEFCF9157D1D855323E30CB786A253230BA734169F1A194F03AD348475F7755479086B0F6045F7B1461800501F21ECCB5FFE72FBA987F154C578F9A4934E4A6FFBADDFFAADF4E3B7DF7E3B3CFBECB32543D8638F3D169E7EFAE9F4729C61D59B105638CDB1F8D4C86BAEB926BDAD706A64DC616F283A3572E4C891E9C70F3CF0407A7A64BC7CEEB9E7F6F83D75771B00D47A088B6B5DC59813FF4329CEDA8E6B75151699DFB2654B1A910A6B76C6C015E3554FC128AE111A23549C6D3D7EFCF86EDFD9B1703AE65D77DD957E3C6DDAB4F6FBC79942957C1D718DAFB8C658FCBCA79E7A6ABAAF50582C3F7E1DF1B171C408D679B1FC724258775F479586B025F97CFE92E20056741FEF1A0900D447088B8BD1C777418A3B79714732AE97F5C20B2FA4B7C5353BE2FA1DF1B61B6EB8A164088BEB7BC5C7C540F5EEBBEFF62A84C5C5F2E3A2FB851DD618C10A8BE5C7B5BC62BC8A9F232E721FD7F58A3EFCF0C334A015764EE3FF0AC7EFA5A7EFA9BBDB00A0D643983138236321ECB019609D25B75F5D885371CDB8813475EAD4E21036C95105000861831AC2000021CCA8DD10568EA6A6A693927DDB0371FF36B99CCEAA1B08DBB76F8FB3FA7F5314C24E76540100429810060042981026840DAA7C3E3FB710A8E259010361C68C19C5B3C1163BA20000214C080300214C0813C28622845D5288547156587F2F9A1F9FAFB1B1B17D3658F2F9463AA20000214C080300214C08EB341A8A16B16FE866317E21ACCFFBB7CF1742D5F5D75F1F76EEDCD92FDB797C23841B6EB8E160F16CB0EED62C03008430210C0084B0BA0D615D453121ACDFF76F4F4EC6D642B09A3C79729F63588C6077DC7147F1BA60BBF2F9FC3047130020840961002084D55C082B84AB33CE38237DC7E6638F3D360D2C975E7A69FACECF279E7862BA2655BCEFC2850BC329A79C92DE2F5EFFD0430F991136C872B9DC88C2C2F9859961BD3D4D323EAED34C30A744028010268401801056FB21EC89279E08EBD6AD6BFF78D6AC5961CD9A35E9E5E38F3F3EBD6F8C60CB962D0B1B366C48AF3FEEB8E384B0A1D9CF1D5B1CC3E29A613156C6777D2C47BC5F5C18BF784DB03872B9DCCD8E2200400813C2004008ABF91056CEC73194DD74D34DE1CC33CFEC327E09618323CE0C4BC6F6E2901583D8942953427373733ADBAB70DA643CFDB1B5B535B4B4B4849FFEF4A761CC98319F143F2E9E0E19E39A23080010C284300010C284B0431F0F1B362CBD3C67CE1C212C1BFBBB27E7F3F9B99DA256A563B135C100400813C2000021ACD3C771CDB07879F9F2E54258B6F67BBF7628881DA82480C55960DE1D12008430210C0010C24A7C3C6DDAB434868D1B374E08CBA0A6A6A693F2F9FC75C97EF0AC64AC4BC6DE43D12BFEB9211973923129CE2473B400004298100600D45D08ABC751AB210C0010C2843000400833843000400813C20000214C08030010C284300010C28430210C00400813C2A03FBDF7DE7B61C9922561FEFCF9E9C18931B863DEBC7961D1A24561CD9A35364610C284300000214C0883818C608B172F0E6D6D6D0ECE86706CDDBA3534373787D5AB57DB28410813C200008430210C06429C092682652786C55979801026840100086142180C80185E1C9465EBE01010C284300000214C088301E0E050080321CC10C20000843010C28AC6C71F6D0EEFBCF860787DDE6DE98897E3750EE8843010C20C210C0010C28430A89910B66B7B6B58F5ECADE1D5A76EEC30E275F1360775421808618610060008614218D44408DBF0FA3F1F16C10A63E3EB731CD4096120841942180020840961501B21ECCDE77FD865088BB739A813C2400833843000400813C2A02642D8AAB9DFEB3284C5DB1CD4096120841942180020840961208419421808618610060008614218544B088BEF12D955088BB739A813C2400833843000400813C2A02642D89A96BFEF3284C5DB1CD40961208419421800208409615013216C5BEBCAB0EAB9C9879F16995C176F7350278481106608610080102684414D84B038D6BDF4C861212C5EE7804E080321CC10C20000214C0883DA0961FBF685352FFCECF0D32293EBE26D0EEA843010C20C210C0010C28430A8FA10B66B7B6B58DD7257976B84C5DBE27D1CD8096120841942180020840961509D216CDFBEB079CD82F0DA33DFED32821546BC4FBCAFD9614218643584CD9F3FDFEF98EC8CBDC9EFBA03F6960100214C08834C84B09E6681991D268441B585B0458B166D6E6B6BF37B2603A3B5B5F5B1E477DD9BF6960100214C08834C84B072668175373BCC819E1006590B610B162CB8B8B9B9F9A3F7DF7F7F8FDF354337132C46B079F3E6AD4FC6D7EC2D439D4B7EC77FE69D77DE99B574E9D24FE2B4DDB813640CEE487E1987458B167D908C91B621A31EB721210C84B0C2E86D042B0C077B4218642D8445C9BEDA45C96BECC5785A9E7DD72119F1E7FEA60806A462C058BC7871305D7768C7D6AD5BC3C2850B7754E32F67DB906D480813C2A0BF42982184412D86B02ADFAF6AC9E7F39FF849003523CEE21130321332F657E339EBB621DB901026848110268481105693FB54E7C5FDAA38F2F9FC571C3D0335C1BB98646E27F4806DC8A8B76D48080321CC10C24008CB9E5C2EF74A2184256396A367A026D809CDDE4EA86DC8A8B76D48080321CC10C24008CBDCFED4D78A22583A72B9DCA98EA081BA0A619B3FFC385C3F63453AE2653B8D224625DBD0C71F6D0EEFBCF860787DDE6DE98897E375FEDE6D43421808618610064258760C1F3EFC3F26FB539B3B87B064FCC8113450D3216CDFBEFD61DBCE3DED1F2F7A734B7B088B970BD7B77DB43B7CB46B8F9D4821ACCBB16B7B6B58F5ECAD87BDBB57BC2EDEE6EF5E0813C2400833843010C2B2219FCF5F572282C5B137B9EDBF388A066A3284C50836BD655DF8CEAC95E1B9D73685E63736875B7FBEAA3D84C5CBF1FAA75ED9186E4EEEF377CFBC1D767C2C860961A5C786D7FFB9CBB7BADFF8FA1C7FF74298100642982184811096018766836DE82284991506D46E08FB60C7EE70D3CC95EDE1ABA731E9B157C3860F76DA9114C24A8E379FFF6197212CDEE6EF5E0813C2400833843010C232B11F757B37112C8E5D63C78EFDCF8EA4819A0B6171FC72456BD9216CE6BFAEB7132984753956CDFD5E97212CDEE6EF5E0813C2400833843010C232311BECC564AC4BC6816E62D8F71C49033519C2E2E99085D075E3E3AF86475F7837ACDDF2513AE2E5785DE1F6A75FB5CE93102684D9868430210C8430210C84B05A92CBE52E4CF6AD7E192F3735359D945C3E79F8F0E1FFA79F0C5053212CBE23645C0CBF784DB018BE3ADF2F5E57BC66587C8C779314C24A8DF82E915D85B0789BBF7B214C080321CC10C24008CB9E7C3E7F492E979BED2701D474082B75EA639C05D6F97EF1BA52F7B5332984751E6B5AFEBECB10166FF3772F84096120841942180861D993CBE5925DAB118FF9490042981026625410C2B6B5AE0CAB9E9B7CF86991C975F1367FF742981006429821848110963DF97C7E4CB26FF5909F0450D321CCA99122467F87B038D6BDF4C861212C5EE7EFDD362484811066086120846576BFEACA64DCE32701D47408FBF7C5F2B794BD587EBCAF9D4821ACCBB16F5F58F3C2CF0E3F2D32B92EDEE6EF5E0813C2A0768C1F3F3E3CF7DC734298100642586DEC575D9BCBE57EEA2701D445087B66656BC9531F4B8D7F7965A39D4821ACE4D8B5BD35AC6EB9ABCB35C2E26DF13EFEFE8530210C6A437C0DC61183D8FCF9F38530210C84B02A96CBE56ECCE7F353FC24809A0F611FECD81DBE336B65D921EC2F66BE1ADA3EDA6D475208EB300B6CF39A05E1B567BEDB65042B8C789F785FB3C38430210C6A278415C615575C5172869810268481105615FB557F998CDBFD24809A0F61BBF7EC0B3F5BB0263DFD71F64BEF85E7DFE8B86658BCDCFCC6E6F0DC6B9BD260F6C0A2B561AF88218495390BCCEC30DB901006F513C28A6788150731214C080321AC2AF6AB6E8F31CC4F02A8F9105688615BB6FFFBE2F77131FC42088B970BD77FB8738F0826847518E5CC02EB6E76986D410813C2A0F64258F10CB178CAA410268481105615FB553F4AC6243F09A02E4258A977932C8430EF0E296274B70DF5368215866D4108EB830B0E85B00B84300633EE18950F212C5BC336F96F0384B08EE242F9F97CFE1A3F09A02E43982162D8866C4319F7C7C9D89E8CA987FEBC4808A33F43187D8B8663C68C093367CE4C7F573935D28C30AF7384B0EA90BC2EEE49C6957E128010668818B621DB50362358217EC519615B331AC31C5D3840AEAB10D639801594FBEFC7A183D1C3466F7F4F96FBF872EFB770E1C270EEB9E7F6FBEFF3BE7E9F4298D73942587FC8E7F30FE772B9D17E128010668818B621DB507623584FD70B6138401E84103676ECD83063C68CC30258A521ACBFC3507F07A6C10E564298D73942D8604A5E178F2523E7270108618688611BB20D65C3053DC4AEC2ED595A33CCD18503E49AD6D50CB08108615BB76E0DA3478F0E471D755438FAE8A3C3E5975F1E366EDC98DEB67EFDFA70DE79E785238F3C320C1B362C2C59B2A4C3F34C9C38317DDC89279E181E79E4916E3F5FE1F2A44993C231C71C134E38E18470EFBDF7A68F6FE8344BADBBAFA970BF3883ECCC33CF0C8F3EFA68FAF1C89123D3DBE3E3E2C7D3A74F2FFB39E3D77FD55557A597EFBEFBEEF4313FF9C94FD28F274C98108E3DF65821CCEB1C21ACD772B9DCEC7C3E7F899F04D4A8E4F7DD7F58B972E5550F3FFCF0C23BEFBC73C7B5D75E7B20FE6F66FC4731D941F9CD37BFF9CDFDB7DC72CB3B3FFCE10FA727E377853043C4B00DD9863211C17A8A5C599B19E6E8C20132FD14C2E27E5ABC6EF9F2E561C58A15E9E5F3CF3F3FBDEDC20B2F4C3F8E012CFE79DA69A775789E279F7C32BCF5D65BE9E518B6CA0961B367CF0EAB56AD4A2F1F7FFCF125BFAEEEBEA6C27DE3BB666EDAB4291DF1E3DFFEEDDF4E6FFF9DDFF99DF4E30D1B367478DEEE9EF3D24B2F0D9FFDEC67D3CB679F7D767ADB59679D957EFCB9CF7D2E5C7CF1C54298D7394258AF25AF8BA7F3F9FC057E12508301EC89279E78E4F6DB6F3F70DD75D7857BEEB9272C5DBA34B4B6B686BD7BF7A6BF08E39F6D6D6DE1E5975F0E0F3FFC70F8F6B7BFFD9B3FFFF33F7FF7CA2BAF1C2F84194298BF3BDBD0A0FBE30A677A557A7F210C07C85510C23ACFC88A235E577C5B4FCF132F1F71C4116585B0528FE97C5B775F53E1E3B85F59B8FFA9A79E9A5EF7FCF3CFA77F9E72CA29873D6F77CF79CB2DB774984576DC71C775F8B8305B4C08F33A4708EB8D7C3EBFE0EB5FFFFAFFF093801AB274E9D271DFFFFEF7F7DD78E38D69E43A78F060D9BF1CE3FFC8DD7CF3CD07931D8C37870F1FFE0521CC10C20CDBD0A046B08B7AF1B85D1988618E2E1C20D3CF21AC382C75BEAD9C10D6D3FDBA7B4C5721ACD4D754EA73C55334E37571E65671B82A15C24A3DE7AC59B3D2DBE2ECAFF8E77DF7DDD7E1E352A77D0A615EE7086115CC086B49C61FF949406DCC02FBCC934F3EB920AE9D3067CE9C8A025867CF3CF34C18376EDC9E6A9C1D26628818B621DB509D44B0FE7ABC10E600990C85B0C6C6C6F4BAB85E573C6D305E3EE79C733A9C1AD9D2D252F2D4C8FE0A6171CDB07879C78E1D69A8EAEE6B2AF5B90A212BAE6516FF7CFCF1C70FBB6F77CF19D7422BDCF7F4D34F4FAF8BEB8F35149D862984799D2384F52184BD9CCBE5CEF093801A8860CDCDCDCBAEB9E69AB07AF5EA7EF945F9EEBBEFC60549F78C1F3FFE5B2286218419B6A101D1D3C2F883FD3C429803648638846DD9B2255D3F2B2E201F674DC575B362188AB7AD5BB72E5D2B2B06A678FAE1B265CB0624843DF0C003E97A61F154C9783A62775F53A9CF15035A7C6CC3A1D32DE3C2F89DEFDBDD7316C7B8BBEEBA2BFD78DAB469ED8FDFBD7BB710E6758E10D69710B62A9FCFFFBE9F0454B938132C46B0B8E6577F8ACF77E59557EE4A7E518C14310C21CCB00D0D4804EBAFD31A87726698A30B07C8F422841903FFEF87D7B9D73942588910B6A65A9701020E896B82C5D321FB6B2658A99961A3478FDE9ECFE7878918861066D886FA355A1522D8A79231E6D09F95E8FCB8A15A40DFD1850364843021CCEB1C21AC5A42D886647CDE4F02AA54F2FBEC3FDC76DB6DFBE39A6003E9A9A79EDAD3D4D4B444C4308430C336D4EF33B762C4BAFFD0CEE9FD15C4B0AE1E371431CCD1850364843021CCEB1C21AC5A4258DBF0E1C34FF093802A357BF6EC7F8AEF0EF9EB5FFF7AC07F714E9C38714B359C22692754C4B00DD986AA2882351C9AD1158A463931AC388215C6E8A2DB077BCD3047170E9011C28430AF7384B06A09613B9A9A9AFE939F0454E96CB0DB6FBFFDC0CB2FBF3C28BF385F7DF5D5FDD5302BCC4EA888611BB20D65545771AA54D4EA2E8695BAFF7D25EE3F986B8639BA70808C102684799D2384554B08DB7FE185171EE527015568E5CA9557C505F20F1E3C3868BF3CC78D1BB725F9C571F2507CBFF97C7E6E32BE22628818B621DB50D6B7A16E22D80515C4AD5231ACDC08D639860DF469928E2E1C20238409615EE70861D5E053C9EBE2377E0C50A51E7EF8E185F7DD77DFA0FEF29C3A75EA8AE417C7A4212AF7E93FE6F1403497CB7D59C41031AA691BEA142EBA7C6BFBEEDEEABEAF9FDB363478DB502F63544F31ACD20856FCF9B70EF0CC3047170E9011C28430AF7384B0CC8B33C192D7C53E3501AAD49D77DEB963E9D2A583FACBF385175E7837F9C53167280F408BC6D3A56666D8091531B2BC0D551AA584B0EADC864A44B07223545731ECD3BD8C609D67A40D540C7374E10019214C08F33A4708CBBCB836585C234C4D802A75EDB5D71ED8BC79F3A0FEF2DCB2654B5B7CBBD98C1C80B6CFCC283E10B5132A6264791B2A15A5B66EDD1A468F1E1D8E3AEAA870F4D14787CB2FBF3C6CDCB8F1B0FB9773BFB163C7A6B79D76DA69E1ADB7DEEA70DBC48913D3C79E78E289E191471E496FDBB66D5BB8EAAAABD2C7C4DB264C981076ECD8D1E17193264D0AC71C734C38E18413C2BDF7DEDBE3D7621BEA7504EB2E86BDDD8708D6D7AF470873808C102684799D2384D58451A346FD56F2BA785F4D802A150F78F7EEDD3BA8BF3CE3E74B7E71ECCDD20168F1CC8C78AA929D50212CCBDB50A910165FCBF1BAE5CB9787152B56A497CF3FFFFCC3EE5FCEFD9E78E289F0E4934FA697BFFAD5AF76B82D5E1FE358BC1CA356BC2D46B0F8F1A38F3E1A66CD9A955E8E31ACF871B367CF0EAB56AD4A2F1F7FFCF13D7E2DB6A1F494C9BECEC02A15C3FA12C13AC7B0FE5E33CCD1850364843021CCEB1C212CF392D7C4E793F19E9A00D5FB221EB27F50B33EECFC656754C3F63298DB50A910166755758E1DF1BACEF72FE77E3156C7D1D573143E3EE288233A3C676F1F57EA6BA9F76DE8B2CB2E2BFC4CA6F6F1D7FCA74BCC047BFBD0F57D31F5D073FD6721CC0132429810E6758E10564F860F1FFE85E475B1464D802A3566CC98DF0CF68CB03D7BF66CC9E08CB01773B9DC45E79D77DE67E2FDEC849A1196E56DA8BB10165FCFDDDDBF9CFB1507AD78CA625741ABF071BC4FE7C7C5D3207B7A5C775F8B6D28D5D3BB44F66546D8FD6684E1005908338430AF7384B0CA25FB6BA726AF8BD7D404A852D75C73CDFEC15E236CD3A64D6F67688DB0CE079E0DBD8918CB962D0BE79C734EFB5A47679F7D76686969496F5BB8706138F7DC73ED4CD66EC4E8976DA8AF21ACB1B131BD2EAEBF154F358C97E336D9F9FEE5DC2FAEFD3567CE9CF4F29FFCC99FF418B40AA738169F1A19D712EBE971DD7D2DB6A10ED16957C3C0AC11D69B18668D301C200B614298D73942585D4BF661FFEFE475F1929A0055EAD65B6F5D33D8EF1AF9ECB3CFFE3203EF1AB9249FCF5FD2C58167C511E38B5FFC62FA8FC2CA952BDB0FE83FFFF9CFD7C4BBED096183B30DF535846DD9B2A57D91FB1864E35A5BEBD7AF3FECFEE5DC2FAEEF154F5F3CF3CC33C3BA75EB7A0C5A71B1FCF1E3C7A7CF17478C609D17CB2FF5B8EEBE16DB509F6660958A60714DB052EF1A59490CF3AE91384016C28430AF7384306B848D18F147C9685113A04AFDE8473FBA2F31A8BF3C274F9EFC54F28B63D210FDD2EA6EE645AF2346E1D4B0C23BEC75B56E53B9EFB0176790C50851C93BEB55FAD8B8E8F9A9A79E1A8E3CF2C8F4B6F8B8B56BD7F6182F0A97CF38E38CF4B1C71E7B6CFC3B0D975E7A69FBBB094E9F3EBD5FDF153063116340B6A12C8C5A8EB6D5B80DF57226565711EC53DDDC5E4E0CFBC3646C1DC00826843940460813C2BCCE11C2AA423E9FFF6AF2BA98AF264095FACBBFFCCBFFEBEAABAFFEE4E0C18383F5BB736F6363E3DAE417C7C959FEB954BA133A65CA94F67591E26C983833ACABB850CE3BECCD9F3F3F9E425AD13BEB55FAD8E38E3B2EFD38CEF889A776C6CB8580564E088BEF2C181F5BF8387E2F6BD6AC19907705CC52C418A86D280BA330A34B08CBAC9E6664F514C11A7A19C30AA7675E32C0DF9FA30B07C808614298D7394258E6E572B90B93D7C52FD504A862D75F7FFDFFF7F2CB2F0FCA2FCE679F7D767AF24B63712D468CB826580C3F3186C57F20621C2B1595CA7987BDE2C5C3CB7D67BD4A1F1BD7318B1FC7595D175E786198366D5A3A83ABDC10D655E86B28F31D0A85304308EB95AE6686951BC12A8D6185CF77C9207C6F8E2E1C20238409615EE70861D53023EC925C2E375B49802AF68D6F7C63F80D37DC70601066856D6F6C6C5C9EFCE21859CB1163C3860D25E356E7D328CB7987BD4ADE59AFD2C7C6EBE2F779EDB5D7A6EB99C5FBC5B5CE062284F5F55D01853043083B6C6658E7D314C75410C1BA8B61A32B98812684E100590813C2BCCE11C2EA714658F2B218F198920055EEAAABAE5A19DF256E20C5F5C8E26CB00AD7C5A98A88316CD8B0F41F85788AE14B2FBDD4212A156688C575C06210AAE41DF62A7967BD4A1F7BD65967A51F2F59B2243D95325EFEDCE73E97DE76C20927A41FAF5AB52A3CF5D453BD0E61FDF5AE804258DFD6F41AA8772E6DA8A235C56A2C841547AA0B4A44AD722258430F8FAB74817E21CC0132429810E6758E10562F33C2C624AF8B875404A87271CDAE71E3C6ED59BD7AF580FCC25CB972E593C9E7D89CFCD218568B1123AE7F15034F9C0115DF6D2F9E76180353BCED81071E48D7CC8AD7C745E42B7987BD4ADE59AFD2C7C63FE302F7F1B6787A645C1F2C069378DB430F3D94AE21166FBBEEBAEB7A1DC2FAEB5D0185308BE00B6125753E4DF2538766747DAAC2E7E9FCB80B86208209610E9011C28430AF7384B06A3976BE3219F7A8085003468E1CD974D55557ED6E6B6BEBD75F961B376EFC556363E3FA6A3825328B11C310C2CA095C85CB93264D4A6721C6597D71265EA9772EEDEEDD3C1B3ABDFB689CB9183F4E7E3FA4B7C7C7C58F63D42DF739E33B89C637898897EFBEFBEEF4313FF9C94FD28FE31B45C4771EB50DF55B0CEB8F996603FDEE9042980364843021CCEB1C21AC9A43D8B5B95CEEA70A02D488A6A6A671575E79E5AEFE9A19166782C50896FCA2B859C43084B0810F61B367CF4E4F696D287AF7CECE33C2BA7B37CF864EEF3E5A386DF6B77FFBB7D3DB7FE7777E27FDB8B0165EE179BB7BCE38F3F0B39FFD6C87376988A7E6C68FE3E9B8175F7CB16D281B31ACBFA39A10E60019214C08F33A4708AB39C9B1ED8DF97C7E8A7A00B5F5C21E3172E4C81DBFF8C52F3EEEC302FADB7FFCE31F3F184F874CC65811C310C206278415DF164FC7EDEE9D4B1B4ABC9B674389771F3DF5D453D3EB9E7FFEF9F4CF534E39A5A27708BDE5965B3ACC228BA7DD167F5C982D661BEAF34CAEBE9CCE3854A7430A610E9011C28430AF7384B06A9B11F697C9B85D3980DA7B719FDCD8D8383F3940DDB27CF9F23D15FC6EDCFBDC73CFCD183972E48B7161FC6A59134C0813C26A318475755B77EFE6D950623DB1B88E5DBC2ECEDC2A0E570D65BE4368E14D21E2ECAFF8E77DF7DDD7E1E3471E79C436D4BF31ACD2195D43B130BE10E60019214C08F33A4708ABD663E5DB630C530DA0765FE45F8B416CECD8B16D77DE79E7EBBFFAD5AFD6B7B6B66E8E07BBD19E3D7BB66CDAB4E9ED79F3E6FDCBF7BEF7BDA79B9A9ADE89012CCE02AB86778714C284B07A08619DDFB9B4BB77F32C15C20A212BBEA942FCF3F1C71FAFE81D42E31B2414EE7BFAE9A7A7D7C5F5C71A8A4EC3B40DF59B4A4F6F1CEAD321853007C808614298D7394258B51D23FF281993D402A8714D4D4D27E5F3F9EB9217FCAC64AC4BC6DEF88FE2A13F3724634EFC65106792D5C2F76B275408ABA510D6F99D4BBB7B37CF52212C06B4F8D88643A75BC685F12B7D87D0428CBBEBAEBBD28FA74D9BD6FEF8DDBB77DB86862686FD61327625E3928C7CDD8E2E1C20238409615EE70861991717CA4F8E8DAF5109809A62275408B30DD986AADC058722D705DDDCBE3543114C0873808C102684799D238455CB8CB07B9271A5A366400833440CDB906D285BBA9A1996A5D321853007C8743218A78B1B4298D7394258EFE5F3F98773B9DC6847CD8010668818B621DB50F6635856239810E6009943162F5E1CDADADAFCEECEC088A7FDC730E975EE758E10562C794D3C968C9CA366400833440CDB906D28DB316C6A86239810E6009943D6AE5D1B9A9B9BC3FBEFBFEFF7770622D8EAD5ABEB6AFB8BEF0C7D681DE02EC7983163BC5085B0BA96CBE566E7F3F94B1A00843043C4B00DD98632EB8278F0D2D0F59A6142184258C662D882050BD2DF5DC6D08C7A8C60D1A2458B7A0C613367CEF42215C2EA5AF23A783A9FCF5FD00020841922866DC83694E99DB6ACFF0C1C5D086140065C71C5155D46B0F80ED1F1DF5584B07A96CFE7177CFDEB5FFF1F8E9A0121CC10316C43B621214C0813C2801A9E153663C60C3F2021CC3ED588112DC9F82347CD8010668818B621DB901026840961400D28B556585C1BCC6C3084B0749FEAE55C2E7786A366400833440CDB906D480813C28430A0466785591B0C21AC7D9F6A553E9FFF7D47CD8010668818B621DB901026840961408D98306182D9600861A5F7A9D60C1F3EFC0B8E9A0121CC10316C43B621214C08AB23B7DF7E7B7A801CFF046A4F7CE7CC4208FBF9CF7FEE078210F6EFFB541B92F17947CD8010668818B621DB90102684D5891FFEF087E1539FFA54F8D297BE94FEF9577FF5577E2850830A6B85990D8610D6619FAA6DF8F0E127386A06843043C4B00DD986843021AC8E2258217EC519619FFEF4A7C530A84171ADB0CB2EBBCC0F0221ACE33ED58EA6A6A6FFE4A81910C20C11C336641B12C284B03A8B603D5D0F54B718BAE3EF67A740238475D8A7DA7FE185171EE5A81910C20C11C336641B12C284B01A3F20EE2E76156E77C00CB515BE9D028D10D6C185B95C2EFE0C2E70D40C08618688611BB20D0961990E61EFBDF75E983163467A7077EDB5D786B163C7A66BDF8C1C39324C9C3831DC7AEBADE1EEBBEF0EEFBCF38E239D5E462E33C3A0B6229853A011C23AF8E3646C4FC6D4437F5EE4C81910C20C11C336641B12C23217C29E79E699F420EEBAEBAE0BF7DC734F58BA7469686D6D0D7BF7EE4D6F8F7FB6B5B585975F7E393CFCF0C3E1DBDFFE76B8E1861BC2830F3EE888A7E880B8DC995E95DE1FC8760413BA11C23A44B042FC8A33C2B68A618010668818B621DB9010969910B676EDDAF0FDEF7F3FDC78E38D69E43A78F060D98F5DB16245B8F9E69BC3B7BEF5ADB072E54A07C4151EF88A61509D9C028D10565604EBE97A0021CC10C20CDB901036B821EC97BFFC65983061429833674E4501ACD46CB26F7CE31B75393BACAFB33FCC1E81EA8C604E81EEFD7FBE4C9D3A353DD53E9E729FCFE7D3D3EFE3686A6A4AFF4D9A32654A7A3F21ACAA5CD043EC2ADC6ECD3040083384307F77B621216C6842D8A2458BC235D75C1356AF5EDD2FCFF7EEBBEFA6073071FD30B3420E3B180ADDFDDD95F33C4076C2B753A02B17D79E1C3F7E7C87F0D5D388FFC172FFFDF70B61D513C17A8A5C668665545353D349B95CEEEAE475372B196B92B1EBD0EB706F32D625B7CD4EFE9C14EFE7A7851026628818B621DB90105695212CCE048B112CAEF9D59FE2F35D79E595557BE03210B342CA0961668F40F54430A74057E6ADB7DE4AFF5D28377E951A7FF6677F5675A7DFD75108FBE30A677A557A7F06503E9FBF24197393B1BF82D7E4F3C9FD47FAE951B7E6CF9F2F1E6467EC9D3B77EE01DB90516FDB9010D6BBD352E2CCADFE9A09566A66D8E8D1A3C32BAFBC6256480521CC0133D45E04ABF7D01D4F978FA73B161F44C78F7FF0831F84050B16A4EF52BC73E7CEF4BEBB77EF4EDFA0A5A5A5253D7572D4A8511D1E17679255D37FB2D44908EBED0CAFF8B85D62D890EEEF9E9CBCA69EE94BA04EC6E2E1C3877FC14F93BAB368D1A2CDF17FFF0584A11FC98EC36373E7CE7DD33664D4DB36248455EEB6DB6E4BD7041B4871C6593CA5C5017165214C0C83EC710A74EFCC9C39F3B0F5BFA64F9F5EF64CE4EDDBB7A7F7EF1CD2FEE11FFE4108ABEE08D65F8FA79772B9DC88C6C6C60FFB2350C75328CD0EA3EE242F948B9B9B9B3F7AFFFDF7F7080943378B27068C79F3E6AD4FC6D76C4346BD6D43425865E2A2F6F1DD217FFDEB5F0FF841407C27C95A3B45B237B33A2A0D61F578C00C598F604E81AE7C26587104BBFEFAEBD383EBDE888F8BFF6E151F7C57C3BF2D351EC27A5A187FB09F87F223D845C96BF3607F07EAE439C7FBE952579203E78BE6CE9DFB623CA52AAE2F640CFA883FF737AB3960D8866C4342D8E085B07830F7F2CB2F0FCA41C0ABAFBE5A53B3C27A1BA77A13C2EAE98019B21EBE9D025D99B82658F141F2E4C993DB6797F4569C9572C71D7774384D32EBA7DFD77008EBEF777F34336C1067821547B0FE0ED4668601801096B91016775AE202F9070F1E1CB4038118C2E2415156C4772C7BEEB9E7066C56487F86B07A386086AC4730A74057EE8A2BAEE83013ACAF11AC3886151F78C705F485B041D779A1FB4F2563CCA13F2BD1F97116D01FF8FDDB938B4F871C88407DE834C9617EDA002084652684C5B7AEBFEFBEFB06F540E0AEBBEE0A53A64CC9CC814961672D06B1F8661D8371C0DA971056F8FC9FFEF4A7CD0C838C46B0DEBECE6BF114E8F8EF4CF12957BD9D6DD2DD7FE814CF36CBF229923518C23ACFDC8A11EBFE43DFE7FD15C4B0AE1E27860DA0C6C6C6798311A8E302FA7EDA002084652684C583BBA54B970EEA81C092254BC255575D95B910561871E6427733C4FAE3F4C4BE86B05A3D60862C720A74DFC4FF6428FC7E8DEB080D746CCBF2ACB01A0B61A54E5F1C53BCDD9719C38A2358618C2EBADD9A6103209FCF5F329881DA29920020846526845D7BEDB561F3E6CD837A20B065CB96D0D8D898D910563C43AC7310EBAF03D4FE0861B578C00C598D604E812E1DB87A3AAD7CEDDAB5ED0BE4C783E26DDBB60DC8D71217EB2E7EE7BA2C9D7E5FA321ACAB38552A6A7517C34ADDFFBE12F7B76658FF87B0B98319A8CD0A030021ACEC9D94647C652043D8D8B163C3DEBD7B07F540207EBEF833CD7A082B9E21164F992C675648A79DF97E1DD57CC00CD5C829D0E5FDEEECEEB4F2A953A7B6DF6FA04F891FCCCF550B21AC827D8CAE22D80515C4AD5231ACDC08D63986757B9AE4A851A38EA9F7C0D5D3DF6B5353D3498505F2073350C735C91C55008010D6E3E73D349D7C6E2E97FBF24084B0A10A523DC5A7AC8DCB2EBB2CDD49FFD297BE54F681EF6085B0287E5DF13EEFBEFBAE7A01FD18C19C025DFEEFF152A7954F9C38B1FDF6E6E6E601FD7A5A5A5ADA3F57964EBFCF6A08AB601FA3E21855460CAB3482157FFEAD0D5DCC0C8B112CF99ED625DFD3FF53CFFBAC3DFDBD26D75F3D14813A19931C5500801056D6CE4CD178BA8BFFE5EBF50ECA983163067D46D89E3D7BAA624658FCD9CC9C3933ECDFBFBFC3016977B3431ACC080311AC1F43587F7E3D83F5BBB3F894C9912347B65FDFDF6B1075D6DADADAFEB9B274FA7DD6435819FB189D2358B9A7277615C33EDDCB0856D0ED9A61318225DF4B5BBDC6B072FE5E93EB660D45A04EC61C471500208455BA33D3FEBF7C9D766A7ABD8372F5D5570FFA1A61F1F365798DB0CE01CC0132D40FA740F73D8415CF102BFEB8BFDE91AE2BF19DEA8A3F9F10D66FFB18BD8960DDC5B0B7FB10C1CAFA7AEA398695F3F79A7CBC66280275323638AA000021AC573B33C5FFCB7768DA7BAF7750BEF7BDEF0DFABB463EFFFCF3997CD7C8B85E5A5CD8B55400EBEF03D206EF1A0999134F2D6EC8F829D0D5765AF9608729216C40F631FAFAAE8DA562585F2258E71876811856D9DF6B32F60C51A0DEEBA802006A67A76248475F62CA7DF7DD978EC114D7A3C8D242C6DDCD001BA899587D0D618F3CF248A617D1866A9F11E614E8DECF082BFE9D5A78C74833C2CA9B4597D5F5319331B58FBB52F174C8CE33C1DE3E747D5F4CADE6385C8F81DA510500D0DB00F7622E97BBE8BCF3CEFBCCA1BBF67AE7E49D77DE494F8F3C78F0E0A01D08C47710CAEA5BDB0FD68CACBE84B0C201F1CD37DFAC5AC000700A74EFA24EA9FF54B0465855CE08EBBC8FD1D3BB44F6A4BB1961A5DE4DB25C652DDC5F6F33C3CAF97B4D2EEF32230C00A8969D99CE3BA70D7D0D61D1A44993C2CB2FBF3C2807018B162D0A7FF6677F56F707CCBD3D4016C160705FDB4E81EE398475775AB9778DACAA10D6D53E46213AED6A189835C27A13C32A5AB3AC9E6258397FAFD6080300AA61676649B2F37649173BA77D0E618F3FFE78B8E1861B066556588C60F7DF7F7F4D1D30C703D54A4F53ECCD01B235C1A0BA668635D4F829D0E59C563E75EAD4F683E0813E257E303F578D85B09EF6313AC7A7726786958A60714DB052EF1A59490CEBD59A658762D83B7FFAA77FFA7FD4FBBEA3778D0400B2BC33D3DDFFCEF65B088BE2E99173E6CC19D09DA1B816590C6195ACC5554D31AC92D923951E2067717D20A8074E81EE9BB56BD7B61F04373535856DDBB60DC8E7D9BE7D7B87D330B37AFA7DC64258B9FB18A562584F11AAAB08F6A96E6E2F2786FD6132B636F472E1FE5A8F60E5FEBD26B75F3D14813A1993ECDD0300FDA5CF3B2AF1A061DCB87161F5EAD503B223F4C61B6FA46BB6BCF2CA2B668F5478805C696403B23133ACC129D0A9F1E3C7B71F084F9F3E7D403E473C35B3F039B27CFA7D9642581FF43423ABA708D6D0CB1856383DF312BB7D7DD3D4D47452F25A39304881FA374521EC643F7D002033212C7AE8A187D27555DADADAFA754728AE0F11FFA7BED64E89ECCB0173B907C8BD39ED12189899614E81EE7BA48A07DDFDBD26517CBEF8BC85CF91E57F6B6A248415A254A918566E04AB3486153E9F08D64FF2F9FCDCC10CD4C958ECA70E00642E8445F7DC734FB8F2CA2BFB6D66589C091623D8DFFCCDDF983D52E1017256DF290EEA39863905BA77BEF18D6FB41F105F7FFDF5FDF64E75F11DE9E21A97C5B3C1B27CFA7D0D85B028CE0CEB7C9AE2980A225877316C74A7CF53F19A60F418C22E19E840DDD8D8D83E1B2CF97C23FDD401804C86B0E8C1071F0CA3468D0ABFF8C52FFAB4807EFC5FF9783A648C6B0E9807F7F1C0D085EEDE84B05A7FCDC7D3EF9303E1F6603579F2E43EC7B018C1BEFFFDEF87A203EDCC9F7E5F6321AC38525D50226A9513C11A7A785CA50BF45381E475F3FC0006EA83C5B3C12A5C8B0E0060704358E1A025CE0CFBE637BF59F181C5E2C58BD3F5C6E2FFCCD7F29A60E51ED8563AA3CBC2F8501B31ACC129D087FD274BD181717AE0DDDB5928F171C533C1B27E4A640D87B0E258755151D41A5D41046BE8E271178860031EC24E4EC6D6FE0ED477DC7147F1BA60BBF2F9FC303F6D0020F321ACE01FFFF11FD32016A3D6DFFEEDDFA66F83BD71E3C6B077EFDEF4F63D7BF684CD9B3787458B16A5EF3C146792C5FBC65960B5F8EE9003397BA437F707B2FBDA6E700AF461E2BF0DC5F12A9E9215D7278A8B6A9723DE2FAE3B54BC26581CD572FA7D8D86B05231ACAF4A9D76C900C8E572230A0BE7F753A02E9E09E6944800A0FA4258C1DAB56BC38F7FFCE33071E2C4C30E40E2E98F7191FD18C2B2FA96F5D510C31E79E4919A7AA738A8754E81EE9F9961852016FF0D696E6E4E0FA60BB352E2EC92F8862BF13F617EFAD39F863163C6844E07D95575FA7D0D87B0FE8C61FD1DD5E841F25A1A5B1CC37A1BA88BD7048B2397CBDDECA70B00546D0863600F980BA7468960509DAF6DA7405726FEA7C9F8F1E30F0B62958C6A3CFDBEC64358D4D7D3199D0E3944E2CCB0646CEF65A0FEA4D3EB73578C6B7EAA008010666658C90366A743426DBEB6FBEBFEB52C9E7E5F6910ABE6D3EFEB208415C7AC4A677459187F88C535C3F2F9FCDCBE04EAB830BE35C10000218C2E0F801D10437DC530A74097562FA7DFD749082B8E5A170DD0FD19D820F6B54341EC4025012CCE02F3EE90008010469707CC5FFAD2974430A8214E814608EB55DCFAC364EC4AC62576E7B2A5A9A9E9A47C3E7FDD8811236625635D32F61E8A5EF1CF0DC998938C497126999F16002084D1E30173DC99ACD7F581A0DE668699FD491D86B0E8824391EB826E6EDF2A8201002084D58118C280DA8F612218751CC2A2AE6686391D120000214C08036A298639051A21AC64F412C1000010C28430A0964C9830210D1F4E814608EB10BFA68A600000086142185063E23B1D5E76D96561FFFEFD7E180861FFE682433F830BECBA010020840961408D983F7F7E38F4EE6AE1E73FFFB91F0842D8BFFBCF7E040000086142185043E2699185103666CC183F108430000010C28430A0F62C5AB4A83D8215C6CC9933FD6010C20000400813C280DA12D706EB1CC2E2AC306B852184010080102684D1AFDE7BEFBDB064C992748DA6B973E71A833CE6CD9B97CE885AB3668DD9609DC68C1933BC408530210C00008430218CFE8B608B172F0E6D6D6DE9EC1B6368C6D6AD5B4373737358BD7A75DD6D83575C714597216CECD8B15EA442981006000042981046FF8833C144B0ECC4B0382BCF6C306B8521840100801086103600627811A1B233E2A992F5A4D4DA60A5D60A43080300008430218C3E8BE1458012C2BCCE11C200004008C301B21076687CFCD1E6F0CE8B0F86D7E7DD968E78395E275E09615EE7086100002084E100B96642D8AEEDAD61D5B3B786579FBAB1C388D7C5DB042C21CCEB1C210C000084301C20D74408DBF0FA3F1F16C10A63E3EB73042C21CCEB1C210C000084301C20D746087BF3F91F7619C2E26D029610E6758E1006000042180E906B2284AD9AFBBD2E4358BC4DC012C2BCCE11C200004008C301B2106608615EE7086100002084E100B95A42587C97C8AE4258BC4DC012C2BCCE11C200004008C301724D84B0352D7FDF65088BB709584298D7394218000008613840AE8910B6AD756558F5DCE4C34F8B4CAE8BB709584298D7394218000008613840AE891016C7BA971E392C84C5EBC42B21CCEB1C210C000084301C20D74E08DBB72FAC79E167879F16995C176F13B08430AF738430000010C270805CF5216CD7F6D6B0BAE5AE2ED7088BB7C5FB88584298D7394218000008613840AECE10B66F5FD8BC664178ED99EF7619C10A23DE27DED7EC3021CCEB1C210C000084301C20575508EB691698D9614298D7394218000008613840AE891056CE2CB0EE6687095A4298D7394218000008613840AE8A10D6DB085618829610E6758E1006000042180E90AB2284194298D739421800000861384016C20C21CCEB1C210C000084301C200B618610E6758E1006000042180E9085304308F33A4708030000210C07C842982184799D238401008010860364214C08F33A4708030000843007C808614298D7394218000020843940460813C2BCCE11C200000021CC0132429810E6758E1006000042180E9085304308F33A4708030000210C07C842982184799D23840100801086036421CC10C2BCCE11C200004008C301B2106608615EE7086100002084E1005908338430AF738430000010C270805CB9F1E3C787E79E7B4E0813C2BCCE11C200000021CC0172EDFFACE288416CFEFCF9990861870E683B8CE2EB07333895F33987E2EB12C2BCCE11C200004008C301722F4358615C71C5152567880D4508AB96D9594298D7394218000008613840AEC210563C43AC38886521843594981D3669D2A470CC31C784134E3821DC7BEFBDE96D0B172E0CA79C724A38F2C823C389279E181E7AE8A11E1FB37EFDFA70DE79E7A58F19366C5858B264C9619FB3A7E715C2BCCE11C200004008C301721586B0E21962F194C9AC9D1A59B83C7BF6ECB06AD5AAF4F2F1C71F9FDE1663D5B265CBC2860D1BD2EB8F3BEEB81E1F73E18517A61FC70016FF3CEDB4D30EFB9C3D3DAF10E6758E100600004218998B3B46E523AB33C28A6F3BE28823D2CBEBD6AD0B37DD745338F3CC33CB7ECC51471DD5E3E72CF7790763D82647086108610000208441FF44C33163C684993367A6D125CBA74696BA2D9EDA182FCF9933A7ECC79413C2CA7D5E33C24008030000210CAA2084750E6005D514C20A516BF9F2E5653FA6706A644B4B4B97A74696FBBC4218086100002084418643D8D8B163C38C19330E0B60D518C2A64D9B9646AB71E3C695FD9878DAE359679D952E847FEAA9A7A66B81F5F679853010C200004008830CEA6A06D8508630430803210C00008430183242981006421800000861208419421808610000208481106608612084010080100642D8A08D850B178673CF3DB7C705F9FBFA18210C8430000010C240081BD2D19B8895A5F02584811006000042185469082B44A649932685638E39269C70C209E1DE7BEF4D6FDBBA756B183D7A7438EAA8A3C2D1471F1D2EBFFCF2B071E3C6F4B6B56BD78633CF3C331C79E491E1EB5FFF7A8758B56DDBB670D55557A58F898F9D306142D8B163477AB970BFC27D8B2FC7995FA79C724AFA9C279E786278E8A1877A7C4C579FABA7EF4D0803210C00008430A8D310367BF6ECB06AD5AAF4F2F1C71F9FDE3676ECD8F4E3E5CB9787152B56A497CF3FFFFCF4B6F867E171B366CDEA10A762988A971F7DF4D1F6DB62A02A35BBABF8E318C1962D5B16366CD8905E77DC71C7F5F898723E57A9EF4D0803210C00008430A8D31056FCF111471C915EEE3C1B2B8E785DF16D7BF7EE4D47F1F394BAADF0B8EEA2D6BA75EBC24D37DD94CE346BE8620658E78F2BFD5C85EF4D0803210C0000843010C24A46A6CE8FEB2E84C5D3143BDF164F4DECE9F30D1B362CBD3C67CE9CB243586F3F9710064218000008612084B57FDCD8D8985E8EEB6AC5D323E3E573CE3927BDEDE28B2F6E3FEDF0F1C71FEFF0B8C22995C5A72B4E9C3831BD2D46AAF8715CC7ABAB996485CF55B8BEBBC774F7B9843010C2000040080321ACAC10B665CB9634341516A28FEB82AD5FBFBEFD34C6D34F3F3D3DD570FCF8F1E963E222F78505ECE375F13171C4305558C0FE81071E48D7E98A8F9B3E7D7A87CF376DDAB4F4FEE3C68DEB707D778FE9EE7309612084010080100642589FC7B1C71E1BEEBCF3CEB07BF7EEF41D24E36BF4B4D34ECBC4D73698430803210C00008430A8F110164F898CE12BCEC28A33C6CE3EFBECB064C912210C8430210C00008430A8AD10660861208401008010064298100642180000208481102684811006000008612084096120840100004218086142180861000020848110660861208401008010064298218481100600004218086186100642180000086120841942180861000020848110660861208401008010064298100642180000208481102684811006000008612084096120840100008E2E400813C24008030000210C8430430803210C0000843010C20C210C8430000010C2400833843010C2000040080321CC10C24008030000210C8430430803210C000084301820F3E7CF17A0843010C20000400883DAB778F1E2D0D6D6264265606CD9B2250D93801006000042180C80B56BD786E6E6E6F0FEFBEF8B51198860AB57AFB651821006000042180C640C5BB060417A5A9E3134430403210C000084300010C2000000210C008430000040080300210C000010C2004008030000210C0010C20000400803008430000010C20000210C00008430004008030000210C0010C2000040080300210C000010C200400803000084300010C2000000210C008430000010C20000210C00008430004008030000210C0010C20000400803008430000010C20000210C000084300010C2000000210C80A1B56DDBB6F0CC33CF84A953A786EBAEBB2E8C1D3B368C1831228C1A352A5C73CD35E16FFFF66FC39C3973D2FB2184010080100640D579F1C517C31D77DC91C6AF7BEEB9272C5DBA34B4B6B686BD7BF7A6B7C73FDBDADAC2CB2FBF1C1E7EF8E1F47EB7DD765B58BC78B11F9E1006000042180083EF87FFF4AFA16DFBEE70F0E027E1A6BB17F678FF18B77EF0831F841B6FBC318D5C070F1EECF2BEBF5CF24E878F57AC5811BEFBDDEF86C9932787CD9B370FFAF728840100801006409DFACD6F7E136EFC87E6B2EFDFD2D212264C98909EEAD85D002BE82AACC55329E3F30CC6ECB04ABF47210C000084300032E6D965EBC2CD772F0A93A63587D98BD6A4D77DB46B5FF8CBFFFDABF0D8FC37D3F8B3E8D50DDD5EBFB16D57F8C9AC97D3CBCB57BF1FFEE9B937D2CB3B3EDE9F5E1FEFBB70C5BFDD37CEFEFAF6F7A685BF48AE2BFE9C2FBEB9297CE7670BC2753FFEE770EDD4E7C21F7EF56B69C0B9EEA70BDAC7DCB973C38103073A3CF7A469CF876B6FFD5F61C182055D7E3FF16BFAEB075F087FF38F4BD3EB7FB57263975FDFFE0307D3EF2FDE6FF2FD2D61D5BA0F0EFB1EA3E796BD9B3E2EFE3C5E59F3BE10060000421800D520C69FB7D66F6B9FF1F4C26BAD61DACF5F091FEFFD75D8F4C1C7E12F7EB6B0DBEB8BE3D7DC17DF0DCFFCEBBAF4F2F4675F4F9F3706A738AB2BCE048B0BDFC7D3228B3FE78C1933C20523AE09DF98FC48F8EBEFDF191EFCF9C2306BC19B8702D48EF0370F2D0C3FFAD18FC297BFFCE5F0852F7C21BD7FF173FFC5CF9AD3E72DCC0CEBFCFDC4AFE9473396855D7B7E9D06AF4220EBFCF5453F5FB83ABDFD934F7E939E06F9BD075A0EFB1EA3F8DC3B77EF0F9BB77D9CC630210C0000843000322C86AD1871E2CCA7B8FED5E30BDE4AAFBFEF5F56A681288A4128CEB0EAEEFA188F5A5EFBB759563116C5681415425914E3573C8DF117F35F69FF9C774E5F1A26DCFAB3306CD8B030E5C1B9E1E5B7B7A4F77D2279BEC273C428F5DA3B5BDB9F27CE0A3BF5D453C3B7FFD773ED0BEA47EFBEFB6EF8D6CD53C277EF5974D8F713BFA652CF5DFCF515C4EB8A67A1C599619DBFC7E89D4D1F8559CFBFDDFE5C4218000008610064D80D7FFF7C3A4B2ACE6ABAEDA117D2D3FFE25A58F1FA187DE2E5A797BE137EB1784D97D747F73FF55A78E3D0298477FF624558DBBABD3D2A6DDFB52F3DBD70D2D47F4ED7042B7CCE77376D0B574FF945B8E8B2A6B075EBD60E8F8BC16DCD860FD3CBF1EBEA6CD7AE5DE1DAA9CF860BFFF4B2B0FCED4DE1EF1E7F29BDFEFABB1684BFFAEB3B3A7C3F9DBFA6E2E72EFEFA0ACF71CBFF5E5C7241FCE2EF31CE1E8BF78933E3AA61DD30210C0000843080BAF7FF36BF9D86A9FF3D67651A77E23B3EBEFDDE87E94CAA38A32ACE868AF7E9EEFA28CEC23A70E872E179A218CDD2B5B6EE6B0E93BEFBD7E1D7BFFE75FBE79C78DBC3E19ABF7B3A7CF4D18EC31E973EDF8183E181071E4C6777C553183B5BFCEA7BFF7F7BF71B5AD7791E00BC0343BF8CED5BC9076F9890826119F3C0837C68C0B07C11F587905939EFB94742B6232BC411B1AAD8499310546284B00CD3669A251F9C41409D204E08C45B6C9097D8539D89A8984465ACB649DBB9159AE3A9AAE5F84F6C3767E7BDF11527C25264C7FA77FDFBC1837CAFCE39F7E8D105498F9FF779F31DFF3098B7EF79AB5AF8AA7D3D1DFF7824DFF3FAD1AF5C6FE6B567DE5F4FFFF0F435E2BCAF17F7FFB4FAFC8FDF3A315D4C2B7F8D3FFBC5FF56BBDA62112C2EBB540803000085300056A0B804B036207E3ECFCF4777777775487E4D9CF1159743C64EB0D91C3B762C0F21E41F7CF0C1ACC7C4CEB0B84C325EAF66747434EFEAEAF28D5408030000853000E6D6FB2F1FE657AE5E9FF7F35F676262A23AC8FEFAF52FCF8DBB3EC681F7870E1D9AF59C2B57AEE44F3CF1445EA954F2F6F6F66A27D96CE2CCB078BDDA6E92514747477526190A61000070470B61E541C50030D3E1C387F3FDFBF77FA570B56EDDBA39CF3970E0409E6559B58B2C7E7CFBEDB7E73C3EEE26592EACF5F7F757E791512D3C4E2A840100C01D70EFBDF75E181919F1570600B3EAEBEBCB878787A71FC70EAFDDBB77CFD941D6D2D292BFFEFAEBD5C7F1E3E6CD9BF3C9C9C959CFD9BB776FDEDADA3AFD3816D07A7B7B25FFCB5CFCACF8917DDA6F2D0000F00DAD5DBBF6D58686866BFECC0060367199E2F8F8F8F4E3F5EBD7E7434343B31EFFF2CB2F578B5A9F7DF6E5F0FA3807ECB1C71ECB5F7DF5D559CF89FF2913678ED5C46591DBB76F97FC3CBF76CF3DF7FC7BF123BBC76F2D0000F0CDFD71E1BF1E7CF0C173C3C3C393E5F92C0010C56EAEF232FA55AB56CDBAACFE934F3EC9D334AD2EA72C7BF7DD77ABCFFFFAD737DFA131FEFCF956696E65BC7E7373F3DD5BFDBA766D327682DD2882FD77FC79ED57160000B843C5B0227E74E317ED5C0821842847DCF9B1EC5B736CB412777BECECEC9C1EAC5F131FC7CEB2975E7A69D673675E37BEEE5D9EFBB81C72AF2218000000C02249D3F4B3F97484C53962B17875E2C48959973FC6CF7FF8E187F3EA086B6A6AFA42F60100000058342184D3E3E3E3D7E79A1176F5EAD5FCA9A79ECABBBBBBE75CF21787ECEFD8B1239FB914FF6633C2DADADAAEC83E000000008B268470E0D8B163BFAD15A96EB66BE43BEFBC93572A95FCCC99337316C2E28CB0382BECE0C1835F79FE66BB46BEF0C20B67641F00000080459324497B4F4FCFCF6B45AAC1C1C17CDDBA75D345ABF3E7CFE75BB66CC9F7EFDF3FAF41F071F7C8AD5BB756CFAB79E08107F243870E4D3FEEEFEFCFF7ECD9D32FFB000000002C9A2CCB56B7B4B49CAD0DC08FCB1AEFBBEFBEE9C2552C80C54258B9B03597C9C9C9BCB85EFEDA6BAF4D17D6E2F5CACB2577ECD8F1C5BE7DFBFE5AF6010000005854954AE5C8F0F0F0D95AA16A6060A03AD3EBE38F3FAE2E898CBB41C682D67C23EE2E19CF3B79F2647EFFFDF757AF57333A3A9AEFDCB9F39CAC03000000B0E8D2347D78DBB66D63B5AEB0A8A9A9297FE49147AA3B41DE6E6CDAB4A9FAB1ECB9E79EFBE299679EE990750000000096449AA647DF78E38DB15AC1EAF2E5CBF9C68D1BF3871E7AA8BADCF1565CB87061FADC789D9AC3870FE71D1D1DBFDDB061C32A190700000060498410D6645976EEE4C99397CAC5B0D8191697499687DDCF252E8D8CCB21632758B9081677946C6B6BBBD6D9D9F957B20D000000C0924A92246CDEBCF9D3C2F572712BCEF88A03EFE36E92BB77EFCE878686A68B5C7108FEC8C848BE77EFDEEAEE90F1B8F24CB0A8B85EDEDEDEFE87175F7CF1195906000000605908216CDEB265CBB953A74E7DA518160B5EB1DBABBDBD3D5FBF7E7DBE6AD5AABC38BC1AB1F8D5DADA5AED1A2BEF0E59EB047BF2C927AF3FFBECB33F965D000000009695D8199665D9EFDF7CF3CDB3E501FAB72ACE046B6D6DFD7CD7AE5D3B6515000000806529CE0C6B6A6A7A7FFBF6EDFF77E2C4894BB752001B1D1DCD9F7FFEF9CF8B734F6FDBB6ED2F641300000080652F84B0A9A5A5E53FB66DDB76FE95575E998AF3C0C6C7C7A767845DBA74A93A03ECA38F3ECAFBFBFBE3D2C92B45FCF2F1C71FDF6E774800000000569C2CCB56A769DAB175EBD677E340FD4AA57235EE0C19A3A5A5E577EDEDED236D6D6D5DB1934CB600000000A82B0D0D0DDF0E215C910900000000EA5A6363E39F86107E2F1300000000D4B5E6E6E6EF8410CECA040000000075ADB1B1F1CF4308FF231300000000D4B54AA5F2DD10C2299900000000A0AE6559F69749928CCA0400000000752D4992BF09218CC80400000000752D4DD3EF851086640200000080BAF6E8A38F3E144238221300000000D4B510C2F78BF8579900000000A0AEA569FA774992BC291300000000D4B51042A5889FC80400000000752D84B0B588D7640200000080BA9624C91321847F920900000000EA5A08E10745FCBD4C0000000050D79224F9619AA63D3201000000405D0B21FCA8882E9900000000A0AEC56EB0D815261300000000D4B52449FAD234ED58C95F439665AB8BAFA33D8470A088D3455C28222FE27211BF2A3EF776F171673CCE771C000000E02E15778C8C3B47AEC47B4FD3F4E122068BF8FC46E16B3EF17E717C93EF3C000000C05D264DD37F4E9264CB4ABAE710C29AE2BE0FDF42F1EB6631D4D8D8789F7700000000C05D2284F093222A2BE57E932409954AE577E5A2569665794F4F4FFEDE7BEFE567CE9CC9A7A6A6F2E8E2C58BF9D8D8587EFCF8F1BCAFAF2F6F6E6E9E590CBBA03B0C000000E02E1142782B49924756C2BD16F7B9314DD3EBE502587F7F7FFEE9A79FE6F3313939593D3E9E572E8815D76CF54E00000000A8734992FC5B08E1FB2BE03E43B908D6D9D959EDFEBA1DF1BC5DBB76CD2C86E90C03000000A86721842345FCED32BFC735E5E5905D5D5DD3CB1F6F575C36D9DDDD3D7399E45AEF08000000803A1542F8699AA6DF5BCEF758A9548E943BC1BE6911AC5C0C9BD11936E41D0100000050A742082345AC5FAEF797A6E9C3E59960B7BB1C72AE6592E59961964802000000D4A910C2CF9324B97FB9DE5F9AA683B522551C74BF10060606748501000000D4BB10C2A94AA5F2DDC57EDD58E0FABA25995996ADAE0DC88F5D5B1313130B52088BBB49363737978B616BBC3300000000EA4C08E14C117FB604AF5B5B8A389824C903373BA678BEBD765C6F6F6FBE90FAFAFACA85B09DDE190000000075268470B6B9B9F93B4BF0BAF98C3834B343AC78EE40EDF3478F1E5DD042D8F1E3C7CBF772D03B03000000A0CE8410CE6759F6274BF0BAF9CDA2BC64B2787CBAF6FC9D1E923FD3D8D858F93E7EE39D0100000050674208571A1A1ABEBD04AF9B7F4D1C2AE252EDF1D4D4D48216C22E5EBC587EEDCBDE1900000000F5E58FE651905A16B118CAAFE7AD01000000C01D3147D16B2449928D1B366C5855FCFB828E300000000056B4B90A60A563CC080300000060652B159DFE334DD387CB05B0D231768D040000006065BB5907D84CC5E7DB6BC5A9DEDEDE052D84F5F5F5950B613B7D870000000058345996AD0E215C8BC5A9E2DFF9C4C4C48214C1262727F3A6A6A62F4A85B035B20F000000C0A24AD374B056A0EAEFEF5F9042D8C0C040B91B6C48D6010000005874717E58AD4815BBC2EEF4D0FC78BD4AA532DD0D56BC5E93AC03000000B0244208EFD70A559D9D9DF9D4D4D41D29825DBC78317FFAE9A7AF97BBC1E69A5906000000000B2ACEEC2AE25CAD60D5D5D5F58D8B61B108D6DDDD5D9E0B76214DD3B5B20D000000C0924A9224D406E7D73AC36E7799643C6F4627982591000000002C1F2184CDE562589C191607E8C75D1FE7BB3B641C8C5F9E09162349921FCA2E00000000CB4AEC0C2B62B25CC88A05B1DEDEDEFCE8D1A3D56EAFDAB2C9B8FC716C6C2C3F7EFC78BE6FDFBEBCA5A5E50FE5F3E272C8585C93550000000096A538332C4DD3C11945AD5B8D2133C100000000581142089B6E14C4AEDD4A012C7681D91D12000000801527CBB2D5699A7684100E14F1AB222EDF287AC58FBF29E260113B6327996C0100000000000000000000000000000000000000000000000000000000000000000000000000B0DCFC3F793411F8C4BD8B760000000049454E44AE426082, '1');
INSERT INTO `act_ge_bytearray` VALUES ('185002', '1', 'C:\\RealCode\\TNA\\JC\\jc-web\\target\\classes\\processes\\simplejc.bpmn20.xml', '185001', 0x3C3F786D6C2076657273696F6E3D22312E302220656E636F64696E673D225554462D38223F3E0D0A3C646566696E6974696F6E7320786D6C6E733D22687474703A2F2F7777772E6F6D672E6F72672F737065632F42504D4E2F32303130303532342F4D4F44454C2220786D6C6E733A7873693D22687474703A2F2F7777772E77332E6F72672F323030312F584D4C536368656D612D696E7374616E6365220D0A20202020202020202020202020786D6C6E733A61637469766974693D22687474703A2F2F61637469766974692E6F72672F62706D6E2220786D6C6E733A62706D6E64693D22687474703A2F2F7777772E6F6D672E6F72672F737065632F42504D4E2F32303130303532342F4449220D0A20202020202020202020202020786D6C6E733A6F6D6764633D22687474703A2F2F7777772E6F6D672E6F72672F737065632F44442F32303130303532342F44432220786D6C6E733A6F6D6764693D22687474703A2F2F7777772E6F6D672E6F72672F737065632F44442F32303130303532342F4449220D0A20202020202020202020202020747970654C616E67756167653D22687474703A2F2F7777772E77332E6F72672F323030312F584D4C536368656D61222065787072657373696F6E4C616E67756167653D22687474703A2F2F7777772E77332E6F72672F313939392F5850617468220D0A202020202020202020202020207461726765744E616D6573706163653D22687474703A2F2F7777772E6B6166656974752E6D652F61637469766974692D696E2D616374696F6E223E0D0A202020203C70726F636573732069643D2273696D706C656A6322206E616D653D2273696D706C656A63223E0D0A20202020202020203C73746172744576656E742069643D2273746172746576656E743122206E616D653D225374617274223E3C2F73746172744576656E743E0D0A20202020202020203C656E644576656E742069643D22656E646576656E743122206E616D653D22456E64223E3C2F656E644576656E743E0D0A20202020202020203C757365725461736B2069643D22636F6D6669726D4461746522206E616D653D22E7A1AEE5AE9AE4BABAE59198E38081E697B6E997B4E38081E8A18CE7A88B222061637469766974693A63616E64696461746547726F7570733D226F7267315F736563726574617279223E3C2F757365725461736B3E0D0A20202020202020203C757365725461736B2069643D22707265417564697422206E616D653D22E9A284E7A8BDE69FA5222061637469766974693A63616E64696461746547726F7570733D226F7267315F7072656175646974223E3C2F757365725461736B3E0D0A20202020202020203C757365725461736B2069643D22617564697422206E616D653D22E7A8BDE69FA5222061637469766974693A63616E64696461746547726F7570733D226F7267315F6175646974223E3C2F757365725461736B3E0D0A20202020202020203C757365725461736B2069643D2270726F66657373696F6E616C22206E616D653D22E4B893E5AEB6E8AF84E5AEA1222061637469766974693A63616E64696461746547726F7570733D226F7267315F70726F66657373696F6E616C223E3C2F757365725461736B3E0D0A20202020202020203C757365725461736B2069643D227265706F727422206E616D653D22E68F90E4BAA4E68AA5E5918A222061637469766974693A63616E64696461746547726F7570733D226F7267315F736563726574617279223E3C2F757365725461736B3E0D0A20202020202020203C757365725461736B2069643D22696D70726F7665506C616E22206E616D653D22E694B9E8BF9BE8AEA1E58892222061637469766974693A63616E64696461746547726F7570733D22636F6D5F736563726574617279223E3C2F757365725461736B3E0D0A20202020202020203C757365725461736B2069643D226175646974496D70726F7665526573756C7422206E616D653D22E6A380E69FA5E695B4E694B9E7BB93E69E9C222061637469766974693A63616E64696461746547726F7570733D226F7267315F736563726574617279223E3C2F757365725461736B3E0D0A0D0A20202020202020203C73657175656E6365466C6F772069643D22666C6F773122206E616D653D222220736F757263655265663D2273746172746576656E743122207461726765745265663D22636F6D6669726D44617465223E3C2F73657175656E6365466C6F773E0D0A20202020202020203C73657175656E6365466C6F772069643D22666C6F773222206E616D653D222220736F757263655265663D22636F6D6669726D4461746522207461726765745265663D227072654175646974223E3C2F73657175656E6365466C6F773E0D0A20202020202020203C73657175656E6365466C6F772069643D22666C6F773322206E616D653D222220736F757263655265663D22707265417564697422207461726765745265663D226175646974223E3C2F73657175656E6365466C6F773E0D0A20202020202020203C73657175656E6365466C6F772069643D22666C6F773422206E616D653D222220736F757263655265663D22617564697422207461726765745265663D2270726F66657373696F6E616C223E3C2F73657175656E6365466C6F773E0D0A20202020202020203C73657175656E6365466C6F772069643D22666C6F773522206E616D653D222220736F757263655265663D2270726F66657373696F6E616C22207461726765745265663D227265706F7274223E3C2F73657175656E6365466C6F773E0D0A20202020202020203C73657175656E6365466C6F772069643D22666C6F773622206E616D653D222220736F757263655265663D227265706F727422207461726765745265663D22696D70726F7665506C616E223E3C2F73657175656E6365466C6F773E0D0A20202020202020203C73657175656E6365466C6F772069643D22666C6F773722206E616D653D222220736F757263655265663D22696D70726F7665506C616E22207461726765745265663D226175646974496D70726F7665526573756C74223E3C2F73657175656E6365466C6F773E0D0A0D0A20202020202020203C73657175656E6365466C6F772069643D22666C6F77393922206E616D653D222220736F757263655265663D226175646974496D70726F7665526573756C7422207461726765745265663D22656E646576656E7431223E3C2F73657175656E6365466C6F773E0D0A0D0A202020203C2F70726F636573733E0D0A3C2F646566696E6974696F6E733E, '0');
INSERT INTO `act_ge_bytearray` VALUES ('185003', '1', 'C:\\RealCode\\TNA\\JC\\jc-web\\target\\classes\\processes\\jc_demo.bpmn20.xml', '185001', 0x3C3F786D6C2076657273696F6E3D22312E302220656E636F64696E673D225554462D38223F3E0D0A3C646566696E6974696F6E7320786D6C6E733D22687474703A2F2F7777772E6F6D672E6F72672F737065632F42504D4E2F32303130303532342F4D4F44454C2220786D6C6E733A7873693D22687474703A2F2F7777772E77332E6F72672F323030312F584D4C536368656D612D696E7374616E63652220786D6C6E733A7873643D22687474703A2F2F7777772E77332E6F72672F323030312F584D4C536368656D612220786D6C6E733A61637469766974693D22687474703A2F2F61637469766974692E6F72672F62706D6E2220786D6C6E733A62706D6E64693D22687474703A2F2F7777772E6F6D672E6F72672F737065632F42504D4E2F32303130303532342F44492220786D6C6E733A6F6D6764633D22687474703A2F2F7777772E6F6D672E6F72672F737065632F44442F32303130303532342F44432220786D6C6E733A6F6D6764693D22687474703A2F2F7777772E6F6D672E6F72672F737065632F44442F32303130303532342F44492220747970654C616E67756167653D22687474703A2F2F7777772E77332E6F72672F323030312F584D4C536368656D61222065787072657373696F6E4C616E67756167653D22687474703A2F2F7777772E77332E6F72672F313939392F585061746822207461726765744E616D6573706163653D22687474703A2F2F7777772E61637469766974692E6F72672F70726F63657373646566223E0D0A20203C70726F636573732069643D226A635F64656D6F22206E616D653D22E7A8BDE69FA5E6BC94E7A4BA2220697345786563757461626C653D2274727565223E0D0A202020203C646F63756D656E746174696F6E3EE7A8BDE69FA5E6BC94E7A4BA3C2F646F63756D656E746174696F6E3E0D0A202020203C73746172744576656E742069643D227265616C737461727422206E616D653D22E5BC80E5A78BE88A82E782B9223E3C2F73746172744576656E743E0D0A202020203C757365725461736B2069643D22706A737461727422206E616D653D22E9A1B9E79BAEE590AFE58AA8222061637469766974693A63616E64696461746547726F7570733D226D69736875223E3C2F757365725461736B3E0D0A202020203C736572766963655461736B2069643D22706A73746172746E6F7469667922206E616D653D22E9A1B9E79BAEE590AFE58AA8E4BC9AE4BC9AE8AEAEE7BAAAE8A68120E982AEE4BBB6E696B9E5BC8FE9809AE79FA5E588B0E59084E4B8AAE5B9B2E7B3BBE4BABA222061637469766974693A747970653D226D61696C223E0D0A2020202020203C657874656E73696F6E456C656D656E74733E0D0A20202020202020203C61637469766974693A6669656C64206E616D653D22746F223E0D0A202020202020202020203C61637469766974693A737472696E673E3C215B43444154415B7265616C61696379403132362E636F6D5D5D3E3C2F61637469766974693A737472696E673E0D0A20202020202020203C2F61637469766974693A6669656C643E0D0A20202020202020203C61637469766974693A6669656C64206E616D653D2266726F6D223E0D0A202020202020202020203C61637469766974693A737472696E673E3C215B43444154415B7265616C74656D70403132362E636F6D5D5D3E3C2F61637469766974693A737472696E673E0D0A20202020202020203C2F61637469766974693A6669656C643E0D0A20202020202020203C61637469766974693A6669656C64206E616D653D227375626A656374223E0D0A202020202020202020203C61637469766974693A737472696E673E3C215B43444154415BE9A1B9E79BAEE590AFE58AA8E4BC9AE4BC9AE8AEAEE7BAAAE8A6815D5D3E3C2F61637469766974693A737472696E673E0D0A20202020202020203C2F61637469766974693A6669656C643E0D0A20202020202020203C61637469766974693A6669656C64206E616D653D2274657874223E0D0A202020202020202020203C61637469766974693A737472696E673E3C215B43444154415BE6B58BE8AF95E6B58BE8AF955D5D3E3C2F61637469766974693A737472696E673E0D0A20202020202020203C2F61637469766974693A6669656C643E0D0A2020202020203C2F657874656E73696F6E456C656D656E74733E0D0A202020203C2F736572766963655461736B3E0D0A202020203C757365725461736B2069643D22707265617564697422206E616D653D22E9A284E7A8BDE69FA5222061637469766974693A63616E64696461746547726F7570733D22796A6367726F7570223E3C2F757365725461736B3E0D0A202020203C757365725461736B2069643D22706A7072656175646974636865636B22206E616D653D22E9A284E7A8BDE69FA5E68AA5E5918AE5AEA1E689B9222061637469766974693A61737369676E65653D22646F63746F7279616E223E0D0A2020202020203C657874656E73696F6E456C656D656E74733E0D0A20202020202020203C61637469766974693A666F726D50726F70657274792069643D22617070726F766522206E616D653D227265616C6966617070726F76652220747970653D22737472696E67223E3C2F61637469766974693A666F726D50726F70657274793E0D0A2020202020203C2F657874656E73696F6E456C656D656E74733E0D0A202020203C2F757365725461736B3E0D0A202020203C6578636C7573697665476174657761792069643D226578677731223E3C2F6578636C7573697665476174657761793E0D0A202020203C757365725461736B2069643D22706A7265706F727422206E616D653D22E7949FE68890E68AA5E5918A222061637469766974693A61737369676E65653D2277796D223E3C2F757365725461736B3E0D0A202020203C656E644576656E742069643D227265616C656E6422206E616D653D22E7BB93E69D9FE88A82E782B9223E3C2F656E644576656E743E0D0A202020203C73657175656E6365466C6F772069643D22666C6F775F312220736F757263655265663D227265616C737461727422207461726765745265663D22706A7374617274223E3C2F73657175656E6365466C6F773E0D0A202020203C73657175656E6365466C6F772069643D22666C6F775F322220736F757263655265663D22706A737461727422207461726765745265663D22706A73746172746E6F74696679223E3C2F73657175656E6365466C6F773E0D0A202020203C73657175656E6365466C6F772069643D22666C6F775F332220736F757263655265663D22706A73746172746E6F7469667922207461726765745265663D227072656175646974223E3C2F73657175656E6365466C6F773E0D0A202020203C73657175656E6365466C6F772069643D22666C6F775F342220736F757263655265663D22707265617564697422207461726765745265663D22706A7072656175646974636865636B223E3C2F73657175656E6365466C6F773E0D0A202020203C73657175656E6365466C6F772069643D22666C6F775F352220736F757263655265663D22706A7072656175646974636865636B22207461726765745265663D226578677731223E3C2F73657175656E6365466C6F773E0D0A202020203C73657175656E6365466C6F772069643D22666C6F775F372220736F757263655265663D22706A7265706F727422207461726765745265663D227265616C656E64223E3C2F73657175656E6365466C6F773E0D0A202020203C73657175656E6365466C6F772069643D22666C6F775F365F3122206E616D653D22E69CAAE9809AE8BF872220736F757263655265663D22657867773122207461726765745265663D227072656175646974223E0D0A2020202020203C636F6E646974696F6E45787072657373696F6E207873693A747970653D2274466F726D616C45787072657373696F6E223E3C215B43444154415B247B617070726F76653D3D317D5D5D3E3C2F636F6E646974696F6E45787072657373696F6E3E0D0A202020203C2F73657175656E6365466C6F773E0D0A202020203C73657175656E6365466C6F772069643D22666C6F775F365F3222206E616D653D22E9809AE8BF872220736F757263655265663D22657867773122207461726765745265663D22706A7265706F7274223E0D0A2020202020203C636F6E646974696F6E45787072657373696F6E207873693A747970653D2274466F726D616C45787072657373696F6E223E3C215B43444154415B247B617070726F76653D3D327D5D5D3E3C2F636F6E646974696F6E45787072657373696F6E3E0D0A202020203C2F73657175656E6365466C6F773E0D0A20203C2F70726F636573733E0D0A20203C62706D6E64693A42504D4E4469616772616D2069643D2242504D4E4469616772616D5F6A635F64656D6F223E0D0A202020203C62706D6E64693A42504D4E506C616E652062706D6E456C656D656E743D226A635F64656D6F222069643D2242504D4E506C616E655F6A635F64656D6F223E0D0A2020202020203C62706D6E64693A42504D4E53686170652062706D6E456C656D656E743D227265616C7374617274222069643D2242504D4E53686170655F7265616C7374617274223E0D0A20202020202020203C6F6D6764633A426F756E6473206865696768743D2233302E30222077696474683D2233302E302220783D2237352E302220793D2236352E30223E3C2F6F6D6764633A426F756E64733E0D0A2020202020203C2F62706D6E64693A42504D4E53686170653E0D0A2020202020203C62706D6E64693A42504D4E53686170652062706D6E456C656D656E743D22706A7374617274222069643D2242504D4E53686170655F706A7374617274223E0D0A20202020202020203C6F6D6764633A426F756E6473206865696768743D2234302E30222077696474683D223135322E302220783D223136352E302220793D2236302E30223E3C2F6F6D6764633A426F756E64733E0D0A2020202020203C2F62706D6E64693A42504D4E53686170653E0D0A2020202020203C62706D6E64693A42504D4E53686170652062706D6E456C656D656E743D22706A73746172746E6F74696679222069643D2242504D4E53686170655F706A73746172746E6F74696679223E0D0A20202020202020203C6F6D6764633A426F756E6473206865696768743D2236332E30222077696474683D223138332E302220783D223336302E302220793D2234382E35223E3C2F6F6D6764633A426F756E64733E0D0A2020202020203C2F62706D6E64693A42504D4E53686170653E0D0A2020202020203C62706D6E64693A42504D4E53686170652062706D6E456C656D656E743D227072656175646974222069643D2242504D4E53686170655F7072656175646974223E0D0A20202020202020203C6F6D6764633A426F756E6473206865696768743D2234302E30222077696474683D223131392E302220783D223630302E302220793D2236302E30223E3C2F6F6D6764633A426F756E64733E0D0A2020202020203C2F62706D6E64693A42504D4E53686170653E0D0A2020202020203C62706D6E64693A42504D4E53686170652062706D6E456C656D656E743D22706A7072656175646974636865636B222069643D2242504D4E53686170655F706A7072656175646974636865636B223E0D0A20202020202020203C6F6D6764633A426F756E6473206865696768743D2234352E30222077696474683D223133362E302220783D223539312E352220793D223138302E30223E3C2F6F6D6764633A426F756E64733E0D0A2020202020203C2F62706D6E64693A42504D4E53686170653E0D0A2020202020203C62706D6E64693A42504D4E53686170652062706D6E456C656D656E743D226578677731222069643D2242504D4E53686170655F6578677731223E0D0A20202020202020203C6F6D6764633A426F756E6473206865696768743D2234302E30222077696474683D2234302E302220783D223633392E352220793D223238352E30223E3C2F6F6D6764633A426F756E64733E0D0A2020202020203C2F62706D6E64693A42504D4E53686170653E0D0A2020202020203C62706D6E64693A42504D4E53686170652062706D6E456C656D656E743D22706A7265706F7274222069643D2242504D4E53686170655F706A7265706F7274223E0D0A20202020202020203C6F6D6764633A426F756E6473206865696768743D2234302E30222077696474683D223133342E302220783D223336302E302220793D223238352E30223E3C2F6F6D6764633A426F756E64733E0D0A2020202020203C2F62706D6E64693A42504D4E53686170653E0D0A2020202020203C62706D6E64693A42504D4E53686170652062706D6E456C656D656E743D227265616C656E64222069643D2242504D4E53686170655F7265616C656E64223E0D0A20202020202020203C6F6D6764633A426F756E6473206865696768743D2232382E30222077696474683D2232382E302220783D2237362E302220793D223239312E30223E3C2F6F6D6764633A426F756E64733E0D0A2020202020203C2F62706D6E64693A42504D4E53686170653E0D0A2020202020203C62706D6E64693A42504D4E456467652062706D6E456C656D656E743D22666C6F775F31222069643D2242504D4E456467655F666C6F775F31223E0D0A20202020202020203C6F6D6764693A776179706F696E7420783D223130352E302220793D2238302E30223E3C2F6F6D6764693A776179706F696E743E0D0A20202020202020203C6F6D6764693A776179706F696E7420783D223136352E302220793D2238302E30223E3C2F6F6D6764693A776179706F696E743E0D0A2020202020203C2F62706D6E64693A42504D4E456467653E0D0A2020202020203C62706D6E64693A42504D4E456467652062706D6E456C656D656E743D22666C6F775F32222069643D2242504D4E456467655F666C6F775F32223E0D0A20202020202020203C6F6D6764693A776179706F696E7420783D223331372E302220793D2238302E30223E3C2F6F6D6764693A776179706F696E743E0D0A20202020202020203C6F6D6764693A776179706F696E7420783D223336302E302220793D2238302E30223E3C2F6F6D6764693A776179706F696E743E0D0A2020202020203C2F62706D6E64693A42504D4E456467653E0D0A2020202020203C62706D6E64693A42504D4E456467652062706D6E456C656D656E743D22666C6F775F365F31222069643D2242504D4E456467655F666C6F775F365F31223E0D0A20202020202020203C6F6D6764693A776179706F696E7420783D223637392E352220793D223330352E30223E3C2F6F6D6764693A776179706F696E743E0D0A20202020202020203C6F6D6764693A776179706F696E7420783D223831392E302220793D223330352E30223E3C2F6F6D6764693A776179706F696E743E0D0A20202020202020203C6F6D6764693A776179706F696E7420783D223831392E302220793D2238302E30223E3C2F6F6D6764693A776179706F696E743E0D0A20202020202020203C6F6D6764693A776179706F696E7420783D223731392E302220793D2238302E30223E3C2F6F6D6764693A776179706F696E743E0D0A2020202020203C2F62706D6E64693A42504D4E456467653E0D0A2020202020203C62706D6E64693A42504D4E456467652062706D6E456C656D656E743D22666C6F775F33222069643D2242504D4E456467655F666C6F775F33223E0D0A20202020202020203C6F6D6764693A776179706F696E7420783D223534332E302220793D2238302E30223E3C2F6F6D6764693A776179706F696E743E0D0A20202020202020203C6F6D6764693A776179706F696E7420783D223630302E302220793D2238302E30223E3C2F6F6D6764693A776179706F696E743E0D0A2020202020203C2F62706D6E64693A42504D4E456467653E0D0A2020202020203C62706D6E64693A42504D4E456467652062706D6E456C656D656E743D22666C6F775F34222069643D2242504D4E456467655F666C6F775F34223E0D0A20202020202020203C6F6D6764693A776179706F696E7420783D223635392E352220793D223130302E30223E3C2F6F6D6764693A776179706F696E743E0D0A20202020202020203C6F6D6764693A776179706F696E7420783D223635392E352220793D223138302E30223E3C2F6F6D6764693A776179706F696E743E0D0A2020202020203C2F62706D6E64693A42504D4E456467653E0D0A2020202020203C62706D6E64693A42504D4E456467652062706D6E456C656D656E743D22666C6F775F35222069643D2242504D4E456467655F666C6F775F35223E0D0A20202020202020203C6F6D6764693A776179706F696E7420783D223635392E352220793D223232352E30223E3C2F6F6D6764693A776179706F696E743E0D0A20202020202020203C6F6D6764693A776179706F696E7420783D223635392E352220793D223238352E30223E3C2F6F6D6764693A776179706F696E743E0D0A2020202020203C2F62706D6E64693A42504D4E456467653E0D0A2020202020203C62706D6E64693A42504D4E456467652062706D6E456C656D656E743D22666C6F775F37222069643D2242504D4E456467655F666C6F775F37223E0D0A20202020202020203C6F6D6764693A776179706F696E7420783D223336302E302220793D223330352E30223E3C2F6F6D6764693A776179706F696E743E0D0A20202020202020203C6F6D6764693A776179706F696E7420783D223130342E302220793D223330352E30223E3C2F6F6D6764693A776179706F696E743E0D0A2020202020203C2F62706D6E64693A42504D4E456467653E0D0A2020202020203C62706D6E64693A42504D4E456467652062706D6E456C656D656E743D22666C6F775F365F32222069643D2242504D4E456467655F666C6F775F365F32223E0D0A20202020202020203C6F6D6764693A776179706F696E7420783D223633392E352220793D223330352E30223E3C2F6F6D6764693A776179706F696E743E0D0A20202020202020203C6F6D6764693A776179706F696E7420783D223439342E302220793D223330352E30223E3C2F6F6D6764693A776179706F696E743E0D0A2020202020203C2F62706D6E64693A42504D4E456467653E0D0A202020203C2F62706D6E64693A42504D4E506C616E653E0D0A20203C2F62706D6E64693A42504D4E4469616772616D3E0D0A3C2F646566696E6974696F6E733E, '0');
INSERT INTO `act_ge_bytearray` VALUES ('185004', '1', 'C:\\RealCode\\TNA\\JC\\jc-web\\target\\classes\\processes\\jc_demo.jc_demo.png', '185001', 0x89504E470D0A1A0A0000000D494844520000033D0000014F0806000000671DA09600001A554944415478DAEDDDDD6F5CE59D07706F958BBDDC3F808B485B69F90372C1C54ACDAA5CE422125C042663BB244A51D27681D24076E90B0AA2450DADBA91DA4AA812BB0894DDB08DBA29755342666C1C9B10EF062831492D92D6BC24132736A9134CFC52079E3D8FE549077BC6F6F875CECCE7237D95ACC726DDF173FCFCBE3E67CE34350100000000000000000000000000000000000000000000000000000000000000000000000000000000000000000000000000000000000000000000000000000000000000000000000000000000000000000000000000000000000000000000000000000000000000000000000000000000000000000000000000000000000000000000000000000000000000000000000000000000000000000000400A8510D6F5F7F71FEAE9E9F9B4BDBD3DE4723991D4269FCF87AEAEAE8F92B43ABA010098120B4F777777181C1C0C13131322A9CFD0D050387EFCF8F5A4006D71840300D014CFF0283C5287C5672297CBF539C20100688A97B41992A51E93949E49473800004DF175100664A9D3D2131CE1000054557A06FEFC49D87DF0EDA9C4BF1BAC45E9010020D5A5677C7C225CFD78F4D6FFDDD577F956E9897F2F7E7CF0DA8D706D64D4A02D4A0F0000E9293DB1F01C38F15EF8F6A1DE70EC9D4BA1F30F03E1F1FF3973ABF4C4BFC78F1FF9FDC5F058F239FF76F4DD70FD13C547941E000052527A3EBA7E23FCEB2F7B6F959CF9F2E88BA7C3858F3E366C8BD20300403A4A4FCCEFDE2E2CB8F4FCF27F3F30688BD2030040BA4A4FBCA4AD586AF6FCF7E9F05FAFBF1FFE74F9DA54E2DFE3C78A8FBF7CBA60D016A507008074949E7867B678A382D2D7F0C49233F3F3E2C74A5FE313BFC65DDD44E901801A114258D7DFDF7F28BE1B7D7C73C6B8398A2C25F97C3E7475757D94A435EDA5A7DCE56BF1ECCECCCF8B1F2BF7B9066E517AEC65D238FB0850C3E226D1DDDD1D0607070D07B26C191A1A0AC78F1FBF9E6C5C5B941E11A5C75E268DB08F00352CFE56CC26212BB4614D24C3565F9A4B8FCBDB44E9B197897D04A803F132003F58650587ADC934979EBFDEC8E0F2826F64103FD7F75E941E7B9934DE3E02A474D01369A4616BAE63E168EFC26F59FDDBDF5FF4BD17C7A1BD4CAC5F583E2184BFEDEDEDDDF5FCF3CF1FDFB76FDFF5871E7A6872FBF6ED61EBD6ADA1B5B5F5B3AF7FFDEB13DFFDEE77FB9F7EFAE90349FEC133B6F88DE2936B03A1FFD473E16CFEC9A9C4BFC78FF9812CF55E7AE29B937EFBD0C2DF9CF45F7E793A0C5EBBE1FB2F8E437B9958BFB0F4B2F3AB5FFDEA85EF7FFFFB930F3FFC70F8C52F7E117A7A7A42A15008636363218A7FC6EB7BDF7CF3CD9094A2F0CD6F7EF3B36F7DEB5BEFEFDCB9F37ECF60751BC5C870219C79E5F170FAC89ECF257E2C3EE687B2D473E9B9313A1E9EE9383F7509DBE1373E0CAFFEE1F3AFF1897F8FEFE373EC9D4B53E5E83FBAFE14C6C6C77DFFC571682F13EB17162F29373B7EF0831F8CEFD9B367AAD0DCBC79332CD4DB6FBF1D1E7BECB19BBB76EDEABBE79E7BBEE8D95CD84671E1EC6F666D12C55C3CDBE687B2D4FDE56DB1F85C1EFEEB8D09E28D0A8AA527FEBDF8F13F7F3CAAF088E3D05E26D62F2CE9ECCEBA975E7AA9E36B5FFB5A686B6BABAAECCC74F4E8D1B063C78E51677D16B651F4BDFA74C58D223EE687B2D47BE9297757B762E9719736711CDACBC4FA85652B3C9D9D9DFFF7E0830F8673E7CE85E5F0FEFBEF87A4408DDE7FFFFDFFACF4CCFD03E74CEE898A1B457CCC0F6569B4D223E238B49789F50BCB2E9EE1898527BE466739C5FFDECE9D3B47B2D96CC3BEE3AF8D426C564A8F380EED65F632EB17D6587C0D4FBCA46DB9CEF0943BE373DF7DF70D27C5E776A5A77CE21D6E2A6D14F1313F9445E911711CDACBC4FA85458A77697BF2C92727E26B7856D2912347465B5A5A4E2A3DE573FEC4CF2B6E14F1313F9445E911711CDACBC4FA85453A7CF8F07FC6BBB4FDE52F7F092BED1BDFF8C6E546BCCC6D211BC5D5426F38736CEFECCB01928FC5C7FC5016A547C471682F13EB1716799627BE0F4FBC2DF56A387DFAF444239EED59E8A0F7DE1B2FCCDA28E2C7FC4016A547C471682F13EB1716A9B7B77757BC79C1526E4D5DAD1D3B765CDEBA75EBFA7A78FEB2D96C2EC93F2ECB46313E1ECEBFFECCECCB01928F4D784F12A9F1CD6A598F0511C7A1BD4C6A6AFD2673DB864C2673D8E44C6A3DFFFCF3C79F7DF6D9B09AF6EFDFFF7672F03C5A0FCF5FF2FF4788891B46F2C3E08EC56E14F15DAACF9DF859C5EBA0E363DEC95A6A79D85AAE6341C471682F93DA59BFB1EC24694B3219D788C999D4DAB76FDFF59E9E9E552D3DAFBFFEFAFBF100AAA7D2539297CBFDB6ACE246313E1E06CE7784778E7EA7E226514CFC9CF8B97E5326B55C7A167D2C88380EED655233EB7766D929C6E44C6A3DF4D04393030303AB5A7A2E5FBE3C981C3817EAB4F4DCFA6D59E986516EA398EF37627E5326292F3D0B3E16441C87F632A98DF51BCFF4C5CBD866961DA587D4DBBE7D7B181B1B5BD5D213FFBDE4C019ABE7D253FADBB2F803A4DC46B190DF88CDF59B323FA4250DA56721C78288E3D05E266B9B83070F86726776941EEA465CC06B61013F60EB2AE5368AC56E12C5F8212DC5A4FD5810711CDACBC4FA150573456DDBB6EDB3D53ED3333A3A7AB901CEF49CCA64329B376EDCB8CE253DD2E0677AAA3A16924F291B8F7BAE6AF97B51C7677AEC650DB68FDC7BEFBD7726DFF79306F1B53F263D0BCBECC1071F9C58EDD7F45CBA74E9DD3A7E4DCFE73608AF6390062E3D8B3A16CA0D953307D1467EDC73559BDF8B3A2C3DF6B206DF47B2D9ECA6641D742B3D4A4FDD78FCF1C7CFAFF6DDDB5E79E595DFD5E1DDDB4E263F20EE9EB941D828A4014BCF928E0583B6D2A3F4D8CBA476F691E9333FDD4A8FD2937A3FFEF18F9F5DEDF7E9D9BB77EF913A7A9F9EB2BF0DB3514803969E6539160CDA4A8FD2632F93DADB47A6CFFC9C34392B3DA9F5BDEF7DEFEF1F78E0814F6FDEBCB96A376F6B6E6EFE53F2CD5CDF48CFB38D42DC354AE9517A941E7B99D847507AD6D0EEDDBBFFF8E69B6FAED6A56D07E269D2467B8E6D1462B3527A941EA5C75E26F611949E35F4D5AF7EF59E471E79647215CEF60C373737BF95CD665B951E11A5C720AFF4283DF632B18FA0F4ACAA5DBB76F5B6B5B5AD68E389AF1F8A6779E6BB66D84621D2D8A5A7C96D92DDB2DA2DABED65621F517A58A12777FD8E1D3B46CF9D3BB72285A7B7B7F7A5E4DF18C866B3B737E2F36BA3109B9563411C87F632B17E517A6A406B6B6BCBAE5DBB6E0C0E0E2E6BE1B978F1E26BCDCDCD1F34E2656D360AB1593916C471682F13EB17A5A7C6B4B4B4ECD8B973E7C8729DF189677862E1C964328F35F2F36AA3109B9563411C87F632B17E517A6A485250B6B6B6B65EFFF5AF7FFDC9126E6E30FC939FFCE4B978495B92ED8DFE9CDA28C466E55810C7A1BD4CAC5F949EDA7BB2D7373737B7EFDAB5EBF25B6FBD355ACDFBF01C3B76EC60529A4EC59B1634EA6B786C1462B3722C88E3D05E26D62F4A4F7A9EF42DB1FC6CDFBE7D70DFBE7D675F7BEDB50F0A85C2C0D8D8D854C3191D1DBD7CE9D2A577F3F9FC6F9F78E289975B5A5AFA63D98967771AF12E6D360AB1593916C471682F13EB17A527A59232735B369B7D38F9261C4AF25E92B1F80D99FEF34292B6248FC633449E2D1B85D8AC1C0BE238B49789F58BD283D223A2F488380EED6562FDA2F4503FDADBDBFD509595CA58B2594D1A9A440C8DF63269847D44E9811AD6D5D53510DFFFC80F5659EE140A851793CDAA4FE911517AEC65D208FB88D20335ACA3A3E3AECECECE6B57AE5C19F5035696EB377371A3CAE7F31F24D9A2F488283DF63269847D44E9811A97FC40D99C6C8AA7E229E4B8398A2C31711DF5A56DA3527A44E9B197A52571F0B48FA0F400A0F4887821B8C113AC3D00941E517A307882B507A0F488283D183CC1DA03507A44941E0C9E587B00283D224A0F064FAC3D00941E11A5078327D61E004A8F88D263F0046B0F806AB5B7B71B90A52EDFE431BEE78923DCE009D61E004D5D5D5D038383838664A9ABC477B58F6FF2E808377882B50740534747C75D9D9D9DD7AE5CB9326A58967A38C3130B4F3E9FFFC0BBDA1B3CC1DA03E0966438DC9CCBE54EC5CB81E2EB2044529CB886FB141E8327587B0000183CC1DA0300C0E009D61E0000064FAC3D0000307862ED010080C1136B0F00008327587B0000183CC1DA0300C0E009D61E0000064FB0F60000307862ED010080C1136B0F00000C9E587B0000183CC1DA0300C0E009D61E0000064FB0F60000307882B5070080C1136B0F00000C9E587B000060F0C4DA0300C0E009D61E0000064FB0F60000307882B5070080C1136BCFDA0300C0E089B5070000064FAC3D0000307862ED010060F0046B0F00008327587B0000183CC1DA0300C0E089B567ED010060F0C4DA0300008327D61E0000183CB1F60000307882B5070080C113AC3D00000C9E60ED010060F0C4DAB3F60000307862ED010080C1136B0F00000C9E587B0000183CC1DA0300C0E009D61E0000064FB0F60000307862ED79160000307862ED010080C1136B0F00000C9E587B0000183CC1DA0300C0E009D61E0000064FB0F60000307862ED010080C1136B0F00000C9E587B000060F0C4DA0300C0E009D61E0000064FB0F60000307882B5070080C1136B0F00009677C86C8B83E63C39E59942E9010020AD43E686249373959E4C26B3D93385D20300409A07CD97E7283D27376EDCB8CEB384D20300409A07CD0D954A4F369BBDDB3384D20300403D0C9BE55EDB73CA591E941E0000EA65D89CF5DA1EAFE541E90100A0AE2425E7B0B33C283D0000D473E9B9A3E4B53C9B3C23283D0000D4E3D039F5DA1E6779507A0000A8D7A17383C113A50700A08E8410D6F5F7F71FEAE9E9F9B4BDBD3DE4723969F0E4F3F9D0D5D5F55192564788D20300907AB1F074777787C1C1C1303131213295A1A1A170FCF8F1EB4901DAE228517A0000522D9EE15178A442F199C8E5727D8E12A5070020D5E2256D067CA994A4F44C3A4A941E0080548BAFE130DCCB1CA5C710AEF400003446E9F9E4DA40E83FF55C389B7F722AF1EFF1638A81D283D2030090FAD233325C08675E793C9C3EB2E773891F8B8F29074A0F4A0F0040AA4BCF85B3BF9955788AB978B64D39507A507A0000D25D7AFA5E7DBA62E9898F29074A0F4A0F0040AA4BCF99DC13154B4F7C4C39507A507A0000941E517A507A00006AB5F4C4BBB5552A3DF131E540E941E901004875E9397FE2E7154B4F7C4C39507A507A0000525D7AAE167AC399637B675FDA967C2C3EA61C283D283D0000A92E3D31EFBDF1C2ACD2133FA618283D283D0000E92F3DE3E3E1FCEBCFCCBEB42DF9587C4C39507A507A0000525B7A46860BE1DC899F557C4D4F7C2C7E8E82A0F4A0F40000A4ABF48C8F8781F31DE19DA3DFA958788A899F133FD7591FA507A507002015A567BEB33BCEFA283D283D0000A92E3D0B39BB33D7591F6541E941E90100A8E9D2B3D8C2538CB2A0F4A0F40000D474E911517A941E0000A547941E941E0000A547941E941E0000A547941E941E0000A547941EA5070000A547941EA5070000A547941EA5070040E911517A941E0000A547941E941E0000A547941E941E0000A547941E941E0000A547941EA5070000A547941EA5070000A547941EA5070040E911517A941E0000A547941E941E0000A547941E941E0000A547941E941E0000A547941EA5070000A547941EA5070000A547941EA50700A081B4B7B71BEEA552C692D233E928517A000052ADABAB6B607070D0802FB35228145E4C4A4F9FA344E9010048B58E8E8EBB3A3B3BAF5DB97265D4A02FC5333CB1F0E4F3F90F926C7194283D0000A9970CB69B73B9DCA97829537C0D47A3270E9E0DFE1CC475D0A7F0283D0000183CC1DA0300C0E009D61E0000064FB0F60000307862ED010080C1136B0F00000C9E587B0000183CC1DA0300C0E009D61E0000064FB0F60000307882B5070080C1136B0F00000C9E587B000060F0C4DA0300C0E009D61E0000064FB0F60000307882B5070080C113AC3D00000C9E587B000060F0C4DA0300008327D61E0000064FB0F60000307882B5070080C113AC3D00000C9E60ED010060F0C4DA0300008327D61E0000183CB1F60000307882B5070080C113AC3D00000C9E60ED010060F0C4DAB3F60000307862ED010080C1136B0F00000C9E587B0000183CC1DA0300C0E009D61E0000064FB0F60000307862ED597B0000183CB1F60000C0E089B5070000064FAC3D00000C9E60ED010060F0046B0F00008327587B0000183CB1F6AC3D00000C9E587B000060F0C4DA0300008327D61E0000064FB0F6000048F990D91607CD7972CA3385D20300405A87CC0D4926E72A3D994C66B3670AA5070080340F9A2FCF517A4E6EDCB8719D6709A5070080340F9A1B2A959E6C367BB76708A50700807A1836CBBDB6E794B33C283D0000D4CBB039EBB53D5ECB83D20300405D494ACE616779507A0000A8E7D27347C96B79367946507A0000A8C7A173EAB53DCEF2A0F400005097BEFCE52FFF93C113A50780450921ACEBEFEF3FD4D3D3F3697B7B7BC8E572D2A0C9E7F3A1ABABEBA324AD8E0C6A4CBCA42D7CE94B5F3278A2F40050BD5878BABBBBC3E0E0609898989006CFD0D050387EFCF8F5A4006D71745023EE4C329C64FFF49FEEDC86D2034075E2191E854766149F895C2ED7E7E8A0860A4FB1E8C4333E438A0F4A0F00558997B419F4656692D233E9E8A0C60ACF7C1F07A50780F2E26B390CF952A6F4D8E0594B9BE62936C5C7DDBE1AA5A7DEB5B4B4DC96C9641E48BE0987929C4F32327D0FFBB124EF4DBF91D7A3F1F33C5BC0524BCF27D70642FFA9E7C2D9FC9353897F8F1F5310941E58A1C2335FA171C607A5A79E65B3D9BB93E4924C94BC3BF17C7935F97C77E30116557A46860BE1CC2B8F87D347F67C2EF163F1312541E98165726753756770AAFD7C507A52F064AF4F8ACBD12A8A4EB974DF73CF3D5FF46C02D5949E0B677F33ABF01473F16C9B92A0F4C072169ECD8BF8BA11C507A5A70E643299ADCDCDCD7F2E2D302D2D2DE1873FFC61E8E8E8081F7EF861F8F8E38F4374E3C68D502814C2891327C2FEFDFBC357BEF29599C567C4591FA09AD2D3F7EAD3154B4F7C4C49507A608D0ACF727D3D283D355078362725E56669D93970E0C0D47B6A2CC4F0F0F0D4E7C7AF2B2D3FC97FF37ECF2EB090D27326F744C5D2131F5312941E5882F96E5AB0DAFF1D507AD6A0F06C2D2D3CBB77EF9E3AABB318F1EBF6ECD933B3F838E3034A8FD2234A0F6B5D7896EBD234677C507A52F8E4AE2FBDA46DEFDEBDB72E615BAC78E9DB534F3D35F352B7DB3DDBA0F4CC9578B7B64AA5273EA624283DB08482522C3C7F9364DBF49FD598F9756E6E80D2932649E1C9979EE1596AE1292D3E33CEF8747BB641E9992BE74FFCBC62E9898F29094A0F2CB2F06C2E292EFF9E244CFFB9D0E253E9EB141F949E3488B7A52E7D0DCF622F699BEB52B7D2D7F8B8CC0D949EB972B5D01BCE1CDB3BFBD2B6E463F1312541E98125149E68DB74710955149FD2C253CC7D258F7B8D0F4A4F0A4A4FAE5848E24D0856C2C183079DED0116FCE6A4EFBDF1C2ACD2133FA620283D50854A45A45C8199ABF894FBFC67CB7CBED7F8A0F4D4AA969696DB8A372F886763AE5EBDBA22A527DED56DC6EDACD7CFF18DDE90C9640EFBEE4083969EF1F170FEF567665FDA967C2C3EA624345EE9B12FB084C2B3A98A2253AEF82CB4F0CC2C3E2E7543E9A925C926F240B188FCE8473F0A2B29BE8F4F49E979B4DCA696A42DC9A46F363466E919192E8473277E56F1353DF1B1F8398A4263941EFB028BB4D0E2315FF1A9B6F094FEFB434DCEF8A0F4D4D4937AA858443A3B3B57B4F4C437302D293D6D9536B5627C77A0814ACFF8781838DF11DE39FA9D8A85A798F839F1739DF5A9DFD2635F60190ACF420B47A5E2F38545169E22AFF141E9A9B127F57C713359EE1B18CC5428144A4BCF854C267347BC5C61E6A6667383C62A3DF39DDD71D6A7714A8F7D81552E3C73159F7797507896FABF07F3B99F772BF0A48E143793E5BA4DF55CB7AF2ED9BC3EADB4A9D9DCA0B14ACF42CEEECC75D64769A88FD253EECC8E7D812A2CF5CC4AB9E2B394C233B3F8788D0F4ACF5A3FA9C5AC86B9363311698CCC1C78175B788A511AEAA6F4882C394B1C8BBE50E60CCFBBD31F5F8AFDF1BFE5FB23ABB896A9A1333D63F7DE7BEF9DC99F277DB3A1B1CFF488142F6FB32FB00C677A167B4665AE333DD5BC81A9333D50A3A567CD5ED353FCDF90CD6637C5F7EEB1B981D2236E64605F600962C118695A99D7F42CA6F8784D0FD450E959F3BBB7154DFF86AFDBE6064A8FB865B57D8125149F6ACEAC54BA2D75B9BBB755537CDCBD0D6A492DBD4F4FD1F46FF84EFAEE80D223DE9CD4BEC0128ACF7C8563BEF7E159E81B98CEB4A1C9FBF4406D696969B9AD78B79CE4EFE1EAD5AB2B5278868787436B6BEB6725A567BD671F941E9185941E5884F9CEB42CF48D47AB2D3EC54BECEEF62D801A93CD6673C53272E0C08115293D070F1E2C3DCBD3ED5907A54744E96185553AE3B3D0C2536DF129FE7B0A0FD468E9B9BB5848E2D99EE5BEA141FCEF353737DF3ACB93FC7BAD9E75507A44941E56413CE333F352B36D4DD5BF0F4FB9E273DF8C7FC76B78A0D62565E4D56229D9BD7BF7B2DDBE3ADEA6FA91471EB9597A9667E3C68DEB3CE3A0F488283DAC62F129BDB9416981A9E68D472B7D9DDB52438A4ACFFA2443C572B277EFDE25179F58789E7AEAA9D2D7F18C64B3D9DB3DDBA0F488283DACB29997BAC5C2725F53F5B7A19EF9754B7D7F2060B5653299ADC59B1A14CFF82CF652B7F87533CEF0B8AC0D507A44E9A1968ACF5295BB740E4883A49C6C2F2D3EF1353EF1E606F1EE6B0BBD4B5BBC6941E96B78629242F5986717507A44E9A14E8A8F371E85B48B677C920C979696587EE2FBF8C437308D67718A97BEC54BD80A85C2D41B8FFEF4A73F0DDBB66DFB74C63B688FC422E55905941E517AA8114BBD24CD256D502FE26B7C4A6F65BDC8747B0D0FA0F488D2430D179F6ACFD4B86901D469F9D9325D7E26AB293BF1EC8EBBB4014A8F283DD4B06A2F5173491BD4BB969696DB92F2F37052660E25792FC9D874C1897F5E48D296E4D17886C8B305283DA2F45067C567439291266F3C0A00283DA2F490429BA60BCDA6391E1F5278008005696F6F37E4CBCC8C25A567D2D1C11AAB74C6C7256D004075BABABA060607070DFA722B8542E1C5A4F4F4393AA8C1E2A3F00000D5EBE8E8B8ABB3B3F3DA952B57460DFCCEF0C4C293CFE73F48B2C5D1418D159FFD0A0F00B068C980BB3997CB9D8A9734C5D77248C3267EFFFB141E6A507C0D4F68725B6A0000A08EFD9DA7000000000000000000000000000000000000000000000000000060EDFC3F7BDF7A72F75C573F0000000049454E44AE426082, '1');

-- ----------------------------
-- Table structure for `act_ge_property`
-- ----------------------------
DROP TABLE IF EXISTS `act_ge_property`;
CREATE TABLE `act_ge_property` (
  `NAME_` varchar(64) COLLATE utf8_bin NOT NULL DEFAULT '',
  `VALUE_` varchar(300) COLLATE utf8_bin DEFAULT NULL,
  `REV_` int(11) DEFAULT NULL,
  PRIMARY KEY (`NAME_`)
) ENGINE=InnoDB DEFAULT CHARSET=utf8 COLLATE=utf8_bin;

-- ----------------------------
-- Records of act_ge_property
-- ----------------------------
INSERT INTO `act_ge_property` VALUES ('next.dbid', '187501', '76');
INSERT INTO `act_ge_property` VALUES ('schema.history', 'create(5.21.0.0)', '1');
INSERT INTO `act_ge_property` VALUES ('schema.version', '5.21.0.0', '1');

-- ----------------------------
-- Table structure for `act_hi_actinst`
-- ----------------------------
DROP TABLE IF EXISTS `act_hi_actinst`;
CREATE TABLE `act_hi_actinst` (
  `ID_` varchar(64) COLLATE utf8_bin NOT NULL,
  `PROC_DEF_ID_` varchar(64) COLLATE utf8_bin NOT NULL,
  `PROC_INST_ID_` varchar(64) COLLATE utf8_bin NOT NULL,
  `EXECUTION_ID_` varchar(64) COLLATE utf8_bin NOT NULL,
  `ACT_ID_` varchar(255) COLLATE utf8_bin NOT NULL,
  `TASK_ID_` varchar(64) COLLATE utf8_bin DEFAULT NULL,
  `CALL_PROC_INST_ID_` varchar(64) COLLATE utf8_bin DEFAULT NULL,
  `ACT_NAME_` varchar(255) COLLATE utf8_bin DEFAULT NULL,
  `ACT_TYPE_` varchar(255) COLLATE utf8_bin NOT NULL,
  `ASSIGNEE_` varchar(255) COLLATE utf8_bin DEFAULT NULL,
  `START_TIME_` datetime(3) NOT NULL,
  `END_TIME_` datetime(3) DEFAULT NULL,
  `DURATION_` bigint(20) DEFAULT NULL,
  `TENANT_ID_` varchar(255) COLLATE utf8_bin DEFAULT '',
  PRIMARY KEY (`ID_`),
  KEY `ACT_IDX_HI_ACT_INST_START` (`START_TIME_`),
  KEY `ACT_IDX_HI_ACT_INST_END` (`END_TIME_`),
  KEY `ACT_IDX_HI_ACT_INST_PROCINST` (`PROC_INST_ID_`,`ACT_ID_`),
  KEY `ACT_IDX_HI_ACT_INST_EXEC` (`EXECUTION_ID_`,`ACT_ID_`)
) ENGINE=InnoDB DEFAULT CHARSET=utf8 COLLATE=utf8_bin;

-- ----------------------------
-- Records of act_hi_actinst
-- ----------------------------

-- ----------------------------
-- Table structure for `act_hi_attachment`
-- ----------------------------
DROP TABLE IF EXISTS `act_hi_attachment`;
CREATE TABLE `act_hi_attachment` (
  `ID_` varchar(64) COLLATE utf8_bin NOT NULL,
  `REV_` int(11) DEFAULT NULL,
  `USER_ID_` varchar(255) COLLATE utf8_bin DEFAULT NULL,
  `NAME_` varchar(255) COLLATE utf8_bin DEFAULT NULL,
  `DESCRIPTION_` varchar(4000) COLLATE utf8_bin DEFAULT NULL,
  `TYPE_` varchar(255) COLLATE utf8_bin DEFAULT NULL,
  `TASK_ID_` varchar(64) COLLATE utf8_bin DEFAULT NULL,
  `PROC_INST_ID_` varchar(64) COLLATE utf8_bin DEFAULT NULL,
  `URL_` varchar(4000) COLLATE utf8_bin DEFAULT NULL,
  `CONTENT_ID_` varchar(64) COLLATE utf8_bin DEFAULT NULL,
  `TIME_` datetime(3) DEFAULT NULL,
  PRIMARY KEY (`ID_`)
) ENGINE=InnoDB DEFAULT CHARSET=utf8 COLLATE=utf8_bin;

-- ----------------------------
-- Records of act_hi_attachment
-- ----------------------------

-- ----------------------------
-- Table structure for `act_hi_comment`
-- ----------------------------
DROP TABLE IF EXISTS `act_hi_comment`;
CREATE TABLE `act_hi_comment` (
  `ID_` varchar(64) COLLATE utf8_bin NOT NULL,
  `TYPE_` varchar(255) COLLATE utf8_bin DEFAULT NULL,
  `TIME_` datetime(3) NOT NULL,
  `USER_ID_` varchar(255) COLLATE utf8_bin DEFAULT NULL,
  `TASK_ID_` varchar(64) COLLATE utf8_bin DEFAULT NULL,
  `PROC_INST_ID_` varchar(64) COLLATE utf8_bin DEFAULT NULL,
  `ACTION_` varchar(255) COLLATE utf8_bin DEFAULT NULL,
  `MESSAGE_` varchar(4000) COLLATE utf8_bin DEFAULT NULL,
  `FULL_MSG_` longblob,
  PRIMARY KEY (`ID_`)
) ENGINE=InnoDB DEFAULT CHARSET=utf8 COLLATE=utf8_bin;

-- ----------------------------
-- Records of act_hi_comment
-- ----------------------------

-- ----------------------------
-- Table structure for `act_hi_detail`
-- ----------------------------
DROP TABLE IF EXISTS `act_hi_detail`;
CREATE TABLE `act_hi_detail` (
  `ID_` varchar(64) COLLATE utf8_bin NOT NULL,
  `TYPE_` varchar(255) COLLATE utf8_bin NOT NULL,
  `PROC_INST_ID_` varchar(64) COLLATE utf8_bin DEFAULT NULL,
  `EXECUTION_ID_` varchar(64) COLLATE utf8_bin DEFAULT NULL,
  `TASK_ID_` varchar(64) COLLATE utf8_bin DEFAULT NULL,
  `ACT_INST_ID_` varchar(64) COLLATE utf8_bin DEFAULT NULL,
  `NAME_` varchar(255) COLLATE utf8_bin NOT NULL,
  `VAR_TYPE_` varchar(255) COLLATE utf8_bin DEFAULT NULL,
  `REV_` int(11) DEFAULT NULL,
  `TIME_` datetime(3) NOT NULL,
  `BYTEARRAY_ID_` varchar(64) COLLATE utf8_bin DEFAULT NULL,
  `DOUBLE_` double DEFAULT NULL,
  `LONG_` bigint(20) DEFAULT NULL,
  `TEXT_` varchar(4000) COLLATE utf8_bin DEFAULT NULL,
  `TEXT2_` varchar(4000) COLLATE utf8_bin DEFAULT NULL,
  PRIMARY KEY (`ID_`),
  KEY `ACT_IDX_HI_DETAIL_PROC_INST` (`PROC_INST_ID_`),
  KEY `ACT_IDX_HI_DETAIL_ACT_INST` (`ACT_INST_ID_`),
  KEY `ACT_IDX_HI_DETAIL_TIME` (`TIME_`),
  KEY `ACT_IDX_HI_DETAIL_NAME` (`NAME_`),
  KEY `ACT_IDX_HI_DETAIL_TASK_ID` (`TASK_ID_`)
) ENGINE=InnoDB DEFAULT CHARSET=utf8 COLLATE=utf8_bin;

-- ----------------------------
-- Records of act_hi_detail
-- ----------------------------

-- ----------------------------
-- Table structure for `act_hi_identitylink`
-- ----------------------------
DROP TABLE IF EXISTS `act_hi_identitylink`;
CREATE TABLE `act_hi_identitylink` (
  `ID_` varchar(64) COLLATE utf8_bin NOT NULL DEFAULT '',
  `GROUP_ID_` varchar(255) COLLATE utf8_bin DEFAULT NULL,
  `TYPE_` varchar(255) COLLATE utf8_bin DEFAULT NULL,
  `USER_ID_` varchar(255) COLLATE utf8_bin DEFAULT NULL,
  `TASK_ID_` varchar(64) COLLATE utf8_bin DEFAULT NULL,
  `PROC_INST_ID_` varchar(64) COLLATE utf8_bin DEFAULT NULL,
  PRIMARY KEY (`ID_`),
  KEY `ACT_IDX_HI_IDENT_LNK_USER` (`USER_ID_`),
  KEY `ACT_IDX_HI_IDENT_LNK_TASK` (`TASK_ID_`),
  KEY `ACT_IDX_HI_IDENT_LNK_PROCINST` (`PROC_INST_ID_`)
) ENGINE=InnoDB DEFAULT CHARSET=utf8 COLLATE=utf8_bin;

-- ----------------------------
-- Records of act_hi_identitylink
-- ----------------------------

-- ----------------------------
-- Table structure for `act_hi_procinst`
-- ----------------------------
DROP TABLE IF EXISTS `act_hi_procinst`;
CREATE TABLE `act_hi_procinst` (
  `ID_` varchar(64) COLLATE utf8_bin NOT NULL,
  `PROC_INST_ID_` varchar(64) COLLATE utf8_bin NOT NULL,
  `BUSINESS_KEY_` varchar(255) COLLATE utf8_bin DEFAULT NULL,
  `PROC_DEF_ID_` varchar(64) COLLATE utf8_bin NOT NULL,
  `START_TIME_` datetime(3) NOT NULL,
  `END_TIME_` datetime(3) DEFAULT NULL,
  `DURATION_` bigint(20) DEFAULT NULL,
  `START_USER_ID_` varchar(255) COLLATE utf8_bin DEFAULT NULL,
  `START_ACT_ID_` varchar(255) COLLATE utf8_bin DEFAULT NULL,
  `END_ACT_ID_` varchar(255) COLLATE utf8_bin DEFAULT NULL,
  `SUPER_PROCESS_INSTANCE_ID_` varchar(64) COLLATE utf8_bin DEFAULT NULL,
  `DELETE_REASON_` varchar(4000) COLLATE utf8_bin DEFAULT NULL,
  `TENANT_ID_` varchar(255) COLLATE utf8_bin DEFAULT '',
  `NAME_` varchar(255) COLLATE utf8_bin DEFAULT NULL,
  PRIMARY KEY (`ID_`),
  UNIQUE KEY `PROC_INST_ID_` (`PROC_INST_ID_`),
  KEY `ACT_IDX_HI_PRO_INST_END` (`END_TIME_`),
  KEY `ACT_IDX_HI_PRO_I_BUSKEY` (`BUSINESS_KEY_`)
) ENGINE=InnoDB DEFAULT CHARSET=utf8 COLLATE=utf8_bin;

-- ----------------------------
-- Records of act_hi_procinst
-- ----------------------------

-- ----------------------------
-- Table structure for `act_hi_taskinst`
-- ----------------------------
DROP TABLE IF EXISTS `act_hi_taskinst`;
CREATE TABLE `act_hi_taskinst` (
  `ID_` varchar(64) COLLATE utf8_bin NOT NULL,
  `PROC_DEF_ID_` varchar(64) COLLATE utf8_bin DEFAULT NULL,
  `TASK_DEF_KEY_` varchar(255) COLLATE utf8_bin DEFAULT NULL,
  `PROC_INST_ID_` varchar(64) COLLATE utf8_bin DEFAULT NULL,
  `EXECUTION_ID_` varchar(64) COLLATE utf8_bin DEFAULT NULL,
  `NAME_` varchar(255) COLLATE utf8_bin DEFAULT NULL,
  `PARENT_TASK_ID_` varchar(64) COLLATE utf8_bin DEFAULT NULL,
  `DESCRIPTION_` varchar(4000) COLLATE utf8_bin DEFAULT NULL,
  `OWNER_` varchar(255) COLLATE utf8_bin DEFAULT NULL,
  `ASSIGNEE_` varchar(255) COLLATE utf8_bin DEFAULT NULL,
  `START_TIME_` datetime(3) NOT NULL,
  `CLAIM_TIME_` datetime(3) DEFAULT NULL,
  `END_TIME_` datetime(3) DEFAULT NULL,
  `DURATION_` bigint(20) DEFAULT NULL,
  `DELETE_REASON_` varchar(4000) COLLATE utf8_bin DEFAULT NULL,
  `PRIORITY_` int(11) DEFAULT NULL,
  `DUE_DATE_` datetime(3) DEFAULT NULL,
  `FORM_KEY_` varchar(255) COLLATE utf8_bin DEFAULT NULL,
  `CATEGORY_` varchar(255) COLLATE utf8_bin DEFAULT NULL,
  `TENANT_ID_` varchar(255) COLLATE utf8_bin DEFAULT '',
  PRIMARY KEY (`ID_`),
  KEY `ACT_IDX_HI_TASK_INST_PROCINST` (`PROC_INST_ID_`)
) ENGINE=InnoDB DEFAULT CHARSET=utf8 COLLATE=utf8_bin;

-- ----------------------------
-- Records of act_hi_taskinst
-- ----------------------------

-- ----------------------------
-- Table structure for `act_hi_varinst`
-- ----------------------------
DROP TABLE IF EXISTS `act_hi_varinst`;
CREATE TABLE `act_hi_varinst` (
  `ID_` varchar(64) COLLATE utf8_bin NOT NULL,
  `PROC_INST_ID_` varchar(64) COLLATE utf8_bin DEFAULT NULL,
  `EXECUTION_ID_` varchar(64) COLLATE utf8_bin DEFAULT NULL,
  `TASK_ID_` varchar(64) COLLATE utf8_bin DEFAULT NULL,
  `NAME_` varchar(255) COLLATE utf8_bin NOT NULL,
  `VAR_TYPE_` varchar(100) COLLATE utf8_bin DEFAULT NULL,
  `REV_` int(11) DEFAULT NULL,
  `BYTEARRAY_ID_` varchar(64) COLLATE utf8_bin DEFAULT NULL,
  `DOUBLE_` double DEFAULT NULL,
  `LONG_` bigint(20) DEFAULT NULL,
  `TEXT_` varchar(4000) COLLATE utf8_bin DEFAULT NULL,
  `TEXT2_` varchar(4000) COLLATE utf8_bin DEFAULT NULL,
  `CREATE_TIME_` datetime(3) DEFAULT NULL,
  `LAST_UPDATED_TIME_` datetime(3) DEFAULT NULL,
  PRIMARY KEY (`ID_`),
  KEY `ACT_IDX_HI_PROCVAR_PROC_INST` (`PROC_INST_ID_`),
  KEY `ACT_IDX_HI_PROCVAR_NAME_TYPE` (`NAME_`,`VAR_TYPE_`),
  KEY `ACT_IDX_HI_PROCVAR_TASK_ID` (`TASK_ID_`)
) ENGINE=InnoDB DEFAULT CHARSET=utf8 COLLATE=utf8_bin;

-- ----------------------------
-- Records of act_hi_varinst
-- ----------------------------

-- ----------------------------
-- Table structure for `act_procdef_info`
-- ----------------------------
DROP TABLE IF EXISTS `act_procdef_info`;
CREATE TABLE `act_procdef_info` (
  `ID_` varchar(64) COLLATE utf8_bin NOT NULL,
  `PROC_DEF_ID_` varchar(64) COLLATE utf8_bin NOT NULL,
  `REV_` int(11) DEFAULT NULL,
  `INFO_JSON_ID_` varchar(64) COLLATE utf8_bin DEFAULT NULL,
  PRIMARY KEY (`ID_`),
  UNIQUE KEY `ACT_UNIQ_INFO_PROCDEF` (`PROC_DEF_ID_`),
  KEY `ACT_IDX_INFO_PROCDEF` (`PROC_DEF_ID_`),
  KEY `ACT_FK_INFO_JSON_BA` (`INFO_JSON_ID_`),
  CONSTRAINT `ACT_FK_INFO_JSON_BA` FOREIGN KEY (`INFO_JSON_ID_`) REFERENCES `act_ge_bytearray` (`ID_`),
  CONSTRAINT `ACT_FK_INFO_PROCDEF` FOREIGN KEY (`PROC_DEF_ID_`) REFERENCES `act_re_procdef` (`ID_`)
) ENGINE=InnoDB DEFAULT CHARSET=utf8 COLLATE=utf8_bin;

-- ----------------------------
-- Records of act_procdef_info
-- ----------------------------

-- ----------------------------
-- Table structure for `act_re_deployment`
-- ----------------------------
DROP TABLE IF EXISTS `act_re_deployment`;
CREATE TABLE `act_re_deployment` (
  `ID_` varchar(64) COLLATE utf8_bin NOT NULL DEFAULT '',
  `NAME_` varchar(255) COLLATE utf8_bin DEFAULT NULL,
  `CATEGORY_` varchar(255) COLLATE utf8_bin DEFAULT NULL,
  `TENANT_ID_` varchar(255) COLLATE utf8_bin DEFAULT '',
  `DEPLOY_TIME_` timestamp(3) NULL DEFAULT NULL,
  PRIMARY KEY (`ID_`)
) ENGINE=InnoDB DEFAULT CHARSET=utf8 COLLATE=utf8_bin;

-- ----------------------------
-- Records of act_re_deployment
-- ----------------------------
INSERT INTO `act_re_deployment` VALUES ('175001', 'SpringAutoDeployment', null, '', '2016-11-16 09:59:47.684');
INSERT INTO `act_re_deployment` VALUES ('177501', 'SpringAutoDeployment', null, '', '2016-11-16 14:31:53.094');
INSERT INTO `act_re_deployment` VALUES ('180001', 'SpringAutoDeployment', null, '', '2016-11-16 20:16:31.496');
INSERT INTO `act_re_deployment` VALUES ('182501', 'SpringAutoDeployment', null, '', '2016-11-20 17:52:17.500');
INSERT INTO `act_re_deployment` VALUES ('185001', 'SpringAutoDeployment', null, '', '2016-11-20 18:47:12.755');

-- ----------------------------
-- Table structure for `act_re_model`
-- ----------------------------
DROP TABLE IF EXISTS `act_re_model`;
CREATE TABLE `act_re_model` (
  `ID_` varchar(64) COLLATE utf8_bin NOT NULL,
  `REV_` int(11) DEFAULT NULL,
  `NAME_` varchar(255) COLLATE utf8_bin DEFAULT NULL,
  `KEY_` varchar(255) COLLATE utf8_bin DEFAULT NULL,
  `CATEGORY_` varchar(255) COLLATE utf8_bin DEFAULT NULL,
  `CREATE_TIME_` timestamp(3) NULL DEFAULT NULL,
  `LAST_UPDATE_TIME_` timestamp(3) NULL DEFAULT NULL,
  `VERSION_` int(11) DEFAULT NULL,
  `META_INFO_` varchar(4000) COLLATE utf8_bin DEFAULT NULL,
  `DEPLOYMENT_ID_` varchar(64) COLLATE utf8_bin DEFAULT NULL,
  `EDITOR_SOURCE_VALUE_ID_` varchar(64) COLLATE utf8_bin DEFAULT NULL,
  `EDITOR_SOURCE_EXTRA_VALUE_ID_` varchar(64) COLLATE utf8_bin DEFAULT NULL,
  `TENANT_ID_` varchar(255) COLLATE utf8_bin DEFAULT '',
  PRIMARY KEY (`ID_`),
  KEY `ACT_FK_MODEL_SOURCE` (`EDITOR_SOURCE_VALUE_ID_`),
  KEY `ACT_FK_MODEL_SOURCE_EXTRA` (`EDITOR_SOURCE_EXTRA_VALUE_ID_`),
  KEY `ACT_FK_MODEL_DEPLOYMENT` (`DEPLOYMENT_ID_`),
  CONSTRAINT `ACT_FK_MODEL_DEPLOYMENT` FOREIGN KEY (`DEPLOYMENT_ID_`) REFERENCES `act_re_deployment` (`ID_`),
  CONSTRAINT `ACT_FK_MODEL_SOURCE` FOREIGN KEY (`EDITOR_SOURCE_VALUE_ID_`) REFERENCES `act_ge_bytearray` (`ID_`),
  CONSTRAINT `ACT_FK_MODEL_SOURCE_EXTRA` FOREIGN KEY (`EDITOR_SOURCE_EXTRA_VALUE_ID_`) REFERENCES `act_ge_bytearray` (`ID_`)
) ENGINE=InnoDB DEFAULT CHARSET=utf8 COLLATE=utf8_bin;

-- ----------------------------
-- Records of act_re_model
-- ----------------------------

-- ----------------------------
-- Table structure for `act_re_procdef`
-- ----------------------------
DROP TABLE IF EXISTS `act_re_procdef`;
CREATE TABLE `act_re_procdef` (
  `ID_` varchar(64) COLLATE utf8_bin NOT NULL,
  `REV_` int(11) DEFAULT NULL,
  `CATEGORY_` varchar(255) COLLATE utf8_bin DEFAULT NULL,
  `NAME_` varchar(255) COLLATE utf8_bin DEFAULT NULL,
  `KEY_` varchar(255) COLLATE utf8_bin NOT NULL,
  `VERSION_` int(11) NOT NULL,
  `DEPLOYMENT_ID_` varchar(64) COLLATE utf8_bin DEFAULT NULL,
  `RESOURCE_NAME_` varchar(4000) COLLATE utf8_bin DEFAULT NULL,
  `DGRM_RESOURCE_NAME_` varchar(4000) COLLATE utf8_bin DEFAULT NULL,
  `DESCRIPTION_` varchar(4000) COLLATE utf8_bin DEFAULT NULL,
  `HAS_START_FORM_KEY_` tinyint(4) DEFAULT NULL,
  `HAS_GRAPHICAL_NOTATION_` tinyint(4) DEFAULT NULL,
  `SUSPENSION_STATE_` int(11) DEFAULT NULL,
  `TENANT_ID_` varchar(255) COLLATE utf8_bin DEFAULT '',
  PRIMARY KEY (`ID_`),
  UNIQUE KEY `ACT_UNIQ_PROCDEF` (`KEY_`,`VERSION_`,`TENANT_ID_`)
) ENGINE=InnoDB DEFAULT CHARSET=utf8 COLLATE=utf8_bin;

-- ----------------------------
-- Records of act_re_procdef
-- ----------------------------
INSERT INTO `act_re_procdef` VALUES ('hireProcess:1:182509', '1', 'http://www.activiti.org/processdef', 'Developer Hiring', 'hireProcess', '1', '182501', 'C:\\RealCode\\TNA\\JC\\jc-web\\target\\test-classes\\processes\\Developer_Hiring.bpmn20.xml', 'C:\\RealCode\\TNA\\JC\\jc-web\\target\\test-classes\\processes\\Developer_Hiring.hireProcess.png', null, '0', '1', '1', '');
INSERT INTO `act_re_procdef` VALUES ('hireProcessWithJpa:1:182507', '1', 'http://www.activiti.org/processdef', 'Developer Hiring', 'hireProcessWithJpa', '1', '182501', 'C:\\RealCode\\TNA\\JC\\jc-web\\target\\test-classes\\processes\\Developer_Hiring_with_jpa.bpmn20.xml', 'C:\\RealCode\\TNA\\JC\\jc-web\\target\\test-classes\\processes\\Developer_Hiring_with_jpa.hireProcessWithJpa.png', null, '0', '1', '1', '');
INSERT INTO `act_re_procdef` VALUES ('jc_demo:1:177505', '1', 'http://www.activiti.org/processdef', '', 'jc_demo', '1', '177501', '/Users/realaicy/RealCode/TNA/JC/jc-web/target/classes/processes/jc_demo.bpmn20.xml', '/Users/realaicy/RealCode/TNA/JC/jc-web/target/classes/processes/jc_demo.jc_demo.png', '', '0', '1', '1', '');
INSERT INTO `act_re_procdef` VALUES ('jc_demo:2:180006', '1', 'http://www.activiti.org/processdef', '', 'jc_demo', '2', '180001', 'C:\\RealCode\\TNA\\JC\\jc-web\\target\\classes\\processes\\jc_demo.bpmn20.xml', 'C:\\RealCode\\TNA\\JC\\jc-web\\target\\classes\\processes\\jc_demo.jc_demo.png', '', '0', '1', '1', '');
INSERT INTO `act_re_procdef` VALUES ('jc_demo:3:185006', '1', 'http://www.activiti.org/processdef', '', 'jc_demo', '3', '185001', 'C:\\RealCode\\TNA\\JC\\jc-web\\target\\classes\\processes\\jc_demo.bpmn20.xml', 'C:\\RealCode\\TNA\\JC\\jc-web\\target\\classes\\processes\\jc_demo.jc_demo.png', '', '0', '1', '1', '');
INSERT INTO `act_re_procdef` VALUES ('simplejc:1:175003', '1', 'http://www.kafeitu.me/activiti-in-action', 'simplejc', 'simplejc', '1', '175001', '/Users/realaicy/RealCode/TNA/JC/jc-web/target/classes/processes/simplejc.bpmn20.xml', null, null, '0', '0', '1', '');
INSERT INTO `act_re_procdef` VALUES ('simplejc:2:177506', '1', 'http://www.kafeitu.me/activiti-in-action', 'simplejc', 'simplejc', '2', '177501', '/Users/realaicy/RealCode/TNA/JC/jc-web/target/classes/processes/simplejc.bpmn20.xml', null, null, '0', '0', '1', '');
INSERT INTO `act_re_procdef` VALUES ('simplejc:3:180005', '1', 'http://www.kafeitu.me/activiti-in-action', 'simplejc', 'simplejc', '3', '180001', 'C:\\RealCode\\TNA\\JC\\jc-web\\target\\classes\\processes\\simplejc.bpmn20.xml', null, null, '0', '0', '1', '');
INSERT INTO `act_re_procdef` VALUES ('simplejc:4:182508', '1', 'http://www.kafeitu.me/activiti-in-action', 'simplejc', 'simplejc', '4', '182501', 'C:\\RealCode\\TNA\\JC\\jc-web\\target\\test-classes\\processes\\simplejc.bpmn20.xml', null, null, '0', '0', '1', '');
INSERT INTO `act_re_procdef` VALUES ('simplejc:5:185005', '1', 'http://www.kafeitu.me/activiti-in-action', 'simplejc', 'simplejc', '5', '185001', 'C:\\RealCode\\TNA\\JC\\jc-web\\target\\classes\\processes\\simplejc.bpmn20.xml', null, null, '0', '0', '1', '');

-- ----------------------------
-- Table structure for `act_ru_event_subscr`
-- ----------------------------
DROP TABLE IF EXISTS `act_ru_event_subscr`;
CREATE TABLE `act_ru_event_subscr` (
  `ID_` varchar(64) COLLATE utf8_bin NOT NULL,
  `REV_` int(11) DEFAULT NULL,
  `EVENT_TYPE_` varchar(255) COLLATE utf8_bin NOT NULL,
  `EVENT_NAME_` varchar(255) COLLATE utf8_bin DEFAULT NULL,
  `EXECUTION_ID_` varchar(64) COLLATE utf8_bin DEFAULT NULL,
  `PROC_INST_ID_` varchar(64) COLLATE utf8_bin DEFAULT NULL,
  `ACTIVITY_ID_` varchar(64) COLLATE utf8_bin DEFAULT NULL,
  `CONFIGURATION_` varchar(255) COLLATE utf8_bin DEFAULT NULL,
  `CREATED_` timestamp(3) NOT NULL DEFAULT CURRENT_TIMESTAMP(3),
  `PROC_DEF_ID_` varchar(64) COLLATE utf8_bin DEFAULT NULL,
  `TENANT_ID_` varchar(255) COLLATE utf8_bin DEFAULT '',
  PRIMARY KEY (`ID_`),
  KEY `ACT_IDX_EVENT_SUBSCR_CONFIG_` (`CONFIGURATION_`),
  KEY `ACT_FK_EVENT_EXEC` (`EXECUTION_ID_`),
  CONSTRAINT `ACT_FK_EVENT_EXEC` FOREIGN KEY (`EXECUTION_ID_`) REFERENCES `act_ru_execution` (`ID_`)
) ENGINE=InnoDB DEFAULT CHARSET=utf8 COLLATE=utf8_bin;

-- ----------------------------
-- Records of act_ru_event_subscr
-- ----------------------------

-- ----------------------------
-- Table structure for `act_ru_execution`
-- ----------------------------
DROP TABLE IF EXISTS `act_ru_execution`;
CREATE TABLE `act_ru_execution` (
  `ID_` varchar(64) COLLATE utf8_bin NOT NULL DEFAULT '',
  `REV_` int(11) DEFAULT NULL,
  `PROC_INST_ID_` varchar(64) COLLATE utf8_bin DEFAULT NULL,
  `BUSINESS_KEY_` varchar(255) COLLATE utf8_bin DEFAULT NULL,
  `PARENT_ID_` varchar(64) COLLATE utf8_bin DEFAULT NULL,
  `PROC_DEF_ID_` varchar(64) COLLATE utf8_bin DEFAULT NULL,
  `SUPER_EXEC_` varchar(64) COLLATE utf8_bin DEFAULT NULL,
  `ACT_ID_` varchar(255) COLLATE utf8_bin DEFAULT NULL,
  `IS_ACTIVE_` tinyint(4) DEFAULT NULL,
  `IS_CONCURRENT_` tinyint(4) DEFAULT NULL,
  `IS_SCOPE_` tinyint(4) DEFAULT NULL,
  `IS_EVENT_SCOPE_` tinyint(4) DEFAULT NULL,
  `SUSPENSION_STATE_` int(11) DEFAULT NULL,
  `CACHED_ENT_STATE_` int(11) DEFAULT NULL,
  `TENANT_ID_` varchar(255) COLLATE utf8_bin DEFAULT '',
  `NAME_` varchar(255) COLLATE utf8_bin DEFAULT NULL,
  `LOCK_TIME_` timestamp(3) NULL DEFAULT NULL,
  PRIMARY KEY (`ID_`),
  KEY `ACT_IDX_EXEC_BUSKEY` (`BUSINESS_KEY_`),
  KEY `ACT_FK_EXE_PROCINST` (`PROC_INST_ID_`),
  KEY `ACT_FK_EXE_PARENT` (`PARENT_ID_`),
  KEY `ACT_FK_EXE_SUPER` (`SUPER_EXEC_`),
  KEY `ACT_FK_EXE_PROCDEF` (`PROC_DEF_ID_`),
  CONSTRAINT `ACT_FK_EXE_PARENT` FOREIGN KEY (`PARENT_ID_`) REFERENCES `act_ru_execution` (`ID_`),
  CONSTRAINT `ACT_FK_EXE_PROCDEF` FOREIGN KEY (`PROC_DEF_ID_`) REFERENCES `act_re_procdef` (`ID_`),
  CONSTRAINT `ACT_FK_EXE_PROCINST` FOREIGN KEY (`PROC_INST_ID_`) REFERENCES `act_ru_execution` (`ID_`) ON DELETE CASCADE ON UPDATE CASCADE,
  CONSTRAINT `ACT_FK_EXE_SUPER` FOREIGN KEY (`SUPER_EXEC_`) REFERENCES `act_ru_execution` (`ID_`)
) ENGINE=InnoDB DEFAULT CHARSET=utf8 COLLATE=utf8_bin;

-- ----------------------------
-- Records of act_ru_execution
-- ----------------------------

-- ----------------------------
-- Table structure for `act_ru_identitylink`
-- ----------------------------
DROP TABLE IF EXISTS `act_ru_identitylink`;
CREATE TABLE `act_ru_identitylink` (
  `ID_` varchar(64) COLLATE utf8_bin NOT NULL DEFAULT '',
  `REV_` int(11) DEFAULT NULL,
  `GROUP_ID_` varchar(255) COLLATE utf8_bin DEFAULT NULL,
  `TYPE_` varchar(255) COLLATE utf8_bin DEFAULT NULL,
  `USER_ID_` varchar(255) COLLATE utf8_bin DEFAULT NULL,
  `TASK_ID_` varchar(64) COLLATE utf8_bin DEFAULT NULL,
  `PROC_INST_ID_` varchar(64) COLLATE utf8_bin DEFAULT NULL,
  `PROC_DEF_ID_` varchar(64) COLLATE utf8_bin DEFAULT NULL,
  PRIMARY KEY (`ID_`),
  KEY `ACT_IDX_IDENT_LNK_USER` (`USER_ID_`),
  KEY `ACT_IDX_IDENT_LNK_GROUP` (`GROUP_ID_`),
  KEY `ACT_IDX_ATHRZ_PROCEDEF` (`PROC_DEF_ID_`),
  KEY `ACT_FK_TSKASS_TASK` (`TASK_ID_`),
  KEY `ACT_FK_IDL_PROCINST` (`PROC_INST_ID_`),
  CONSTRAINT `ACT_FK_ATHRZ_PROCEDEF` FOREIGN KEY (`PROC_DEF_ID_`) REFERENCES `act_re_procdef` (`ID_`),
  CONSTRAINT `ACT_FK_IDL_PROCINST` FOREIGN KEY (`PROC_INST_ID_`) REFERENCES `act_ru_execution` (`ID_`),
  CONSTRAINT `ACT_FK_TSKASS_TASK` FOREIGN KEY (`TASK_ID_`) REFERENCES `act_ru_task` (`ID_`)
) ENGINE=InnoDB DEFAULT CHARSET=utf8 COLLATE=utf8_bin;

-- ----------------------------
-- Records of act_ru_identitylink
-- ----------------------------

-- ----------------------------
-- Table structure for `act_ru_job`
-- ----------------------------
DROP TABLE IF EXISTS `act_ru_job`;
CREATE TABLE `act_ru_job` (
  `ID_` varchar(64) COLLATE utf8_bin NOT NULL,
  `REV_` int(11) DEFAULT NULL,
  `TYPE_` varchar(255) COLLATE utf8_bin NOT NULL,
  `LOCK_EXP_TIME_` timestamp(3) NULL DEFAULT NULL,
  `LOCK_OWNER_` varchar(255) COLLATE utf8_bin DEFAULT NULL,
  `EXCLUSIVE_` tinyint(1) DEFAULT NULL,
  `EXECUTION_ID_` varchar(64) COLLATE utf8_bin DEFAULT NULL,
  `PROCESS_INSTANCE_ID_` varchar(64) COLLATE utf8_bin DEFAULT NULL,
  `PROC_DEF_ID_` varchar(64) COLLATE utf8_bin DEFAULT NULL,
  `RETRIES_` int(11) DEFAULT NULL,
  `EXCEPTION_STACK_ID_` varchar(64) COLLATE utf8_bin DEFAULT NULL,
  `EXCEPTION_MSG_` varchar(4000) COLLATE utf8_bin DEFAULT NULL,
  `DUEDATE_` timestamp(3) NULL DEFAULT NULL,
  `REPEAT_` varchar(255) COLLATE utf8_bin DEFAULT NULL,
  `HANDLER_TYPE_` varchar(255) COLLATE utf8_bin DEFAULT NULL,
  `HANDLER_CFG_` varchar(4000) COLLATE utf8_bin DEFAULT NULL,
  `TENANT_ID_` varchar(255) COLLATE utf8_bin DEFAULT '',
  PRIMARY KEY (`ID_`),
  KEY `ACT_FK_JOB_EXCEPTION` (`EXCEPTION_STACK_ID_`),
  CONSTRAINT `ACT_FK_JOB_EXCEPTION` FOREIGN KEY (`EXCEPTION_STACK_ID_`) REFERENCES `act_ge_bytearray` (`ID_`)
) ENGINE=InnoDB DEFAULT CHARSET=utf8 COLLATE=utf8_bin;

-- ----------------------------
-- Records of act_ru_job
-- ----------------------------

-- ----------------------------
-- Table structure for `act_ru_task`
-- ----------------------------
DROP TABLE IF EXISTS `act_ru_task`;
CREATE TABLE `act_ru_task` (
  `ID_` varchar(64) COLLATE utf8_bin NOT NULL DEFAULT '',
  `REV_` int(11) DEFAULT NULL,
  `EXECUTION_ID_` varchar(64) COLLATE utf8_bin DEFAULT NULL,
  `PROC_INST_ID_` varchar(64) COLLATE utf8_bin DEFAULT NULL,
  `PROC_DEF_ID_` varchar(64) COLLATE utf8_bin DEFAULT NULL,
  `NAME_` varchar(255) COLLATE utf8_bin DEFAULT NULL,
  `PARENT_TASK_ID_` varchar(64) COLLATE utf8_bin DEFAULT NULL,
  `DESCRIPTION_` varchar(4000) COLLATE utf8_bin DEFAULT NULL,
  `TASK_DEF_KEY_` varchar(255) COLLATE utf8_bin DEFAULT NULL,
  `OWNER_` varchar(255) COLLATE utf8_bin DEFAULT NULL,
  `ASSIGNEE_` varchar(255) COLLATE utf8_bin DEFAULT NULL,
  `DELEGATION_` varchar(64) COLLATE utf8_bin DEFAULT NULL,
  `PRIORITY_` int(11) DEFAULT NULL,
  `CREATE_TIME_` timestamp(3) NULL DEFAULT NULL,
  `DUE_DATE_` datetime(3) DEFAULT NULL,
  `CATEGORY_` varchar(255) COLLATE utf8_bin DEFAULT NULL,
  `SUSPENSION_STATE_` int(11) DEFAULT NULL,
  `TENANT_ID_` varchar(255) COLLATE utf8_bin DEFAULT '',
  `FORM_KEY_` varchar(255) COLLATE utf8_bin DEFAULT NULL,
  PRIMARY KEY (`ID_`),
  KEY `ACT_IDX_TASK_CREATE` (`CREATE_TIME_`),
  KEY `ACT_FK_TASK_EXE` (`EXECUTION_ID_`),
  KEY `ACT_FK_TASK_PROCINST` (`PROC_INST_ID_`),
  KEY `ACT_FK_TASK_PROCDEF` (`PROC_DEF_ID_`),
  CONSTRAINT `ACT_FK_TASK_EXE` FOREIGN KEY (`EXECUTION_ID_`) REFERENCES `act_ru_execution` (`ID_`),
  CONSTRAINT `ACT_FK_TASK_PROCDEF` FOREIGN KEY (`PROC_DEF_ID_`) REFERENCES `act_re_procdef` (`ID_`),
  CONSTRAINT `ACT_FK_TASK_PROCINST` FOREIGN KEY (`PROC_INST_ID_`) REFERENCES `act_ru_execution` (`ID_`)
) ENGINE=InnoDB DEFAULT CHARSET=utf8 COLLATE=utf8_bin;

-- ----------------------------
-- Records of act_ru_task
-- ----------------------------

-- ----------------------------
-- Table structure for `act_ru_variable`
-- ----------------------------
DROP TABLE IF EXISTS `act_ru_variable`;
CREATE TABLE `act_ru_variable` (
  `ID_` varchar(64) COLLATE utf8_bin NOT NULL,
  `REV_` int(11) DEFAULT NULL,
  `TYPE_` varchar(255) COLLATE utf8_bin NOT NULL,
  `NAME_` varchar(255) COLLATE utf8_bin NOT NULL,
  `EXECUTION_ID_` varchar(64) COLLATE utf8_bin DEFAULT NULL,
  `PROC_INST_ID_` varchar(64) COLLATE utf8_bin DEFAULT NULL,
  `TASK_ID_` varchar(64) COLLATE utf8_bin DEFAULT NULL,
  `BYTEARRAY_ID_` varchar(64) COLLATE utf8_bin DEFAULT NULL,
  `DOUBLE_` double DEFAULT NULL,
  `LONG_` bigint(20) DEFAULT NULL,
  `TEXT_` varchar(4000) COLLATE utf8_bin DEFAULT NULL,
  `TEXT2_` varchar(4000) COLLATE utf8_bin DEFAULT NULL,
  PRIMARY KEY (`ID_`),
  KEY `ACT_IDX_VARIABLE_TASK_ID` (`TASK_ID_`),
  KEY `ACT_FK_VAR_EXE` (`EXECUTION_ID_`),
  KEY `ACT_FK_VAR_PROCINST` (`PROC_INST_ID_`),
  KEY `ACT_FK_VAR_BYTEARRAY` (`BYTEARRAY_ID_`),
  CONSTRAINT `ACT_FK_VAR_BYTEARRAY` FOREIGN KEY (`BYTEARRAY_ID_`) REFERENCES `act_ge_bytearray` (`ID_`),
  CONSTRAINT `ACT_FK_VAR_EXE` FOREIGN KEY (`EXECUTION_ID_`) REFERENCES `act_ru_execution` (`ID_`),
  CONSTRAINT `ACT_FK_VAR_PROCINST` FOREIGN KEY (`PROC_INST_ID_`) REFERENCES `act_ru_execution` (`ID_`)
) ENGINE=InnoDB DEFAULT CHARSET=utf8 COLLATE=utf8_bin;

-- ----------------------------
-- Records of act_ru_variable
-- ----------------------------

-- ----------------------------
-- Table structure for `aos_sys_catalog`
-- ----------------------------
DROP TABLE IF EXISTS `aos_sys_catalog`;
CREATE TABLE `aos_sys_catalog` (
  `id_` varchar(64) NOT NULL COMMENT '',
  `cascade_id_` varchar(255) NOT NULL COMMENT 'ID',
  `root_key_` varchar(255) NOT NULL COMMENT '',
  `root_name_` varchar(255) NOT NULL COMMENT '',
  `name_` varchar(255) NOT NULL COMMENT '',
  `hotkey_` varchar(255) DEFAULT NULL COMMENT '',
  `parent_id_` varchar(64) NOT NULL COMMENT '',
  `is_leaf_` varchar(255) NOT NULL DEFAULT '1' COMMENT '',
  `is_auto_expand_` varchar(255) NOT NULL DEFAULT '0' COMMENT '',
  `icon_name_` varchar(255) DEFAULT NULL COMMENT '',
  `sort_no_` int(10) DEFAULT NULL COMMENT '',
  PRIMARY KEY (`id_`),
  UNIQUE KEY `aos_sys_catalog_ukey` (`cascade_id_`)
) ENGINE=InnoDB DEFAULT CHARSET=utf8 ROW_FORMAT=COMPACT COMMENT='';

-- ----------------------------
-- Records of aos_sys_catalog
-- ----------------------------
INSERT INTO `aos_sys_catalog` VALUES ('21d03054afdf43d69972cf6f7db6cfa3', '0.002', 'DIC_TYPE', '', '', null, '0', '0', '0', 'book.png', '2');
INSERT INTO `aos_sys_catalog` VALUES ('38368661c53c40b6824869a0ccffad05', '0.002.001.001', 'DIC_TYPE', '', '', null, '4018a2217b0542059a26ecf3f605d60f', '1', '0', 'folder6.png', '1');
INSERT INTO `aos_sys_catalog` VALUES ('4018a2217b0542059a26ecf3f605d60f', '0.002.001', 'DIC_TYPE', '', '', null, '21d03054afdf43d69972cf6f7db6cfa3', '0', '1', 'folder22.png', '2');
INSERT INTO `aos_sys_catalog` VALUES ('4018f65de18043c899b5e21ce7328df7', '0.001.002', 'PARAM_TYPE', '', '', null, 'cd14928a239b448b867c2e45246cd038', '0', '1', 'folder22.png', '1');
INSERT INTO `aos_sys_catalog` VALUES ('6f94ef4ac17d4d098f91f0a4579f8591', '0.001.002.001', 'PARAM_TYPE', '', '', null, '4018f65de18043c899b5e21ce7328df7', '1', '0', 'ok3.png', '2');
INSERT INTO `aos_sys_catalog` VALUES ('8d6c9869e8b2427cb16cf3f4777bf236', '0.002.007', 'DIC_TYPE', '', '', '', '21d03054afdf43d69972cf6f7db6cfa3', '1', '0', 'folder11.png', '10');
INSERT INTO `aos_sys_catalog` VALUES ('aa3082ab67e24d8b884bc4504d3d9945', '0.002.002', 'DIC_TYPE', '', '', null, '21d03054afdf43d69972cf6f7db6cfa3', '1', '0', 'folder24.png', '3');
INSERT INTO `aos_sys_catalog` VALUES ('c0c43dea5ab6419dad37e459213d7bb5', '0.002.006', 'DIC_TYPE', '', '', null, '21d03054afdf43d69972cf6f7db6cfa3', '1', '0', 'folder2.png', '1');
INSERT INTO `aos_sys_catalog` VALUES ('cd14928a239b448b867c2e45246cd038', '0.001', 'PARAM_TYPE', '', '', null, '0', '0', '0', 'book.png', '1');

-- ----------------------------
-- Table structure for `aos_sys_dic`
-- ----------------------------
DROP TABLE IF EXISTS `aos_sys_dic`;
CREATE TABLE `aos_sys_dic` (
  `id_` varchar(64) NOT NULL COMMENT '',
  `code_` varchar(255) NOT NULL COMMENT '',
  `desc_` varchar(255) NOT NULL COMMENT '',
  `hotkey_` varchar(255) DEFAULT NULL COMMENT ' ',
  `status_` varchar(255) NOT NULL DEFAULT '1' COMMENT '',
  `dic_index_id_` varchar(64) NOT NULL COMMENT '',
  `remark_` varchar(4000) DEFAULT NULL COMMENT '',
  PRIMARY KEY (`id_`)
) ENGINE=InnoDB DEFAULT CHARSET=utf8 ROW_FORMAT=COMPACT COMMENT='';

-- ----------------------------
-- Records of aos_sys_dic
-- ----------------------------
INSERT INTO `aos_sys_dic` VALUES ('040e1d4d8a914145884553f170e1bcfd', '1', '', null, '1', 'cfcbc48fd8ad42678a52334bac8aa299', null);
INSERT INTO `aos_sys_dic` VALUES ('040fbde5cca746e7a90a9f888c033897', '4', '', null, '1', '2794338c8b4946b99c361dae80da71b1', null);
INSERT INTO `aos_sys_dic` VALUES ('045e7dce267b4ef3b098ca00030220bf', '2', '', null, '1', '2724924f1cdd48d1aa1a84cb7dd9b3ee', null);
INSERT INTO `aos_sys_dic` VALUES ('074c63e541174ed0b7c71588936ae453', '1', '', null, '1', 'ffc94f2b7ad14c78b14c46f8fab17543', null);
INSERT INTO `aos_sys_dic` VALUES ('075a268cd7e14a728ca841e769b9d5a6', '1', '', null, '1', '79004d064e954e55b832a8a9a4332576', null);
INSERT INTO `aos_sys_dic` VALUES ('0801986eec2b49e6904db73bb016b8bc', '5', '', null, '1', '3f77e94615ba4b93a4e5ca5ecf3c8f14', null);
INSERT INTO `aos_sys_dic` VALUES ('0825b66058c14bc5bfacdba1fd055af4', '2', '', null, '1', 'a9fd5aa3b7654326902a94e70bccedd8', 'Mac');
INSERT INTO `aos_sys_dic` VALUES ('0ccc4a6e3df246d8bbd3ccb1d29eb4c4', '0', '', null, '1', '10a113b1dd6d492dad27c8b0a0fb7efc', null);
INSERT INTO `aos_sys_dic` VALUES ('0ee3e8b931374725b213150b021507cc', 'catalog', 'aos', null, '1', '2d977e97aacf4781836bac9f5e88ad2b', '/');
INSERT INTO `aos_sys_dic` VALUES ('15f728ef5143444f9bfafa1c5c8a6a3b', '3', '', null, '1', '2794338c8b4946b99c361dae80da71b1', null);
INSERT INTO `aos_sys_dic` VALUES ('1722aa532c4044ac8087579feac85f7f', 'neptune', 'neptune.png', null, '1', 'e9e9cfc195514b05890a2249b81dfe73', null);
INSERT INTO `aos_sys_dic` VALUES ('17b249a462e7409baa99f36057fa79e7', '1', '', null, '1', '91bc8a695b744b27ba66a94561fd6dbc', '');
INSERT INTO `aos_sys_dic` VALUES ('1915d507f36d4ae688267ebca838d39f', 'blue', '#3399FF', null, '1', '61fd319a23b04bd1bdbce7037002976a', null);
INSERT INTO `aos_sys_dic` VALUES ('1bb70ce5d6e649fd9179f3a3d35367f9', 'blue', 'left-logo.png', null, '1', 'fa8097dd670643f9a03722c4074ecba5', null);
INSERT INTO `aos_sys_dic` VALUES ('1c2ebffd1b48420999ff57e2ec325270', '3', '', null, '1', 'f59d8693d8cf4f10850914e09ae9b93c', '');
INSERT INTO `aos_sys_dic` VALUES ('1deee1b367ae4ccb81226a86eb7d9675', '1', '', null, '1', '2724924f1cdd48d1aa1a84cb7dd9b3ee', null);
INSERT INTO `aos_sys_dic` VALUES ('1fb134407f364baf8b857235c7828059', '2', '', null, '1', '0744eedeaaa143afa499254866aa75c9', null);
INSERT INTO `aos_sys_dic` VALUES ('226489afb7ab4cf69107a78c60ed2267', 'PENDING', '', null, '1', 'c66f06c069224241a4785e77d1406f9c', null);
INSERT INTO `aos_sys_dic` VALUES ('23910ad1f9684644b214ff99209e94d4', '3', '', null, '1', '38841cd4f85f4ffb8c07c74650a130dc', '');
INSERT INTO `aos_sys_dic` VALUES ('23a410439cf7459799c286745b123293', '1', '', null, '1', '2c90ab6212f44b08a1d8ed527c72795f', null);
INSERT INTO `aos_sys_dic` VALUES ('24bca6d79bb14b5f97fbddbe5219705b', '1', '|', null, '1', '7d048854ccdc4eab996dcb703722065b', null);
INSERT INTO `aos_sys_dic` VALUES ('27689b76c3cf4168a7efb737806e9ed7', '2', '', null, '1', 'a06eb2af650444db903c945030334b12', null);
INSERT INTO `aos_sys_dic` VALUES ('29462076b88f4facb86f7647c04119d0', '2', '', null, '1', '38841cd4f85f4ffb8c07c74650a130dc', '()');
INSERT INTO `aos_sys_dic` VALUES ('2a5d03f79fd64c2090c9847d1b1484f0', '3', '', null, '1', '48062fd856f14794b03ceba2a1d6b60e', null);
INSERT INTO `aos_sys_dic` VALUES ('2bd5fc7756d74fe59f5b9372fd83d03c', '4', '', null, '1', '38841cd4f85f4ffb8c07c74650a130dc', '');
INSERT INTO `aos_sys_dic` VALUES ('2ce972620b1d484e880ae17113f4cf05', 'tight', '', null, '1', 'a19ac2af964c4a6e8af9c6f1c0d2673f', null);
INSERT INTO `aos_sys_dic` VALUES ('2e2ef7ebcd5449a1a1b593f63ddb17ba', '3', '', null, '1', '0744eedeaaa143afa499254866aa75c9', null);
INSERT INTO `aos_sys_dic` VALUES ('2ea2449b3cea4517a40e88bab1a3b67b', '1', '', null, '1', '3f77e94615ba4b93a4e5ca5ecf3c8f14', null);
INSERT INTO `aos_sys_dic` VALUES ('2ef4d36610334dc6bc9bd153be594da2', '3', 'DBSequence', null, '1', '2a9ac1749d224bef924cd258bf35254a', null);
INSERT INTO `aos_sys_dic` VALUES ('2f9994a32b3e4afd96420c180155065a', '3', '', null, '1', '21136c3dc660464d92fccd66408e149b', null);
INSERT INTO `aos_sys_dic` VALUES ('3058d4cd6c514d23a27eee77b140a349', 'aos', 'left-logo.png', null, '1', 'fa8097dd670643f9a03722c4074ecba5', null);
INSERT INTO `aos_sys_dic` VALUES ('338541a1b2094ea5a0e51ce81f9012de', 'port', '3306', null, '1', '2d977e97aacf4781836bac9f5e88ad2b', '');
INSERT INTO `aos_sys_dic` VALUES ('37a243f7cb96413386c3ea781051244e', '3', '', null, '1', '58b28eade8604dffa7c531b7b42af2fa', null);
INSERT INTO `aos_sys_dic` VALUES ('37d2d28ac8104f6481997b640c5d4fd0', '4', '', null, '1', '58b28eade8604dffa7c531b7b42af2fa', null);
INSERT INTO `aos_sys_dic` VALUES ('3a4466b864744a0da3b93eec3f24dfff', 'blue', '', null, '1', '3ba3a682c2ac4d52982411dd045fae32', null);
INSERT INTO `aos_sys_dic` VALUES ('3c56f07c48b746698591068c308064a7', 'gray', '', null, '1', '3ba3a682c2ac4d52982411dd045fae32', null);
INSERT INTO `aos_sys_dic` VALUES ('3f1b50a0f5be46a69597fca95c1e82d7', '2', '[64X64]', null, '1', '21136c3dc660464d92fccd66408e149b', null);
INSERT INTO `aos_sys_dic` VALUES ('4113d10127a34b4fa88b2d6b118accf0', '0', '', null, '1', '91bc8a695b744b27ba66a94561fd6dbc', null);
INSERT INTO `aos_sys_dic` VALUES ('413055f896744285a401cc238323785d', '0', '', null, '1', '852946ac593e4f3fa21df7db7d21e085', '');
INSERT INTO `aos_sys_dic` VALUES ('462d4322dd6c408c8d2dfa1241c209f6', '2', '', null, '1', '2c90ab6212f44b08a1d8ed527c72795f', null);
INSERT INTO `aos_sys_dic` VALUES ('4ae7b6f7d54a4236ba9b18a9e05d7fb4', '4', '(||||)', null, '1', '7d048854ccdc4eab996dcb703722065b', null);
INSERT INTO `aos_sys_dic` VALUES ('4af1d58e374149f38c5ae9f76674a79f', 'aos', '#FAFAFA', null, '1', '61fd319a23b04bd1bdbce7037002976a', null);
INSERT INTO `aos_sys_dic` VALUES ('4c5816e8db1c4f0995fbeb7a1b840685', '1', '', null, '1', '38841cd4f85f4ffb8c07c74650a130dc', '');
INSERT INTO `aos_sys_dic` VALUES ('569b3bab75734c628a9bb0b3fbcd8922', '2', '', null, '1', '2794338c8b4946b99c361dae80da71b1', null);
INSERT INTO `aos_sys_dic` VALUES ('58195ff7a3084df2a2dd5b401aa29a77', '0', '', null, '1', '4c2a12d3890a449fa91521a29a3c2436', null);
INSERT INTO `aos_sys_dic` VALUES ('58fc07abcfdc46478ad14fb9d95214f6', 'dataBaseType', 'mysql', null, '1', '2d977e97aacf4781836bac9f5e88ad2b', 'mysqloraclemicrosoft sql serverpostgresql');
INSERT INTO `aos_sys_dic` VALUES ('5a53887315f7450e96816c1a46dc5b5e', '2', '', null, '1', '58b28eade8604dffa7c531b7b42af2fa', null);
INSERT INTO `aos_sys_dic` VALUES ('5c4196e15f47466ea19137666e455504', 'neptune', 'left-logo.png', null, '1', 'fa8097dd670643f9a03722c4074ecba5', null);
INSERT INTO `aos_sys_dic` VALUES ('5dd1c5a1610544b490af86cc826e3663', '2', '', null, '1', '7d048854ccdc4eab996dcb703722065b', null);
INSERT INTO `aos_sys_dic` VALUES ('5de14be720b546ebb9676db86cdc5f6c', '2', '', null, '1', 'f59d8693d8cf4f10850914e09ae9b93c', null);
INSERT INTO `aos_sys_dic` VALUES ('5dfc1a71df524cd68311a95e7176cab7', 'gray', '#BCB0B0', null, '1', '1ec5d3c945de40469595c85955196e76', null);
INSERT INTO `aos_sys_dic` VALUES ('6a05b8c8ce244c3f9b4872f812c689ec', '1', '', null, '1', 'dd9f74d16be14db5b0f6d79720c8f177', null);
INSERT INTO `aos_sys_dic` VALUES ('6c575847953847ceb7d4675e94d78547', 'aos', '#99bce8', null, '1', '1ec5d3c945de40469595c85955196e76', null);
INSERT INTO `aos_sys_dic` VALUES ('6e018ced3ae046de93d74630a97361a1', 'aos', '#006699', null, '1', '54e48c66b3ef4d99823ca8217a2abf43', null);
INSERT INTO `aos_sys_dic` VALUES ('735edf2e8a1242078141405d344d3c84', '1', '', null, '1', '2794338c8b4946b99c361dae80da71b1', null);
INSERT INTO `aos_sys_dic` VALUES ('786d09295c904608868807b9e08238ee', 'neptune', '#c0c0c0', null, '1', '1ec5d3c945de40469595c85955196e76', null);
INSERT INTO `aos_sys_dic` VALUES ('7ab2cba5964a4457ae250919ae120cc4', '3', '', null, '1', '852946ac593e4f3fa21df7db7d21e085', null);
INSERT INTO `aos_sys_dic` VALUES ('7b6226ba4b6b404bab3cc520d5c1e6b5', 'neptune', '()', null, '1', '3ba3a682c2ac4d52982411dd045fae32', null);
INSERT INTO `aos_sys_dic` VALUES ('84552cfdf36f4fee92d81a49340495ca', 'blue', '#DFE8F6', null, '1', '3146aefcb39344cebe6e0a9baa7a4a48', null);
INSERT INTO `aos_sys_dic` VALUES ('84ee7e35ab134ec1acd2cfd28d3915f6', 'standalone', '', null, '1', 'a19ac2af964c4a6e8af9c6f1c0d2673f', null);
INSERT INTO `aos_sys_dic` VALUES ('85f5017c1860434eacfceb519b8ad8cd', 'blue', 'blue.png', null, '1', 'e9e9cfc195514b05890a2249b81dfe73', null);
INSERT INTO `aos_sys_dic` VALUES ('867c0aacba654feea60c22c5e4be9368', 'aos', 'red', null, '1', '3146aefcb39344cebe6e0a9baa7a4a48', null);
INSERT INTO `aos_sys_dic` VALUES ('871d7ac8ec704614a15d29f540b8b439', 'true', '', null, '1', '33a73af4b729448b91c13acf4d0a31e1', null);
INSERT INTO `aos_sys_dic` VALUES ('87923302cb424da9aa55b6a9ce77090b', '7', '', null, '1', '2794338c8b4946b99c361dae80da71b1', null);
INSERT INTO `aos_sys_dic` VALUES ('89f8ab9369a64de09a8207829f520297', 'gray', 'gray.png', null, '1', 'e9e9cfc195514b05890a2249b81dfe73', null);
INSERT INTO `aos_sys_dic` VALUES ('8b536d0c9a2e4e80b1edf91190b98253', '5', '', null, '1', '2794338c8b4946b99c361dae80da71b1', null);
INSERT INTO `aos_sys_dic` VALUES ('8da661446e6d4e9cb49d2eb5ab225cd0', '2', '', null, '1', 'ffc94f2b7ad14c78b14c46f8fab17543', null);
INSERT INTO `aos_sys_dic` VALUES ('8e42e7df7bd044b89c7a5d5b59b44b18', '1', '', null, '1', 'f59d8693d8cf4f10850914e09ae9b93c', null);
INSERT INTO `aos_sys_dic` VALUES ('92dfd82860a0474da735575e9b91f6de', 'classic', '', null, '1', 'a44dd9bbf55041368882e88821309355', 'Banner--');
INSERT INTO `aos_sys_dic` VALUES ('958235d21e2f4d44babd8ae7da7dd7f8', '99', '', null, '1', '2794338c8b4946b99c361dae80da71b1', null);
INSERT INTO `aos_sys_dic` VALUES ('99419e3ea3d64507aa507854fd210a75', '3', '(||)', null, '1', '7d048854ccdc4eab996dcb703722065b', null);
INSERT INTO `aos_sys_dic` VALUES ('9d1c5da19d0b4ad9b97b570ed4481bf2', 'false', '', null, '1', '33a73af4b729448b91c13acf4d0a31e1', null);
INSERT INTO `aos_sys_dic` VALUES ('9df1bbd8b0d44b4c994ed7a792d6f055', '3', '', null, '1', '3f77e94615ba4b93a4e5ca5ecf3c8f14', null);
INSERT INTO `aos_sys_dic` VALUES ('9eb462a5fd0547b9898540b6e5a4ca98', 'gray', 'left-logo.png', null, '1', 'fa8097dd670643f9a03722c4074ecba5', null);
INSERT INTO `aos_sys_dic` VALUES ('9f291605aa824f489ee51528e80a7227', '0', '', null, '1', '3f77e94615ba4b93a4e5ca5ecf3c8f14', '');
INSERT INTO `aos_sys_dic` VALUES ('a603159d47b94145a32b51f659b47c09', '4', '', null, '1', '0744eedeaaa143afa499254866aa75c9', null);
INSERT INTO `aos_sys_dic` VALUES ('a63ab46c45b048b1a0d727c5f0d69f58', '3', '', null, '1', '483fb2ff35e84a42974e914851fae01a', null);
INSERT INTO `aos_sys_dic` VALUES ('a871329cbeb343bea48a467e05e066f5', '2', '', null, '1', '483fb2ff35e84a42974e914851fae01a', null);
INSERT INTO `aos_sys_dic` VALUES ('a97934b734a94d70a71353bc78e572df', 'neptune', '#FAFAFA', null, '1', '61fd319a23b04bd1bdbce7037002976a', null);
INSERT INTO `aos_sys_dic` VALUES ('a9bef6122ad7444999ce17b4ad5a0628', '2', '', null, '1', '4c2a12d3890a449fa91521a29a3c2436', null);
INSERT INTO `aos_sys_dic` VALUES ('ac8049fc0ded42b09a3654ef547ac772', '1', '[16X16]', null, '1', '21136c3dc660464d92fccd66408e149b', null);
INSERT INTO `aos_sys_dic` VALUES ('b18435d1752a4a8c96628402298c0493', 'gray', '#555555', null, '1', '61fd319a23b04bd1bdbce7037002976a', null);
INSERT INTO `aos_sys_dic` VALUES ('b1d95ea28e084b64b0f6a473e65fe2fd', 'aos', 'AOS', null, '0', '3ba3a682c2ac4d52982411dd045fae32', '');
INSERT INTO `aos_sys_dic` VALUES ('b5bdcaeeccd44ad9aceae1968fbe0851', 'userName', 'realdemos', null, '1', '2d977e97aacf4781836bac9f5e88ad2b', '');
INSERT INTO `aos_sys_dic` VALUES ('b85f79702d094f348e1c9e79e67d95b7', '1', '', null, '1', '48062fd856f14794b03ceba2a1d6b60e', null);
INSERT INTO `aos_sys_dic` VALUES ('ba5b0493f0544278a980e0f268baf83c', '1', '', null, '1', '4c2a12d3890a449fa91521a29a3c2436', null);
INSERT INTO `aos_sys_dic` VALUES ('bbef93ea807847029e98ed7023b47c6a', '1', '', null, '1', '0744eedeaaa143afa499254866aa75c9', null);
INSERT INTO `aos_sys_dic` VALUES ('bc17f4f03f0d415c97a026e8ec5a999d', 'blue', '#6699CC', null, '1', '54e48c66b3ef4d99823ca8217a2abf43', null);
INSERT INTO `aos_sys_dic` VALUES ('c172686bc21e40efacca63c5b7e1c9d3', 'blue', '#99bce8', null, '1', '1ec5d3c945de40469595c85955196e76', null);
INSERT INTO `aos_sys_dic` VALUES ('c1c92ade06b94969b2b066184845781c', '6', '', null, '1', '2794338c8b4946b99c361dae80da71b1', null);
INSERT INTO `aos_sys_dic` VALUES ('c20e301598954f0ab33445680ca1db27', 'gray', '#F0F0F0', null, '1', '3146aefcb39344cebe6e0a9baa7a4a48', null);
INSERT INTO `aos_sys_dic` VALUES ('c38ebb4d102440babfde6f6f8fbf5d00', '2', '', null, '1', '48062fd856f14794b03ceba2a1d6b60e', null);
INSERT INTO `aos_sys_dic` VALUES ('c3e008a5ba864e21b5a66230e389926c', '1', '', null, '1', '58b28eade8604dffa7c531b7b42af2fa', null);
INSERT INTO `aos_sys_dic` VALUES ('cab329d4831642a3a42148c691cab443', '1', '', null, '1', '852946ac593e4f3fa21df7db7d21e085', null);
INSERT INTO `aos_sys_dic` VALUES ('cc53b6f6235f413db559f4a7e7ba88e6', '1', '', null, '1', 'a06eb2af650444db903c945030334b12', null);
INSERT INTO `aos_sys_dic` VALUES ('cc8d6e844c3c46e0bfc973ef51dcb4a3', 'neptune', '#D0DDF2', null, '1', '3146aefcb39344cebe6e0a9baa7a4a48', null);
INSERT INTO `aos_sys_dic` VALUES ('cd08dff488454293bc8aa8224eb719cb', 'password', 'realtest6', null, '1', '2d977e97aacf4781836bac9f5e88ad2b', '');
INSERT INTO `aos_sys_dic` VALUES ('cde729266d09465ca624939dc05e6b4d', '2', 'UUID', null, '1', '2a9ac1749d224bef924cd258bf35254a', null);
INSERT INTO `aos_sys_dic` VALUES ('ce49529f302f446d8e6e4576578ad459', '3', '', null, '1', '0475e71c145f49acbe781b2e7310ab64', null);
INSERT INTO `aos_sys_dic` VALUES ('d93b044fec9941cd87ec8260fab2c9b9', 'gray', '#888888', null, '1', '54e48c66b3ef4d99823ca8217a2abf43', null);
INSERT INTO `aos_sys_dic` VALUES ('dbb1b8afd73948aea5df13876b1f4c29', '2', '', null, '1', '3f77e94615ba4b93a4e5ca5ecf3c8f14', null);
INSERT INTO `aos_sys_dic` VALUES ('e81beb66246441228ba1bb17190db222', '2', '', null, '1', 'dd9f74d16be14db5b0f6d79720c8f177', null);
INSERT INTO `aos_sys_dic` VALUES ('ebe726f2cfa2434dbb7f943f6f42c3ad', '2', '', null, '1', '0475e71c145f49acbe781b2e7310ab64', null);
INSERT INTO `aos_sys_dic` VALUES ('f08565c1fd7444bcb24645e52335a1e1', '1', '', null, '1', 'a9fd5aa3b7654326902a94e70bccedd8', null);
INSERT INTO `aos_sys_dic` VALUES ('f1f754ae30d54e2895c32050ff4c1d3d', 'aos', 'aos.png', null, '1', 'e9e9cfc195514b05890a2249b81dfe73', null);
INSERT INTO `aos_sys_dic` VALUES ('f3b582592cb24df5b64301b5edc0a4ef', '2', '', null, '1', '852946ac593e4f3fa21df7db7d21e085', null);
INSERT INTO `aos_sys_dic` VALUES ('f4108659f1f8461db381c2808b82e038', '1', '', null, '1', '10a113b1dd6d492dad27c8b0a0fb7efc', null);
INSERT INTO `aos_sys_dic` VALUES ('f5d18126770d42a4a6b922c3b67ed161', '1', '', null, '1', '483fb2ff35e84a42974e914851fae01a', null);
INSERT INTO `aos_sys_dic` VALUES ('f624177f00ba4f15a60a8188856b5425', '1', 'APPID', null, '1', '2a9ac1749d224bef924cd258bf35254a', null);
INSERT INTO `aos_sys_dic` VALUES ('f7b6f63fc5de469aaf90986188037516', 'neptune', '#006699', null, '1', '54e48c66b3ef4d99823ca8217a2abf43', null);
INSERT INTO `aos_sys_dic` VALUES ('f97e6ea7f6fe4f6e8b7fde75f0074e2c', '1', '', null, '1', '0475e71c145f49acbe781b2e7310ab64', null);
INSERT INTO `aos_sys_dic` VALUES ('fac86f6625cb47fc8c1a4bab41dc1af4', 'ip', '127.0.0.1', null, '1', '2d977e97aacf4781836bac9f5e88ad2b', 'IP');
INSERT INTO `aos_sys_dic` VALUES ('fdd10e4dcc284a6d99fe88ce8556a2b8', '4', '', null, '1', '3f77e94615ba4b93a4e5ca5ecf3c8f14', null);
INSERT INTO `aos_sys_dic` VALUES ('fedcb0e622734060a19a3d9b98e96f71', '4', '', null, '1', '483fb2ff35e84a42974e914851fae01a', null);

-- ----------------------------
-- Table structure for `aos_sys_dic_index`
-- ----------------------------
DROP TABLE IF EXISTS `aos_sys_dic_index`;
CREATE TABLE `aos_sys_dic_index` (
  `id_` varchar(64) NOT NULL COMMENT '',
  `key_` varchar(255) NOT NULL COMMENT '',
  `name_` varchar(255) NOT NULL COMMENT '',
  `hotkey_` varchar(255) DEFAULT NULL COMMENT '',
  `catalog_id_` varchar(64) NOT NULL COMMENT '',
  `catalog_cascade_id_` varchar(255) NOT NULL COMMENT 'ID',
  `remark_` varchar(4000) DEFAULT NULL COMMENT '',
  PRIMARY KEY (`id_`),
  UNIQUE KEY `aos_sys_dic_index_ukey` (`key_`)
) ENGINE=InnoDB DEFAULT CHARSET=utf8 ROW_FORMAT=COMPACT COMMENT='';

-- ----------------------------
-- Records of aos_sys_dic_index
-- ----------------------------
INSERT INTO `aos_sys_dic_index` VALUES ('0475e71c145f49acbe781b2e7310ab64', 'user_type_', '', null, '4018a2217b0542059a26ecf3f605d60f', '0.002.001', null);
INSERT INTO `aos_sys_dic_index` VALUES ('0744eedeaaa143afa499254866aa75c9', 'user_status_', '', null, '4018a2217b0542059a26ecf3f605d60f', '0.002.001', null);
INSERT INTO `aos_sys_dic_index` VALUES ('10a113b1dd6d492dad27c8b0a0fb7efc', 'enabled_', '', null, 'aa3082ab67e24d8b884bc4504d3d9945', '0.002.002', '');
INSERT INTO `aos_sys_dic_index` VALUES ('1ec5d3c945de40469595c85955196e76', 'cmp_border_color_', '', null, 'c0c43dea5ab6419dad37e459213d7bb5', '0.002.006', null);
INSERT INTO `aos_sys_dic_index` VALUES ('21136c3dc660464d92fccd66408e149b', 'icon_type_', '', null, '4018a2217b0542059a26ecf3f605d60f', '0.002.001', null);
INSERT INTO `aos_sys_dic_index` VALUES ('2724924f1cdd48d1aa1a84cb7dd9b3ee', 'card_type_', '', null, '8d6c9869e8b2427cb16cf3f4777bf236', '0.002.007', null);
INSERT INTO `aos_sys_dic_index` VALUES ('2794338c8b4946b99c361dae80da71b1', 'cmp_grant_type_', '', null, '4018a2217b0542059a26ecf3f605d60f', '0.002.001', '');
INSERT INTO `aos_sys_dic_index` VALUES ('2a9ac1749d224bef924cd258bf35254a', 'sequence_type_', 'ID', null, '4018a2217b0542059a26ecf3f605d60f', '0.002.001', '');
INSERT INTO `aos_sys_dic_index` VALUES ('2c90ab6212f44b08a1d8ed527c72795f', 'procdef_suspension_state_', '', null, '38368661c53c40b6824869a0ccffad05', '0.002.001.001', '');
INSERT INTO `aos_sys_dic_index` VALUES ('2d977e97aacf4781836bac9f5e88ad2b', 'webide_jdbc', 'WebIDEJDBC', null, 'c0c43dea5ab6419dad37e459213d7bb5', '0.002.006', 'WebIDEJDBC');
INSERT INTO `aos_sys_dic_index` VALUES ('3146aefcb39344cebe6e0a9baa7a4a48', 'south_back_color_', 'south', null, 'c0c43dea5ab6419dad37e459213d7bb5', '0.002.006', null);
INSERT INTO `aos_sys_dic_index` VALUES ('33a73af4b729448b91c13acf4d0a31e1', 'is_show_top_nav_', '', null, 'c0c43dea5ab6419dad37e459213d7bb5', '0.002.006', '(1,2)true| false');
INSERT INTO `aos_sys_dic_index` VALUES ('38841cd4f85f4ffb8c07c74650a130dc', 'page_type_', '', null, '4018a2217b0542059a26ecf3f605d60f', '0.002.001', null);
INSERT INTO `aos_sys_dic_index` VALUES ('3ba3a682c2ac4d52982411dd045fae32', 'skin_', '', null, 'c0c43dea5ab6419dad37e459213d7bb5', '0.002.006', '');
INSERT INTO `aos_sys_dic_index` VALUES ('3f77e94615ba4b93a4e5ca5ecf3c8f14', 'realss_checkjob_status', '', null, 'aa3082ab67e24d8b884bc4504d3d9945', '0.002.002', null);
INSERT INTO `aos_sys_dic_index` VALUES ('48062fd856f14794b03ceba2a1d6b60e', 'proctask_status_', '', null, '38368661c53c40b6824869a0ccffad05', '0.002.001.001', null);
INSERT INTO `aos_sys_dic_index` VALUES ('483fb2ff35e84a42974e914851fae01a', 'create_type_', '', null, '38368661c53c40b6824869a0ccffad05', '0.002.001.001', '');
INSERT INTO `aos_sys_dic_index` VALUES ('4c2a12d3890a449fa91521a29a3c2436', 'nav_tab_index_', '', null, 'c0c43dea5ab6419dad37e459213d7bb5', '0.002.006', null);
INSERT INTO `aos_sys_dic_index` VALUES ('54e48c66b3ef4d99823ca8217a2abf43', 'main_text_color_', '', null, 'c0c43dea5ab6419dad37e459213d7bb5', '0.002.006', null);
INSERT INTO `aos_sys_dic_index` VALUES ('58b28eade8604dffa7c531b7b42af2fa', 'org_type_', '', null, '4018a2217b0542059a26ecf3f605d60f', '0.002.001', null);
INSERT INTO `aos_sys_dic_index` VALUES ('61fd319a23b04bd1bdbce7037002976a', 'nav_text_color_', '', null, 'c0c43dea5ab6419dad37e459213d7bb5', '0.002.006', null);
INSERT INTO `aos_sys_dic_index` VALUES ('79004d064e954e55b832a8a9a4332576', 'post_type_', '', null, '4018a2217b0542059a26ecf3f605d60f', '0.002.001', null);
INSERT INTO `aos_sys_dic_index` VALUES ('7d048854ccdc4eab996dcb703722065b', 'page_el_type_', '', null, '4018a2217b0542059a26ecf3f605d60f', '0.002.001', null);
INSERT INTO `aos_sys_dic_index` VALUES ('852946ac593e4f3fa21df7db7d21e085', 'job_type_', '', null, 'aa3082ab67e24d8b884bc4504d3d9945', '0.002.002', null);
INSERT INTO `aos_sys_dic_index` VALUES ('91bc8a695b744b27ba66a94561fd6dbc', 'bool_', '', null, 'aa3082ab67e24d8b884bc4504d3d9945', '0.002.002', '');
INSERT INTO `aos_sys_dic_index` VALUES ('a06eb2af650444db903c945030334b12', 'procinst_status_', '', null, '38368661c53c40b6824869a0ccffad05', '0.002.001.001', null);
INSERT INTO `aos_sys_dic_index` VALUES ('a19ac2af964c4a6e8af9c6f1c0d2673f', 'navbar_btn_style_', '', null, 'c0c43dea5ab6419dad37e459213d7bb5', '0.002.006', null);
INSERT INTO `aos_sys_dic_index` VALUES ('a44dd9bbf55041368882e88821309355', 'theme_', '', null, 'c0c43dea5ab6419dad37e459213d7bb5', '0.002.006', '');
INSERT INTO `aos_sys_dic_index` VALUES ('a9fd5aa3b7654326902a94e70bccedd8', 'module_user_nav_type', '', null, '4018a2217b0542059a26ecf3f605d60f', '0.002.001', '');
INSERT INTO `aos_sys_dic_index` VALUES ('c66f06c069224241a4785e77d1406f9c', 'delegation_', '', null, '38368661c53c40b6824869a0ccffad05', '0.002.001.001', '');
INSERT INTO `aos_sys_dic_index` VALUES ('cfcbc48fd8ad42678a52334bac8aa299', 'role_type_', '', null, '4018a2217b0542059a26ecf3f605d60f', '0.002.001', null);
INSERT INTO `aos_sys_dic_index` VALUES ('dd9f74d16be14db5b0f6d79720c8f177', 'grant_type_', '', null, '4018a2217b0542059a26ecf3f605d60f', '0.002.001', null);
INSERT INTO `aos_sys_dic_index` VALUES ('e9e9cfc195514b05890a2249b81dfe73', 'north_back_img_', 'north', null, 'c0c43dea5ab6419dad37e459213d7bb5', '0.002.006', null);
INSERT INTO `aos_sys_dic_index` VALUES ('f59d8693d8cf4f10850914e09ae9b93c', 'sex_', '', null, 'aa3082ab67e24d8b884bc4504d3d9945', '0.002.002', null);
INSERT INTO `aos_sys_dic_index` VALUES ('fa8097dd670643f9a03722c4074ecba5', 'left_logo_', 'Bannerlogo', null, 'c0c43dea5ab6419dad37e459213d7bb5', '0.002.006', null);
INSERT INTO `aos_sys_dic_index` VALUES ('ffc94f2b7ad14c78b14c46f8fab17543', 'nav_quick_layout_', '', null, 'c0c43dea5ab6419dad37e459213d7bb5', '0.002.006', '');

-- ----------------------------
-- Table structure for `aos_sys_module`
-- ----------------------------
DROP TABLE IF EXISTS `aos_sys_module`;
CREATE TABLE `aos_sys_module` (
  `id_` varchar(64) NOT NULL COMMENT '',
  `cascade_id_` varchar(255) NOT NULL COMMENT 'ID',
  `name_` varchar(255) NOT NULL COMMENT '',
  `url_` varchar(255) DEFAULT NULL COMMENT 'URL',
  `hotkey_` varchar(255) DEFAULT NULL COMMENT '',
  `parent_id_` varchar(64) NOT NULL COMMENT '',
  `is_leaf_` varchar(255) NOT NULL DEFAULT '1' COMMENT '',
  `is_auto_expand_` varchar(255) NOT NULL DEFAULT '0' COMMENT '',
  `icon_name_` varchar(255) DEFAULT NULL COMMENT '',
  `status_` varchar(255) NOT NULL DEFAULT '1' COMMENT '',
  `parent_name_` varchar(255) NOT NULL COMMENT '',
  `vector_` varchar(255) DEFAULT NULL COMMENT '',
  `sort_no_` int(10) DEFAULT '0' COMMENT '',
  PRIMARY KEY (`id_`)
) ENGINE=InnoDB DEFAULT CHARSET=utf8 ROW_FORMAT=COMPACT COMMENT='';

-- ----------------------------
-- Records of aos_sys_module
-- ----------------------------
INSERT INTO `aos_sys_module` VALUES ('078df89c7b5b478cb38fd607805c6155', '0.004.002.001.007', 'API', 'demo/initFormApi.jhtml', null, 'f73a952eefa2406c9327da6252c4ca79', '1', '0', null, '1', '', null, '20');
INSERT INTO `aos_sys_module` VALUES ('09b24aac059f4ba58bfb30652636b543', '0.004.003.001', '', 'demo/misc/initMisc1.jhtml', '', '33baf8c9948b47cfa54cd8d7a5e1753d', '1', '0', '', '1', '', '', '10');
INSERT INTO `aos_sys_module` VALUES ('0b99e9d118b54ee084d9e74bd72cdd1c', '0.001.002', '', null, null, '7a6d3674e5204937951d01544e18e3aa', '0', '1', 'folder14.png', '1', '', null, '20');
INSERT INTO `aos_sys_module` VALUES ('1886bf699ec74f79959bdc8ca8e5371a', '0.001.006.004', '', 'system/sessionLog/init.jhtml', null, '5b9a439743f141729f46a07e8e222a47', '1', '0', 'c_key.png', '1', '', null, '10');
INSERT INTO `aos_sys_module` VALUES ('1906d5a892654e2bb882851e0ea7322f', '0.001.008.001', '', 'system/icon/init.jhtml', null, '524e5f5c3e5b4cdb90611cd8b15ca684', '1', '0', 'page_picture.png', '1', '', null, '60');
INSERT INTO `aos_sys_module` VALUES ('1a34ea36b51447a1a16a3ddf7f2e84fc', '0.008.001', '', 'ss/temp/user/init.jhtml', '', 'a59d840e88594f7b87b3f96d227d6707', '1', '0', '', '1', '', '', '1');
INSERT INTO `aos_sys_module` VALUES ('1cf1947152174cacaf226fa54ca51351', '0.004.002.001.009', '', 'demo/initFormValidate.jhtml', null, 'f73a952eefa2406c9327da6252c4ca79', '1', '0', null, '1', '', null, '8');
INSERT INTO `aos_sys_module` VALUES ('25406890354f4514909e2ad1c0fd678d', '0.004.002.003.001', '', 'demo/grid/initGrid1.jhtml', null, 'dbf75990cf784e79920caf7eb47856f6', '1', '0', null, '1', '', null, '10');
INSERT INTO `aos_sys_module` VALUES ('266bbec9e0af4612afa5139aade0a511', '0.004.002.001.006', '', 'demo/initFormComboBox.jhtml', null, 'f73a952eefa2406c9327da6252c4ca79', '1', '0', null, '1', '', null, '30');
INSERT INTO `aos_sys_module` VALUES ('2790bf6cc0b54c36b56c90429c112ab2', '0.001.008.005', 'WebIDE', 'system/coder/init.jhtml', null, '524e5f5c3e5b4cdb90611cd8b15ca684', '1', '0', 'icon15.png', '1', '', null, '5');
INSERT INTO `aos_sys_module` VALUES ('29873ca569fb46c3bbd951a8a1df2472', '0.002', '', '', '', '2a4c060f44d944ea926fe44522ce7b39', '0', '1', 'folder2.png', '1', '', 'fa-github-alt', '10002');
INSERT INTO `aos_sys_module` VALUES ('2a4c060f44d944ea926fe44522ce7b39', '0', '', '', '', 'p', '0', '1', 'home.png', '1', 'root', '', '1');
INSERT INTO `aos_sys_module` VALUES ('2dd9dac74b064ea98f063265b642526d', '0.005.005.001', '', 'ss/checkjob/checktem/initCheckTem.jhtml', '', '9a68cc97425344cda05e551ae5ae66cb', '1', '0', '', '1', '', '', '100');
INSERT INTO `aos_sys_module` VALUES ('327677ef8d2a4e5caf3c4cbc9b72d0b0', '0.004.002.003.004', '', 'demo/grid/initGrid3.jhtml', null, 'dbf75990cf784e79920caf7eb47856f6', '1', '0', null, '1', '', null, '40');
INSERT INTO `aos_sys_module` VALUES ('33baf8c9948b47cfa54cd8d7a5e1753d', '0.004.003', '', '', '', '6e10c86d1885434e80e6dfa0953e307d', '0', '1', '', '1', '', '', '20');
INSERT INTO `aos_sys_module` VALUES ('38e28fce49414c4c9e95d032559d5bee', '0.004.002.002', '', 'demo/initButton.jhtml', null, '6cab8b013c314b37aec7c4567d859fc8', '1', '0', null, '1', 'AOS UI', null, '10');
INSERT INTO `aos_sys_module` VALUES ('3b41af04060b414d85a05655b76801a3', '0.011.001', '', 'ss/report/initJobReport.jhtml', '', 'a4b0e8936806432181f60d53fc18e0a1', '1', '0', '', '1', '', '', '1');
INSERT INTO `aos_sys_module` VALUES ('3bb16fa3935c41bebe4d3fcf3c4ebd5c', '0.004.004', '', '', '', '6e10c86d1885434e80e6dfa0953e307d', '0', '0', '', '1', '', '', '15');
INSERT INTO `aos_sys_module` VALUES ('3dddb80dc030499c936c2ede4eaa3ab4', '0.009', '', '', '', '2a4c060f44d944ea926fe44522ce7b39', '0', '0', 'task.png', '1', '', '', '1000');
INSERT INTO `aos_sys_module` VALUES ('4d3cfce7b9b146d2bc8482ec477517aa', '0.002.001', '', 'system/preference/init.jhtml', null, '29873ca569fb46c3bbd951a8a1df2472', '1', '0', 'config1.png', '1', '', null, '10');
INSERT INTO `aos_sys_module` VALUES ('50d7cd80f5854637a576aa95839488e9', '0.007.002', '', 'ss/jxq/manager.jhtml', '', '645419cf0e1c4ea6b3b8945e5338ad58', '1', '0', '', '1', '', '', '1');
INSERT INTO `aos_sys_module` VALUES ('524e5f5c3e5b4cdb90611cd8b15ca684', '0.001.008', '', null, null, '7a6d3674e5204937951d01544e18e3aa', '0', '0', 'folder9.png', '1', '', 'fa-bug', '70');
INSERT INTO `aos_sys_module` VALUES ('52bfff4fb4fd41488d5f7c09991e997f', '0.005', '', '', '', '2a4c060f44d944ea926fe44522ce7b39', '0', '1', 'search.png', '1', '', '', '4000');
INSERT INTO `aos_sys_module` VALUES ('56fcae7c948043e3a6ba6f9ab56aaccd', '0.005.003', '', 'ss/checkjob/checktem/initCheckTem.jhtml', '', '52bfff4fb4fd41488d5f7c09991e997f', '1', '0', '', '1', '', '', '300');
INSERT INTO `aos_sys_module` VALUES ('591f2ffa62a1461887c1d6f02c60a1ff', '0.004.004.002', '', 'demo/initNotification.jhtml', null, '3bb16fa3935c41bebe4d3fcf3c4ebd5c', '1', '0', null, '1', '', null, '2');
INSERT INTO `aos_sys_module` VALUES ('5ae41d35d16247febabf631a81a0d70d', '0.004.002.001.008', '', 'demo/initFormData.jhtml', null, 'f73a952eefa2406c9327da6252c4ca79', '1', '0', null, '1', '', null, '40');
INSERT INTO `aos_sys_module` VALUES ('5b9a439743f141729f46a07e8e222a47', '0.001.006', '', null, null, '7a6d3674e5204937951d01544e18e3aa', '0', '0', 'folder27.png', '1', '', null, '60');
INSERT INTO `aos_sys_module` VALUES ('5fb994e71cb14a77891670990d7f554d', '0.001.001', '', null, null, '7a6d3674e5204937951d01544e18e3aa', '0', '1', 'folder2.png', '1', '', null, '10');
INSERT INTO `aos_sys_module` VALUES ('619cb338b278406f8368471034d5946f', '0.001.004.006', '', 'workflow/procTask/init.jhtml', '', 'cfc4e4bd367047a29e0d72e688f860a2', '1', '0', 'task_list.png', '1', '', '', '40');
INSERT INTO `aos_sys_module` VALUES ('645419cf0e1c4ea6b3b8945e5338ad58', '0.007', '', '', '', '2a4c060f44d944ea926fe44522ce7b39', '0', '0', 'text_list.png', '1', '', '', '3000');
INSERT INTO `aos_sys_module` VALUES ('647ebc4423a2409dbc3d1c91d43cdcda', '0.006.003', '', 'ss/company/init4ent.jhtml', '', 'bd0a4ba6764d4d86883cfa7aa513315d', '1', '0', '', '1', '', '', '1');
INSERT INTO `aos_sys_module` VALUES ('65320b914c18453f9ca0a84d3f8a0a7b', '0.001.003.001', '', 'system/org/init.jhtml', null, 'b656d6afbbe844d0a6626d0eb590643f', '1', '0', 'icon56.png', '1', '', null, '1');
INSERT INTO `aos_sys_module` VALUES ('68822bfa39914373afe70dc343c84e94', '0.004.002.001.005', '', 'demo/initFormElements.jhtml', null, 'f73a952eefa2406c9327da6252c4ca79', '1', '0', null, '1', '', null, '10');
INSERT INTO `aos_sys_module` VALUES ('6b500915e65949639acbe8dd9b54adbc', '0.007.001', '', 'ss/jxq/init.jhtml', '', '645419cf0e1c4ea6b3b8945e5338ad58', '1', '1', '', '1', '', '', '1');
INSERT INTO `aos_sys_module` VALUES ('6cab8b013c314b37aec7c4567d859fc8', '0.004.002', 'AOS UI', null, null, '6e10c86d1885434e80e6dfa0953e307d', '0', '1', null, '1', '', null, '10');
INSERT INTO `aos_sys_module` VALUES ('6e10c86d1885434e80e6dfa0953e307d', '0.004', '', '', '', '2a4c060f44d944ea926fe44522ce7b39', '0', '1', 'folder27.png', '1', '', 'fa-coffee', '10001');
INSERT INTO `aos_sys_module` VALUES ('6f9e2b465ad54dc4ab18ebc5896951b4', '0.006.002', '', 'ss/company/initreport.jhtml', '', 'bd0a4ba6764d4d86883cfa7aa513315d', '1', '0', '', '1', '', '', '1');
INSERT INTO `aos_sys_module` VALUES ('704d4e51ffcf473fa95ab9e680177d46', '0.004.002.003.002', '', 'demo/grid/initGrid2.jhtml', null, 'dbf75990cf784e79920caf7eb47856f6', '1', '0', null, '1', '', null, '20');
INSERT INTO `aos_sys_module` VALUES ('715f6cf8d2ce4fa694baf2259327f6b1', '0.001.003.002', '', 'system/post/init.jhtml', null, 'b656d6afbbe844d0a6626d0eb590643f', '1', '0', 'icon137.png', '1', '', null, '3');
INSERT INTO `aos_sys_module` VALUES ('73b69ca49e2240ba8717fc13acb884c2', '0.004.002.001.001', '', 'demo/initForm1.jhtml', null, 'f73a952eefa2406c9327da6252c4ca79', '1', '0', null, '1', '', null, '1');
INSERT INTO `aos_sys_module` VALUES ('75df10afbf5249f6939a4507e055f055', '0.006.001', '', 'ss/company/init.jhtml', '', 'bd0a4ba6764d4d86883cfa7aa513315d', '1', '0', '', '1', '', '', '1');
INSERT INTO `aos_sys_module` VALUES ('7a6d3674e5204937951d01544e18e3aa', '0.001', '', '', '', '2a4c060f44d944ea926fe44522ce7b39', '0', '1', 'folder22.png', '1', '', 'fa-cogs', '9999');
INSERT INTO `aos_sys_module` VALUES ('7e6951e668be44b39fb9f9fd20b21315', '0.004.003.002', '', 'demo/misc/initMisc2.jhtml', '', '33baf8c9948b47cfa54cd8d7a5e1753d', '1', '0', '', '1', '', '', '20');
INSERT INTO `aos_sys_module` VALUES ('81fc0e05049e467d976ec523182421f2', '0.001.002.004', '', 'system/idMgr/init.jhtml', null, '0b99e9d118b54ee084d9e74bd72cdd1c', '1', '0', 'id.png', '1', '', null, '30');
INSERT INTO `aos_sys_module` VALUES ('82b07f82b98046028538e925f66794d1', '0.005.002', '', 'ss/checkjob/checkitem2/init.jhtml', '', '52bfff4fb4fd41488d5f7c09991e997f', '1', '0', '', '1', '', '', '200');
INSERT INTO `aos_sys_module` VALUES ('8472acca5a9e47348b7ab3d6ebf261b5', '0.005.005.003', '', 'ss/checkjob/job/initunfinishedjob.jhtml?', '', '9a68cc97425344cda05e551ae5ae66cb', '1', '0', '', '1', '', '', '300');
INSERT INTO `aos_sys_module` VALUES ('870c482cdb2e4c8aa373dcf447964284', '0.004.002.003.003', '', 'demo/grid/initEditGrid.jhtml', null, 'dbf75990cf784e79920caf7eb47856f6', '1', '0', null, '1', '', null, '30');
INSERT INTO `aos_sys_module` VALUES ('88bc371429ce4243a49c5893ae036f6a', '0.004.002.004', '', '', '', '6cab8b013c314b37aec7c4567d859fc8', '0', '0', '', '1', 'AOS UI', '', '40');
INSERT INTO `aos_sys_module` VALUES ('8b33d532b9184f39871a861ea6f8a318', '0.008.002', '', 'ss/temp/ent/init.jhtml', null, 'a59d840e88594f7b87b3f96d227d6707', '1', '0', null, '1', '', null, '1');
INSERT INTO `aos_sys_module` VALUES ('920fe6ba911148cd810ceca31ad9d54f', '0.010', '', 'ss/dashboard/init.jhtml', '', '2a4c060f44d944ea926fe44522ce7b39', '1', '0', 'bullet_group4.gif', '1', '', '', '1500');
INSERT INTO `aos_sys_module` VALUES ('921b5164722d43698abf970a92c628d1', '0.005.001', '', 'ss/checkjob/checkitem/init.jhtml', '', '52bfff4fb4fd41488d5f7c09991e997f', '1', '0', '', '1', '', '', '100');
INSERT INTO `aos_sys_module` VALUES ('97c8a95d0aa84d7cba2a8b536ba5326a', '0.004.002.001.002', '', 'demo/initForm2.jhtml', null, 'f73a952eefa2406c9327da6252c4ca79', '1', '0', null, '1', '', null, '2');
INSERT INTO `aos_sys_module` VALUES ('98d7e720b8524600844728bcb4f8d518', '0.005.005.004', '', 'ss/checkjob/job/initmycreatedjob.jhtml?', '', '9a68cc97425344cda05e551ae5ae66cb', '1', '0', '', '1', '', '', '200');
INSERT INTO `aos_sys_module` VALUES ('9a68cc97425344cda05e551ae5ae66cb', '0.005.005', '', '', '', '52bfff4fb4fd41488d5f7c09991e997f', '0', '0', '', '1', '', '', '500');
INSERT INTO `aos_sys_module` VALUES ('9a8e5cedcd514af2b37cf5828f509f94', '0.001.001.003', '', 'system/catalog/init.jhtml', null, '5fb994e71cb14a77891670990d7f554d', '1', '0', 'icon146.png', '1', '', null, '20');
INSERT INTO `aos_sys_module` VALUES ('9e4cf77815dd49fbac4158c62af3197a', '0.001.001.001', '', 'system/param/init.jhtml', null, '5fb994e71cb14a77891670990d7f554d', '1', '0', 'icon79.png', '1', '', null, '1');
INSERT INTO `aos_sys_module` VALUES ('a21b52d911bb44c2978e52bbc523de51', '0.001.004.002', '', 'workflow/procDeploy/init.jhtml', null, 'cfc4e4bd367047a29e0d72e688f860a2', '1', '0', 'modules_wizard.gif', '1', '', null, '10');
INSERT INTO `aos_sys_module` VALUES ('a27532c1cc8948e5b9bd7d8ac2e30a42', '0.004.002.006.001', '', '', '', 'f84a495bca10403ebe8351d4737dfc72', '1', '0', '', '1', '', '', '1');
INSERT INTO `aos_sys_module` VALUES ('a3791f2557354144b58bdcbbfa400e7e', '0.005.005.002', '', 'ss/checkjob/job/initfinishedjob.jhtml?', '', '9a68cc97425344cda05e551ae5ae66cb', '1', '0', '', '1', '', '', '400');
INSERT INTO `aos_sys_module` VALUES ('a4b0e8936806432181f60d53fc18e0a1', '0.011', '', null, null, '2a4c060f44d944ea926fe44522ce7b39', '0', '0', null, '1', '', null, '5000');
INSERT INTO `aos_sys_module` VALUES ('a4d2ef333e35476680786df9a89e200b', '0.004.002.004.001', '', 'demo/report/initReport1.jhtml', null, '88bc371429ce4243a49c5893ae036f6a', '1', '0', null, '1', '', null, '1');
INSERT INTO `aos_sys_module` VALUES ('a59d840e88594f7b87b3f96d227d6707', '0.008', '', null, null, '2a4c060f44d944ea926fe44522ce7b39', '0', '0', null, '1', '', null, '1');
INSERT INTO `aos_sys_module` VALUES ('b4485f8151ae4a7db09ee6cd70c5e24f', '0.004.003.003', '', 'demo/misc/initMisc3.jhtml', null, '33baf8c9948b47cfa54cd8d7a5e1753d', '1', '0', null, '1', '', null, '30');
INSERT INTO `aos_sys_module` VALUES ('b656d6afbbe844d0a6626d0eb590643f', '0.001.003', '', null, null, '7a6d3674e5204937951d01544e18e3aa', '0', '1', 'folder23.png', '1', '', null, '30');
INSERT INTO `aos_sys_module` VALUES ('ba90369eb83540bab4d9492bc17f0937', '0.001.004.005', '', 'workflow/procInst/init.jhtml', null, 'cfc4e4bd367047a29e0d72e688f860a2', '1', '0', 'icon5.png', '1', '', null, '30');
INSERT INTO `aos_sys_module` VALUES ('bc3c9877c598404da7e31355a4deebad', '0.001.008.002', 'WebSQL', 'system/webSql/init.jhtml', null, '524e5f5c3e5b4cdb90611cd8b15ca684', '1', '0', 'sql.png', '1', '', null, '10');
INSERT INTO `aos_sys_module` VALUES ('bd0a4ba6764d4d86883cfa7aa513315d', '0.006', '', '', '', '2a4c060f44d944ea926fe44522ce7b39', '0', '0', 'vcard.png', '1', '', '', '2000');
INSERT INTO `aos_sys_module` VALUES ('bf530e26480d43b08dd20e31e31274af', '0.001.003.006', '', 'system/role/init.jhtml', null, 'b656d6afbbe844d0a6626d0eb590643f', '1', '0', 'icon134.png', '1', '', null, '5');
INSERT INTO `aos_sys_module` VALUES ('c416f519d2b74cb39e0c4ace13e168d6', '0.008.004', '22', 'ss/temp/timeline/company.jhtml', null, 'a59d840e88594f7b87b3f96d227d6707', '1', '0', null, '1', '', null, '1');
INSERT INTO `aos_sys_module` VALUES ('cfc4e4bd367047a29e0d72e688f860a2', '0.001.004', '', '', '', '7a6d3674e5204937951d01544e18e3aa', '0', '0', 'folder24.png', '1', '', '', '40');
INSERT INTO `aos_sys_module` VALUES ('d452524058ff42cfb9e5146dacd0cd79', '0.001.006.002', '', null, null, '5b9a439743f141729f46a07e8e222a47', '1', '0', 'user20.png', '1', '', null, '20');
INSERT INTO `aos_sys_module` VALUES ('dbf75990cf784e79920caf7eb47856f6', '0.004.002.003', '', null, null, '6cab8b013c314b37aec7c4567d859fc8', '0', '1', null, '1', 'AOS UI', null, '30');
INSERT INTO `aos_sys_module` VALUES ('dc404d3ef1334c5ca18dd217e4f7e2f1', '0.005.006', '', 'ss/checkjob/result/init.jhtml', '', '52bfff4fb4fd41488d5f7c09991e997f', '1', '0', '', '1', '', '', '999');
INSERT INTO `aos_sys_module` VALUES ('dd2882255a2047c99e911ccd53d47bc5', '0.008.003', '', 'ss/temp/timeline/init.jhtml', '', 'a59d840e88594f7b87b3f96d227d6707', '1', '0', '', '1', '', '', '1');
INSERT INTO `aos_sys_module` VALUES ('e3e403f7b94247c7827d8f280f06b64d', '0.004.002.001.003', '', 'demo/initForm3.jhtml', null, 'f73a952eefa2406c9327da6252c4ca79', '1', '0', null, '1', '', null, '3');
INSERT INTO `aos_sys_module` VALUES ('e7bb35f24a634a759cef64d28411901f', '0.004.004.001', '', 'demo/procedure/init.jhtml', null, '3bb16fa3935c41bebe4d3fcf3c4ebd5c', '1', '0', null, '1', '', null, '10');
INSERT INTO `aos_sys_module` VALUES ('e9de0eacf61a4aa6b1ed0c210fc209fe', '0.004.004.003', '', 'demo/initShare.jhtml', null, '3bb16fa3935c41bebe4d3fcf3c4ebd5c', '1', '0', null, '1', '', null, '20');
INSERT INTO `aos_sys_module` VALUES ('f107450058a2438eb6ad9bf6a4d7e967', '0.001.001.002', '', 'system/dictionary/init.jhtml', null, '5fb994e71cb14a77891670990d7f554d', '1', '0', 'icon154.png', '1', '', null, '10');
INSERT INTO `aos_sys_module` VALUES ('f405a849f27d4ddebf7f8a2dfbf30bea', '0.001.002.001', '', 'system/module/init.jhtml', null, '0b99e9d118b54ee084d9e74bd72cdd1c', '1', '0', 'icon75.png', '1', '', null, '10');
INSERT INTO `aos_sys_module` VALUES ('f4768a44bc6a491bbac10d6f9710b8c6', '0.009.001', '', 'ss/checkjob/job/initunfinishedjob.jhtml?', '', '3dddb80dc030499c936c2ede4eaa3ab4', '1', '0', 'folder4.png', '1', '', '', '100');
INSERT INTO `aos_sys_module` VALUES ('f73a952eefa2406c9327da6252c4ca79', '0.004.002.001', '', '', '', '6cab8b013c314b37aec7c4567d859fc8', '0', '0', '', '1', 'AOS UI', '', '20');
INSERT INTO `aos_sys_module` VALUES ('f81608054a714b60adb0b1ed574c6b6c', '0.001.003.003', '', 'system/user/init.jhtml', null, 'b656d6afbbe844d0a6626d0eb590643f', '1', '0', 'user6.png', '1', '', null, '4');
INSERT INTO `aos_sys_module` VALUES ('f84a495bca10403ebe8351d4737dfc72', '0.004.002.006', '', '', '', '6cab8b013c314b37aec7c4567d859fc8', '0', '0', '', '1', 'AOS UI', '', '35');
INSERT INTO `aos_sys_module` VALUES ('fd88d0de59024e4db81ead8510b6bd98', '0.001.002.003', '', 'system/page/init.jhtml', null, '0b99e9d118b54ee084d9e74bd72cdd1c', '1', '0', 'icon59.png', '1', '', null, '20');

-- ----------------------------
-- Table structure for `aos_sys_module_role`
-- ----------------------------
DROP TABLE IF EXISTS `aos_sys_module_role`;
CREATE TABLE `aos_sys_module_role` (
  `id_` varchar(64) NOT NULL COMMENT '',
  `role_id_` varchar(64) NOT NULL COMMENT ' ',
  `module_id_` varchar(64) NOT NULL COMMENT '',
  `grant_type_` varchar(255) NOT NULL COMMENT '',
  `operate_time_` varchar(255) NOT NULL COMMENT '',
  `operator_id_` varchar(64) NOT NULL COMMENT '',
  PRIMARY KEY (`id_`),
  UNIQUE KEY `aos_sys_module_role_ukey` (`role_id_`,`module_id_`,`grant_type_`)
) ENGINE=InnoDB DEFAULT CHARSET=utf8 ROW_FORMAT=COMPACT COMMENT='-';

-- ----------------------------
-- Records of aos_sys_module_role
-- ----------------------------
INSERT INTO `aos_sys_module_role` VALUES ('0188b1648ab74fbbae624dd477fa8fb0', 'db0517b284ae4ecebe4358cb9e9d6295', '2dd9dac74b064ea98f063265b642526d', '1', '2016-05-19 14:27:22', 'fa04db9dd2f54d61b0c8202a25de2dc6');
INSERT INTO `aos_sys_module_role` VALUES ('050d588d27f840b88ab0f66abab19ee1', 'cb9dea34a86043be875e1729bd87df32', 'f4768a44bc6a491bbac10d6f9710b8c6', '1', '2016-05-19 14:27:32', 'fa04db9dd2f54d61b0c8202a25de2dc6');
INSERT INTO `aos_sys_module_role` VALUES ('0d7757a39c0e465b80afc1130bdbf29f', '84f923b5e334498494eda38d8e86ef80', 'd452524058ff42cfb9e5146dacd0cd79', '1', '2016-03-23 02:32:47', 'fa04db9dd2f54d61b0c8202a25de2dc6');
INSERT INTO `aos_sys_module_role` VALUES ('0f96a976ce2f4e52bb3631e3ce9a475c', '84f923b5e334498494eda38d8e86ef80', '9a8e5cedcd514af2b37cf5828f509f94', '1', '2016-03-23 02:32:47', 'fa04db9dd2f54d61b0c8202a25de2dc6');
INSERT INTO `aos_sys_module_role` VALUES ('1bbb15f6d8284bd9a7bc64956dd06e58', 'db0517b284ae4ecebe4358cb9e9d6295', 'b656d6afbbe844d0a6626d0eb590643f', '1', '2016-05-19 14:27:22', 'fa04db9dd2f54d61b0c8202a25de2dc6');
INSERT INTO `aos_sys_module_role` VALUES ('1bcfe11693e3405fad8774dd223a5707', '9fc327f9d0a54c928d490dc38ce8fa49', '98d7e720b8524600844728bcb4f8d518', '1', '2016-05-19 14:27:42', 'fa04db9dd2f54d61b0c8202a25de2dc6');
INSERT INTO `aos_sys_module_role` VALUES ('1ce4ef624de4486989153a02b970bc3a', 'cb9dea34a86043be875e1729bd87df32', '2dd9dac74b064ea98f063265b642526d', '1', '2016-05-19 14:27:32', 'fa04db9dd2f54d61b0c8202a25de2dc6');
INSERT INTO `aos_sys_module_role` VALUES ('220ebf3cb98e4aa5ae94c9bff1714916', 'db0517b284ae4ecebe4358cb9e9d6295', '715f6cf8d2ce4fa694baf2259327f6b1', '1', '2016-05-19 14:27:22', 'fa04db9dd2f54d61b0c8202a25de2dc6');
INSERT INTO `aos_sys_module_role` VALUES ('2486d09ed38e4ebba88cf16bae2bc65f', '84f923b5e334498494eda38d8e86ef80', '9e4cf77815dd49fbac4158c62af3197a', '1', '2016-03-23 02:32:47', 'fa04db9dd2f54d61b0c8202a25de2dc6');
INSERT INTO `aos_sys_module_role` VALUES ('24f35d9f5c944a2cbe5152df6aeb5963', 'db0517b284ae4ecebe4358cb9e9d6295', '920fe6ba911148cd810ceca31ad9d54f', '1', '2016-05-19 14:27:22', 'fa04db9dd2f54d61b0c8202a25de2dc6');
INSERT INTO `aos_sys_module_role` VALUES ('271703d9917e4fa6b6d5999021bc37b1', '84f923b5e334498494eda38d8e86ef80', '2790bf6cc0b54c36b56c90429c112ab2', '1', '2016-03-23 02:32:47', 'fa04db9dd2f54d61b0c8202a25de2dc6');
INSERT INTO `aos_sys_module_role` VALUES ('2bf58bcd60b34807aba13371669cb665', '84f923b5e334498494eda38d8e86ef80', 'ba90369eb83540bab4d9492bc17f0937', '1', '2016-03-23 02:32:47', 'fa04db9dd2f54d61b0c8202a25de2dc6');
INSERT INTO `aos_sys_module_role` VALUES ('2ce2ac4ab1b8425f83e6ce7ed047ef33', 'cb9dea34a86043be875e1729bd87df32', '75df10afbf5249f6939a4507e055f055', '1', '2016-05-19 14:27:32', 'fa04db9dd2f54d61b0c8202a25de2dc6');
INSERT INTO `aos_sys_module_role` VALUES ('2d546a5234ac4daf912504aa557487a0', '84f923b5e334498494eda38d8e86ef80', '7a6d3674e5204937951d01544e18e3aa', '1', '2016-03-23 02:32:47', 'fa04db9dd2f54d61b0c8202a25de2dc6');
INSERT INTO `aos_sys_module_role` VALUES ('2dda088ca3a045f69b42b25e342abf63', '9fc327f9d0a54c928d490dc38ce8fa49', '52bfff4fb4fd41488d5f7c09991e997f', '1', '2016-05-19 14:27:42', 'fa04db9dd2f54d61b0c8202a25de2dc6');
INSERT INTO `aos_sys_module_role` VALUES ('335e5f0f821e4293b42270b7c7d7ddb0', '9fc327f9d0a54c928d490dc38ce8fa49', '2dd9dac74b064ea98f063265b642526d', '1', '2016-05-19 14:27:42', 'fa04db9dd2f54d61b0c8202a25de2dc6');
INSERT INTO `aos_sys_module_role` VALUES ('34a2b8a342284d0c8e81e2b26cec1dda', 'db0517b284ae4ecebe4358cb9e9d6295', '921b5164722d43698abf970a92c628d1', '1', '2016-05-19 14:27:22', 'fa04db9dd2f54d61b0c8202a25de2dc6');
INSERT INTO `aos_sys_module_role` VALUES ('390e1d2b66ac4b5f9ba42e51e1415006', '84f923b5e334498494eda38d8e86ef80', 'f405a849f27d4ddebf7f8a2dfbf30bea', '1', '2016-03-23 02:32:47', 'fa04db9dd2f54d61b0c8202a25de2dc6');
INSERT INTO `aos_sys_module_role` VALUES ('3a79eb5cfe2d4e79a4c77af692555305', '84f923b5e334498494eda38d8e86ef80', 'a21b52d911bb44c2978e52bbc523de51', '1', '2016-03-23 02:32:47', 'fa04db9dd2f54d61b0c8202a25de2dc6');
INSERT INTO `aos_sys_module_role` VALUES ('3e570a726a554571983f8e70cfe4c511', 'db0517b284ae4ecebe4358cb9e9d6295', '6b500915e65949639acbe8dd9b54adbc', '1', '2016-05-19 14:27:22', 'fa04db9dd2f54d61b0c8202a25de2dc6');
INSERT INTO `aos_sys_module_role` VALUES ('3e799489aae5437d98f997e1ef978f18', 'db0517b284ae4ecebe4358cb9e9d6295', 'a4b0e8936806432181f60d53fc18e0a1', '1', '2016-05-19 14:27:22', 'fa04db9dd2f54d61b0c8202a25de2dc6');
INSERT INTO `aos_sys_module_role` VALUES ('42f9477b1b2342729d27853e280ed5fa', 'db0517b284ae4ecebe4358cb9e9d6295', 'dc404d3ef1334c5ca18dd217e4f7e2f1', '1', '2016-05-19 14:27:22', 'fa04db9dd2f54d61b0c8202a25de2dc6');
INSERT INTO `aos_sys_module_role` VALUES ('43ca9c6089ef44428c1e103fe3f45456', 'db0517b284ae4ecebe4358cb9e9d6295', '3dddb80dc030499c936c2ede4eaa3ab4', '1', '2016-05-19 14:27:21', 'fa04db9dd2f54d61b0c8202a25de2dc6');
INSERT INTO `aos_sys_module_role` VALUES ('51214705b3a749f99b6b55ca2e9593dc', 'db0517b284ae4ecebe4358cb9e9d6295', '82b07f82b98046028538e925f66794d1', '1', '2016-05-19 14:27:22', 'fa04db9dd2f54d61b0c8202a25de2dc6');
INSERT INTO `aos_sys_module_role` VALUES ('51bf0f517fde4a98b31b989aea132087', '3eee65836a4e4d5a95b4935e04a9bf6c', '2a4c060f44d944ea926fe44522ce7b39', '1', '2016-05-19 08:53:25', 'fa04db9dd2f54d61b0c8202a25de2dc6');
INSERT INTO `aos_sys_module_role` VALUES ('5839a2d3d321433098a54e3cca04c4d6', '84f923b5e334498494eda38d8e86ef80', '1906d5a892654e2bb882851e0ea7322f', '1', '2016-03-23 02:32:47', 'fa04db9dd2f54d61b0c8202a25de2dc6');
INSERT INTO `aos_sys_module_role` VALUES ('5bb27b3e203c43e28a088e0f2d6cf33e', 'db0517b284ae4ecebe4358cb9e9d6295', '2a4c060f44d944ea926fe44522ce7b39', '1', '2016-05-19 14:27:21', 'fa04db9dd2f54d61b0c8202a25de2dc6');
INSERT INTO `aos_sys_module_role` VALUES ('60234d270be64501bad723d4bdbc4f9d', 'db0517b284ae4ecebe4358cb9e9d6295', 'f4768a44bc6a491bbac10d6f9710b8c6', '1', '2016-05-19 14:27:21', 'fa04db9dd2f54d61b0c8202a25de2dc6');
INSERT INTO `aos_sys_module_role` VALUES ('6909b8bf39ee4100a4c4958e976985e8', 'db0517b284ae4ecebe4358cb9e9d6295', '65320b914c18453f9ca0a84d3f8a0a7b', '1', '2016-05-19 14:27:22', 'fa04db9dd2f54d61b0c8202a25de2dc6');
INSERT INTO `aos_sys_module_role` VALUES ('693c037fab3848fb84372822c9dff565', 'cb9dea34a86043be875e1729bd87df32', '6b500915e65949639acbe8dd9b54adbc', '1', '2016-05-19 14:27:32', 'fa04db9dd2f54d61b0c8202a25de2dc6');
INSERT INTO `aos_sys_module_role` VALUES ('69e6336219be4d809e243039ab4523aa', '9fc327f9d0a54c928d490dc38ce8fa49', '3dddb80dc030499c936c2ede4eaa3ab4', '1', '2016-05-19 14:27:42', 'fa04db9dd2f54d61b0c8202a25de2dc6');
INSERT INTO `aos_sys_module_role` VALUES ('6c27a9d6735146ad9b154116efd757b8', '84f923b5e334498494eda38d8e86ef80', 'f107450058a2438eb6ad9bf6a4d7e967', '1', '2016-03-23 02:32:47', 'fa04db9dd2f54d61b0c8202a25de2dc6');
INSERT INTO `aos_sys_module_role` VALUES ('71c43c3068ca4fc28c9ebc8cd79a4a43', 'db0517b284ae4ecebe4358cb9e9d6295', 'bf530e26480d43b08dd20e31e31274af', '1', '2016-05-19 14:27:22', 'fa04db9dd2f54d61b0c8202a25de2dc6');
INSERT INTO `aos_sys_module_role` VALUES ('73232240556d42abab86f1a63304354e', 'cb9dea34a86043be875e1729bd87df32', '3dddb80dc030499c936c2ede4eaa3ab4', '1', '2016-05-19 14:27:32', 'fa04db9dd2f54d61b0c8202a25de2dc6');
INSERT INTO `aos_sys_module_role` VALUES ('7484d55043524284bb8dd8d5984c9081', 'db0517b284ae4ecebe4358cb9e9d6295', '75df10afbf5249f6939a4507e055f055', '1', '2016-05-19 14:27:22', 'fa04db9dd2f54d61b0c8202a25de2dc6');
INSERT INTO `aos_sys_module_role` VALUES ('75bf2c9a3e904515b9067aeb58fb4fdd', '84f923b5e334498494eda38d8e86ef80', 'b656d6afbbe844d0a6626d0eb590643f', '1', '2016-03-23 02:32:47', 'fa04db9dd2f54d61b0c8202a25de2dc6');
INSERT INTO `aos_sys_module_role` VALUES ('77bd0a1ccd614116b13cc2320fe30cda', '84f923b5e334498494eda38d8e86ef80', 'bf530e26480d43b08dd20e31e31274af', '1', '2016-03-23 02:32:47', 'fa04db9dd2f54d61b0c8202a25de2dc6');
INSERT INTO `aos_sys_module_role` VALUES ('77d8a94836b24119aebcdd6fc70324da', '9fc327f9d0a54c928d490dc38ce8fa49', '82b07f82b98046028538e925f66794d1', '1', '2016-05-19 14:27:42', 'fa04db9dd2f54d61b0c8202a25de2dc6');
INSERT INTO `aos_sys_module_role` VALUES ('784c692cc819474bbbec26ac5cba54e6', '84f923b5e334498494eda38d8e86ef80', '619cb338b278406f8368471034d5946f', '1', '2016-03-23 02:32:47', 'fa04db9dd2f54d61b0c8202a25de2dc6');
INSERT INTO `aos_sys_module_role` VALUES ('7c2b2130d71e44c1828df1461fc9903e', 'cb9dea34a86043be875e1729bd87df32', '98d7e720b8524600844728bcb4f8d518', '1', '2016-05-19 14:27:32', 'fa04db9dd2f54d61b0c8202a25de2dc6');
INSERT INTO `aos_sys_module_role` VALUES ('7e262d9ecd424de28d2dc7796bb29bad', 'cb9dea34a86043be875e1729bd87df32', '9a68cc97425344cda05e551ae5ae66cb', '1', '2016-05-19 14:27:32', 'fa04db9dd2f54d61b0c8202a25de2dc6');
INSERT INTO `aos_sys_module_role` VALUES ('80488d5c34ca4803b46280d1218a73b0', '3eee65836a4e4d5a95b4935e04a9bf6c', 'f4768a44bc6a491bbac10d6f9710b8c6', '1', '2016-05-19 08:53:25', 'fa04db9dd2f54d61b0c8202a25de2dc6');
INSERT INTO `aos_sys_module_role` VALUES ('873ea12392844e519cbae489f4db8744', 'cb9dea34a86043be875e1729bd87df32', 'bd0a4ba6764d4d86883cfa7aa513315d', '1', '2016-05-19 14:27:32', 'fa04db9dd2f54d61b0c8202a25de2dc6');
INSERT INTO `aos_sys_module_role` VALUES ('88fd14c9fefb488daf28be9080c94d73', '84f923b5e334498494eda38d8e86ef80', '5b9a439743f141729f46a07e8e222a47', '1', '2016-03-23 02:32:47', 'fa04db9dd2f54d61b0c8202a25de2dc6');
INSERT INTO `aos_sys_module_role` VALUES ('8c63d15784bc4cdcab64c4e67596568b', 'db0517b284ae4ecebe4358cb9e9d6295', 'a3791f2557354144b58bdcbbfa400e7e', '1', '2016-05-19 14:27:22', 'fa04db9dd2f54d61b0c8202a25de2dc6');
INSERT INTO `aos_sys_module_role` VALUES ('945d429916a24f0bbfb6f9f55cb0e776', '9fc327f9d0a54c928d490dc38ce8fa49', 'bd0a4ba6764d4d86883cfa7aa513315d', '1', '2016-05-19 14:27:42', 'fa04db9dd2f54d61b0c8202a25de2dc6');
INSERT INTO `aos_sys_module_role` VALUES ('950d91e5479b40b3baafbb4cdb36de04', 'db0517b284ae4ecebe4358cb9e9d6295', '645419cf0e1c4ea6b3b8945e5338ad58', '1', '2016-05-19 14:27:22', 'fa04db9dd2f54d61b0c8202a25de2dc6');
INSERT INTO `aos_sys_module_role` VALUES ('9e7d876cd465486a94c8df7e5855a226', '84f923b5e334498494eda38d8e86ef80', '65320b914c18453f9ca0a84d3f8a0a7b', '1', '2016-03-23 02:32:47', 'fa04db9dd2f54d61b0c8202a25de2dc6');
INSERT INTO `aos_sys_module_role` VALUES ('9eefec427e864a52baaebde5dfe87402', '9fc327f9d0a54c928d490dc38ce8fa49', '647ebc4423a2409dbc3d1c91d43cdcda', '1', '2016-05-19 14:27:42', 'fa04db9dd2f54d61b0c8202a25de2dc6');
INSERT INTO `aos_sys_module_role` VALUES ('a03c228b2cf741c88a68d4d5974e26d1', '9fc327f9d0a54c928d490dc38ce8fa49', '8472acca5a9e47348b7ab3d6ebf261b5', '1', '2016-05-19 14:27:42', 'fa04db9dd2f54d61b0c8202a25de2dc6');
INSERT INTO `aos_sys_module_role` VALUES ('a6d628138692486eab05c5e0cb76bf7f', 'cb9dea34a86043be875e1729bd87df32', '82b07f82b98046028538e925f66794d1', '1', '2016-05-19 14:27:32', 'fa04db9dd2f54d61b0c8202a25de2dc6');
INSERT INTO `aos_sys_module_role` VALUES ('a86a62045bcd422882ea00c2895016fe', 'cb9dea34a86043be875e1729bd87df32', 'a4b0e8936806432181f60d53fc18e0a1', '1', '2016-05-19 14:27:32', 'fa04db9dd2f54d61b0c8202a25de2dc6');
INSERT INTO `aos_sys_module_role` VALUES ('a8804d424d4640ce88ac439fd31f0eb4', 'db0517b284ae4ecebe4358cb9e9d6295', '52bfff4fb4fd41488d5f7c09991e997f', '1', '2016-05-19 14:27:22', 'fa04db9dd2f54d61b0c8202a25de2dc6');
INSERT INTO `aos_sys_module_role` VALUES ('a8ee27e30e4741cea60adff17e8f2df4', '9fc327f9d0a54c928d490dc38ce8fa49', '9a68cc97425344cda05e551ae5ae66cb', '1', '2016-05-19 14:27:42', 'fa04db9dd2f54d61b0c8202a25de2dc6');
INSERT INTO `aos_sys_module_role` VALUES ('a9bfdc9f68b8480e83304b68e728aab2', '84f923b5e334498494eda38d8e86ef80', 'fd88d0de59024e4db81ead8510b6bd98', '1', '2016-03-23 02:32:47', 'fa04db9dd2f54d61b0c8202a25de2dc6');
INSERT INTO `aos_sys_module_role` VALUES ('a9cc960d203c4dedb735b77c6c2e98ef', 'db0517b284ae4ecebe4358cb9e9d6295', 'f81608054a714b60adb0b1ed574c6b6c', '1', '2016-05-19 14:27:22', 'fa04db9dd2f54d61b0c8202a25de2dc6');
INSERT INTO `aos_sys_module_role` VALUES ('a9fc257206c243e29ac58a2d35e8c13f', '84f923b5e334498494eda38d8e86ef80', '2a4c060f44d944ea926fe44522ce7b39', '1', '2016-03-23 02:32:47', 'fa04db9dd2f54d61b0c8202a25de2dc6');
INSERT INTO `aos_sys_module_role` VALUES ('aeaa0615d8cd4feeacdaf9ab9b0a6fd4', 'cb9dea34a86043be875e1729bd87df32', '920fe6ba911148cd810ceca31ad9d54f', '1', '2016-05-19 14:27:32', 'fa04db9dd2f54d61b0c8202a25de2dc6');
INSERT INTO `aos_sys_module_role` VALUES ('b25a6d3f659443f290a107556d75cc5f', 'cb9dea34a86043be875e1729bd87df32', '645419cf0e1c4ea6b3b8945e5338ad58', '1', '2016-05-19 14:27:32', 'fa04db9dd2f54d61b0c8202a25de2dc6');
INSERT INTO `aos_sys_module_role` VALUES ('b43b4b15f2374cd8bfe882b141e94d8b', '84f923b5e334498494eda38d8e86ef80', '0b99e9d118b54ee084d9e74bd72cdd1c', '1', '2016-03-23 02:32:47', 'fa04db9dd2f54d61b0c8202a25de2dc6');
INSERT INTO `aos_sys_module_role` VALUES ('bd2126707c7b4c00908a994704c741e0', 'cb9dea34a86043be875e1729bd87df32', 'a3791f2557354144b58bdcbbfa400e7e', '1', '2016-05-19 14:27:32', 'fa04db9dd2f54d61b0c8202a25de2dc6');
INSERT INTO `aos_sys_module_role` VALUES ('c102c61185e0432bb551745ea22d9700', '84f923b5e334498494eda38d8e86ef80', '81fc0e05049e467d976ec523182421f2', '1', '2016-03-23 02:32:47', 'fa04db9dd2f54d61b0c8202a25de2dc6');
INSERT INTO `aos_sys_module_role` VALUES ('c28d9a85f2934a0ca7c04d16e20a031c', 'db0517b284ae4ecebe4358cb9e9d6295', '3b41af04060b414d85a05655b76801a3', '1', '2016-05-19 14:27:22', 'fa04db9dd2f54d61b0c8202a25de2dc6');
INSERT INTO `aos_sys_module_role` VALUES ('c5c2913652994b1dacf9ad6c2b2a1c81', '9fc327f9d0a54c928d490dc38ce8fa49', 'f81608054a714b60adb0b1ed574c6b6c', '1', '2016-05-19 14:27:42', 'fa04db9dd2f54d61b0c8202a25de2dc6');
INSERT INTO `aos_sys_module_role` VALUES ('c774c855900c41cbb8e431aa6e78c863', 'cb9dea34a86043be875e1729bd87df32', '2a4c060f44d944ea926fe44522ce7b39', '1', '2016-05-19 14:27:32', 'fa04db9dd2f54d61b0c8202a25de2dc6');
INSERT INTO `aos_sys_module_role` VALUES ('cf9396d2874941c2be039661637fb3d3', '9fc327f9d0a54c928d490dc38ce8fa49', '2a4c060f44d944ea926fe44522ce7b39', '1', '2016-05-19 14:27:42', 'fa04db9dd2f54d61b0c8202a25de2dc6');
INSERT INTO `aos_sys_module_role` VALUES ('d1a975c7b7d54f9cae96eda45b3770e1', 'cb9dea34a86043be875e1729bd87df32', '52bfff4fb4fd41488d5f7c09991e997f', '1', '2016-05-19 14:27:32', 'fa04db9dd2f54d61b0c8202a25de2dc6');
INSERT INTO `aos_sys_module_role` VALUES ('d560c034735d497f8796d3a04fe2c409', '9fc327f9d0a54c928d490dc38ce8fa49', 'b656d6afbbe844d0a6626d0eb590643f', '1', '2016-05-19 14:27:42', 'fa04db9dd2f54d61b0c8202a25de2dc6');
INSERT INTO `aos_sys_module_role` VALUES ('d779a0d3cd01421c8e7dadeb7ed8999a', '9fc327f9d0a54c928d490dc38ce8fa49', '645419cf0e1c4ea6b3b8945e5338ad58', '1', '2016-05-19 14:27:42', 'fa04db9dd2f54d61b0c8202a25de2dc6');
INSERT INTO `aos_sys_module_role` VALUES ('d847f8e4b85e4c7493d90f3315215e4f', '9fc327f9d0a54c928d490dc38ce8fa49', '50d7cd80f5854637a576aa95839488e9', '1', '2016-05-19 14:27:42', 'fa04db9dd2f54d61b0c8202a25de2dc6');
INSERT INTO `aos_sys_module_role` VALUES ('d8986d30483d4fccbc9ca73a2d02ecd1', 'db0517b284ae4ecebe4358cb9e9d6295', '1886bf699ec74f79959bdc8ca8e5371a', '1', '2016-05-19 14:27:22', 'fa04db9dd2f54d61b0c8202a25de2dc6');
INSERT INTO `aos_sys_module_role` VALUES ('d963ae8247cf4642a0be0fed1f29e01f', 'db0517b284ae4ecebe4358cb9e9d6295', '9a68cc97425344cda05e551ae5ae66cb', '1', '2016-05-19 14:27:22', 'fa04db9dd2f54d61b0c8202a25de2dc6');
INSERT INTO `aos_sys_module_role` VALUES ('dbba3e637e2a40788f9879049dbf6f7e', 'db0517b284ae4ecebe4358cb9e9d6295', '8472acca5a9e47348b7ab3d6ebf261b5', '1', '2016-05-19 14:27:22', 'fa04db9dd2f54d61b0c8202a25de2dc6');
INSERT INTO `aos_sys_module_role` VALUES ('e2f388c27bd4484aa3e1ba31e2015694', 'db0517b284ae4ecebe4358cb9e9d6295', 'bd0a4ba6764d4d86883cfa7aa513315d', '1', '2016-05-19 14:27:22', 'fa04db9dd2f54d61b0c8202a25de2dc6');
INSERT INTO `aos_sys_module_role` VALUES ('e7119468622c4b22b672060e26653a93', '84f923b5e334498494eda38d8e86ef80', '715f6cf8d2ce4fa694baf2259327f6b1', '1', '2016-03-23 02:32:47', 'fa04db9dd2f54d61b0c8202a25de2dc6');
INSERT INTO `aos_sys_module_role` VALUES ('e92eb76ccd2b4f47978be188b68c2081', '9fc327f9d0a54c928d490dc38ce8fa49', 'a3791f2557354144b58bdcbbfa400e7e', '1', '2016-05-19 14:27:42', 'fa04db9dd2f54d61b0c8202a25de2dc6');
INSERT INTO `aos_sys_module_role` VALUES ('ea2594b1b19a45698ac2ff9b5aa59f48', 'cb9dea34a86043be875e1729bd87df32', '3b41af04060b414d85a05655b76801a3', '1', '2016-05-19 14:27:32', 'fa04db9dd2f54d61b0c8202a25de2dc6');
INSERT INTO `aos_sys_module_role` VALUES ('ec5392e974ea4da48a745a61b099a1eb', '84f923b5e334498494eda38d8e86ef80', '1886bf699ec74f79959bdc8ca8e5371a', '1', '2016-03-23 02:32:47', 'fa04db9dd2f54d61b0c8202a25de2dc6');
INSERT INTO `aos_sys_module_role` VALUES ('ecc9b853a25c41cda37b637b2849d779', 'cb9dea34a86043be875e1729bd87df32', '8472acca5a9e47348b7ab3d6ebf261b5', '1', '2016-05-19 14:27:32', 'fa04db9dd2f54d61b0c8202a25de2dc6');
INSERT INTO `aos_sys_module_role` VALUES ('ed19957898e1403a86df1c4d63ec98ba', '3eee65836a4e4d5a95b4935e04a9bf6c', '3dddb80dc030499c936c2ede4eaa3ab4', '1', '2016-05-19 08:53:25', 'fa04db9dd2f54d61b0c8202a25de2dc6');
INSERT INTO `aos_sys_module_role` VALUES ('ee6d97b75dd54231b7fae8dc04b0d896', '9fc327f9d0a54c928d490dc38ce8fa49', '7a6d3674e5204937951d01544e18e3aa', '1', '2016-05-19 14:27:42', 'fa04db9dd2f54d61b0c8202a25de2dc6');
INSERT INTO `aos_sys_module_role` VALUES ('ef2ca3c3fcb04fa0a4883636f32abb55', '9fc327f9d0a54c928d490dc38ce8fa49', 'bf530e26480d43b08dd20e31e31274af', '1', '2016-05-19 14:27:42', 'fa04db9dd2f54d61b0c8202a25de2dc6');
INSERT INTO `aos_sys_module_role` VALUES ('f04151346df64002bdb5a5af542540b1', '84f923b5e334498494eda38d8e86ef80', '5fb994e71cb14a77891670990d7f554d', '1', '2016-03-23 02:32:47', 'fa04db9dd2f54d61b0c8202a25de2dc6');
INSERT INTO `aos_sys_module_role` VALUES ('f1559c0cce8344d2b63b87bb9ac4c342', 'db0517b284ae4ecebe4358cb9e9d6295', '5b9a439743f141729f46a07e8e222a47', '1', '2016-05-19 14:27:22', 'fa04db9dd2f54d61b0c8202a25de2dc6');
INSERT INTO `aos_sys_module_role` VALUES ('f1a76db90f7e4881b848dc9bbe4b9864', '84f923b5e334498494eda38d8e86ef80', 'cfc4e4bd367047a29e0d72e688f860a2', '1', '2016-03-23 02:32:47', 'fa04db9dd2f54d61b0c8202a25de2dc6');
INSERT INTO `aos_sys_module_role` VALUES ('f2841eaa505d442bb608f79184429bd4', 'cb9dea34a86043be875e1729bd87df32', 'dc404d3ef1334c5ca18dd217e4f7e2f1', '1', '2016-05-19 14:27:32', 'fa04db9dd2f54d61b0c8202a25de2dc6');
INSERT INTO `aos_sys_module_role` VALUES ('f3ac8869c46c4ecb9a59f5375f777f55', '9fc327f9d0a54c928d490dc38ce8fa49', 'f4768a44bc6a491bbac10d6f9710b8c6', '1', '2016-05-19 14:27:42', 'fa04db9dd2f54d61b0c8202a25de2dc6');
INSERT INTO `aos_sys_module_role` VALUES ('f3c0946492b44acbb328987f382aad29', '84f923b5e334498494eda38d8e86ef80', '524e5f5c3e5b4cdb90611cd8b15ca684', '1', '2016-03-23 02:32:47', 'fa04db9dd2f54d61b0c8202a25de2dc6');
INSERT INTO `aos_sys_module_role` VALUES ('f4ab0bb38c6d497ca676093146144473', '84f923b5e334498494eda38d8e86ef80', 'bc3c9877c598404da7e31355a4deebad', '1', '2016-03-23 02:32:47', 'fa04db9dd2f54d61b0c8202a25de2dc6');
INSERT INTO `aos_sys_module_role` VALUES ('f636f65c00b5463bb75b043f1dc6ee4f', '84f923b5e334498494eda38d8e86ef80', 'f81608054a714b60adb0b1ed574c6b6c', '1', '2016-03-23 02:32:47', 'fa04db9dd2f54d61b0c8202a25de2dc6');
INSERT INTO `aos_sys_module_role` VALUES ('f7c1380d52504ed58b8f6d19d60736d6', 'db0517b284ae4ecebe4358cb9e9d6295', '98d7e720b8524600844728bcb4f8d518', '1', '2016-05-19 14:27:22', 'fa04db9dd2f54d61b0c8202a25de2dc6');
INSERT INTO `aos_sys_module_role` VALUES ('ff7ecca1769e4c09b42371e998ea7023', 'db0517b284ae4ecebe4358cb9e9d6295', '7a6d3674e5204937951d01544e18e3aa', '1', '2016-05-19 14:27:22', 'fa04db9dd2f54d61b0c8202a25de2dc6');

-- ----------------------------
-- Table structure for `aos_sys_module_user`
-- ----------------------------
DROP TABLE IF EXISTS `aos_sys_module_user`;
CREATE TABLE `aos_sys_module_user` (
  `id_` varchar(64) NOT NULL COMMENT '',
  `user_id_` varchar(64) NOT NULL COMMENT ' ',
  `module_id_` varchar(64) NOT NULL COMMENT '',
  `grant_type_` varchar(255) NOT NULL COMMENT '',
  `operate_time_` varchar(255) NOT NULL COMMENT '',
  `operator_id_` varchar(64) NOT NULL COMMENT '',
  PRIMARY KEY (`id_`),
  UNIQUE KEY `aos_sys_module_user_ukey` (`user_id_`,`module_id_`,`grant_type_`)
) ENGINE=InnoDB DEFAULT CHARSET=utf8 ROW_FORMAT=COMPACT COMMENT='-';

-- ----------------------------
-- Records of aos_sys_module_user
-- ----------------------------
INSERT INTO `aos_sys_module_user` VALUES ('c0d40a9f899b463c986a822b4969c7d2', 'c321c891521446bdac49ae2bb29d7a00', '2a4c060f44d944ea926fe44522ce7b39', '1', '2016-03-23 16:14:04', 'fa04db9dd2f54d61b0c8202a25de2dc6');
INSERT INTO `aos_sys_module_user` VALUES ('ce73653a710344c69da7b387b149a198', 'c321c891521446bdac49ae2bb29d7a00', 'bd0a4ba6764d4d86883cfa7aa513315d', '1', '2016-03-23 16:14:04', 'fa04db9dd2f54d61b0c8202a25de2dc6');
INSERT INTO `aos_sys_module_user` VALUES ('f3b97bd4ae7d457da59c50f8462e21b9', 'c321c891521446bdac49ae2bb29d7a00', '75df10afbf5249f6939a4507e055f055', '1', '2016-03-23 16:14:04', 'fa04db9dd2f54d61b0c8202a25de2dc6');

-- ----------------------------
-- Table structure for `aos_sys_module_user_nav`
-- ----------------------------
DROP TABLE IF EXISTS `aos_sys_module_user_nav`;
CREATE TABLE `aos_sys_module_user_nav` (
  `id_` varchar(64) NOT NULL COMMENT '',
  `module_id_` varchar(64) NOT NULL COMMENT '',
  `user_id_` varchar(64) NOT NULL COMMENT '',
  `nav_icon_` varchar(255) DEFAULT NULL COMMENT '',
  `type_` varchar(255) NOT NULL COMMENT '',
  `sort_no_` int(10) DEFAULT NULL COMMENT '',
  PRIMARY KEY (`id_`),
  UNIQUE KEY `aos_sys_module_user_nav_ukey` (`module_id_`,`user_id_`,`type_`)
) ENGINE=InnoDB DEFAULT CHARSET=utf8 ROW_FORMAT=COMPACT COMMENT='-(|)';

-- ----------------------------
-- Records of aos_sys_module_user_nav
-- ----------------------------
INSERT INTO `aos_sys_module_user_nav` VALUES ('069b1267b4fe4b9889a949769cb984d8', '98d7e720b8524600844728bcb4f8d518', 'e470153e65ff4acf84ef6bba89290519', null, '1', null);
INSERT INTO `aos_sys_module_user_nav` VALUES ('0a6bb4844863456ebe7d15df14fc719c', 'dc404d3ef1334c5ca18dd217e4f7e2f1', 'fa04db9dd2f54d61b0c8202a25de2dc6', null, '1', null);
INSERT INTO `aos_sys_module_user_nav` VALUES ('0dff8bc99dbf4092ab3d9332768bc116', '921b5164722d43698abf970a92c628d1', 'c4db76be7dd94f95b5213b885f919cba', null, '1', null);
INSERT INTO `aos_sys_module_user_nav` VALUES ('0f37be2ab99f4f05b6d683a1cef4df44', '82b07f82b98046028538e925f66794d1', '5f6b500ffdf642349a1b46203c147ee0', null, '1', null);
INSERT INTO `aos_sys_module_user_nav` VALUES ('0f8eab3a36ae43beb97a0b39d49830a1', 'bd0a4ba6764d4d86883cfa7aa513315d', '5f6b500ffdf642349a1b46203c147ee0', null, '1', null);
INSERT INTO `aos_sys_module_user_nav` VALUES ('0f9873c57552450692a4d3ba8f0dd78c', '8472acca5a9e47348b7ab3d6ebf261b5', 'e470153e65ff4acf84ef6bba89290519', null, '1', null);
INSERT INTO `aos_sys_module_user_nav` VALUES ('13848d731dbf4fe081c70e36a78f61ce', 'a3791f2557354144b58bdcbbfa400e7e', 'c4db76be7dd94f95b5213b885f919cba', null, '1', null);
INSERT INTO `aos_sys_module_user_nav` VALUES ('217a3a8e9db14937bc669c9c0987a953', '82b07f82b98046028538e925f66794d1', 'fa04db9dd2f54d61b0c8202a25de2dc6', null, '1', null);
INSERT INTO `aos_sys_module_user_nav` VALUES ('246e98a5e8db4fd49b08b6f8cf64bb19', 'bd0a4ba6764d4d86883cfa7aa513315d', 'fa04db9dd2f54d61b0c8202a25de2dc6', null, '1', null);
INSERT INTO `aos_sys_module_user_nav` VALUES ('28bf9f66ef914ccaa550b447164ff6de', '52bfff4fb4fd41488d5f7c09991e997f', 'c4db76be7dd94f95b5213b885f919cba', null, '1', null);
INSERT INTO `aos_sys_module_user_nav` VALUES ('363037cd4bd44ae39331085fd6f731eb', '7e6951e668be44b39fb9f9fd20b21315', 'fa04db9dd2f54d61b0c8202a25de2dc6', null, '1', null);
INSERT INTO `aos_sys_module_user_nav` VALUES ('371b4b1cb69649cd980753cbdcf89a0e', 'f4768a44bc6a491bbac10d6f9710b8c6', 'c4db76be7dd94f95b5213b885f919cba', null, '1', null);
INSERT INTO `aos_sys_module_user_nav` VALUES ('3c90885b19ae4787bf2b0bcd7e5df400', '645419cf0e1c4ea6b3b8945e5338ad58', 'c4db76be7dd94f95b5213b885f919cba', null, '1', null);
INSERT INTO `aos_sys_module_user_nav` VALUES ('3e02a05e55e4453f8ebdfc77c9ae9d7d', 'a59d840e88594f7b87b3f96d227d6707', 'fa04db9dd2f54d61b0c8202a25de2dc6', null, '1', null);
INSERT INTO `aos_sys_module_user_nav` VALUES ('528d6e76b8334fcc901cf4849c690b87', '6b500915e65949639acbe8dd9b54adbc', 'c4db76be7dd94f95b5213b885f919cba', null, '1', null);
INSERT INTO `aos_sys_module_user_nav` VALUES ('53b89a5dc9ba4e57ac286a988261ec3d', '9a68cc97425344cda05e551ae5ae66cb', 'e470153e65ff4acf84ef6bba89290519', null, '1', null);
INSERT INTO `aos_sys_module_user_nav` VALUES ('5ac9d58ebbec491aab0e05d053fabb21', '2a4c060f44d944ea926fe44522ce7b39', 'fa04db9dd2f54d61b0c8202a25de2dc6', null, '1', null);
INSERT INTO `aos_sys_module_user_nav` VALUES ('664086bde26547a291d92888c51e14bd', '52bfff4fb4fd41488d5f7c09991e997f', '5f6b500ffdf642349a1b46203c147ee0', null, '1', null);
INSERT INTO `aos_sys_module_user_nav` VALUES ('70d1d88d8db1470dadc092515f7e694a', 'c416f519d2b74cb39e0c4ace13e168d6', 'fa04db9dd2f54d61b0c8202a25de2dc6', null, '1', null);
INSERT INTO `aos_sys_module_user_nav` VALUES ('7269da5e43014b98bb268ac0ae0d3b7f', '647ebc4423a2409dbc3d1c91d43cdcda', '5f6b500ffdf642349a1b46203c147ee0', null, '1', null);
INSERT INTO `aos_sys_module_user_nav` VALUES ('7532d48a4ae34b578a5eec24ef15e5a3', '920fe6ba911148cd810ceca31ad9d54f', 'c4db76be7dd94f95b5213b885f919cba', null, '1', null);
INSERT INTO `aos_sys_module_user_nav` VALUES ('7b1de12af9a54da49904ce0e01f7e2ba', '647ebc4423a2409dbc3d1c91d43cdcda', 'fa04db9dd2f54d61b0c8202a25de2dc6', null, '1', null);
INSERT INTO `aos_sys_module_user_nav` VALUES ('7b621fd8a57f43dcadfb70dd8bfd2551', '98d7e720b8524600844728bcb4f8d518', 'c4db76be7dd94f95b5213b885f919cba', null, '1', null);
INSERT INTO `aos_sys_module_user_nav` VALUES ('7c71fc53be2142f2958d56317b67bc11', 'dc404d3ef1334c5ca18dd217e4f7e2f1', 'c4db76be7dd94f95b5213b885f919cba', null, '1', null);
INSERT INTO `aos_sys_module_user_nav` VALUES ('7ea0e1eb288f48f5a3faba7e8871e8e0', '82b07f82b98046028538e925f66794d1', 'c4db76be7dd94f95b5213b885f919cba', null, '1', null);
INSERT INTO `aos_sys_module_user_nav` VALUES ('8012b2caa81941a1813b89cb654633ce', 'bf530e26480d43b08dd20e31e31274af', 'c4db76be7dd94f95b5213b885f919cba', null, '1', null);
INSERT INTO `aos_sys_module_user_nav` VALUES ('80f45368327c4c03ae00461416bb0778', '75df10afbf5249f6939a4507e055f055', 'c4db76be7dd94f95b5213b885f919cba', null, '1', null);
INSERT INTO `aos_sys_module_user_nav` VALUES ('83d730c404884959b78e72f3e44d0d7a', '2a4c060f44d944ea926fe44522ce7b39', 'e470153e65ff4acf84ef6bba89290519', null, '1', null);
INSERT INTO `aos_sys_module_user_nav` VALUES ('89483e66a8e04855af7ef7b4d12f1727', '6e10c86d1885434e80e6dfa0953e307d', 'fa04db9dd2f54d61b0c8202a25de2dc6', null, '1', null);
INSERT INTO `aos_sys_module_user_nav` VALUES ('8af365d1ea364a209fbca7a76999e739', '56fcae7c948043e3a6ba6f9ab56aaccd', 'fa04db9dd2f54d61b0c8202a25de2dc6', null, '1', null);
INSERT INTO `aos_sys_module_user_nav` VALUES ('8d8a9ef7b00d4d2fb118b72fac02b2bc', '50d7cd80f5854637a576aa95839488e9', 'fa04db9dd2f54d61b0c8202a25de2dc6', null, '1', null);
INSERT INTO `aos_sys_module_user_nav` VALUES ('9fe8f9751dee41f98c9e05ddf163de8a', 'a3791f2557354144b58bdcbbfa400e7e', 'e470153e65ff4acf84ef6bba89290519', null, '1', null);
INSERT INTO `aos_sys_module_user_nav` VALUES ('a751f19211e14def9004dd4ab677809f', '50d7cd80f5854637a576aa95839488e9', '5f6b500ffdf642349a1b46203c147ee0', null, '1', null);
INSERT INTO `aos_sys_module_user_nav` VALUES ('aa5097d864e048d5b048164664a10974', '2dd9dac74b064ea98f063265b642526d', 'e470153e65ff4acf84ef6bba89290519', null, '1', null);
INSERT INTO `aos_sys_module_user_nav` VALUES ('aa62bb86d729433aa8e46e6e0d99826d', 'b656d6afbbe844d0a6626d0eb590643f', 'c4db76be7dd94f95b5213b885f919cba', null, '1', null);
INSERT INTO `aos_sys_module_user_nav` VALUES ('b4087f644bcb4d1899871967ce8aaefa', '3dddb80dc030499c936c2ede4eaa3ab4', 'c4db76be7dd94f95b5213b885f919cba', null, '1', null);
INSERT INTO `aos_sys_module_user_nav` VALUES ('b8e9c7e041d547168031186209197988', '52bfff4fb4fd41488d5f7c09991e997f', 'e470153e65ff4acf84ef6bba89290519', null, '1', null);
INSERT INTO `aos_sys_module_user_nav` VALUES ('baafea8c21f948059b950b9740e1af99', '52bfff4fb4fd41488d5f7c09991e997f', 'fa04db9dd2f54d61b0c8202a25de2dc6', null, '1', null);
INSERT INTO `aos_sys_module_user_nav` VALUES ('c0b448cb672c4c0caa7829f6f184d46f', '33baf8c9948b47cfa54cd8d7a5e1753d', 'fa04db9dd2f54d61b0c8202a25de2dc6', null, '1', null);
INSERT INTO `aos_sys_module_user_nav` VALUES ('c6dd25d7244b49ceb13297e3b0b20e06', '7a6d3674e5204937951d01544e18e3aa', 'fa04db9dd2f54d61b0c8202a25de2dc6', null, '1', null);
INSERT INTO `aos_sys_module_user_nav` VALUES ('c81c3c41339a4d3399911763ee9fa159', '2a4c060f44d944ea926fe44522ce7b39', 'c4db76be7dd94f95b5213b885f919cba', null, '1', null);
INSERT INTO `aos_sys_module_user_nav` VALUES ('ce0b78a3f86a4a498ed01846c82f5b6f', '75df10afbf5249f6939a4507e055f055', 'fa04db9dd2f54d61b0c8202a25de2dc6', null, '1', null);
INSERT INTO `aos_sys_module_user_nav` VALUES ('d64cc506351a4851b7b9244df3d68bfe', 'a4b0e8936806432181f60d53fc18e0a1', 'c4db76be7dd94f95b5213b885f919cba', null, '1', null);
INSERT INTO `aos_sys_module_user_nav` VALUES ('d84744efa4134ae4a3842d0363ee217b', '9a68cc97425344cda05e551ae5ae66cb', 'c4db76be7dd94f95b5213b885f919cba', null, '1', null);
INSERT INTO `aos_sys_module_user_nav` VALUES ('d91d8a7c77af40df8082b0fb1c4e9f59', '2a4c060f44d944ea926fe44522ce7b39', '5f6b500ffdf642349a1b46203c147ee0', null, '1', null);
INSERT INTO `aos_sys_module_user_nav` VALUES ('e073c08dc14f4bc19d253b6b67671180', 'dd2882255a2047c99e911ccd53d47bc5', 'fa04db9dd2f54d61b0c8202a25de2dc6', null, '1', null);
INSERT INTO `aos_sys_module_user_nav` VALUES ('e539a5ff42b545d6b4ca28766acccc71', '3b41af04060b414d85a05655b76801a3', 'c4db76be7dd94f95b5213b885f919cba', null, '1', null);
INSERT INTO `aos_sys_module_user_nav` VALUES ('e6a87cab16e1411891d6fdd57abc3cb0', '8472acca5a9e47348b7ab3d6ebf261b5', 'c4db76be7dd94f95b5213b885f919cba', null, '1', null);
INSERT INTO `aos_sys_module_user_nav` VALUES ('e8f49a48882847be946c3d94959364ad', '645419cf0e1c4ea6b3b8945e5338ad58', 'fa04db9dd2f54d61b0c8202a25de2dc6', null, '1', null);
INSERT INTO `aos_sys_module_user_nav` VALUES ('f1edd73234e44eada4400e2330cc797a', 'bd0a4ba6764d4d86883cfa7aa513315d', 'c4db76be7dd94f95b5213b885f919cba', null, '1', null);
INSERT INTO `aos_sys_module_user_nav` VALUES ('f5ef82d9920b4636950af8b2d04da3f8', '0b99e9d118b54ee084d9e74bd72cdd1c', 'fa04db9dd2f54d61b0c8202a25de2dc6', null, '1', null);
INSERT INTO `aos_sys_module_user_nav` VALUES ('f6424fa67d454ff6b53671d58834842c', '921b5164722d43698abf970a92c628d1', 'fa04db9dd2f54d61b0c8202a25de2dc6', null, '1', null);
INSERT INTO `aos_sys_module_user_nav` VALUES ('f948ea0c8b414f1a81015c8a68914949', '645419cf0e1c4ea6b3b8945e5338ad58', '5f6b500ffdf642349a1b46203c147ee0', null, '1', null);
INSERT INTO `aos_sys_module_user_nav` VALUES ('fa6d10cad0a54669be0add2df5c791bf', '7a6d3674e5204937951d01544e18e3aa', 'c4db76be7dd94f95b5213b885f919cba', null, '1', null);
INSERT INTO `aos_sys_module_user_nav` VALUES ('fb181460ba7e488a8ad3a92fa54d2518', '2dd9dac74b064ea98f063265b642526d', 'c4db76be7dd94f95b5213b885f919cba', null, '1', null);
INSERT INTO `aos_sys_module_user_nav` VALUES ('fb60d51c305144089ba35d7c168fde91', 'f405a849f27d4ddebf7f8a2dfbf30bea', 'fa04db9dd2f54d61b0c8202a25de2dc6', null, '1', null);
INSERT INTO `aos_sys_module_user_nav` VALUES ('fceaed23db6a429591f51abb7d215355', '65320b914c18453f9ca0a84d3f8a0a7b', 'c4db76be7dd94f95b5213b885f919cba', null, '1', null);
INSERT INTO `aos_sys_module_user_nav` VALUES ('fd6de83e1e2b4b4f911da9dd0fe1f023', '6b500915e65949639acbe8dd9b54adbc', 'fa04db9dd2f54d61b0c8202a25de2dc6', null, '1', null);

-- ----------------------------
-- Table structure for `aos_sys_page`
-- ----------------------------
DROP TABLE IF EXISTS `aos_sys_page`;
CREATE TABLE `aos_sys_page` (
  `id_` varchar(64) NOT NULL COMMENT '',
  `module_id_` varchar(64) NOT NULL COMMENT 'ID',
  `name_` varchar(255) DEFAULT NULL COMMENT '',
  `url_` varchar(255) DEFAULT NULL COMMENT 'URL',
  `type_` varchar(255) NOT NULL COMMENT '',
  `enabled_` varchar(255) NOT NULL COMMENT '',
  `is_default_` varchar(255) NOT NULL DEFAULT '0' COMMENT '',
  `icon_` varchar(255) DEFAULT NULL COMMENT '',
  `icon_big_` varchar(255) DEFAULT NULL COMMENT '',
  `vector_` varchar(255) DEFAULT NULL COMMENT '',
  `sort_no_` int(10) DEFAULT '0' COMMENT '',
  PRIMARY KEY (`id_`)
) ENGINE=InnoDB DEFAULT CHARSET=utf8 ROW_FORMAT=COMPACT COMMENT='';

-- ----------------------------
-- Records of aos_sys_page
-- ----------------------------
INSERT INTO `aos_sys_page` VALUES ('19041a2cb7264838b48288ce9b0b8e80', '1906d5a892654e2bb882851e0ea7322f', '[64X64]', 'initIconList.jhtml?type_=2', '2', '1', '0', 'picture.png', null, null, '2');
INSERT INTO `aos_sys_page` VALUES ('9e30077a6bb043cc8db8c8d4b5fa5c91', '1906d5a892654e2bb882851e0ea7322f', '[16X16]', 'initIconList.jhtml?type_=1', '2', '1', '1', 'pictures.png', null, null, '1');
INSERT INTO `aos_sys_page` VALUES ('bcb82c68976d4527a8f1c8bdbb8b4a04', '1906d5a892654e2bb882851e0ea7322f', '', 'initIconList.jhtml?type_=3', '2', '1', '0', 'vector.png', null, null, '4');
INSERT INTO `aos_sys_page` VALUES ('c47935773e9443dd9a6ceecb69982ac2', '4d3cfce7b9b146d2bc8482ec477517aa', '', 'initMyNav.jhtml', '2', '1', '0', 'org.png', '', '', '4');
INSERT INTO `aos_sys_page` VALUES ('c8548f73784d42989363712729a320e0', '1906d5a892654e2bb882851e0ea7322f', '', null, '4', '1', '0', null, null, null, '3');
INSERT INTO `aos_sys_page` VALUES ('cacc4fcdc5454f1ebab63b00e4bf56cc', '4d3cfce7b9b146d2bc8482ec477517aa', '', 'initMyInfo.jhtml', '2', '1', '1', 'icon_19.png', '', '', '1');
INSERT INTO `aos_sys_page` VALUES ('d45aefac856942d484441481cd142212', '4d3cfce7b9b146d2bc8482ec477517aa', '', '', '2', '1', '0', 'icon75.png', '', '', '6');
INSERT INTO `aos_sys_page` VALUES ('dd3d77605b824ca18357222128aebc5b', '4d3cfce7b9b146d2bc8482ec477517aa', '', null, '4', '1', '0', null, null, null, '5');

-- ----------------------------
-- Table structure for `aos_sys_param`
-- ----------------------------
DROP TABLE IF EXISTS `aos_sys_param`;
CREATE TABLE `aos_sys_param` (
  `id_` varchar(64) NOT NULL COMMENT '',
  `key_` varchar(255) NOT NULL COMMENT '',
  `value_` varchar(255) DEFAULT NULL COMMENT '',
  `catalog_id_` varchar(64) NOT NULL COMMENT '',
  `catalog_cascade_id_` varchar(255) NOT NULL COMMENT 'ID',
  `name_` varchar(255) NOT NULL COMMENT '',
  `is_overwrite_` varchar(255) NOT NULL COMMENT '',
  `overwrite_field_` varchar(255) DEFAULT NULL COMMENT '',
  `remark_` varchar(4000) DEFAULT NULL COMMENT '',
  PRIMARY KEY (`id_`),
  UNIQUE KEY `aos_sys_param_ukey` (`key_`)
) ENGINE=InnoDB DEFAULT CHARSET=utf8 ROW_FORMAT=COMPACT COMMENT='';

-- ----------------------------
-- Records of aos_sys_param
-- ----------------------------
INSERT INTO `aos_sys_param` VALUES ('0dabca413781404b9cbfaae3881fc5a6', 'app_ico', '/static/icon/ico/aos2.ico', 'f22f39171b484d81a604d3eb50b33584', '0.001.002.002', '', '0', null, '');
INSERT INTO `aos_sys_param` VALUES ('19ad8d57d72b4ecf98ad133ebb6492bd', 'page_load_gif_', 'wheel.gif', 'f22f39171b484d81a604d3eb50b33584', '0.001.002.002', '', '0', '', 'run.gifwheel.gifpath/static/image/gif/pageload');
INSERT INTO `aos_sys_param` VALUES ('1bd1c0a5849d4a30b3f1eb2761b2865d', 'show_login_win_head_', 'true', 'f22f39171b484d81a604d3eb50b33584', '0.001.002.002', '', '0', '', '(Ext)falsetrue|false');
INSERT INTO `aos_sys_param` VALUES ('1cc1a1bee27f44389e7e64a89d9ccc76', 'msgtarget_', 'qtip', 'f22f39171b484d81a604d3eb50b33584', '0.001.002.002', '', '0', null, ' (1)qtip (2)title title (3)under div(4)side ');
INSERT INTO `aos_sys_param` VALUES ('1f2adf3aa726447e9728a3f67b718b41', 'vercode_show_', '0', '6f94ef4ac17d4d098f91f0a4579f8591', '0.001.002.001', '', '0', '', '0() | 1()');
INSERT INTO `aos_sys_param` VALUES ('2e45751d623f48389e12bfb7c3891597', 'treenode_cursor_', 'pointer', 'f22f39171b484d81a604d3eb50b33584', '0.001.002.002', '', '0', '', 'pointerCsscursordefault | pointer | auto');
INSERT INTO `aos_sys_param` VALUES ('376a372433634af4b6d2d558f1959f5b', 'role_grant_mode_', '1', '01afa7f4bb4d4189a4817ade7b5c1b8d', '0.001.002.003', '', '0', null, '()1|212');
INSERT INTO `aos_sys_param` VALUES ('3ff54d336e57461d8cd708a8bad8bc36', 'combobox_emptytext', '...', 'f22f39171b484d81a604d3eb50b33584', '0.001.002.002', '', '0', null, null);
INSERT INTO `aos_sys_param` VALUES ('43fb125bed224cbbaf2390df1041c3b0', 'dev_account_', 'root', '01afa7f4bb4d4189a4817ade7b5c1b8d', '0.001.002.003', '', '0', '', '');
INSERT INTO `aos_sys_param` VALUES ('47bd798e93314882af7244ba1ae9fbc8', 'vercode_characters_', 'abcdetx2345678', '6f94ef4ac17d4d098f91f0a4579f8591', '0.001.002.001', '', '0', '', '');
INSERT INTO `aos_sys_param` VALUES ('53267cbf8e9f4fc490798054fbe85c7e', 'copyright_', '2016 Realaicy', '4018f65de18043c899b5e21ce7328df7', '0.001.002', '', '0', '', '');
INSERT INTO `aos_sys_param` VALUES ('58099059c3004213ae0977d4ed5551f5', 'prevent_rightclick_', 'false', '01afa7f4bb4d4189a4817ade7b5c1b8d', '0.001.002.003', '', '0', null, 'true|falsetrue');
INSERT INTO `aos_sys_param` VALUES ('6032c7e953994a718f6072c956906538', 'app_title_', '', '4018f65de18043c899b5e21ce7328df7', '0.001.002', '', '0', '', '');
INSERT INTO `aos_sys_param` VALUES ('714d370fa7f54b01ae9a006806c60135', 'is_show_top_nav_', 'true', 'a072411787f545edb7e7c3c23fa6c0ff', '0.001.002.004', '', '1', 'is_show_top_nav_', '(1,2)true| false');
INSERT INTO `aos_sys_param` VALUES ('7290d8299cba41dc9e23323a0db22a95', 'json_format', '1', 'f22f39171b484d81a604d3eb50b33584', '0.001.002.002', 'JSON', '0', '', ' json01');
INSERT INTO `aos_sys_param` VALUES ('74d65234606c4f448eb06d6a07a6c138', 'user_head_catalog_id_', '613', '01afa7f4bb4d4189a4817ade7b5c1b8d', '0.001.002.003', 'ID', '0', null, 'IDID');
INSERT INTO `aos_sys_param` VALUES ('757f555c0d734539baa70e8a1788cc62', 'is_show_statusbar_', 'true', 'f22f39171b484d81a604d3eb50b33584', '0.001.002.002', '', '0', '', 'true|false');
INSERT INTO `aos_sys_param` VALUES ('7882ac5560ef4a04993279dfc24b6f23', 'user_obj_del_mode_', 'update', '01afa7f4bb4d4189a4817ade7b5c1b8d', '0.001.002.003', '', '0', null, 'deleteupdate');
INSERT INTO `aos_sys_param` VALUES ('7bc3899d2fc24e4b804e6f763c3d6b36', 'dev_account_login_', '1', '01afa7f4bb4d4189a4817ade7b5c1b8d', '0.001.002.003', '', '0', null, ',[]1 | 0');
INSERT INTO `aos_sys_param` VALUES ('7e4d320f454843739f40476dcbcdc91a', 'run_mode_', '0', '01afa7f4bb4d4189a4817ade7b5c1b8d', '0.001.002.003', '', '0', '', '012');
INSERT INTO `aos_sys_param` VALUES ('873c2cb1dde54b308211e8a2bc6edbb5', 'theme_', 'classic', 'f22f39171b484d81a604d3eb50b33584', '0.001.002.002', '', '1', 'theme_', 'classicclassic');
INSERT INTO `aos_sys_param` VALUES ('9cb03933f61e4c68a58e50873ac38fbd', 'page_load_msg_', ', ...', 'f22f39171b484d81a604d3eb50b33584', '0.001.002.002', '', '0', null, null);
INSERT INTO `aos_sys_param` VALUES ('a19b559ab8804f5887867df4151ad631', 'page_size_', '50', 'f22f39171b484d81a604d3eb50b33584', '0.001.002.002', '', '0', null, 'JSP');
INSERT INTO `aos_sys_param` VALUES ('a1ad9c90f524467180bceecd1f02b8b8', 'nav_mode_', '1', 'a072411787f545edb7e7c3c23fa6c0ff', '0.001.002.004', '', '1', 'nav_mode_', '12(2)');
INSERT INTO `aos_sys_param` VALUES ('a843396066db4e77a7b9ed7ae4cdda37', 'login_page_', 'login.ext.jsp', '01afa7f4bb4d4189a4817ade7b5c1b8d', '0.001.002.003', '', '0', '', 'Ext');
INSERT INTO `aos_sys_param` VALUES ('ad9cb685144c4e36b19b31e53190221a', 'skin_', 'blue', 'f22f39171b484d81a604d3eb50b33584', '0.001.002.002', '', '1', 'skin_', 'blue|gray|neptune|aosblue');
INSERT INTO `aos_sys_param` VALUES ('b07b8e2cc1284d14b9e680a5cac0722a', 'app_name_', '', '4018f65de18043c899b5e21ce7328df7', '0.001.002', '', '0', '', '');
INSERT INTO `aos_sys_param` VALUES ('be82f58309a24ee397d3a24631e48405', 'vercode_length_', '4', '6f94ef4ac17d4d098f91f0a4579f8591', '0.001.002.001', '', '0', '', '');
INSERT INTO `aos_sys_param` VALUES ('bf26e19236654718a6aa369f3e4b4bf7', 'coder_project_rootpath_', '0', '01afa7f4bb4d4189a4817ade7b5c1b8d', '0.001.002.003', '', '0', '', '0');
INSERT INTO `aos_sys_param` VALUES ('c744b99660c74302b7a3ae5834a7b6eb', 'grid_column_algin_', 'left', 'f22f39171b484d81a604d3eb50b33584', '0.001.002.002', '', '0', '', 'left|center|right');
INSERT INTO `aos_sys_param` VALUES ('d2a8d045aa7e44ef93f0735a4c486bc6', 'nav_tab_index_', '0', 'a072411787f545edb7e7c3c23fa6c0ff', '0.001.002.004', '', '1', 'nav_tab_index_', '0');
INSERT INTO `aos_sys_param` VALUES ('d3b33d5dee5b46738f9525b8977d7673', 'login_back_img_', '-1', 'f22f39171b484d81a604d3eb50b33584', '0.001.002.002', '', '0', '', '0.jpg1.jpg2.jpg-1');
INSERT INTO `aos_sys_param` VALUES ('eeb66260a2c141b2a0bb06bb41d7803b', 'navbar_btn_style_', 'tight', 'a072411787f545edb7e7c3c23fa6c0ff', '0.001.002.004', '', '1', 'navbar_btn_style_', 'tightstandalone');
INSERT INTO `aos_sys_param` VALUES ('f18649a182a946a693b36f817374cb1c', 'welcome_page_title_', '', 'f22f39171b484d81a604d3eb50b33584', '0.001.002.002', '', '0', null, 'Tab\"\"');
INSERT INTO `aos_sys_param` VALUES ('fcf73fa9129649a08ebb41e1ec8b5340', 'layout_', 'tab', 'f22f39171b484d81a604d3eb50b33584', '0.001.002.002', 'Center', '1', 'layout_', '(center)tab|pagetabtabpage1');
INSERT INTO `aos_sys_param` VALUES ('fdd95913b7e54e3ca6be9557484159f5', 'tab_focus_color_', '#0099FF', 'f22f39171b484d81a604d3eb50b33584', '0.001.002.002', 'Tab', '1', 'tab_focus_color_', 'Tab');

-- ----------------------------
-- Table structure for `jc_common_tree`
-- ----------------------------
DROP TABLE IF EXISTS `jc_common_tree`;
CREATE TABLE `jc_common_tree` (
  `id` bigint(64) unsigned NOT NULL AUTO_INCREMENT COMMENT '',
  `RES_TYPE` smallint(255) unsigned NOT NULL DEFAULT '1' COMMENT '',
  `CASCADE_ID` varchar(255) NOT NULL COMMENT 'ID',
  `PID` bigint(64) unsigned DEFAULT NULL COMMENT '',
  `NAME` varchar(255) NOT NULL COMMENT '',
  `URI` varchar(512) DEFAULT NULL COMMENT 'URLmo',
  `HOTKEY` varchar(255) DEFAULT NULL COMMENT '',
  `RES_ICON` varchar(255) DEFAULT '0' COMMENT '',
  `RES_WEIGHT` int(10) unsigned DEFAULT '0' COMMENT '',
  `IS_SHOW` bit(1) DEFAULT NULL,
  `IS_FOLDER` varchar(255) DEFAULT '1' COMMENT '',
  `IS_AUTO_EXPAND` varchar(255) DEFAULT '0' COMMENT '',
  `STATUS` smallint(255) DEFAULT '1' COMMENT '',
  `IDENTITY` varchar(255) DEFAULT NULL COMMENT '',
  `CREATETIME` datetime NOT NULL COMMENT '',
  `CREATERID` bigint(64) unsigned NOT NULL COMMENT 'ID',
  `UPDATETIME` datetime NOT NULL,
  `UPDATERID` bigint(64) unsigned NOT NULL,
  `CUSTOM_CODE` varchar(4000) DEFAULT NULL COMMENT '',
  PRIMARY KEY (`id`)
) ENGINE=InnoDB AUTO_INCREMENT=18 DEFAULT CHARSET=utf8 ROW_FORMAT=COMPACT COMMENT='';

-- ----------------------------
-- Records of jc_common_tree
-- ----------------------------
INSERT INTO `jc_common_tree` VALUES ('1', '1', '1', '0', '', null, null, null, null, '', '1', '1', '1', '', '2016-07-07 10:34:50', '1', '2016-07-07 10:34:50', '1', '');
INSERT INTO `jc_common_tree` VALUES ('2', '1', '1.001', '1', 'SOP', null, null, null, '1000', '', '1', '1', '1', '', '2016-07-07 10:45:23', '1', '2016-07-07 10:45:23', '1', '');
INSERT INTO `jc_common_tree` VALUES ('3', '1', '1.002', '1', '', null, null, null, '3000', '', '1', '1', '1', '', '2016-07-07 14:24:05', '1', '2016-07-07 14:24:05', '1', '');
INSERT INTO `jc_common_tree` VALUES ('4', '1', '1.003', '1', '', null, null, '0', '2000', '', '1', '1', '1', null, '2016-07-19 15:52:21', '1', '2016-07-19 15:52:26', '1', null);
INSERT INTO `jc_common_tree` VALUES ('5', '1', '1.004', '1', '', '', '', '0', '4000', '', '1', '1', '1', '', '2016-07-19 15:55:06', '1', '2016-07-19 15:55:13', '1', '');
INSERT INTO `jc_common_tree` VALUES ('6', '1', '1.002.0000001', '3', 'Real_1', null, null, '0', '1000', '', '0', '0', '1', 'test', '2016-07-19 15:56:23', '1', '2016-07-19 15:56:25', '1', null);
INSERT INTO `jc_common_tree` VALUES ('7', '1', '1.002.0000002', '3', 'Real_Tue Jul 19 16:00:53 CST 2016', null, null, null, '3000', '', '0', '0', '1', 'test', '2016-07-19 16:00:53', '3', '2016-07-19 16:00:53', '3', '');
INSERT INTO `jc_common_tree` VALUES ('8', '1', '1.002.0000003', '3', 'Real_Tue Jul 19 16:01:06 CST 2016', null, null, null, '2000', '', '0', '0', '1', 'test', '2016-07-19 16:01:06', '3', '2016-07-19 16:01:06', '3', '');
INSERT INTO `jc_common_tree` VALUES ('9', '1', '1.005', '1', '111111', null, null, '0', '999', '', '1', '0', '1', null, '2016-07-19 16:32:18', '1', '2016-07-19 16:32:21', '1', null);
INSERT INTO `jc_common_tree` VALUES ('10', '1', '1.005.001', '9', '2', null, null, null, '1000', '', '1', '1', '1', '', '2016-07-19 16:35:35', '9', '2016-07-19 16:35:35', '9', '');
INSERT INTO `jc_common_tree` VALUES ('11', '1', '1.005.001.001', '10', '3', null, null, null, '1000', '', '1', '1', '1', '', '2016-07-19 16:37:25', '10', '2016-07-19 16:37:25', '10', '');
INSERT INTO `jc_common_tree` VALUES ('12', '1', '1.005.001.001.001', '11', '4', null, null, null, '1000', '', '1', '1', '1', '', '2016-07-19 16:39:44', '11', '2016-07-19 16:39:44', '11', '');
INSERT INTO `jc_common_tree` VALUES ('13', '1', '1.005.001.001.001.0000001', '12', '1', null, null, null, '1000', '', '0', '1', '1', '', '2016-07-19 16:50:52', '12', '2016-07-19 16:50:52', '12', '');
INSERT INTO `jc_common_tree` VALUES ('14', '1', '1.005.001.001.001.0000001', '10', '3_002', null, null, null, '1000', '', '1', '1', '1', '', '2016-07-20 01:08:00', '1', '2016-07-20 01:08:00', '1', '');
INSERT INTO `jc_common_tree` VALUES ('15', '1', '1.005.001.001.001.0000001', '10', '3_003', null, null, null, '1000', '', '1', '1', '1', '', '2016-07-20 01:13:42', '1', '2016-07-20 01:13:42', '1', '');
INSERT INTO `jc_common_tree` VALUES ('16', '1', '1.005.001.001.001.0000001', '12', '5', null, null, null, '1000', '', '1', '1', '1', '', '2016-07-20 01:14:02', '1', '2016-07-20 01:14:02', '1', '');
INSERT INTO `jc_common_tree` VALUES ('17', '1', '0', '0', '', null, null, '0', '0', null, '1', '0', '1', null, '2016-07-19 16:14:19', '1', '2016-07-19 16:14:21', '1', null);

-- ----------------------------
-- Table structure for `jc_m_audit_checkdoc`
-- ----------------------------
DROP TABLE IF EXISTS `jc_m_audit_checkdoc`;
CREATE TABLE `jc_m_audit_checkdoc` (
  `ID` bigint(64) unsigned NOT NULL AUTO_INCREMENT COMMENT ' ',
  `F_DELETED` bit(1) DEFAULT b'0',
  `NAME` varchar(255) NOT NULL COMMENT '',
  `CREATETIME` timestamp NULL DEFAULT CURRENT_TIMESTAMP ON UPDATE CURRENT_TIMESTAMP COMMENT '',
  `CREATERID` bigint(64) DEFAULT NULL COMMENT 'ID',
  `UPDATETIME` datetime DEFAULT NULL,
  `UPDATERID` bigint(64) DEFAULT NULL,
  `ORGID` bigint(64) DEFAULT NULL,
  `CUSTOM_CODE` varchar(4000) DEFAULT NULL,
  `STATUS` tinyint(255) DEFAULT NULL,
  `TYPE` bigint(64) DEFAULT NULL,
  PRIMARY KEY (`ID`)
) ENGINE=InnoDB AUTO_INCREMENT=16 DEFAULT CHARSET=utf8 ROW_FORMAT=COMPACT COMMENT='';

-- ----------------------------
-- Records of jc_m_audit_checkdoc
-- ----------------------------
INSERT INTO `jc_m_audit_checkdoc` VALUES ('1', '', '', '2016-10-26 15:55:48', null, null, null, null, null, null, null);
INSERT INTO `jc_m_audit_checkdoc` VALUES ('2', '', '', '2016-10-26 15:58:23', null, null, null, null, null, null, null);
INSERT INTO `jc_m_audit_checkdoc` VALUES ('3', '', '', '2016-10-26 15:58:48', null, null, null, null, null, null, null);
INSERT INTO `jc_m_audit_checkdoc` VALUES ('4', '', '', '2016-10-26 15:59:43', null, null, null, null, null, null, null);
INSERT INTO `jc_m_audit_checkdoc` VALUES ('5', '', '', '2016-10-26 15:59:51', null, null, null, null, null, null, null);
INSERT INTO `jc_m_audit_checkdoc` VALUES ('6', '', 'CRF', '2016-10-26 16:00:17', null, null, null, null, null, null, null);
INSERT INTO `jc_m_audit_checkdoc` VALUES ('7', '', '', '2016-10-26 16:00:27', null, null, null, null, null, null, null);
INSERT INTO `jc_m_audit_checkdoc` VALUES ('8', '', '', '2016-10-26 16:00:36', null, null, null, null, null, null, null);
INSERT INTO `jc_m_audit_checkdoc` VALUES ('9', '', '', '2016-10-26 16:00:42', null, null, null, null, null, null, null);
INSERT INTO `jc_m_audit_checkdoc` VALUES ('10', '', '', '2016-10-26 16:00:52', null, null, null, null, null, null, null);
INSERT INTO `jc_m_audit_checkdoc` VALUES ('11', '', '', '2016-10-26 16:01:09', null, null, null, null, null, null, null);
INSERT INTO `jc_m_audit_checkdoc` VALUES ('12', '', '', '2016-10-26 16:02:38', null, null, null, null, null, null, null);
INSERT INTO `jc_m_audit_checkdoc` VALUES ('13', '', '', '2016-10-26 16:03:17', null, null, null, null, null, null, null);
INSERT INTO `jc_m_audit_checkdoc` VALUES ('14', '', '', '2016-10-26 16:03:40', null, null, null, null, null, null, null);
INSERT INTO `jc_m_audit_checkdoc` VALUES ('15', '', '/', '2016-10-26 16:03:55', null, null, null, null, null, null, null);

-- ----------------------------
-- Table structure for `jc_m_audit_checkitem`
-- ----------------------------
DROP TABLE IF EXISTS `jc_m_audit_checkitem`;
CREATE TABLE `jc_m_audit_checkitem` (
  `id` bigint(64) unsigned NOT NULL AUTO_INCREMENT COMMENT '',
  `RES_TYPE` smallint(255) unsigned NOT NULL DEFAULT '1' COMMENT '',
  `CASCADE_ID` varchar(255) NOT NULL COMMENT 'ID',
  `PID` bigint(64) unsigned DEFAULT NULL COMMENT '',
  `RES_WEIGHT` int(10) unsigned DEFAULT '1000' COMMENT '',
  `NAME` varchar(255) NOT NULL COMMENT '',
  `HOTKEY` varchar(255) DEFAULT NULL COMMENT '',
  `RES_ICON` varchar(255) DEFAULT '0' COMMENT '',
  `IS_SHOW` bit(1) DEFAULT NULL,
  `ORGID` bigint(64) DEFAULT NULL,
  `IS_FOLDER` bit(1) DEFAULT b'1' COMMENT '',
  `IS_AUTO_EXPAND` bit(1) DEFAULT b'0' COMMENT '',
  `STATUS` smallint(255) DEFAULT '1' COMMENT '',
  `IDENTITY` varchar(255) DEFAULT NULL COMMENT '',
  `CREATETIME` datetime NOT NULL DEFAULT CURRENT_TIMESTAMP COMMENT '',
  `CREATERID` bigint(64) unsigned NOT NULL COMMENT 'ID',
  `UPDATETIME` datetime NOT NULL DEFAULT CURRENT_TIMESTAMP,
  `UPDATERID` bigint(64) unsigned NOT NULL,
  `CUSTOM_CODE` varchar(4000) DEFAULT NULL COMMENT '',
  `F_DELETED` bit(1) DEFAULT b'0',
  `RES_ICON_EXT` varchar(255) DEFAULT NULL,
  PRIMARY KEY (`id`),
  KEY `PID` (`PID`)
) ENGINE=InnoDB AUTO_INCREMENT=235 DEFAULT CHARSET=utf8 ROW_FORMAT=COMPACT COMMENT='';

-- ----------------------------
-- Records of jc_m_audit_checkitem
-- ----------------------------
INSERT INTO `jc_m_audit_checkitem` VALUES ('1', '1', '0', '1', '100', '', null, '0', null, null, '', '', '1', null, '2016-10-25 14:26:10', '0', '2016-10-25 14:26:10', '0', null, '', null);
INSERT INTO `jc_m_audit_checkitem` VALUES ('2', '1', '1', '1', '100', 'ROOT', null, '0', null, null, '', '', '1', null, '2016-10-25 14:26:46', '0', '2016-10-25 14:26:46', '0', null, '', null);
INSERT INTO `jc_m_audit_checkitem` VALUES ('3', '1', '1.001', '2', '100', '', null, '0', null, null, '', '', '1', null, '2016-10-25 14:28:47', '0', '2016-10-25 14:28:47', '0', null, '', null);
INSERT INTO `jc_m_audit_checkitem` VALUES ('4', '1', '1.001.001', '3', '100', '', null, '0', null, null, '', '', '1', null, '2016-10-25 14:29:33', '0', '2016-10-25 14:29:33', '0', null, '', null);
INSERT INTO `jc_m_audit_checkitem` VALUES ('5', '2', '1.001.001.0001', '4', '100', '', null, '0', null, null, '', '', '1', null, '2016-10-25 14:30:52', '0', '2016-10-25 14:30:52', '0', null, '', null);
INSERT INTO `jc_m_audit_checkitem` VALUES ('7', '3', '1.001.001.0001.0001', '5', '100', '', null, '0', null, null, '', '', '1', null, '2016-10-25 14:36:02', '0', '2016-10-26 11:21:22', '6', null, '', null);
INSERT INTO `jc_m_audit_checkitem` VALUES ('8', '3', '1.001.001.0001.0002', '5', '200', '', null, '0', null, null, '', '', '1', null, '2016-10-25 14:36:02', '0', '2016-10-25 14:36:02', '0', null, '', null);
INSERT INTO `jc_m_audit_checkitem` VALUES ('9', '3', '1.001.001.0001.0003', '5', '300', '', null, '0', null, null, '', '', '1', null, '2016-10-25 14:36:02', '0', '2016-10-25 14:36:02', '0', null, '', null);
INSERT INTO `jc_m_audit_checkitem` VALUES ('10', '3', '1.001.001.0001.0004', '5', '400', '', null, '0', null, null, '', '', '1', null, '2016-10-25 14:36:02', '0', '2016-10-25 14:36:02', '0', null, '', null);
INSERT INTO `jc_m_audit_checkitem` VALUES ('11', '3', '1.001.001.0001.0005', '5', '500', '', null, '0', null, null, '', '', '1', null, '2016-10-25 14:36:02', '0', '2016-10-25 14:36:02', '0', null, '', null);
INSERT INTO `jc_m_audit_checkitem` VALUES ('12', '2', '1.001.001.0002', '4', '200', '', null, '0', null, null, '', '', '1', null, '2016-10-25 14:36:02', '0', '2016-10-25 14:36:02', '0', null, '', null);
INSERT INTO `jc_m_audit_checkitem` VALUES ('13', '3', '1.001.001.0002.0001', '12', '100', '', null, '0', null, null, '', '', '1', null, '2016-10-25 14:36:02', '0', '2016-10-25 14:36:02', '0', null, '', null);
INSERT INTO `jc_m_audit_checkitem` VALUES ('14', '3', '1.001.001.0002.0002', '12', '200', '', null, '0', null, null, '', '', '1', null, '2016-10-25 14:36:02', '0', '2016-10-25 14:36:02', '0', null, '', null);
INSERT INTO `jc_m_audit_checkitem` VALUES ('15', '3', '1.001.001.0002.0003', '12', '300', 'CRF', null, '0', null, null, '', '', '1', null, '2016-10-25 14:36:02', '0', '2016-10-25 14:36:02', '0', null, '', null);
INSERT INTO `jc_m_audit_checkitem` VALUES ('16', '3', '1.001.001.0002.0004', '12', '400', 'CRF', null, '0', null, null, '', '', '1', null, '2016-10-25 14:36:02', '0', '2016-10-25 14:36:02', '0', null, '', null);
INSERT INTO `jc_m_audit_checkitem` VALUES ('17', '3', '1.001.001.0002.0005', '12', '500', 'CRF(AE)//', null, '0', null, null, '', '', '1', null, '2016-10-25 14:36:02', '0', '2016-10-25 14:36:02', '0', null, '', null);
INSERT INTO `jc_m_audit_checkitem` VALUES ('18', '2', '1.001.001.0003', '4', '300', '', null, '0', null, null, '', '', '1', null, '2016-10-25 14:36:02', '0', '2016-10-25 14:36:02', '0', null, '', null);
INSERT INTO `jc_m_audit_checkitem` VALUES ('19', '3', '1.001.001.0003.0001', '18', '100', '', null, '0', null, null, '', '', '1', null, '2016-10-25 14:36:02', '0', '2016-10-25 14:36:02', '0', null, '', null);
INSERT INTO `jc_m_audit_checkitem` VALUES ('20', '3', '1.001.001.0003.0002', '18', '200', 'CRF', null, '0', null, null, '', '', '1', null, '2016-10-25 14:36:02', '0', '2016-10-25 14:36:02', '0', null, '', null);
INSERT INTO `jc_m_audit_checkitem` VALUES ('21', '3', '1.001.001.0003.0003', '18', '300', '', null, '0', null, null, '', '', '1', null, '2016-10-25 14:36:02', '0', '2016-10-25 14:36:02', '0', null, '', null);
INSERT INTO `jc_m_audit_checkitem` VALUES ('22', '2', '1.001.001.0004', '4', '400', 'SAE', null, '0', null, null, '', '', '1', null, '2016-10-25 14:36:02', '0', '2016-10-25 14:36:02', '0', null, '', null);
INSERT INTO `jc_m_audit_checkitem` VALUES ('23', '3', '1.001.001.0004.0001', '22', '100', 'CRF/', null, '0', null, null, '', '', '1', null, '2016-10-25 14:36:02', '0', '2016-10-25 14:36:02', '0', null, '', null);
INSERT INTO `jc_m_audit_checkitem` VALUES ('24', '3', '1.001.001.0004.0002', '22', '200', 'CRF/', null, '0', null, null, '', '', '1', null, '2016-10-25 14:36:02', '0', '2016-10-25 14:36:02', '0', null, '', null);
INSERT INTO `jc_m_audit_checkitem` VALUES ('25', '3', '1.001.001.0004.0003', '22', '300', 'CRFSAE/', null, '0', null, null, '', '', '1', null, '2016-10-25 14:36:02', '0', '2016-10-25 14:36:02', '0', null, '', null);
INSERT INTO `jc_m_audit_checkitem` VALUES ('26', '2', '1.001.001.0005', '4', '500', '', null, '0', null, null, '', '', '1', null, '2016-10-25 14:36:02', '0', '2016-10-25 14:36:02', '0', null, '', null);
INSERT INTO `jc_m_audit_checkitem` VALUES ('27', '3', '1.001.001.0005.0001', '26', '100', '', null, '0', null, null, '', '', '1', null, '2016-10-25 14:36:02', '0', '2016-10-25 14:36:02', '0', null, '', null);
INSERT INTO `jc_m_audit_checkitem` VALUES ('28', '3', '1.001.001.0005.0002', '26', '200', 'CRF', null, '0', null, null, '', '', '1', null, '2016-10-25 14:36:02', '0', '2016-10-25 14:36:02', '0', null, '', null);
INSERT INTO `jc_m_audit_checkitem` VALUES ('29', '2', '1.001.001.0006', '4', '600', '', null, '0', null, null, '', '', '1', null, '2016-10-25 14:36:02', '0', '2016-10-25 14:36:02', '0', null, '', null);
INSERT INTO `jc_m_audit_checkitem` VALUES ('30', '3', '1.001.001.0006.0001', '29', '100', '', null, '0', null, null, '', '', '1', null, '2016-10-25 14:36:02', '0', '2016-10-25 14:36:02', '0', null, '', null);
INSERT INTO `jc_m_audit_checkitem` VALUES ('31', '3', '1.001.001.0006.0002', '29', '200', '', null, '0', null, null, '', '', '1', null, '2016-10-25 14:36:02', '0', '2016-10-25 14:36:02', '0', null, '', null);
INSERT INTO `jc_m_audit_checkitem` VALUES ('32', '3', '1.001.001.0006.0003', '29', '300', 'CRF', null, '0', null, null, '', '', '1', null, '2016-10-25 14:36:02', '0', '2016-10-25 14:36:02', '0', null, '', null);
INSERT INTO `jc_m_audit_checkitem` VALUES ('33', '3', '1.001.001.0006.0004', '29', '400', '', null, '0', null, null, '', '', '1', null, '2016-10-25 14:36:02', '0', '2016-10-25 14:36:02', '0', null, '', null);
INSERT INTO `jc_m_audit_checkitem` VALUES ('34', '3', '1.001.001.0006.0005', '29', '500', '', null, '0', null, null, '', '', '1', null, '2016-10-25 14:36:02', '0', '2016-10-25 14:36:02', '0', null, '', null);
INSERT INTO `jc_m_audit_checkitem` VALUES ('35', '2', '1.001.001.0007', '4', '700', '', null, '0', null, null, '', '', '1', null, '2016-10-25 14:36:02', '0', '2016-10-25 14:36:02', '0', null, '', null);
INSERT INTO `jc_m_audit_checkitem` VALUES ('36', '3', '1.001.001.0007.0001', '35', '100', '', null, '0', null, null, '', '', '1', null, '2016-10-25 14:36:02', '0', '2016-10-25 14:36:02', '0', null, '', null);
INSERT INTO `jc_m_audit_checkitem` VALUES ('37', '3', '1.001.001.0007.0002', '35', '200', '//', null, '0', null, null, '', '', '1', null, '2016-10-25 14:36:02', '0', '2016-10-25 14:36:02', '0', null, '', null);
INSERT INTO `jc_m_audit_checkitem` VALUES ('38', '3', '1.001.001.0007.0003', '35', '300', '', null, '0', null, null, '', '', '1', null, '2016-10-25 14:36:02', '0', '2016-10-25 14:36:02', '0', null, '', null);
INSERT INTO `jc_m_audit_checkitem` VALUES ('39', '3', '1.001.001.0007.0004', '35', '400', '/UPS', null, '0', null, null, '', '', '1', null, '2016-10-25 14:36:02', '0', '2016-10-25 14:36:02', '0', null, '', null);
INSERT INTO `jc_m_audit_checkitem` VALUES ('40', '3', '1.001.001.0007.0005', '35', '500', '', null, '0', null, null, '', '', '1', null, '2016-10-25 14:36:02', '0', '2016-10-25 14:36:02', '0', null, '', null);
INSERT INTO `jc_m_audit_checkitem` VALUES ('41', '3', '1.001.001.0007.0006', '35', '600', '2-8', null, '0', null, null, '', '', '1', null, '2016-10-25 14:36:02', '0', '2016-10-25 14:36:02', '0', null, '', null);
INSERT INTO `jc_m_audit_checkitem` VALUES ('42', '3', '1.001.001.0007.0007', '35', '700', '/20', null, '0', null, null, '', '', '1', null, '2016-10-25 14:36:02', '0', '2016-10-25 14:36:02', '0', null, '', null);
INSERT INTO `jc_m_audit_checkitem` VALUES ('43', '3', '1.001.001.0007.0008', '35', '800', '/24', null, '0', null, null, '', '', '1', null, '2016-10-25 14:36:02', '0', '2016-10-25 14:36:02', '0', null, '', null);
INSERT INTO `jc_m_audit_checkitem` VALUES ('44', '2', '1.001.001.0008', '4', '800', '', null, '0', null, null, '', '', '1', null, '2016-10-25 14:36:02', '0', '2016-10-25 14:36:02', '0', null, '', null);
INSERT INTO `jc_m_audit_checkitem` VALUES ('45', '3', '1.001.001.0008.0001', '44', '100', 'GCP5', null, '0', null, null, '', '', '1', null, '2016-10-25 14:36:02', '0', '2016-10-25 14:36:02', '0', null, '', null);
INSERT INTO `jc_m_audit_checkitem` VALUES ('46', '3', '1.001.001.0008.0002', '44', '200', '', null, '0', null, null, '', '', '1', null, '2016-10-25 14:36:02', '0', '2016-10-25 14:36:02', '0', null, '', null);
INSERT INTO `jc_m_audit_checkitem` VALUES ('47', '3', '1.001.001.0008.0003', '44', '300', '', null, '0', null, null, '', '', '1', null, '2016-10-25 14:36:02', '0', '2016-10-25 14:36:02', '0', null, '', null);
INSERT INTO `jc_m_audit_checkitem` VALUES ('48', '3', '1.001.001.0008.0004', '44', '400', '', null, '0', null, null, '', '', '1', null, '2016-10-25 14:36:02', '0', '2016-10-25 14:36:02', '0', null, '', null);
INSERT INTO `jc_m_audit_checkitem` VALUES ('49', '3', '1.001.001.0008.0005', '44', '500', 'PI', null, '0', null, null, '', '', '1', null, '2016-10-25 14:36:02', '0', '2016-10-25 14:36:02', '0', null, '', null);
INSERT INTO `jc_m_audit_checkitem` VALUES ('50', '3', '1.001.001.0008.0006', '44', '600', '', null, '0', null, null, '', '', '1', null, '2016-10-25 14:36:02', '0', '2016-10-25 14:36:02', '0', null, '', null);
INSERT INTO `jc_m_audit_checkitem` VALUES ('51', '2', '1.001.001.0009', '4', '900', '', null, '0', null, null, '', '', '1', null, '2016-10-25 14:36:02', '0', '2016-10-25 14:36:02', '0', null, '', null);
INSERT INTO `jc_m_audit_checkitem` VALUES ('52', '3', '1.001.001.0009.0001', '51', '100', 'SOP', null, '0', null, null, '', '', '1', null, '2016-10-25 14:36:02', '0', '2016-10-25 14:36:02', '0', null, '', null);
INSERT INTO `jc_m_audit_checkitem` VALUES ('53', '2', '1.001.001.0010', '4', '1000', '', null, '0', null, null, '', '', '1', null, '2016-10-25 14:36:02', '0', '2016-10-25 14:36:02', '0', null, '', null);
INSERT INTO `jc_m_audit_checkitem` VALUES ('54', '3', '1.001.001.0010.0001', '53', '100', ' /', null, '0', null, null, '', '', '1', null, '2016-10-25 14:36:02', '0', '2016-10-25 14:36:02', '0', null, '', null);
INSERT INTO `jc_m_audit_checkitem` VALUES ('55', '3', '1.001.001.0010.0002', '53', '200', 'cFDA', null, '0', null, null, '', '', '1', null, '2016-10-25 14:36:02', '0', '2016-10-25 14:36:02', '0', null, '', null);
INSERT INTO `jc_m_audit_checkitem` VALUES ('56', '3', '1.001.001.0010.0003', '53', '300', 'GMP', null, '0', null, null, '', '', '1', null, '2016-10-25 14:36:02', '0', '2016-10-25 14:36:02', '0', null, '', null);
INSERT INTO `jc_m_audit_checkitem` VALUES ('57', '3', '1.001.001.0010.0004', '53', '400', '', null, '0', null, null, '', '', '1', null, '2016-10-25 14:36:02', '0', '2016-10-25 14:36:02', '0', null, '', null);
INSERT INTO `jc_m_audit_checkitem` VALUES ('58', '3', '1.001.001.0010.0005', '53', '500', '', null, '0', null, null, '', '', '1', null, '2016-10-25 14:36:02', '0', '2016-10-25 14:36:02', '0', null, '', null);
INSERT INTO `jc_m_audit_checkitem` VALUES ('59', '3', '1.001.001.0010.0006', '53', '600', '', null, '0', null, null, '', '', '1', null, '2016-10-25 14:36:02', '0', '2016-10-25 14:36:02', '0', null, '', null);
INSERT INTO `jc_m_audit_checkitem` VALUES ('60', '3', '1.001.001.0010.0007', '53', '700', '/////', null, '0', null, null, '', '', '1', null, '2016-10-25 14:36:02', '0', '2016-10-25 14:36:02', '0', null, '', null);
INSERT INTO `jc_m_audit_checkitem` VALUES ('61', '3', '1.001.001.0010.0008', '53', '800', '/', null, '0', null, null, '', '', '1', null, '2016-10-25 14:36:02', '0', '2016-10-25 14:36:02', '0', null, '', null);
INSERT INTO `jc_m_audit_checkitem` VALUES ('62', '3', '1.001.001.0010.0009', '53', '900', 'GMP', null, '0', null, null, '', '', '1', null, '2016-10-25 14:36:02', '0', '2016-10-25 14:36:02', '0', null, '', null);
INSERT INTO `jc_m_audit_checkitem` VALUES ('63', '3', '1.001.001.0010.0010', '53', '1000', '', null, '0', null, null, '', '', '1', null, '2016-10-25 14:36:02', '0', '2016-10-25 14:36:02', '0', null, '', null);
INSERT INTO `jc_m_audit_checkitem` VALUES ('64', '3', '1.001.001.0010.0011', '53', '1100', '/', null, '0', null, null, '', '', '1', null, '2016-10-25 14:36:02', '0', '2016-10-25 14:36:02', '0', null, '', null);
INSERT INTO `jc_m_audit_checkitem` VALUES ('65', '3', '1.001.001.0010.0012', '53', '1200', '', null, '0', null, null, '', '', '1', null, '2016-10-25 14:36:02', '0', '2016-10-25 14:36:02', '0', null, '', null);
INSERT INTO `jc_m_audit_checkitem` VALUES ('66', '3', '1.001.001.0010.0013', '53', '1300', '', null, '0', null, null, '', '', '1', null, '2016-10-25 14:36:02', '0', '2016-10-25 14:36:02', '0', null, '', null);
INSERT INTO `jc_m_audit_checkitem` VALUES ('67', '3', '1.001.001.0010.0014', '53', '1400', '/', null, '0', null, null, '', '', '1', null, '2016-10-25 14:36:02', '0', '2016-10-25 14:36:02', '0', null, '', null);
INSERT INTO `jc_m_audit_checkitem` VALUES ('68', '3', '1.001.001.0010.0015', '53', '1500', '/', null, '0', null, null, '', '', '1', null, '2016-10-25 14:36:02', '0', '2016-10-25 14:36:02', '0', null, '', null);
INSERT INTO `jc_m_audit_checkitem` VALUES ('69', '3', '1.001.001.0010.0016', '53', '1600', '/CRC//', null, '0', null, null, '', '', '1', null, '2016-10-25 14:36:02', '0', '2016-10-25 14:36:02', '0', null, '', null);
INSERT INTO `jc_m_audit_checkitem` VALUES ('70', '3', '1.001.001.0010.0017', '53', '1700', '', null, '0', null, null, '', '', '1', null, '2016-10-25 14:36:02', '0', '2016-10-25 14:36:02', '0', null, '', null);
INSERT INTO `jc_m_audit_checkitem` VALUES ('71', '3', '1.001.001.0010.0018', '53', '1800', '', null, '0', null, null, '', '', '1', null, '2016-10-25 14:36:02', '0', '2016-10-25 14:36:02', '0', null, '', null);
INSERT INTO `jc_m_audit_checkitem` VALUES ('72', '3', '1.001.001.0010.0019', '53', '1900', '', null, '0', null, null, '', '', '1', null, '2016-10-25 14:36:02', '0', '2016-10-25 14:36:02', '0', null, '', null);
INSERT INTO `jc_m_audit_checkitem` VALUES ('73', '3', '1.001.001.0010.0020', '53', '2000', '', null, '0', null, null, '', '', '1', null, '2016-10-25 14:36:02', '0', '2016-10-25 14:36:02', '0', null, '', null);
INSERT INTO `jc_m_audit_checkitem` VALUES ('74', '3', '1.001.001.0010.0021', '53', '2100', '', null, '0', null, null, '', '', '1', null, '2016-10-25 14:36:02', '0', '2016-10-25 14:36:02', '0', null, '', null);
INSERT INTO `jc_m_audit_checkitem` VALUES ('75', '3', '1.001.001.0010.0022', '53', '2200', 'AESAE//', null, '0', null, null, '', '', '1', null, '2016-10-25 14:36:02', '0', '2016-10-25 14:36:02', '0', null, '', null);
INSERT INTO `jc_m_audit_checkitem` VALUES ('76', '3', '1.001.001.0010.0023', '53', '2300', '', null, '0', null, null, '', '', '1', null, '2016-10-25 14:36:02', '0', '2016-10-25 14:36:02', '0', null, '', null);
INSERT INTO `jc_m_audit_checkitem` VALUES ('77', '3', '1.001.001.0010.0024', '53', '2400', '', null, '0', null, null, '', '', '1', null, '2016-10-25 14:36:02', '0', '2016-10-25 14:36:02', '0', null, '', null);
INSERT INTO `jc_m_audit_checkitem` VALUES ('78', '3', '1.001.001.0010.0025', '53', '2500', '', null, '0', null, null, '', '', '1', null, '2016-10-25 14:36:02', '0', '2016-10-25 14:36:02', '0', null, '', null);
INSERT INTO `jc_m_audit_checkitem` VALUES ('79', '3', '1.001.001.0010.0026', '53', '2600', '', null, '0', null, null, '', '', '1', null, '2016-10-25 14:36:02', '0', '2016-10-25 14:36:02', '0', null, '', null);
INSERT INTO `jc_m_audit_checkitem` VALUES ('80', '3', '1.001.001.0010.0027', '53', '2700', '', null, '0', null, null, '', '', '1', null, '2016-10-25 14:36:02', '0', '2016-10-25 14:36:02', '0', null, '', null);
INSERT INTO `jc_m_audit_checkitem` VALUES ('81', '3', '1.001.001.0010.0028', '53', '2800', '', null, '0', null, null, '', '', '1', null, '2016-10-25 14:36:02', '0', '2016-10-25 14:36:02', '0', null, '', null);
INSERT INTO `jc_m_audit_checkitem` VALUES ('82', '3', '1.001.001.0010.0029', '53', '2900', '', null, '0', null, null, '', '', '1', null, '2016-10-25 14:36:02', '0', '2016-10-25 14:36:02', '0', null, '', null);
INSERT INTO `jc_m_audit_checkitem` VALUES ('83', '3', '1.001.001.0010.0030', '53', '3000', '/CRO', null, '0', null, null, '', '', '1', null, '2016-10-25 14:36:02', '0', '2016-10-25 14:36:02', '0', null, '', null);
INSERT INTO `jc_m_audit_checkitem` VALUES ('84', '3', '1.001.001.0010.0031', '53', '3100', '', null, '0', null, null, '', '', '1', null, '2016-10-25 14:36:02', '0', '2016-10-25 14:36:02', '0', null, '', null);
INSERT INTO `jc_m_audit_checkitem` VALUES ('85', '2', '1.001.001.0011', '4', '1100', '', null, '0', null, null, '', '', '1', null, '2016-10-25 14:36:02', '0', '2016-10-25 14:36:02', '0', null, '', null);
INSERT INTO `jc_m_audit_checkitem` VALUES ('86', '3', '1.001.001.0011.0001', '85', '100', '', null, '0', null, null, '', '', '1', null, '2016-10-25 14:36:02', '0', '2016-10-25 14:36:02', '0', null, '', null);
INSERT INTO `jc_m_audit_checkitem` VALUES ('87', '3', '1.001.001.0011.0002', '85', '200', '', null, '0', null, null, '', '', '1', null, '2016-10-25 14:36:02', '0', '2016-10-25 14:36:02', '0', null, '', null);
INSERT INTO `jc_m_audit_checkitem` VALUES ('88', '3', '1.001.001.0011.0003', '85', '300', '', null, '0', null, null, '', '', '1', null, '2016-10-25 14:36:02', '0', '2016-10-25 14:36:02', '0', null, '', null);
INSERT INTO `jc_m_audit_checkitem` VALUES ('89', '2', '1.001.001.0012', '4', '1200', '', null, '0', null, null, '', '', '1', null, '2016-10-25 14:36:02', '0', '2016-10-25 14:36:02', '0', null, '', null);
INSERT INTO `jc_m_audit_checkitem` VALUES ('90', '3', '1.001.001.0012.0001', '89', '100', '', null, '0', null, null, '', '', '1', null, '2016-10-25 14:36:02', '0', '2016-10-25 14:36:02', '0', null, '', null);
INSERT INTO `jc_m_audit_checkitem` VALUES ('91', '3', '1.001.001.0012.0002', '89', '200', 'CFDA', null, '0', null, null, '', '', '1', null, '2016-10-25 14:36:02', '0', '2016-10-25 14:36:02', '0', null, '', null);
INSERT INTO `jc_m_audit_checkitem` VALUES ('92', '3', '1.001.001.0012.0003', '89', '300', '', null, '0', null, null, '', '', '1', null, '2016-10-25 14:36:02', '0', '2016-10-25 14:36:02', '0', null, '', null);
INSERT INTO `jc_m_audit_checkitem` VALUES ('93', '3', '1.001.001.0012.0004', '89', '400', '', null, '0', null, null, '', '', '1', null, '2016-10-25 14:36:02', '0', '2016-10-25 14:36:02', '0', null, '', null);
INSERT INTO `jc_m_audit_checkitem` VALUES ('94', '3', '1.001.001.0012.0005', '89', '500', '', null, '0', null, null, '', '', '1', null, '2016-10-25 14:36:02', '0', '2016-10-25 14:36:02', '0', null, '', null);
INSERT INTO `jc_m_audit_checkitem` VALUES ('95', '3', '1.001.001.0012.0006', '89', '600', '', null, '0', null, null, '', '', '1', null, '2016-10-25 14:36:02', '0', '2016-10-25 14:36:02', '0', null, '', null);
INSERT INTO `jc_m_audit_checkitem` VALUES ('96', '3', '1.001.001.0012.0007', '89', '700', '', null, '0', null, null, '', '', '1', null, '2016-10-25 14:36:02', '0', '2016-10-25 14:36:02', '0', null, '', null);
INSERT INTO `jc_m_audit_checkitem` VALUES ('97', '2', '1.001.001.0013', '4', '1300', '', null, '0', null, null, '', '', '1', null, '2016-10-25 14:36:02', '0', '2016-10-25 14:36:02', '0', null, '', null);
INSERT INTO `jc_m_audit_checkitem` VALUES ('98', '3', '1.001.001.0013.0001', '97', '100', '', null, '0', null, null, '', '', '1', null, '2016-10-25 14:36:02', '0', '2016-10-25 14:36:02', '0', null, '', null);
INSERT INTO `jc_m_audit_checkitem` VALUES ('99', '3', '1.001.001.0013.0002', '97', '200', '', null, '0', null, null, '', '', '1', null, '2016-10-25 14:36:02', '0', '2016-10-25 14:36:02', '0', null, '', null);
INSERT INTO `jc_m_audit_checkitem` VALUES ('100', '3', '1.001.001.0013.0003', '97', '300', '', null, '0', null, null, '', '', '1', null, '2016-10-25 14:36:02', '0', '2016-10-25 14:36:02', '0', null, '', null);
INSERT INTO `jc_m_audit_checkitem` VALUES ('101', '2', '1.001.001.0014', '4', '1400', '', null, '0', null, null, '', '', '1', null, '2016-10-25 14:36:02', '0', '2016-10-25 14:36:02', '0', null, '', null);
INSERT INTO `jc_m_audit_checkitem` VALUES ('102', '3', '1.001.001.0014.0001', '101', '100', '', null, '0', null, null, '', '', '1', null, '2016-10-25 14:36:02', '0', '2016-10-25 14:36:02', '0', null, '', null);
INSERT INTO `jc_m_audit_checkitem` VALUES ('103', '3', '1.001.001.0014.0002', '101', '200', '', null, '0', null, null, '', '', '1', null, '2016-10-25 14:36:02', '0', '2016-10-25 14:36:02', '0', null, '', null);
INSERT INTO `jc_m_audit_checkitem` VALUES ('104', '3', '1.001.001.0014.0003', '101', '300', '', null, '0', null, null, '', '', '1', null, '2016-10-25 14:36:02', '0', '2016-10-25 14:36:02', '0', null, '', null);
INSERT INTO `jc_m_audit_checkitem` VALUES ('105', '3', '1.001.001.0014.0004', '101', '400', '', null, '0', null, null, '', '', '1', null, '2016-10-25 14:36:02', '0', '2016-10-25 14:36:02', '0', null, '', null);
INSERT INTO `jc_m_audit_checkitem` VALUES ('106', '3', '1.001.001.0014.0005', '101', '500', '', null, '0', null, null, '', '', '1', null, '2016-10-25 14:36:02', '0', '2016-10-25 14:36:02', '0', null, '', null);
INSERT INTO `jc_m_audit_checkitem` VALUES ('107', '3', '1.001.001.0014.0006', '101', '600', '', null, '0', null, null, '', '', '1', null, '2016-10-25 14:36:02', '0', '2016-10-25 14:36:02', '0', null, '', null);
INSERT INTO `jc_m_audit_checkitem` VALUES ('108', '3', '1.001.001.0014.0007', '101', '700', '', null, '0', null, null, '', '', '1', null, '2016-10-25 14:36:02', '0', '2016-10-25 14:36:02', '0', null, '', null);
INSERT INTO `jc_m_audit_checkitem` VALUES ('109', '3', '1.001.001.0014.0008', '101', '800', '', null, '0', null, null, '', '', '1', null, '2016-10-25 14:36:02', '0', '2016-10-25 14:36:02', '0', null, '', null);
INSERT INTO `jc_m_audit_checkitem` VALUES ('110', '3', '1.001.001.0014.0009', '101', '900', '', null, '0', null, null, '', '', '1', null, '2016-10-25 14:36:02', '0', '2016-10-25 14:36:02', '0', null, '', null);
INSERT INTO `jc_m_audit_checkitem` VALUES ('111', '3', '1.001.001.0014.0010', '101', '1000', '', null, '0', null, null, '', '', '1', null, '2016-10-25 14:36:02', '0', '2016-10-25 14:36:02', '0', null, '', null);
INSERT INTO `jc_m_audit_checkitem` VALUES ('112', '3', '1.001.001.0014.0011', '101', '1100', '', null, '0', null, null, '', '', '1', null, '2016-10-25 14:36:02', '0', '2016-10-25 14:36:02', '0', null, '', null);
INSERT INTO `jc_m_audit_checkitem` VALUES ('113', '3', '1.001.001.0014.0012', '101', '1200', '', null, '0', null, null, '', '', '1', null, '2016-10-25 14:36:02', '0', '2016-10-25 14:36:02', '0', null, '', null);
INSERT INTO `jc_m_audit_checkitem` VALUES ('114', '2', '1.001.001.0015', '4', '1500', '', null, '0', null, null, '', '', '1', null, '2016-10-25 14:36:02', '0', '2016-10-25 14:36:02', '0', null, '', null);
INSERT INTO `jc_m_audit_checkitem` VALUES ('115', '3', '1.001.001.0015.0001', '114', '100', '', null, '0', null, null, '', '', '1', null, '2016-10-25 14:36:02', '0', '2016-10-25 14:36:02', '0', null, '', null);
INSERT INTO `jc_m_audit_checkitem` VALUES ('116', '3', '1.001.001.0015.0002', '114', '200', '', null, '0', null, null, '', '', '1', null, '2016-10-25 14:36:02', '0', '2016-10-25 14:36:02', '0', null, '', null);
INSERT INTO `jc_m_audit_checkitem` VALUES ('117', '3', '1.001.001.0015.0003', '114', '300', '', null, '0', null, null, '', '', '1', null, '2016-10-25 14:36:02', '0', '2016-10-25 14:36:02', '0', null, '', null);
INSERT INTO `jc_m_audit_checkitem` VALUES ('118', '3', '1.001.001.0015.0004', '114', '400', '', null, '0', null, null, '', '', '1', null, '2016-10-25 14:36:02', '0', '2016-10-25 14:36:02', '0', null, '', null);
INSERT INTO `jc_m_audit_checkitem` VALUES ('119', '3', '1.001.001.0015.0005', '114', '500', '', null, '0', null, null, '', '', '1', null, '2016-10-25 14:36:02', '0', '2016-10-25 14:36:02', '0', null, '', null);
INSERT INTO `jc_m_audit_checkitem` VALUES ('120', '3', '1.001.001.0015.0006', '114', '600', '', null, '0', null, null, '', '', '1', null, '2016-10-25 14:36:02', '0', '2016-10-25 14:36:02', '0', null, '', null);
INSERT INTO `jc_m_audit_checkitem` VALUES ('121', '3', '1.001.001.0015.0007', '114', '700', 'GCP', null, '0', null, null, '', '', '1', null, '2016-10-25 14:36:02', '0', '2016-10-25 14:36:02', '0', null, '', null);
INSERT INTO `jc_m_audit_checkitem` VALUES ('122', '3', '1.001.001.0015.0008', '114', '800', '', null, '0', null, null, '', '', '1', null, '2016-10-25 14:36:02', '0', '2016-10-25 14:36:02', '0', null, '', null);
INSERT INTO `jc_m_audit_checkitem` VALUES ('123', '2', '1.001.001.0016', '4', '1600', '', null, '0', null, null, '', '', '1', null, '2016-10-25 14:36:02', '0', '2016-10-25 14:36:02', '0', null, '', null);
INSERT INTO `jc_m_audit_checkitem` VALUES ('124', '3', '1.001.001.0016.0001', '123', '100', '', null, '0', null, null, '', '', '1', null, '2016-10-25 14:36:02', '0', '2016-10-25 14:36:02', '0', null, '', null);
INSERT INTO `jc_m_audit_checkitem` VALUES ('125', '3', '1.001.001.0016.0002', '123', '200', '', null, '0', null, null, '', '', '1', null, '2016-10-25 14:36:02', '0', '2016-10-25 14:36:02', '0', null, '', null);
INSERT INTO `jc_m_audit_checkitem` VALUES ('126', '2', '1.001.001.0017', '4', '1700', '', null, '0', null, null, '', '', '1', null, '2016-10-25 14:36:02', '0', '2016-10-25 14:36:02', '0', null, '', null);
INSERT INTO `jc_m_audit_checkitem` VALUES ('127', '3', '1.001.001.0017.0001', '126', '100', '', null, '0', null, null, '', '', '1', null, '2016-10-25 14:36:02', '0', '2016-10-25 14:36:02', '0', null, '', null);
INSERT INTO `jc_m_audit_checkitem` VALUES ('128', '3', '1.001.001.0017.0002', '126', '200', '', null, '0', null, null, '', '', '1', null, '2016-10-25 14:36:02', '0', '2016-10-25 14:36:02', '0', null, '', null);
INSERT INTO `jc_m_audit_checkitem` VALUES ('129', '3', '1.001.001.0017.0003', '126', '300', '', null, '0', null, null, '', '', '1', null, '2016-10-25 14:36:02', '0', '2016-10-25 14:36:02', '0', null, '', null);
INSERT INTO `jc_m_audit_checkitem` VALUES ('130', '3', '1.001.001.0017.0004', '126', '400', '', null, '0', null, null, '', '', '1', null, '2016-10-25 14:36:02', '0', '2016-10-25 14:36:02', '0', null, '', null);
INSERT INTO `jc_m_audit_checkitem` VALUES ('131', '3', '1.001.001.0017.0005', '126', '500', '', null, '0', null, null, '', '', '1', null, '2016-10-25 14:36:02', '0', '2016-10-25 14:36:02', '0', null, '', null);
INSERT INTO `jc_m_audit_checkitem` VALUES ('132', '3', '1.001.001.0017.0006', '126', '600', '', null, '0', null, null, '', '', '1', null, '2016-10-25 14:36:02', '0', '2016-10-25 14:36:02', '0', null, '', null);
INSERT INTO `jc_m_audit_checkitem` VALUES ('133', '3', '1.001.001.0017.0007', '126', '700', 'CCR', null, '0', null, null, '', '', '1', null, '2016-10-25 14:36:02', '0', '2016-10-25 14:36:02', '0', null, '', null);
INSERT INTO `jc_m_audit_checkitem` VALUES ('134', '3', '1.001.001.0017.0008', '126', '800', '', null, '0', null, null, '', '', '1', null, '2016-10-25 14:36:02', '0', '2016-10-25 14:36:02', '0', null, '', null);
INSERT INTO `jc_m_audit_checkitem` VALUES ('135', '3', '1.001.001.0017.0009', '126', '900', 'CRF', null, '0', null, null, '', '', '1', null, '2016-10-25 14:36:02', '0', '2016-10-25 14:36:02', '0', null, '', null);
INSERT INTO `jc_m_audit_checkitem` VALUES ('136', '3', '1.001.001.0017.0010', '126', '1000', 'ICF', null, '0', null, null, '', '', '1', null, '2016-10-25 14:36:02', '0', '2016-10-25 14:36:02', '0', null, '', null);
INSERT INTO `jc_m_audit_checkitem` VALUES ('137', '3', '1.001.001.0017.0011', '126', '1100', '', null, '0', null, null, '', '', '1', null, '2016-10-25 14:36:02', '0', '2016-10-25 14:36:02', '0', null, '', null);
INSERT INTO `jc_m_audit_checkitem` VALUES ('138', '2', '1.001.001.0018', '4', '1800', '', null, '0', null, null, '', '', '1', null, '2016-10-25 14:36:02', '0', '2016-10-25 14:36:02', '0', null, '', null);
INSERT INTO `jc_m_audit_checkitem` VALUES ('139', '3', '1.001.001.0018.0001', '138', '100', 'CRA', null, '0', null, null, '', '', '1', null, '2016-10-25 14:36:02', '0', '2016-10-25 14:36:02', '0', null, '', null);
INSERT INTO `jc_m_audit_checkitem` VALUES ('140', '2', '1.001.001.0019', '4', '1900', '', null, '0', null, null, '', '', '1', null, '2016-10-25 14:36:02', '0', '2016-10-25 14:36:02', '0', null, '', null);
INSERT INTO `jc_m_audit_checkitem` VALUES ('141', '3', '1.001.001.0019.0001', '140', '100', '', null, '0', null, null, '', '', '1', null, '2016-10-25 14:36:02', '0', '2016-10-25 14:36:02', '0', null, '', null);
INSERT INTO `jc_m_audit_checkitem` VALUES ('142', '3', '1.001.001.0019.0002', '140', '200', '', null, '0', null, null, '', '', '1', null, '2016-10-25 14:36:02', '0', '2016-10-25 14:36:02', '0', null, '', null);
INSERT INTO `jc_m_audit_checkitem` VALUES ('143', '3', '1.001.001.0019.0003', '140', '300', '', null, '0', null, null, '', '', '1', null, '2016-10-25 14:36:02', '0', '2016-10-25 14:36:02', '0', null, '', null);
INSERT INTO `jc_m_audit_checkitem` VALUES ('144', '3', '1.001.001.0019.0004', '140', '400', '', null, '0', null, null, '', '', '1', null, '2016-10-25 14:36:02', '0', '2016-10-25 14:36:02', '0', null, '', null);
INSERT INTO `jc_m_audit_checkitem` VALUES ('145', '3', '1.001.001.0019.0005', '140', '500', '', null, '0', null, null, '', '', '1', null, '2016-10-25 14:36:02', '0', '2016-10-25 14:36:02', '0', null, '', null);
INSERT INTO `jc_m_audit_checkitem` VALUES ('146', '3', '1.001.001.0019.0006', '140', '600', '', null, '0', null, null, '', '', '1', null, '2016-10-25 14:36:02', '0', '2016-10-25 14:36:02', '0', null, '', null);
INSERT INTO `jc_m_audit_checkitem` VALUES ('147', '2', '1.001.001.0020', '4', '2000', '', null, '0', null, null, '', '', '1', null, '2016-10-25 14:36:02', '0', '2016-10-25 14:36:02', '0', null, '', null);
INSERT INTO `jc_m_audit_checkitem` VALUES ('148', '3', '1.001.001.0020.0001', '147', '100', 'SAE', null, '0', null, null, '', '', '1', null, '2016-10-25 14:36:02', '0', '2016-10-25 14:36:02', '0', null, '', null);
INSERT INTO `jc_m_audit_checkitem` VALUES ('149', '3', '1.001.001.0020.0002', '147', '100', '', null, '0', null, null, '', '', '1', null, '2016-10-25 14:36:02', '0', '2016-10-25 14:36:02', '0', null, '', null);
INSERT INTO `jc_m_audit_checkitem` VALUES ('150', '3', '1.001.001.0020.0003', '147', '100', 'AE', null, '0', null, null, '', '', '1', null, '2016-10-25 14:36:02', '0', '2016-10-25 14:36:02', '0', null, '', null);
INSERT INTO `jc_m_audit_checkitem` VALUES ('151', '2', '1.001.001.0021', '4', '2100', '', null, '0', null, null, '', '', '1', null, '2016-10-25 14:36:02', '0', '2016-10-25 14:36:02', '0', null, '', null);
INSERT INTO `jc_m_audit_checkitem` VALUES ('152', '3', '1.001.001.0021.0001', '151', '100', '', null, '0', null, null, '', '', '1', null, '2016-10-25 14:36:02', '0', '2016-10-25 14:36:02', '0', null, '', null);
INSERT INTO `jc_m_audit_checkitem` VALUES ('153', '3', '1.001.001.0021.0002', '151', '200', '', null, '0', null, null, '', '', '1', null, '2016-10-25 14:36:02', '0', '2016-10-25 14:36:02', '0', null, '', null);
INSERT INTO `jc_m_audit_checkitem` VALUES ('154', '3', '1.001.001.0021.0003', '151', '300', '', null, '0', null, null, '', '', '1', null, '2016-10-25 14:36:02', '0', '2016-10-25 14:36:02', '0', null, '', null);
INSERT INTO `jc_m_audit_checkitem` VALUES ('155', '3', '1.001.001.0021.0004', '151', '400', 'GMP', null, '0', null, null, '', '', '1', null, '2016-10-25 14:36:02', '0', '2016-10-25 14:36:02', '0', null, '', null);
INSERT INTO `jc_m_audit_checkitem` VALUES ('156', '2', '1.001.001.0022', '4', '2200', '', null, '0', null, null, '', '', '1', null, '2016-10-25 14:36:02', '0', '2016-10-25 14:36:02', '0', null, '', null);
INSERT INTO `jc_m_audit_checkitem` VALUES ('157', '3', '1.001.001.0022.0001', '156', '100', '', null, '0', null, null, '', '', '1', null, '2016-10-25 14:36:02', '0', '2016-10-25 14:36:02', '0', null, '', null);
INSERT INTO `jc_m_audit_checkitem` VALUES ('158', '3', '1.001.001.0022.0002', '156', '200', 'CRC', null, '0', null, null, '', '', '1', null, '2016-10-25 14:36:02', '0', '2016-10-25 14:36:02', '0', null, '', null);
INSERT INTO `jc_m_audit_checkitem` VALUES ('159', '2', '1.001.001.0023', '4', '2300', '', null, '0', null, null, '', '', '1', null, '2016-10-25 14:36:02', '0', '2016-10-25 14:36:02', '0', null, '', null);
INSERT INTO `jc_m_audit_checkitem` VALUES ('160', '3', '1.001.001.0023.0001', '159', '100', '', null, '0', null, null, '', '', '1', null, '2016-10-25 14:36:02', '0', '2016-10-25 14:36:02', '0', null, '', null);
INSERT INTO `jc_m_audit_checkitem` VALUES ('161', '3', '1.001.001.0023.0002', '159', '200', '', null, '0', null, null, '', '', '1', null, '2016-10-25 14:36:02', '0', '2016-10-25 14:36:02', '0', null, '', null);
INSERT INTO `jc_m_audit_checkitem` VALUES ('162', '3', '1.001.001.0023.0003', '159', '300', '', null, '0', null, null, '', '', '1', null, '2016-10-25 14:36:02', '0', '2016-10-25 14:36:02', '0', null, '', null);
INSERT INTO `jc_m_audit_checkitem` VALUES ('163', '3', '1.001.001.0023.0004', '159', '400', '', null, '0', null, null, '', '', '1', null, '2016-10-25 14:36:02', '0', '2016-10-25 14:36:02', '0', null, '', null);
INSERT INTO `jc_m_audit_checkitem` VALUES ('164', '3', '1.001.001.0023.0005', '159', '500', '', null, '0', null, null, '', '', '1', null, '2016-10-25 14:36:02', '0', '2016-10-25 14:36:02', '0', null, '', null);
INSERT INTO `jc_m_audit_checkitem` VALUES ('165', '3', '1.001.001.0023.0006', '159', '600', '', null, '0', null, null, '', '', '1', null, '2016-10-25 14:36:02', '0', '2016-10-25 14:36:02', '0', null, '', null);
INSERT INTO `jc_m_audit_checkitem` VALUES ('166', '3', '1.001.001.0023.0007', '159', '700', '', null, '0', null, null, '', '', '1', null, '2016-10-25 14:36:02', '0', '2016-10-25 14:36:02', '0', null, '', null);
INSERT INTO `jc_m_audit_checkitem` VALUES ('167', '3', '1.001.001.0023.0008', '159', '800', '', null, '0', null, null, '', '', '1', null, '2016-10-25 14:36:02', '0', '2016-10-25 14:36:02', '0', null, '', null);
INSERT INTO `jc_m_audit_checkitem` VALUES ('168', '3', '1.001.001.0023.0009', '159', '900', '', null, '0', null, null, '', '', '1', null, '2016-10-25 14:36:02', '0', '2016-10-25 14:36:02', '0', null, '', null);
INSERT INTO `jc_m_audit_checkitem` VALUES ('169', '3', '1.001.001.0023.0010', '159', '1000', '', null, '0', null, null, '', '', '1', null, '2016-10-25 14:36:02', '0', '2016-10-25 14:36:02', '0', null, '', null);
INSERT INTO `jc_m_audit_checkitem` VALUES ('170', '3', '1.001.001.0023.0011', '159', '1100', '', null, '0', null, null, '', '', '1', null, '2016-10-25 14:36:02', '0', '2016-10-25 14:36:02', '0', null, '', null);
INSERT INTO `jc_m_audit_checkitem` VALUES ('171', '3', '1.001.001.0023.0012', '159', '1200', '', null, '0', null, null, '', '', '1', null, '2016-10-25 14:36:02', '0', '2016-10-25 14:36:02', '0', null, '', null);
INSERT INTO `jc_m_audit_checkitem` VALUES ('172', '3', '1.001.001.0023.0013', '159', '1300', '', null, '0', null, null, '', '', '1', null, '2016-10-25 14:36:02', '0', '2016-10-25 14:36:02', '0', null, '', null);
INSERT INTO `jc_m_audit_checkitem` VALUES ('173', '3', '1.001.001.0023.0014', '159', '1400', '', null, '0', null, null, '', '', '1', null, '2016-10-25 14:36:02', '0', '2016-10-25 14:36:02', '0', null, '', null);
INSERT INTO `jc_m_audit_checkitem` VALUES ('174', '3', '1.001.001.0023.0015', '159', '1500', '', null, '0', null, null, '', '', '1', null, '2016-10-25 14:36:02', '0', '2016-10-25 14:36:02', '0', null, '', null);
INSERT INTO `jc_m_audit_checkitem` VALUES ('175', '3', '1.001.001.0023.0016', '159', '1600', '', null, '0', null, null, '', '', '1', null, '2016-10-25 14:36:02', '0', '2016-10-25 14:36:02', '0', null, '', null);
INSERT INTO `jc_m_audit_checkitem` VALUES ('176', '3', '1.001.001.0023.0017', '159', '1700', '', null, '0', null, null, '', '', '1', null, '2016-10-25 14:36:02', '0', '2016-10-25 14:36:02', '0', null, '', null);
INSERT INTO `jc_m_audit_checkitem` VALUES ('177', '3', '1.001.001.0023.0018', '159', '1800', '', null, '0', null, null, '', '', '1', null, '2016-10-25 14:36:02', '0', '2016-10-25 14:36:02', '0', null, '', null);
INSERT INTO `jc_m_audit_checkitem` VALUES ('178', '3', '1.001.001.0023.0019', '159', '1900', '', null, '0', null, null, '', '', '1', null, '2016-10-25 14:36:02', '0', '2016-10-25 14:36:02', '0', null, '', null);
INSERT INTO `jc_m_audit_checkitem` VALUES ('179', '3', '1.001.001.0023.0020', '159', '2000', '', null, '0', null, null, '', '', '1', null, '2016-10-25 14:36:02', '0', '2016-10-25 14:36:02', '0', null, '', null);
INSERT INTO `jc_m_audit_checkitem` VALUES ('180', '3', '1.001.001.0023.0021', '159', '2100', '', null, '0', null, null, '', '', '1', null, '2016-10-25 14:36:02', '0', '2016-10-25 14:36:02', '0', null, '', null);
INSERT INTO `jc_m_audit_checkitem` VALUES ('181', '3', '1.001.001.0023.0022', '159', '2200', '', null, '0', null, null, '', '', '1', null, '2016-10-25 14:36:02', '0', '2016-10-25 14:36:02', '0', null, '', null);
INSERT INTO `jc_m_audit_checkitem` VALUES ('182', '3', '1.001.001.0023.0023', '159', '2300', '', null, '0', null, null, '', '', '1', null, '2016-10-25 14:36:02', '0', '2016-10-25 14:36:02', '0', null, '', null);
INSERT INTO `jc_m_audit_checkitem` VALUES ('183', '3', '1.001.001.0023.0024', '159', '2400', '', null, '0', null, null, '', '', '1', null, '2016-10-25 14:36:02', '0', '2016-10-25 14:36:02', '0', null, '', null);
INSERT INTO `jc_m_audit_checkitem` VALUES ('184', '3', '1.001.001.0023.0025', '159', '2500', '', null, '0', null, null, '', '', '1', null, '2016-10-25 14:36:02', '0', '2016-10-25 14:36:02', '0', null, '', null);
INSERT INTO `jc_m_audit_checkitem` VALUES ('185', '3', '1.001.001.0023.0026', '159', '2600', '', null, '0', null, null, '', '', '1', null, '2016-10-25 14:36:02', '0', '2016-10-25 14:36:02', '0', null, '', null);
INSERT INTO `jc_m_audit_checkitem` VALUES ('186', '3', '1.001.001.0023.0027', '159', '2700', '', null, '0', null, null, '', '', '1', null, '2016-10-25 14:36:02', '0', '2016-10-25 14:36:02', '0', null, '', null);
INSERT INTO `jc_m_audit_checkitem` VALUES ('187', '3', '1.001.001.0023.0028', '159', '2800', '', null, '0', null, null, '', '', '1', null, '2016-10-25 14:36:02', '0', '2016-10-25 14:36:02', '0', null, '', null);
INSERT INTO `jc_m_audit_checkitem` VALUES ('188', '3', '1.001.001.0023.0029', '159', '2900', '', null, '0', null, null, '', '', '1', null, '2016-10-25 14:36:02', '0', '2016-10-25 14:36:02', '0', null, '', null);
INSERT INTO `jc_m_audit_checkitem` VALUES ('189', '3', '1.001.001.0023.0030', '159', '3000', '', null, '0', null, null, '', '', '1', null, '2016-10-25 14:36:02', '0', '2016-10-25 14:36:02', '0', null, '', null);
INSERT INTO `jc_m_audit_checkitem` VALUES ('190', '3', '1.001.001.0023.0031', '159', '3100', '', null, '0', null, null, '', '', '1', null, '2016-10-25 14:36:02', '0', '2016-10-25 14:36:02', '0', null, '', null);
INSERT INTO `jc_m_audit_checkitem` VALUES ('191', '3', '1.001.001.0023.0032', '159', '3200', '', null, '0', null, null, '', '', '1', null, '2016-10-25 14:36:02', '0', '2016-10-25 14:36:02', '0', null, '', null);
INSERT INTO `jc_m_audit_checkitem` VALUES ('192', '3', '1.001.001.0023.0033', '159', '3300', '', null, '0', null, null, '', '', '1', null, '2016-10-25 14:36:02', '0', '2016-10-25 14:36:02', '0', null, '', null);
INSERT INTO `jc_m_audit_checkitem` VALUES ('193', '3', '1.001.001.0023.0034', '159', '3400', '', null, '0', null, null, '', '', '1', null, '2016-10-25 14:36:02', '0', '2016-10-25 14:36:02', '0', null, '', null);
INSERT INTO `jc_m_audit_checkitem` VALUES ('194', '3', '1.001.001.0023.0035', '159', '3500', '', null, '0', null, null, '', '', '1', null, '2016-10-25 14:36:02', '0', '2016-10-25 14:36:02', '0', null, '', null);
INSERT INTO `jc_m_audit_checkitem` VALUES ('195', '3', '1.001.001.0023.0036', '159', '3600', '', null, '0', null, null, '', '', '1', null, '2016-10-25 14:36:02', '0', '2016-10-25 14:36:02', '0', null, '', null);
INSERT INTO `jc_m_audit_checkitem` VALUES ('196', '3', '1.001.001.0023.0037', '159', '3700', '', null, '0', null, null, '', '', '1', null, '2016-10-25 14:36:02', '0', '2016-10-25 14:36:02', '0', null, '', null);
INSERT INTO `jc_m_audit_checkitem` VALUES ('197', '3', '1.001.001.0023.0038', '159', '3800', '', null, '0', null, null, '', '', '1', null, '2016-10-25 14:36:02', '0', '2016-10-25 14:36:02', '0', null, '', null);
INSERT INTO `jc_m_audit_checkitem` VALUES ('198', '3', '1.001.001.0023.0039', '159', '3900', '', null, '0', null, null, '', '', '1', null, '2016-10-25 14:36:02', '0', '2016-10-25 14:36:02', '0', null, '', null);
INSERT INTO `jc_m_audit_checkitem` VALUES ('199', '3', '1.001.001.0023.0040', '159', '4000', '', null, '0', null, null, '', '', '1', null, '2016-10-25 14:36:02', '0', '2016-10-25 14:36:02', '0', null, '', null);
INSERT INTO `jc_m_audit_checkitem` VALUES ('200', '3', '1.001.001.0023.0041', '159', '4100', '', null, '0', null, null, '', '', '1', null, '2016-10-25 14:36:02', '0', '2016-10-25 14:36:02', '0', null, '', null);
INSERT INTO `jc_m_audit_checkitem` VALUES ('201', '3', '1.001.001.0023.0042', '159', '4200', '', null, '0', null, null, '', '', '1', null, '2016-10-25 14:36:02', '0', '2016-10-25 14:36:02', '0', null, '', null);
INSERT INTO `jc_m_audit_checkitem` VALUES ('202', '3', '1.001.001.0023.0043', '159', '4300', ' ', null, '0', null, null, '', '', '1', null, '2016-10-25 14:36:02', '0', '2016-10-25 14:36:02', '0', null, '', null);
INSERT INTO `jc_m_audit_checkitem` VALUES ('203', '3', '1.001.001.0023.0044', '159', '4400', '', null, '0', null, null, '', '', '1', null, '2016-10-25 14:36:02', '0', '2016-10-25 14:36:02', '0', null, '', null);
INSERT INTO `jc_m_audit_checkitem` VALUES ('204', '2', '1.001.001.0024', '4', '2400', '', null, '0', null, null, '', '', '1', null, '2016-10-25 14:36:02', '0', '2016-10-25 14:36:02', '0', null, '', null);
INSERT INTO `jc_m_audit_checkitem` VALUES ('205', '3', '1.001.001.0024.0001', '204', '100', '', null, '0', null, null, '', '', '1', null, '2016-10-25 14:36:02', '0', '2016-10-25 14:36:02', '0', null, '', null);
INSERT INTO `jc_m_audit_checkitem` VALUES ('206', '3', '1.001.001.0024.0002', '204', '200', '', null, '0', null, null, '', '', '1', null, '2016-10-25 14:36:02', '0', '2016-10-25 14:36:02', '0', null, '', null);
INSERT INTO `jc_m_audit_checkitem` VALUES ('207', '3', '1.001.001.0024.0003', '204', '300', '', null, '0', null, null, '', '', '1', null, '2016-10-25 14:36:02', '0', '2016-10-25 14:36:02', '0', null, '', null);
INSERT INTO `jc_m_audit_checkitem` VALUES ('208', '3', '1.001.001.0024.0004', '204', '400', '', null, '0', null, null, '', '', '1', null, '2016-10-25 14:36:02', '0', '2016-10-25 14:36:02', '0', null, '', null);
INSERT INTO `jc_m_audit_checkitem` VALUES ('209', '3', '1.001.001.0024.0005', '204', '500', '', null, '0', null, null, '', '', '1', null, '2016-10-25 14:36:02', '0', '2016-10-25 14:36:02', '0', null, '', null);
INSERT INTO `jc_m_audit_checkitem` VALUES ('210', '3', '1.001.001.0024.0006', '204', '600', '', null, '0', null, null, '', '', '1', null, '2016-10-25 14:36:02', '0', '2016-10-25 14:36:02', '0', null, '', null);
INSERT INTO `jc_m_audit_checkitem` VALUES ('211', '3', '1.001.001.0024.0007', '204', '700', '', null, '0', null, null, '', '', '1', null, '2016-10-25 14:36:02', '0', '2016-10-25 14:36:02', '0', null, '', null);
INSERT INTO `jc_m_audit_checkitem` VALUES ('212', '3', '1.001.001.0024.0008', '204', '800', '', null, '0', null, null, '', '', '1', null, '2016-10-25 14:36:02', '0', '2016-10-25 14:36:02', '0', null, '', null);
INSERT INTO `jc_m_audit_checkitem` VALUES ('213', '3', '1.001.001.0024.0009', '204', '900', '', null, '0', null, null, '', '', '1', null, '2016-10-25 14:36:02', '0', '2016-10-25 14:36:02', '0', null, '', null);
INSERT INTO `jc_m_audit_checkitem` VALUES ('214', '3', '1.001.001.0024.0010', '204', '1000', '', null, '0', null, null, '', '', '1', null, '2016-10-25 14:36:02', '0', '2016-10-25 14:36:02', '0', null, '', null);
INSERT INTO `jc_m_audit_checkitem` VALUES ('215', '3', '1.001.001.0024.0011', '204', '1100', '', null, '0', null, null, '', '', '1', null, '2016-10-25 14:36:02', '0', '2016-10-25 14:36:02', '0', null, '', null);
INSERT INTO `jc_m_audit_checkitem` VALUES ('216', '3', '1.001.001.0024.0012', '204', '1200', '', null, '0', null, null, '', '', '1', null, '2016-10-25 14:36:02', '0', '2016-10-25 14:36:02', '0', null, '', null);
INSERT INTO `jc_m_audit_checkitem` VALUES ('217', '3', '1.001.001.0024.0013', '204', '1300', '', null, '0', null, null, '', '', '1', null, '2016-10-25 14:36:02', '0', '2016-10-25 14:36:02', '0', null, '', null);
INSERT INTO `jc_m_audit_checkitem` VALUES ('218', '3', '1.001.001.0024.0014', '204', '1400', '', null, '0', null, null, '', '', '1', null, '2016-10-25 14:36:02', '0', '2016-10-25 14:36:02', '0', null, '', null);
INSERT INTO `jc_m_audit_checkitem` VALUES ('219', '3', '1.001.001.0024.0015', '204', '1500', '', null, '0', null, null, '', '', '1', null, '2016-10-25 14:36:02', '0', '2016-10-25 14:36:02', '0', null, '', null);
INSERT INTO `jc_m_audit_checkitem` VALUES ('220', '3', '1.001.001.0024.0016', '204', '1600', '', null, '0', null, null, '', '', '1', null, '2016-10-25 14:36:02', '0', '2016-10-25 14:36:02', '0', null, '', null);
INSERT INTO `jc_m_audit_checkitem` VALUES ('221', '3', '1.001.001.0024.0017', '204', '1700', '', null, '0', null, null, '', '', '1', null, '2016-10-25 14:36:02', '0', '2016-10-25 14:36:02', '0', null, '', null);
INSERT INTO `jc_m_audit_checkitem` VALUES ('222', '3', '1.001.001.0024.0018', '204', '1800', '', null, '0', null, null, '', '', '1', null, '2016-10-25 14:36:02', '0', '2016-10-25 14:36:02', '0', null, '', null);
INSERT INTO `jc_m_audit_checkitem` VALUES ('223', '3', '1.001.001.0024.0019', '204', '1900', '', null, '0', null, null, '', '', '1', null, '2016-10-25 14:36:02', '0', '2016-10-25 14:36:02', '0', null, '', null);
INSERT INTO `jc_m_audit_checkitem` VALUES ('224', '3', '1.001.001.0024.0020', '204', '2000', '', null, '0', null, null, '', '', '1', null, '2016-10-25 14:36:02', '0', '2016-10-25 14:36:02', '0', null, '', null);
INSERT INTO `jc_m_audit_checkitem` VALUES ('225', '3', '1.001.001.0024.0021', '204', '2100', '', null, '0', null, null, '', '', '1', null, '2016-10-25 14:36:02', '0', '2016-10-25 14:36:02', '0', null, '', null);
INSERT INTO `jc_m_audit_checkitem` VALUES ('226', '3', '1.001.001.0024.0022', '204', '2200', '', null, '0', null, null, '', '', '1', null, '2016-10-25 14:36:02', '0', '2016-10-25 14:36:02', '0', null, '', null);
INSERT INTO `jc_m_audit_checkitem` VALUES ('227', '3', '1.001.001.0024.0023', '204', '2300', '', null, '0', null, null, '', '', '1', null, '2016-10-25 14:36:02', '0', '2016-10-25 14:36:02', '0', null, '', null);
INSERT INTO `jc_m_audit_checkitem` VALUES ('228', '3', '1.001.001.0024.0024', '204', '2400', '', null, '0', null, null, '', '', '1', null, '2016-10-25 14:36:02', '0', '2016-10-25 14:36:02', '0', null, '', null);
INSERT INTO `jc_m_audit_checkitem` VALUES ('229', '2', '1.001.001.0025', '4', '2500', '', null, '0', null, null, '', '', '1', null, '2016-10-25 14:36:02', '0', '2016-10-25 14:36:02', '0', null, '', null);
INSERT INTO `jc_m_audit_checkitem` VALUES ('230', '3', '1.001.001.0025.0001', '229', '100', '', null, '0', null, null, '', '', '1', null, '2016-10-25 14:36:02', '0', '2016-10-25 14:36:02', '0', null, '', null);
INSERT INTO `jc_m_audit_checkitem` VALUES ('231', '3', '1.001.001.0025.0002', '229', '200', '', null, '0', null, null, '', '', '1', null, '2016-10-25 14:36:02', '0', '2016-10-25 14:36:02', '0', null, '', null);
INSERT INTO `jc_m_audit_checkitem` VALUES ('232', '3', '1.001.002', '3', '9999', '', null, null, null, null, '', null, '0', '', '2016-11-16 14:49:23', '6', '2016-11-16 14:49:23', '6', '', '', null);
INSERT INTO `jc_m_audit_checkitem` VALUES ('233', '3', '1.001.002 001', '232', '100', '1', null, null, null, null, '', null, '0', '', '2016-11-16 14:49:53', '6', '2016-11-16 14:49:53', '6', '', '', null);
INSERT INTO `jc_m_audit_checkitem` VALUES ('234', '3', '1.001.002.001.001', '233', '100', '1', null, null, null, null, '', null, '0', '', '2016-11-16 14:50:08', '6', '2016-11-16 14:50:08', '6', '', '', null);

-- ----------------------------
-- Table structure for `jc_m_audit_checkstep`
-- ----------------------------
DROP TABLE IF EXISTS `jc_m_audit_checkstep`;
CREATE TABLE `jc_m_audit_checkstep` (
  `ID` bigint(64) unsigned NOT NULL AUTO_INCREMENT COMMENT ' ',
  `CHECKITEMID` bigint(64) DEFAULT NULL,
  `F_DELETED` bit(1) DEFAULT b'0',
  `STEPNO` smallint(6) DEFAULT NULL,
  `NAME` varchar(255) NOT NULL COMMENT '',
  `DESCRIPTION` varchar(2000) DEFAULT NULL,
  `CUSTOM_CODE` varchar(4000) DEFAULT NULL,
  `STATUS` tinyint(255) DEFAULT '1',
  `TYPE` bigint(64) DEFAULT NULL,
  `ORGID` bigint(64) DEFAULT NULL,
  `CREATETIME` timestamp NULL DEFAULT CURRENT_TIMESTAMP ON UPDATE CURRENT_TIMESTAMP COMMENT '',
  `CREATERID` bigint(64) DEFAULT NULL COMMENT 'ID',
  `UPDATETIME` datetime DEFAULT NULL,
  `UPDATERID` bigint(64) DEFAULT NULL,
  PRIMARY KEY (`ID`)
) ENGINE=InnoDB AUTO_INCREMENT=12 DEFAULT CHARSET=utf8 ROW_FORMAT=COMPACT COMMENT='';

-- ----------------------------
-- Records of jc_m_audit_checkstep
-- ----------------------------
INSERT INTO `jc_m_audit_checkstep` VALUES ('1', '7', '', '1', '', '', null, '1', '1', null, '2016-10-27 11:35:12', '6', '2016-10-27 11:35:06', '6');
INSERT INTO `jc_m_audit_checkstep` VALUES ('2', '7', '', '2', '', '', null, '1', '1', null, '2016-10-27 11:35:22', '6', '2016-10-27 11:35:17', '6');
INSERT INTO `jc_m_audit_checkstep` VALUES ('3', '7', '', '3', '', '', null, '1', '1', null, '2016-10-27 11:35:16', '6', '2016-10-27 11:35:14', '6');
INSERT INTO `jc_m_audit_checkstep` VALUES ('6', '7', '', '4', '1', '11', '', '0', null, null, '2016-10-27 16:16:59', '6', '2016-10-27 16:40:32', '6');
INSERT INTO `jc_m_audit_checkstep` VALUES ('8', '7', '', '4', '123', '1111', '', '0', null, null, '2016-10-27 17:04:21', '6', '2016-10-27 17:07:57', '6');
INSERT INTO `jc_m_audit_checkstep` VALUES ('9', '7', '', '5', '444', '444444444444444', '', '0', null, null, '2016-11-16 14:53:28', '6', '2016-11-16 14:53:28', '6');
INSERT INTO `jc_m_audit_checkstep` VALUES ('10', '234', '', '1', '1', '1111111', '', '0', null, null, '2016-11-16 15:04:32', '6', '2016-11-16 15:04:32', '6');
INSERT INTO `jc_m_audit_checkstep` VALUES ('11', '234', '', '2', '222222222', '2222222222', '', '0', null, null, '2016-11-16 15:04:45', '6', '2016-11-16 15:04:50', '6');

-- ----------------------------
-- Table structure for `jc_m_checkdb_all`
-- ----------------------------
DROP TABLE IF EXISTS `jc_m_checkdb_all`;
CREATE TABLE `jc_m_checkdb_all` (
  `id` bigint(64) unsigned NOT NULL AUTO_INCREMENT COMMENT '',
  `RES_TYPE` smallint(255) unsigned NOT NULL DEFAULT '1' COMMENT '',
  `CASCADE_ID` varchar(255) NOT NULL COMMENT 'ID',
  `PID` bigint(64) unsigned DEFAULT NULL COMMENT '',
  `NAME` varchar(255) NOT NULL COMMENT '',
  `URI` varchar(512) DEFAULT NULL COMMENT 'URLmo',
  `HOTKEY` varchar(255) DEFAULT NULL COMMENT '',
  `RES_ICON` varchar(255) DEFAULT '0' COMMENT '',
  `RES_WEIGHT` int(10) unsigned DEFAULT '0' COMMENT '',
  `IS_SHOW` bit(1) DEFAULT NULL,
  `IS_FOLDER` varchar(255) DEFAULT '1' COMMENT '',
  `IS_AUTO_EXPAND` varchar(255) DEFAULT '0' COMMENT '',
  `STATUS` smallint(255) DEFAULT '1' COMMENT '',
  `IDENTITY` varchar(255) DEFAULT NULL COMMENT '',
  `CREATETIME` datetime DEFAULT NULL COMMENT '',
  `CREATERID` bigint(64) unsigned DEFAULT NULL COMMENT 'ID',
  `UPDATETIME` datetime DEFAULT NULL,
  `UPDATERID` bigint(64) unsigned DEFAULT NULL,
  `CUSTOM_CODE` varchar(4000) DEFAULT NULL COMMENT '',
  `F_DELETED` bit(1) DEFAULT b'0',
  PRIMARY KEY (`id`)
) ENGINE=InnoDB AUTO_INCREMENT=9 DEFAULT CHARSET=utf8 ROW_FORMAT=COMPACT COMMENT='';

-- ----------------------------
-- Records of jc_m_checkdb_all
-- ----------------------------
INSERT INTO `jc_m_checkdb_all` VALUES ('1', '1', '1', '1', '', null, null, '0', '0', null, '1', '0', '1', null, null, null, null, null, null, '');
INSERT INTO `jc_m_checkdb_all` VALUES ('2', '1', '1', '1', '', null, null, '0', '0', null, '1', '0', '1', null, null, null, null, null, null, '');
INSERT INTO `jc_m_checkdb_all` VALUES ('3', '1', '1.001', '2', 'GCP', null, null, '0', '0', null, '1', '0', '1', null, null, null, null, null, null, '');
INSERT INTO `jc_m_checkdb_all` VALUES ('4', '1', '1.002', '2', 'CDISC', null, null, '0', '0', null, '1', '0', '1', null, null, null, null, null, null, '');
INSERT INTO `jc_m_checkdb_all` VALUES ('5', '1', '1.003', '2', 'XX', null, null, '0', '0', null, '1', '0', '1', null, null, null, null, null, null, '');
INSERT INTO `jc_m_checkdb_all` VALUES ('6', '1', '1.004', '2', '', null, null, '0', '0', null, '1', '0', '1', null, null, null, null, null, null, '');
INSERT INTO `jc_m_checkdb_all` VALUES ('7', '1', '1.001.0000001', '3', 'GCP1', null, null, '0', '0', null, '0', '0', '1', null, null, null, null, null, null, '');
INSERT INTO `jc_m_checkdb_all` VALUES ('8', '1', '1.001.0000002', '3', 'GCP2', null, null, '0', '0', null, '0', '0', '1', null, null, null, null, null, null, '');

-- ----------------------------
-- Table structure for `jc_m_doc_all`
-- ----------------------------
DROP TABLE IF EXISTS `jc_m_doc_all`;
CREATE TABLE `jc_m_doc_all` (
  `id` int(64) NOT NULL AUTO_INCREMENT COMMENT '',
  `cascade_id` varchar(255) DEFAULT NULL COMMENT 'ID',
  `name` varchar(255) DEFAULT NULL COMMENT '',
  `hotkey` varchar(255) DEFAULT NULL COMMENT '',
  `parent_id` varchar(64) DEFAULT NULL COMMENT '',
  `parent_name` varchar(255) DEFAULT NULL COMMENT '',
  `is_leaf` varchar(255) DEFAULT '1' COMMENT '',
  `is_auto_expand` varchar(255) DEFAULT '0' COMMENT '',
  `icon_name` varchar(255) DEFAULT NULL COMMENT '',
  `status` varchar(255) DEFAULT '1' COMMENT '',
  `type` varchar(255) DEFAULT NULL COMMENT '',
  `biz_code` varchar(255) DEFAULT NULL COMMENT '',
  `custom_code` varchar(4000) DEFAULT NULL COMMENT '',
  `create_time` varchar(255) DEFAULT NULL COMMENT '',
  `creater_id` varchar(64) DEFAULT NULL COMMENT 'ID',
  `sort_no` int(10) DEFAULT NULL COMMENT '',
  `uri` varchar(255) DEFAULT NULL COMMENT 'uri',
  `visit_count` int(11) DEFAULT NULL COMMENT '',
  PRIMARY KEY (`id`)
) ENGINE=InnoDB AUTO_INCREMENT=6 DEFAULT CHARSET=utf8 ROW_FORMAT=COMPACT COMMENT='';

-- ----------------------------
-- Records of jc_m_doc_all
-- ----------------------------
INSERT INTO `jc_m_doc_all` VALUES ('1', '0', '', null, '1', null, '0', '0', null, '1', null, null, null, null, null, null, null, null);
INSERT INTO `jc_m_doc_all` VALUES ('2', '0.001', 'SOP', null, '1', '', '0', '0', null, '1', null, null, null, null, null, null, null, null);
INSERT INTO `jc_m_doc_all` VALUES ('3', '0.002', '', null, '1', '', '0', '0', null, '1', null, null, null, null, null, null, null, null);
INSERT INTO `jc_m_doc_all` VALUES ('4', '0.003', '', null, '1', '', '0', '0', null, '1', null, null, null, null, null, null, null, null);
INSERT INTO `jc_m_doc_all` VALUES ('5', '0.004', '', null, '1', '', '0', '0', null, '1', null, null, null, null, null, null, null, null);

-- ----------------------------
-- Table structure for `jc_m_doc_allinone`
-- ----------------------------
DROP TABLE IF EXISTS `jc_m_doc_allinone`;
CREATE TABLE `jc_m_doc_allinone` (
  `id` bigint(64) unsigned NOT NULL AUTO_INCREMENT COMMENT '',
  `RES_TYPE` smallint(255) unsigned NOT NULL DEFAULT '1' COMMENT '',
  `CASCADE_ID` varchar(255) NOT NULL COMMENT 'ID',
  `PID` bigint(64) unsigned DEFAULT NULL COMMENT '',
  `ORGID` bigint(64) DEFAULT NULL,
  `F_ORGROOT` bit(1) DEFAULT NULL,
  `NAME` varchar(255) NOT NULL COMMENT '',
  `URI` varchar(512) DEFAULT NULL COMMENT 'URLmo',
  `HOTKEY` varchar(255) DEFAULT NULL COMMENT '',
  `RES_ICON` varchar(255) DEFAULT '0' COMMENT '',
  `RES_WEIGHT` int(10) unsigned DEFAULT '0' COMMENT '',
  `IS_SHOW` bit(1) DEFAULT NULL,
  `IS_FOLDER` bit(1) DEFAULT b'1' COMMENT '',
  `IS_AUTO_EXPAND` bit(1) DEFAULT b'0' COMMENT '',
  `STATUS` smallint(255) DEFAULT '1' COMMENT '',
  `IDENTITY` varchar(255) DEFAULT NULL COMMENT '',
  `CREATETIME` datetime NOT NULL DEFAULT CURRENT_TIMESTAMP COMMENT '',
  `CREATERID` bigint(64) unsigned NOT NULL COMMENT 'ID',
  `UPDATETIME` datetime NOT NULL DEFAULT CURRENT_TIMESTAMP,
  `UPDATERID` bigint(64) unsigned NOT NULL,
  `CUSTOM_CODE` varchar(4000) DEFAULT NULL COMMENT '',
  `F_DELETED` bit(1) DEFAULT b'0',
  `RES_ICON_EXT` varchar(255) DEFAULT NULL,
  `F_LAZY` bit(1) DEFAULT b'1',
  PRIMARY KEY (`id`),
  KEY `PID` (`PID`),
  CONSTRAINT `jc_m_doc_allinone_ibfk_1` FOREIGN KEY (`PID`) REFERENCES `jc_m_doc_allinone` (`id`)
) ENGINE=InnoDB AUTO_INCREMENT=121 DEFAULT CHARSET=utf8 ROW_FORMAT=COMPACT COMMENT='';

-- ----------------------------
-- Records of jc_m_doc_allinone
-- ----------------------------
INSERT INTO `jc_m_doc_allinone` VALUES ('1', '1', '0', '1', '1', '', '', null, null, null, null, '', '', '', '1', '', '2016-07-07 10:34:50', '1', '2016-07-07 10:34:50', '1', '', '', null, '');
INSERT INTO `jc_m_doc_allinone` VALUES ('2', '1', '1', '1', '2', '', 'ROOT', null, null, null, '1000', '', '', '', '1', '', '2016-07-07 10:45:23', '1', '2016-07-07 10:45:23', '1', '', '', null, '');
INSERT INTO `jc_m_doc_allinone` VALUES ('3', '1', '1.001', '2', '3', '', '', null, null, null, '3000', '', '', '', '1', '', '2016-07-07 14:24:05', '1', '2016-07-07 14:24:05', '1', '', '', null, '');
INSERT INTO `jc_m_doc_allinone` VALUES ('4', '1', '1.002', '2', '31', '', '', null, null, '0', '2000', '', '', '', '1', null, '2016-07-19 15:52:21', '1', '2016-07-19 15:52:26', '1', null, '', null, '');
INSERT INTO `jc_m_doc_allinone` VALUES ('5', '1', '1.001.001', '3', '2', '', '', '', '', '0', '4000', '', '', '', '1', '', '2016-07-19 15:55:06', '1', '2016-07-19 15:55:13', '1', '', '', null, '');
INSERT INTO `jc_m_doc_allinone` VALUES ('100', '1', '1.001.002', '3', '2', '', 'SOP', null, null, '0', '0', null, '', '', '1', null, '2016-10-22 17:24:47', '0', '2016-10-22 17:24:50', '0', null, '', null, '');
INSERT INTO `jc_m_doc_allinone` VALUES ('101', '1', '1.001.003', '3', '30', '', '', null, null, '0', '0', null, '', '', '1', null, '2016-10-22 17:26:32', '0', '2016-10-22 17:26:32', '0', null, '', null, '');
INSERT INTO `jc_m_doc_allinone` VALUES ('102', '0', '1.002.001', '4', '31', '', '11', null, null, null, null, null, '', '', '0', '', '2016-10-23 07:43:51', '6', '2016-11-16 14:43:10', '6', '', '', null, '');
INSERT INTO `jc_m_doc_allinone` VALUES ('103', '0', '1.002.002', '4', '31', '', '1444', null, null, null, null, null, '', '', '0', '', '2016-10-23 07:44:09', '6', '2016-11-19 07:28:48', '6', '', '', null, '');
INSERT INTO `jc_m_doc_allinone` VALUES ('119', '0', '1.002.003', '4', '31', '', '3', null, null, null, null, null, '', '', '0', '', '2016-11-16 15:47:25', '6', '2016-11-16 15:47:25', '6', '', '', null, '');
INSERT INTO `jc_m_doc_allinone` VALUES ('120', '0', '1.002.004', '4', '31', null, '444', null, null, null, null, null, '', null, '0', '', '2016-11-16 16:04:03', '6', '2016-11-16 16:04:03', '6', '', '', null, '');

-- ----------------------------
-- Table structure for `jc_m_doc_catalog`
-- ----------------------------
DROP TABLE IF EXISTS `jc_m_doc_catalog`;
CREATE TABLE `jc_m_doc_catalog` (
  `id` bigint(64) unsigned NOT NULL AUTO_INCREMENT COMMENT '',
  `RES_TYPE` smallint(255) unsigned NOT NULL DEFAULT '1' COMMENT '',
  `CASCADE_ID` varchar(255) NOT NULL COMMENT 'ID',
  `PID` bigint(64) unsigned DEFAULT NULL COMMENT '',
  `NAME` varchar(255) NOT NULL COMMENT '',
  `URI` varchar(512) DEFAULT NULL COMMENT 'URLmo',
  `HOTKEY` varchar(255) DEFAULT NULL COMMENT '',
  `RES_ICON` varchar(255) DEFAULT '0' COMMENT '',
  `RES_WEIGHT` int(10) unsigned DEFAULT '0' COMMENT '',
  `IS_SHOW` bit(1) DEFAULT NULL,
  `IS_FOLDER` varchar(255) DEFAULT '1' COMMENT '',
  `IS_AUTO_EXPAND` varchar(255) DEFAULT '0' COMMENT '',
  `STATUS` smallint(255) DEFAULT '1' COMMENT '',
  `IDENTITY` varchar(255) DEFAULT NULL COMMENT '',
  `CREATETIME` datetime NOT NULL COMMENT '',
  `CREATERID` bigint(64) unsigned NOT NULL COMMENT 'ID',
  `UPDATETIME` datetime NOT NULL,
  `UPDATERID` bigint(64) unsigned NOT NULL,
  `CUSTOM_CODE` varchar(4000) DEFAULT NULL COMMENT '',
  PRIMARY KEY (`id`)
) ENGINE=InnoDB AUTO_INCREMENT=18 DEFAULT CHARSET=utf8 ROW_FORMAT=COMPACT COMMENT='';

-- ----------------------------
-- Records of jc_m_doc_catalog
-- ----------------------------
INSERT INTO `jc_m_doc_catalog` VALUES ('1', '1', '1', '0', '', null, null, null, null, '', '1', '1', '1', '', '2016-07-07 10:34:50', '1', '2016-07-07 10:34:50', '1', '');
INSERT INTO `jc_m_doc_catalog` VALUES ('2', '1', '1.001', '1', 'SOP', null, null, null, '1000', '', '1', '1', '1', '', '2016-07-07 10:45:23', '1', '2016-07-07 10:45:23', '1', '');
INSERT INTO `jc_m_doc_catalog` VALUES ('3', '1', '1.002', '1', '', null, null, null, '3000', '', '1', '1', '1', '', '2016-07-07 14:24:05', '1', '2016-07-07 14:24:05', '1', '');
INSERT INTO `jc_m_doc_catalog` VALUES ('4', '1', '1.003', '1', '', null, null, '0', '2000', '', '1', '1', '1', null, '2016-07-19 15:52:21', '1', '2016-07-19 15:52:26', '1', null);
INSERT INTO `jc_m_doc_catalog` VALUES ('5', '1', '1.004', '1', '', '', '', '0', '4000', '', '1', '1', '1', '', '2016-07-19 15:55:06', '1', '2016-07-19 15:55:13', '1', '');
INSERT INTO `jc_m_doc_catalog` VALUES ('6', '1', '1.002.0000001', '3', 'Real_1', null, null, '0', '1000', '', '0', '0', '1', 'test', '2016-07-19 15:56:23', '1', '2016-07-19 15:56:25', '1', null);
INSERT INTO `jc_m_doc_catalog` VALUES ('7', '1', '1.002.0000002', '3', 'Real_Tue Jul 19 16:00:53 CST 2016', null, null, null, '3000', '', '0', '0', '1', 'test', '2016-07-19 16:00:53', '3', '2016-07-19 16:00:53', '3', '');
INSERT INTO `jc_m_doc_catalog` VALUES ('8', '1', '1.002.0000003', '3', 'Real_Tue Jul 19 16:01:06 CST 2016', null, null, null, '2000', '', '0', '0', '1', 'test', '2016-07-19 16:01:06', '3', '2016-07-19 16:01:06', '3', '');
INSERT INTO `jc_m_doc_catalog` VALUES ('9', '1', '1.005', '1', '111111', null, null, '0', '999', '', '1', '0', '1', null, '2016-07-19 16:32:18', '1', '2016-07-19 16:32:21', '1', null);
INSERT INTO `jc_m_doc_catalog` VALUES ('10', '1', '1.005.001', '9', '2', null, null, null, '1000', '', '1', '1', '1', '', '2016-07-19 16:35:35', '9', '2016-07-19 16:35:35', '9', '');
INSERT INTO `jc_m_doc_catalog` VALUES ('11', '1', '1.005.001.001', '10', '3', null, null, null, '1000', '', '1', '1', '1', '', '2016-07-19 16:37:25', '10', '2016-07-19 16:37:25', '10', '');
INSERT INTO `jc_m_doc_catalog` VALUES ('12', '1', '1.005.001.001.001', '11', '4', null, null, null, '1000', '', '1', '1', '1', '', '2016-07-19 16:39:44', '11', '2016-07-19 16:39:44', '11', '');
INSERT INTO `jc_m_doc_catalog` VALUES ('13', '1', '1.005.001.001.001.0000001', '12', '1', null, null, null, '1000', '', '0', '1', '1', '', '2016-07-19 16:50:52', '12', '2016-07-19 16:50:52', '12', '');
INSERT INTO `jc_m_doc_catalog` VALUES ('14', '1', '1.005.001.001.001.0000001', '10', '3_002', null, null, null, '1000', '', '1', '1', '1', '', '2016-07-20 01:08:00', '1', '2016-07-20 01:08:00', '1', '');
INSERT INTO `jc_m_doc_catalog` VALUES ('15', '1', '1.005.001.001.001.0000001', '10', '3_003', null, null, null, '1000', '', '1', '1', '1', '', '2016-07-20 01:13:42', '1', '2016-07-20 01:13:42', '1', '');
INSERT INTO `jc_m_doc_catalog` VALUES ('16', '1', '1.005.001.001.001.0000001', '12', '5', null, null, null, '1000', '', '1', '1', '1', '', '2016-07-20 01:14:02', '1', '2016-07-20 01:14:02', '1', '');
INSERT INTO `jc_m_doc_catalog` VALUES ('17', '1', '0', '0', '', null, null, '0', '0', null, '1', '0', '1', null, '2016-07-19 16:14:19', '1', '2016-07-19 16:14:21', '1', null);

-- ----------------------------
-- Table structure for `jc_m_doc_file`
-- ----------------------------
DROP TABLE IF EXISTS `jc_m_doc_file`;
CREATE TABLE `jc_m_doc_file` (
  `id` bigint(64) unsigned NOT NULL AUTO_INCREMENT COMMENT '',
  `RES_TYPE` smallint(255) unsigned NOT NULL DEFAULT '1' COMMENT '',
  `CAT_CASCADE_ID` varchar(255) DEFAULT NULL COMMENT 'ID',
  `CATALOGID` bigint(64) DEFAULT NULL,
  `NAME` varchar(255) NOT NULL COMMENT '',
  `URI` varchar(512) DEFAULT NULL COMMENT 'URLmo',
  `HOTKEY` varchar(255) DEFAULT NULL COMMENT '',
  `RES_ICON` varchar(255) DEFAULT '0' COMMENT '',
  `RES_WEIGHT` int(10) unsigned DEFAULT '0' COMMENT '',
  `IS_SHOW` bit(1) DEFAULT NULL,
  `IS_FOLDER` bit(1) DEFAULT b'0' COMMENT '',
  `IS_AUTO_EXPAND` bit(1) DEFAULT b'0' COMMENT '',
  `STATUS` smallint(255) DEFAULT '1' COMMENT '',
  `IDENTITY` varchar(255) DEFAULT NULL COMMENT '',
  `CREATETIME` datetime NOT NULL DEFAULT CURRENT_TIMESTAMP COMMENT '',
  `CREATERID` bigint(64) unsigned NOT NULL COMMENT 'ID',
  `UPDATETIME` datetime NOT NULL DEFAULT CURRENT_TIMESTAMP,
  `UPDATERID` bigint(64) unsigned NOT NULL,
  `CUSTOM_CODE` varchar(4000) DEFAULT NULL COMMENT '',
  `F_DELETED` bit(1) DEFAULT b'0',
  `RES_ICON_EXT` varchar(255) DEFAULT NULL,
  `MODULE` varchar(255) DEFAULT NULL,
  PRIMARY KEY (`id`)
) ENGINE=InnoDB AUTO_INCREMENT=121 DEFAULT CHARSET=utf8 ROW_FORMAT=COMPACT COMMENT='';

-- ----------------------------
-- Records of jc_m_doc_file
-- ----------------------------
INSERT INTO `jc_m_doc_file` VALUES ('118', '0', null, '4', '1', 'realfile_1479284059035.pdf', null, '0', '0', null, '', '', '0', '', '2016-11-16 16:14:20', '6', '2016-11-16 16:14:20', '6', '', '', null, 'doccenter');
INSERT INTO `jc_m_doc_file` VALUES ('119', '0', null, '102', '1', 'realfile_1479284074598.pdf', null, '0', '0', null, '', '', '0', '', '2016-11-16 16:14:35', '6', '2016-11-16 16:14:35', '6', '', '', null, 'doccenter');
INSERT INTO `jc_m_doc_file` VALUES ('120', '0', null, '4', '2', 'realfile_1479284100779.pdf', null, '0', '0', null, '', '', '0', '', '2016-11-16 16:15:01', '6', '2016-11-16 16:15:01', '6', '', '', null, 'doccenter');

-- ----------------------------
-- Table structure for `jc_pj_application`
-- ----------------------------
DROP TABLE IF EXISTS `jc_pj_application`;
CREATE TABLE `jc_pj_application` (
  `ID` bigint(64) unsigned NOT NULL AUTO_INCREMENT COMMENT '',
  `SUBJECT` varchar(64) DEFAULT NULL COMMENT '',
  `CLITYPE` char(2) DEFAULT NULL COMMENT '',
  `COMPNAME` varchar(64) DEFAULT NULL COMMENT '',
  `CONTACTS` varchar(10) DEFAULT NULL COMMENT '',
  `COMPTEL` varchar(20) DEFAULT NULL,
  `CONTACTTEL` varchar(20) DEFAULT NULL,
  `PRICING` varchar(64) DEFAULT NULL COMMENT '',
  `STATUS` tinyint(255) DEFAULT NULL COMMENT '',
  `CREATETIME` datetime DEFAULT CURRENT_TIMESTAMP COMMENT ' ',
  `CREATERID` bigint(64) DEFAULT NULL COMMENT '',
  `UPDATETIME` datetime DEFAULT CURRENT_TIMESTAMP,
  `UPDATERID` bigint(64) DEFAULT NULL,
  `F_DELETED` bit(1) DEFAULT b'0' COMMENT '',
  PRIMARY KEY (`ID`),
  UNIQUE KEY `username` (`SUBJECT`)
) ENGINE=InnoDB AUTO_INCREMENT=4 DEFAULT CHARSET=utf8 ROW_FORMAT=COMPACT COMMENT='';

-- ----------------------------
-- Records of jc_pj_application
-- ----------------------------
INSERT INTO `jc_pj_application` VALUES ('1', 'GCP', '1', 'XXX', '', '022-24567890', '13920888888', '100000', '1', '2016-09-04 17:35:12', null, '2016-09-04 17:35:12', null, null);
INSERT INTO `jc_pj_application` VALUES ('2', '', '1', '', '', null, null, null, '30', '2016-09-04 19:38:16', '6', '2016-09-04 23:43:17', '6', null);
INSERT INTO `jc_pj_application` VALUES ('3', '1', '1', '1', '1', null, null, null, '0', '2016-09-04 19:39:36', '6', '2016-09-04 19:39:36', '6', null);

-- ----------------------------
-- Table structure for `jc_pj_info`
-- ----------------------------
DROP TABLE IF EXISTS `jc_pj_info`;
CREATE TABLE `jc_pj_info` (
  `ID` bigint(64) unsigned NOT NULL AUTO_INCREMENT COMMENT '',
  `PJNAME` varchar(64) DEFAULT NULL COMMENT '',
  `PJCONTRACTURI` varchar(255) DEFAULT NULL COMMENT '',
  `MANAGERID` bigint(64) DEFAULT NULL,
  `PJManagerTEL` varchar(20) DEFAULT NULL,
  `BUDGET` varchar(10) DEFAULT NULL COMMENT '',
  `STATUS` tinyint(255) DEFAULT NULL COMMENT '',
  `CREATETIME` datetime DEFAULT CURRENT_TIMESTAMP COMMENT ' ',
  `CREATERID` bigint(64) DEFAULT NULL COMMENT '',
  `UPDATETIME` datetime DEFAULT CURRENT_TIMESTAMP,
  `UPDATERID` bigint(64) DEFAULT NULL,
  `F_DELETED` bit(1) DEFAULT b'0' COMMENT '',
  `PJSTARTDATE` datetime DEFAULT NULL,
  `PJDEADLINEDATE` datetime DEFAULT NULL,
  `CUSTOM_CODE` varchar(255) DEFAULT NULL,
  PRIMARY KEY (`ID`),
  UNIQUE KEY `username` (`PJNAME`)
) ENGINE=InnoDB AUTO_INCREMENT=27 DEFAULT CHARSET=utf8 ROW_FORMAT=COMPACT COMMENT='';

-- ----------------------------
-- Records of jc_pj_info
-- ----------------------------
INSERT INTO `jc_pj_info` VALUES ('4', 'GCP', null, '6', '13920888888', '100000', '60', '2016-09-05 04:40:03', null, '2016-09-05 04:40:03', null, null, null, null, null);
INSERT INTO `jc_pj_info` VALUES ('11', 'ffff', null, '6', null, '111111', '0', '2016-09-05 05:34:46', '6', '2016-09-05 05:34:46', '6', null, null, null, null);
INSERT INTO `jc_pj_info` VALUES ('12', '1', null, null, null, '0', '0', null, null, null, null, null, null, null, null);
INSERT INTO `jc_pj_info` VALUES ('14', '2016-09-05T06:35:30.442', null, null, null, '0', '0', null, null, null, null, null, null, null, null);
INSERT INTO `jc_pj_info` VALUES ('15', '2016-09-05T06:36:45.832', null, null, null, '0', '0', null, null, null, null, null, null, null, null);
INSERT INTO `jc_pj_info` VALUES ('16', '2016-09-05T06:38:55.215', null, null, null, '0', '0', null, null, null, null, null, null, null, null);
INSERT INTO `jc_pj_info` VALUES ('17', '2016-09-05T06:41:11.733', null, null, null, '0', '0', null, null, null, null, null, null, null, null);
INSERT INTO `jc_pj_info` VALUES ('18', '2016-09-05T06:56:54.755', null, null, null, '0', '0', null, null, null, null, null, null, null, null);
INSERT INTO `jc_pj_info` VALUES ('19', '2016-09-05T06:58:41.692', null, null, null, '0', '0', null, null, null, null, null, null, null, null);
INSERT INTO `jc_pj_info` VALUES ('20', '2016-09-05T07:00:11.758', null, null, null, '0', '0', null, null, null, null, null, null, null, null);
INSERT INTO `jc_pj_info` VALUES ('21', '2016-09-05T07:01:18.900', null, null, null, '0', '0', null, null, null, null, null, null, null, null);
INSERT INTO `jc_pj_info` VALUES ('22', '2016-09-05T07:26:09.259', null, null, null, '0', '0', null, null, null, null, null, null, null, null);
INSERT INTO `jc_pj_info` VALUES ('23', '2016-09-05T07:27:43.354', null, null, null, '0', '0', null, null, null, null, null, null, null, null);
INSERT INTO `jc_pj_info` VALUES ('24', '2016-09-05T07:29:38.442', null, null, null, '0', '0', null, null, null, null, null, null, null, null);
INSERT INTO `jc_pj_info` VALUES ('25', '1', null, '6', null, '1', '0', '2016-09-05 07:48:33', '6', '2016-09-05 07:48:33', '6', null, null, null, null);
INSERT INTO `jc_pj_info` VALUES ('26', '1', null, '6', null, '1111', '0', '2016-09-05 09:55:51', '6', '2016-09-05 09:55:51', '6', null, null, null, null);

-- ----------------------------
-- Table structure for `jc_pj_info_basic`
-- ----------------------------
DROP TABLE IF EXISTS `jc_pj_info_basic`;
CREATE TABLE `jc_pj_info_basic` (
  `ID` bigint(64) unsigned NOT NULL AUTO_INCREMENT COMMENT '',
  `PJNAME` varchar(64) DEFAULT NULL COMMENT '',
  `PJCONTRACTURI` varchar(255) DEFAULT NULL COMMENT '',
  `MANAGERID` bigint(64) DEFAULT NULL,
  `BUDGET` int(10) DEFAULT NULL COMMENT '',
  `STATUS` tinyint(255) DEFAULT NULL COMMENT '',
  `STARTDATE` datetime DEFAULT NULL,
  `DEADLINEDATE` datetime DEFAULT NULL,
  `CREATETIME` datetime DEFAULT CURRENT_TIMESTAMP COMMENT ' ',
  `CREATERID` bigint(64) DEFAULT NULL COMMENT '',
  `UPDATETIME` datetime DEFAULT CURRENT_TIMESTAMP,
  `UPDATERID` bigint(64) DEFAULT NULL,
  `F_DELETED` bit(1) DEFAULT b'0' COMMENT '',
  `CUSTOM_CODE` varchar(255) DEFAULT NULL,
  `WFDEFID` bigint(64) DEFAULT NULL,
  `CHKTEPID` bigint(64) DEFAULT NULL,
  PRIMARY KEY (`ID`),
  UNIQUE KEY `username` (`PJNAME`)
) ENGINE=InnoDB AUTO_INCREMENT=8 DEFAULT CHARSET=utf8 ROW_FORMAT=COMPACT COMMENT='';

-- ----------------------------
-- Records of jc_pj_info_basic
-- ----------------------------
INSERT INTO `jc_pj_info_basic` VALUES ('3', 'test_1', null, null, '100000', '0', '2016-01-01 00:00:00', '2016-12-01 00:00:00', null, null, null, null, '', '', null, null);
INSERT INTO `jc_pj_info_basic` VALUES ('4', 'test_2', null, '6', '100000', '0', '2016-01-01 00:00:00', '2016-12-01 00:00:00', null, null, null, null, '', '', null, null);
INSERT INTO `jc_pj_info_basic` VALUES ('5', 'test_3', null, '6', '100000', '0', '2016-01-01 00:00:00', '2016-12-01 00:00:00', null, null, null, null, '', '', null, null);
INSERT INTO `jc_pj_info_basic` VALUES ('6', 'aa', null, null, '0', '0', null, null, '2016-11-21 05:10:38', '6', '2016-11-21 05:10:38', '6', '', '', null, null);
INSERT INTO `jc_pj_info_basic` VALUES ('7', 'bb', null, null, '0', '0', null, null, '2016-11-21 05:24:46', '6', '2016-11-21 05:24:46', '6', '', '', null, null);

-- ----------------------------
-- Table structure for `jc_sys_group`
-- ----------------------------
DROP TABLE IF EXISTS `jc_sys_group`;
CREATE TABLE `jc_sys_group` (
  `id` bigint(64) unsigned NOT NULL AUTO_INCREMENT COMMENT '',
  `CASCADE_ID` varchar(255) DEFAULT '' COMMENT 'ID',
  `PID` bigint(64) unsigned DEFAULT NULL COMMENT '',
  `NAME` varchar(255) NOT NULL DEFAULT '' COMMENT '',
  `DESCRIBE` varchar(255) DEFAULT NULL,
  `RES_ICON` varchar(255) DEFAULT '' COMMENT '',
  `RES_WEIGHT` int(10) unsigned DEFAULT '0' COMMENT '',
  `IS_SHOW` bit(1) DEFAULT NULL,
  `IS_FOLDER` varchar(255) DEFAULT '1' COMMENT '',
  `IS_AUTO_EXPAND` varchar(255) DEFAULT '0' COMMENT '',
  `STATUS` smallint(255) DEFAULT '1' COMMENT '',
  `IDENTITY` varchar(255) DEFAULT NULL COMMENT '',
  `CREATETIME` datetime NOT NULL DEFAULT CURRENT_TIMESTAMP COMMENT '',
  `CREATERID` bigint(64) unsigned NOT NULL DEFAULT '1' COMMENT 'ID',
  `UPDATETIME` datetime NOT NULL DEFAULT CURRENT_TIMESTAMP,
  `UPDATERID` bigint(64) unsigned NOT NULL DEFAULT '1',
  `CUSTOM_CODE` varchar(4000) DEFAULT NULL COMMENT '',
  `ORGID` bigint(64) DEFAULT NULL,
  `TYPE` varchar(255) DEFAULT NULL,
  `REV` int(11) DEFAULT NULL,
  PRIMARY KEY (`id`)
) ENGINE=InnoDB AUTO_INCREMENT=7 DEFAULT CHARSET=utf8 ROW_FORMAT=COMPACT COMMENT='';

-- ----------------------------
-- Records of jc_sys_group
-- ----------------------------
INSERT INTO `jc_sys_group` VALUES ('1', '0', '1', 'ROOT', '', '', '0', null, '1', '0', '1', null, '2016-08-30 15:47:15', '1', '2016-08-30 15:47:15', '1', '', null, null, null);
INSERT INTO `jc_sys_group` VALUES ('2', '1', '1', 'Parent', '', '', '0', null, '1', '0', '1', null, '2016-08-30 16:03:14', '1', '2016-08-30 16:03:14', '1', '', null, null, null);
INSERT INTO `jc_sys_group` VALUES ('3', '1.001', '2', 'org1', 'ORG1', '', '0', null, '1', '0', '1', null, '2016-08-30 16:03:57', '1', '2016-08-30 16:03:57', '1', '', null, null, null);
INSERT INTO `jc_sys_group` VALUES ('4', '1.001.001', '3', 'org1_admin', 'ORG1', '', '0', null, '1', '0', '1', null, '2016-08-30 16:06:23', '1', '2016-08-30 16:06:23', '1', 'wf', null, null, null);
INSERT INTO `jc_sys_group` VALUES ('5', '1.001.002', '3', 'org1_secretary', 'ORG1', '', '0', null, '1', '0', '1', null, '2016-09-05 05:54:33', '1', '2016-09-05 05:54:33', '1', 'wf', null, null, null);
INSERT INTO `jc_sys_group` VALUES ('6', '1.001.003', null, 'org1_preaudit', 'ORG1', '', '0', null, '1', '0', '1', null, '2016-09-05 05:56:32', '1', '2016-09-05 05:56:32', '1', 'wf', null, null, null);

-- ----------------------------
-- Table structure for `jc_sys_menu`
-- ----------------------------
DROP TABLE IF EXISTS `jc_sys_menu`;
CREATE TABLE `jc_sys_menu` (
  `id` bigint(64) unsigned NOT NULL AUTO_INCREMENT COMMENT '',
  `RES_TYPE` smallint(255) unsigned NOT NULL DEFAULT '1' COMMENT '',
  `CASCADE_ID` varchar(255) NOT NULL COMMENT 'ID',
  `PID` bigint(64) unsigned DEFAULT NULL COMMENT '',
  `NAME` varchar(255) NOT NULL COMMENT '',
  `URI` varchar(512) DEFAULT NULL COMMENT 'URLmo',
  `HOTKEY` varchar(255) DEFAULT NULL COMMENT '',
  `RES_ICON` varchar(255) DEFAULT '' COMMENT '',
  `RES_ICON_EXT` varchar(255) DEFAULT '',
  `RES_WEIGHT` int(10) unsigned DEFAULT '0' COMMENT '',
  `IS_SHOW` bit(1) DEFAULT b'1',
  `IS_FOLDER` bit(1) DEFAULT b'1' COMMENT '',
  `IS_AUTO_EXPAND` bit(1) DEFAULT b'0' COMMENT '',
  `STATUS` smallint(255) DEFAULT '1' COMMENT '',
  `IDENTITY` varchar(255) DEFAULT NULL COMMENT '',
  `CREATETIME` datetime NOT NULL DEFAULT CURRENT_TIMESTAMP COMMENT '',
  `CREATERID` bigint(64) unsigned NOT NULL COMMENT 'ID',
  `UPDATETIME` datetime NOT NULL DEFAULT CURRENT_TIMESTAMP,
  `UPDATERID` bigint(64) unsigned NOT NULL,
  `CUSTOM_CODE` varchar(4000) DEFAULT NULL COMMENT '',
  `F_DELETED` bit(1) DEFAULT b'0',
  PRIMARY KEY (`id`)
) ENGINE=InnoDB AUTO_INCREMENT=122 DEFAULT CHARSET=utf8 ROW_FORMAT=COMPACT COMMENT='';

-- ----------------------------
-- Records of jc_sys_menu
-- ----------------------------
INSERT INTO `jc_sys_menu` VALUES ('1', '2', '1', '99', '', '#', null, null, null, null, '', '', '', '1', '', '2016-07-07 10:34:50', '1', '2016-07-07 10:34:50', '1', '', '');
INSERT INTO `jc_sys_menu` VALUES ('2', '2', '1.001', '1', '', '#', null, 'fa fa-lg fa-fw fa-home', '', '1000', '', '', '', '1', '', '2016-07-07 10:45:23', '1', '2016-07-07 10:45:23', '1', '', '');
INSERT INTO `jc_sys_menu` VALUES ('3', '2', '1.002', '1', '', '#', null, 'fa fa-lg fa-fw fa-inbox', '<em>3</em>', '2000', '', '', '', '1', '', '2016-07-07 14:24:05', '1', '2016-07-07 14:24:05', '1', '', '');
INSERT INTO `jc_sys_menu` VALUES ('4', '2', '1.003', '1', '', '#', null, 'fa fa-lg fa-fw fa-file-powerpoint-o', null, '3000', '', '', '', '1', null, '2016-07-19 15:52:21', '1', '2016-07-19 15:52:26', '1', null, '');
INSERT INTO `jc_sys_menu` VALUES ('99', '1', '0', '99', '', null, null, '0', null, '0', null, '', '', '1', null, '2016-07-19 16:14:19', '1', '2016-07-19 16:14:21', '1', null, '');
INSERT INTO `jc_sys_menu` VALUES ('100', '2', '1.001.001', '2', '', 'dashboard/dashboard.html', null, '0', null, '1000', null, '', '', '1', null, '2016-09-25 17:33:25', '0', '2016-09-25 17:33:31', '0', null, '');
INSERT INTO `jc_sys_menu` VALUES ('101', '2', '1.001.002', '2', '', 'dashboard/flot', null, '0', null, '2000', null, '', '', '1', null, '2016-09-25 17:33:29', '0', '2016-09-25 17:33:33', '0', null, '');
INSERT INTO `jc_sys_menu` VALUES ('102', '2', '1.004', '1', '', '#', null, 'fa fa-lg fa-fw fa-folder-o', null, '4000', null, '', '', '1', null, '2016-09-25 20:15:17', '0', '2016-09-25 20:15:19', '0', null, '');
INSERT INTO `jc_sys_menu` VALUES ('103', '2', '1.004.001', '102', '', 'doccenter/catalog/page.html', null, '0', null, '0', null, '', '', '1', null, '2016-09-25 20:16:18', '0', '2016-09-25 20:16:18', '0', null, '');
INSERT INTO `jc_sys_menu` VALUES ('104', '2', '1.004.002', '102', '', 'doccenter/file/page.html', null, '0', null, '0', null, '', '', '1', null, '2016-09-25 20:22:15', '0', '2016-09-25 20:22:15', '0', null, '');
INSERT INTO `jc_sys_menu` VALUES ('105', '2', '1.005', '1', '', null, null, 'fa fa-lg fa-fw fa-database', null, '5000', null, '', '', '1', null, '2016-09-25 20:26:52', '0', '2016-09-25 20:26:52', '0', null, '');
INSERT INTO `jc_sys_menu` VALUES ('106', '2', '1.006', '1', '', null, null, 'fa fa-lg fa-fw fa-long-arrow-right', null, '6000', null, '', '', '1', null, '2016-09-25 20:27:03', '0', '2016-09-25 20:27:03', '0', null, '');
INSERT INTO `jc_sys_menu` VALUES ('107', '2', '1.007', '1', '', null, null, 'fa fa-lg fa-fw fa-gear', null, '9000', null, '', '', '1', null, '2016-09-25 20:28:10', '0', '2016-09-25 20:28:10', '0', null, '');
INSERT INTO `jc_sys_menu` VALUES ('108', '2', '1.007.001', '107', '', 'system/org/page.html', null, '0', null, '1000', null, '', '', '1', null, '2016-09-25 20:28:45', '0', '2016-09-25 20:28:45', '0', null, '');
INSERT INTO `jc_sys_menu` VALUES ('109', '2', '1.007.002', '107', '', 'system/user/page.html', null, '0', null, '0', null, '', '', '1', null, '2016-09-25 20:30:17', '0', '2016-09-25 20:30:17', '0', null, '');
INSERT INTO `jc_sys_menu` VALUES ('110', '2', '1.007.003', '107', '', 'system/role/page.html', null, '0', null, '0', null, '', '', '1', null, '2016-09-25 20:31:08', '0', '2016-09-25 20:31:08', '0', null, '');
INSERT INTO `jc_sys_menu` VALUES ('111', '2', '1.006.001', '106', '', 'wf/def/page.html', null, '0', null, '0', null, '', '', '1', null, '2016-09-26 15:59:00', '0', '2016-09-26 15:59:00', '0', null, '');
INSERT INTO `jc_sys_menu` VALUES ('112', '2', '1.006.002', '106', '', 'wf/task/page.html', null, '0', null, '0', null, '', '', '1', null, '2016-09-26 16:00:20', '0', '2016-09-26 16:00:20', '0', null, '');
INSERT INTO `jc_sys_menu` VALUES ('113', '2', '1.007', '1', '', '#', null, 'fa fa-lg fa-fw fa-medkit', '', '7000', '', '', '', '1', null, '2016-10-17 05:25:16', '1', '2016-10-17 05:25:16', '1', null, '');
INSERT INTO `jc_sys_menu` VALUES ('114', '2', '1.007.001', '113', 'MedDRA', null, null, 'fa fa-lg fa-fw fa-cubes', '', '1000', '', '', '', '1', null, '2016-10-17 05:27:29', '1', '2016-10-17 05:27:29', '1', null, '');
INSERT INTO `jc_sys_menu` VALUES ('115', '2', '1.001.003', '2', '', 'dashboard/map.html', null, 'fa fa-lg fa-fw fa-map-marker', '', '3000', '', '', '', '1', null, '2016-10-17 05:40:32', '1', '2016-10-17 05:40:32', '1', null, '');
INSERT INTO `jc_sys_menu` VALUES ('116', '2', '1.005.001', '105', '', '#', null, 'fa fa-lg fa-fw fa-book', '', '0', '', '', '', '1', null, '2016-10-25 13:45:06', '0', '2016-10-25 13:45:06', '0', null, '');
INSERT INTO `jc_sys_menu` VALUES ('117', '2', '1.005.002', '105', '', 'auditdb/templet/page.html', null, 'fa fa-lg fa-fw fa-list-alt', '', '0', '', '', '', '1', null, '2016-10-25 13:45:25', '0', '2016-10-25 13:45:25', '0', null, '');
INSERT INTO `jc_sys_menu` VALUES ('118', '2', '1.005.001.001', '116', '', 'auditdb/chkitem/page.html', null, '', '', '0', '', '', '', '1', null, '2016-10-27 09:50:02', '0', '2016-10-27 09:50:02', '0', null, '');
INSERT INTO `jc_sys_menu` VALUES ('119', '2', '1.005.001.002', '116', '', 'auditdb/chkstep/page.html', null, '', '', '0', '', '', '', '1', null, '2016-10-27 09:50:28', '0', '2016-10-27 09:50:28', '0', null, '');
INSERT INTO `jc_sys_menu` VALUES ('120', '2', '1.003.001', '4', '', '/project/infor/basic/new', null, '', '', '1000', '', '', '', '1', null, '2016-11-16 16:23:02', '0', '2016-11-16 16:23:02', '0', null, '');
INSERT INTO `jc_sys_menu` VALUES ('121', '2', '1.003.002', '4', '', 'project/wf/start', null, '', '', '2000', '', '', '', '1', null, '2016-11-16 16:24:29', '0', '2016-11-16 16:24:29', '0', null, '');

-- ----------------------------
-- Table structure for `jc_sys_org`
-- ----------------------------
DROP TABLE IF EXISTS `jc_sys_org`;
CREATE TABLE `jc_sys_org` (
  `id` bigint(64) unsigned NOT NULL AUTO_INCREMENT COMMENT '',
  `TENANTID` bigint(64) unsigned DEFAULT NULL COMMENT 'ID',
  `CASCADE_ID` varchar(255) NOT NULL DEFAULT '' COMMENT 'ID',
  `F_DELETED` bit(1) DEFAULT b'0',
  `PID` bigint(64) unsigned NOT NULL COMMENT '',
  `NAME` varchar(255) NOT NULL DEFAULT '' COMMENT '',
  `CONTACT_NAME` varchar(20) DEFAULT NULL,
  `CONTACT_TEL` varchar(20) DEFAULT NULL,
  `CONTACT_EMAIL` varchar(64) DEFAULT NULL,
  `RES_TYPE` int(1) unsigned DEFAULT NULL,
  `RES_ICON` varchar(255) DEFAULT '' COMMENT '',
  `RES_WEIGHT` int(10) unsigned DEFAULT '0' COMMENT '',
  `IS_SHOW` bit(1) DEFAULT b'1',
  `IS_FOLDER` bit(1) DEFAULT b'1' COMMENT '',
  `IS_AUTO_EXPAND` bit(1) DEFAULT b'0' COMMENT '',
  `STATUS` smallint(255) DEFAULT '1' COMMENT '',
  `IDENTITY` varchar(255) DEFAULT NULL COMMENT '',
  `CREATETIME` datetime NOT NULL DEFAULT CURRENT_TIMESTAMP COMMENT '',
  `CREATERID` bigint(64) unsigned NOT NULL DEFAULT '1' COMMENT 'ID',
  `UPDATETIME` datetime NOT NULL DEFAULT CURRENT_TIMESTAMP,
  `UPDATERID` bigint(64) unsigned NOT NULL DEFAULT '1',
  `CUSTOM_CODE` varchar(4000) DEFAULT NULL COMMENT '',
  `RES_ICON_EXT` varchar(255) DEFAULT '',
  PRIMARY KEY (`id`)
) ENGINE=InnoDB AUTO_INCREMENT=78 DEFAULT CHARSET=utf8 ROW_FORMAT=COMPACT COMMENT='';

-- ----------------------------
-- Records of jc_sys_org
-- ----------------------------
INSERT INTO `jc_sys_org` VALUES ('1', '1', '0', '', '1', '', null, '13920888888', 'realtest@google.com', '8', '', '0', null, '', '', '1', null, '2016-08-30 15:26:54', '1', '2016-08-30 15:26:54', '1', null, null);
INSERT INTO `jc_sys_org` VALUES ('2', '3', '1', '', '1', 'ROOT', null, '13920888888', 'realtest@google.com', '8', '1', '1', null, '', '', '1', '1', '2016-08-30 15:33:36', '1', '2016-08-30 15:33:36', '1', '1', null);
INSERT INTO `jc_sys_org` VALUES ('3', '2', '1.001', '', '2', '', '1', '13920888888', 'realtest@google.com', '9', '0', '100', null, '', '', '1', null, '2016-08-30 15:34:44', '1', '2016-10-01 09:45:43', '6', null, null);
INSERT INTO `jc_sys_org` VALUES ('4', '4', '1.002', '', '2', '', 'aaaaa', '1392-088-8881', 'realtest@google.com', '9', '', '999', null, '', '', '1', null, '2016-09-03 11:21:07', '1', '2016-10-07 16:04:14', '6', null, null);
INSERT INTO `jc_sys_org` VALUES ('5', '5', '1.003', '', '2', '', null, '13920888888', 'realtest@google.com', '9', '', '200', null, '', '', '1', null, '2016-09-03 11:32:36', '1', '2016-09-03 11:32:36', '1', null, null);
INSERT INTO `jc_sys_org` VALUES ('6', '6', '1.002.001', '', '4', '', null, '13920888888', 'realtest@google.com', '1', '', '0', null, '', '', '1', null, '2016-09-03 11:33:36', '1', '2016-09-03 11:33:36', '1', null, null);
INSERT INTO `jc_sys_org` VALUES ('30', '2', '1.001.001', '', '3', '', '3', '1392-088-8888', 'realtest@google.com', '1', null, '200', '', '', '', '1', '', '2016-09-04 16:50:15', '6', '2016-10-07 22:19:52', '116', '', null);
INSERT INTO `jc_sys_org` VALUES ('31', '2', '1.004', '', '2', '', '1', '1382-088-8888', 'a@b.com', '0', null, null, '', '', '', '1', '', '2016-10-07 13:34:00', '6', '2016-10-09 04:40:26', '6', '', null);
INSERT INTO `jc_sys_org` VALUES ('58', null, '1.001.002', '', '3', '', '', '13920234616', 'a@b', '0', null, null, null, '', null, '0', '', '2016-10-17 06:17:11', '6', '2016-10-17 06:17:11', '6', '', null);
INSERT INTO `jc_sys_org` VALUES ('59', null, '1.001.003', '', '3', '', '', '13920234616', 'a@b', '0', null, null, null, '', null, '0', '', '2016-10-17 06:17:30', '6', '2016-10-17 06:17:30', '6', '', null);
INSERT INTO `jc_sys_org` VALUES ('60', null, '1.001.004', '', '3', '', '', '13920234616', 'a@b', '0', null, null, null, '', null, '0', '', '2016-10-17 06:17:36', '6', '2016-10-17 06:17:36', '6', '', null);
INSERT INTO `jc_sys_org` VALUES ('61', null, '1.004.001', '', '31', 'test20161018', 'aaa', '13911111111', 'a@b', '0', null, null, null, '', null, '0', '', '2016-10-18 14:21:16', '6', '2016-10-18 14:21:16', '6', '', null);
INSERT INTO `jc_sys_org` VALUES ('62', null, '1.004.001.001', '', '61', '11aabccddee', '333', '13920234616', 'a@b', '0', null, null, null, '', null, '0', '', '2016-10-18 14:25:38', '6', '2016-10-18 22:32:30', '6', '', null);
INSERT INTO `jc_sys_org` VALUES ('63', null, '1.004.001.002', '', '61', '222', '111', '13911111111', 'ab@b', '0', null, null, null, '', null, '0', '', '2016-10-18 16:30:44', '6', '2016-10-18 16:30:44', '6', '', null);
INSERT INTO `jc_sys_org` VALUES ('64', null, '1.004.001.003', '', '61', '333_3', '3333444', '13911111111', 'ab@b', '0', null, null, null, '', null, '0', '', '2016-10-18 16:31:01', '6', '2016-10-18 16:48:23', '6', '', null);
INSERT INTO `jc_sys_org` VALUES ('65', null, '1.004.001.004', '', '61', '4444', '4444', '13911111111', 'ab@b', '0', null, null, null, '', null, '0', '', '2016-10-18 16:31:15', '6', '2016-10-18 16:31:15', '6', '', null);
INSERT INTO `jc_sys_org` VALUES ('66', null, '1.004.001.005', '', '61', '555', '55', '13911111111', '5@b', '0', null, null, null, '', null, '0', '', '2016-10-18 16:33:02', '6', '2016-10-18 16:33:02', '6', '', null);
INSERT INTO `jc_sys_org` VALUES ('67', null, '1.004.001.006', '', '61', '2222', '11', '13091111111', 'A@b', '0', null, null, null, '', null, '0', '', '2016-10-18 16:33:53', '6', '2016-10-18 16:33:53', '6', '', null);
INSERT INTO `jc_sys_org` VALUES ('68', null, '1.004.001.007', '', '61', '22222', '22', '13011111111', '2@b', '0', null, null, null, '', null, '0', '', '2016-10-18 16:35:01', '6', '2016-10-18 16:35:01', '6', '', null);
INSERT INTO `jc_sys_org` VALUES ('69', null, '1.004.001.008', '', '61', 'a22', '2222', '13911111111', 'a@b', '0', null, null, null, '', null, '0', '', '2016-10-18 16:39:10', '6', '2016-10-18 22:28:09', '6', '', null);
INSERT INTO `jc_sys_org` VALUES ('70', null, '1.004.001.001.001', '', '62', 'aaa', 'aa', '13011111111', 'a@b', '0', null, null, null, '', null, '0', '', '2016-10-18 16:41:26', '6', '2016-10-18 16:41:26', '6', '', null);
INSERT INTO `jc_sys_org` VALUES ('71', null, '1.004.001.010', '', '61', '2222222', '111', '13000000000', 'a@b', '0', null, null, null, '', null, '0', '', '2016-10-19 09:25:11', '6', '2016-10-19 09:25:11', '6', '', null);
INSERT INTO `jc_sys_org` VALUES ('72', null, '1.004.012', '', '31', 'test20161020', '', '13000000000', 'a@b', '0', null, null, null, '', null, '0', '', '2016-10-20 13:32:51', '6', '2016-10-20 13:32:51', '6', '', null);
INSERT INTO `jc_sys_org` VALUES ('73', null, '1.004.012.001', '', '72', 'test1', 'test1', '13011111111', 'a@b', '0', null, null, null, '', null, '0', '', '2016-10-20 14:13:42', '6', '2016-10-20 14:13:42', '6', '', null);
INSERT INTO `jc_sys_org` VALUES ('74', null, '1.004.012.002', '', '72', 'test02', 'test02a', '13011111111', 'a@b', '0', null, null, null, '', null, '0', '', '2016-10-20 14:25:58', '6', '2016-10-20 14:29:31', '6', '', null);
INSERT INTO `jc_sys_org` VALUES ('75', null, '1.004.012.003', '', '72', 'test03', 'test03a', '13000000003', 'a@b', '0', null, null, null, '', null, '0', '', '2016-10-20 14:27:59', '6', '2016-10-20 14:32:52', '6', '', null);
INSERT INTO `jc_sys_org` VALUES ('76', null, '1.004.016', '', '31', 'test20161021', 'test', '13000000000', 'a@b', '0', null, null, null, '', null, '0', '', '2016-10-21 16:24:14', '6', '2016-10-21 16:24:14', '6', '', null);
INSERT INTO `jc_sys_org` VALUES ('77', null, '1.004.017', '', '31', 'test20161022', '', '13000000001', 'a@b', '0', null, null, null, '', null, '0', '', '2016-10-22 12:36:54', '6', '2016-10-22 12:37:41', '6', '', null);

-- ----------------------------
-- Table structure for `jc_sys_org2`
-- ----------------------------
DROP TABLE IF EXISTS `jc_sys_org2`;
CREATE TABLE `jc_sys_org2` (
  `id` bigint(64) unsigned NOT NULL AUTO_INCREMENT COMMENT '',
  `CASCADE_ID` varchar(255) NOT NULL COMMENT 'ID',
  `PID` bigint(64) unsigned DEFAULT NULL COMMENT '',
  `NAME` varchar(255) NOT NULL COMMENT '',
  `URI` varchar(512) DEFAULT NULL COMMENT 'URLmo',
  `HOTKEY` varchar(255) DEFAULT NULL COMMENT '',
  `RES_ICON` varchar(255) DEFAULT '0' COMMENT '',
  `RES_WEIGHT` int(10) unsigned DEFAULT '0' COMMENT '',
  `IS_SHOW` bit(1) DEFAULT NULL,
  `IS_FOLDER` varchar(255) DEFAULT '1' COMMENT '',
  `IS_AUTO_EXPAND` varchar(255) DEFAULT '0' COMMENT '',
  `STATUS` smallint(255) DEFAULT '1' COMMENT '',
  `IDENTITY` varchar(255) DEFAULT NULL COMMENT '',
  `CREATETIME` datetime NOT NULL COMMENT '',
  `CREATERID` bigint(64) unsigned NOT NULL COMMENT 'ID',
  `UPDATETIME` datetime NOT NULL,
  `UPDATERID` bigint(64) unsigned NOT NULL,
  `CUSTOM_CODE` varchar(4000) DEFAULT NULL COMMENT '',
  PRIMARY KEY (`id`)
) ENGINE=InnoDB AUTO_INCREMENT=100 DEFAULT CHARSET=utf8 ROW_FORMAT=COMPACT COMMENT='';

-- ----------------------------
-- Records of jc_sys_org2
-- ----------------------------
INSERT INTO `jc_sys_org2` VALUES ('1', '1', '99', '', null, null, null, null, '', '1', '1', '1', '', '2016-07-07 10:34:50', '1', '2016-07-07 10:34:50', '1', '');
INSERT INTO `jc_sys_org2` VALUES ('2', '1.001', '1', 'SOP', null, null, null, '1000', '', '1', '1', '1', '', '2016-07-07 10:45:23', '1', '2016-07-07 10:45:23', '1', '');
INSERT INTO `jc_sys_org2` VALUES ('3', '1.002', '1', '', null, null, null, '3000', '', '1', '1', '1', '', '2016-07-07 14:24:05', '1', '2016-07-07 14:24:05', '1', '');
INSERT INTO `jc_sys_org2` VALUES ('4', '1.003', '1', '', null, null, '0', '2000', '', '1', '1', '1', null, '2016-07-19 15:52:21', '1', '2016-07-19 15:52:26', '1', null);
INSERT INTO `jc_sys_org2` VALUES ('5', '1.004', '1', '', '', '', '0', '4000', '', '1', '1', '1', '', '2016-07-19 15:55:06', '1', '2016-07-19 15:55:13', '1', '');
INSERT INTO `jc_sys_org2` VALUES ('6', '1.002.0000001', '3', 'Real_1', null, null, '0', '1000', '', '0', '0', '1', 'test', '2016-07-19 15:56:23', '1', '2016-07-19 15:56:25', '1', null);
INSERT INTO `jc_sys_org2` VALUES ('7', '1.002.0000002', '3', 'Real_Tue Jul 19 16:00:53 CST 2016', null, null, null, '3000', '', '0', '0', '1', 'test', '2016-07-19 16:00:53', '3', '2016-07-19 16:00:53', '3', '');
INSERT INTO `jc_sys_org2` VALUES ('8', '1.002.0000003', '3', 'Real_Tue Jul 19 16:01:06 CST 2016', null, null, null, '2000', '', '0', '0', '1', 'test', '2016-07-19 16:01:06', '3', '2016-07-19 16:01:06', '3', '');
INSERT INTO `jc_sys_org2` VALUES ('9', '1.005', '1', '1', null, null, '0', '999', '', '1', '0', '1', null, '2016-07-19 16:32:18', '1', '2016-07-19 16:32:21', '1', null);
INSERT INTO `jc_sys_org2` VALUES ('10', '1.005.001', '9', '2', null, null, null, '1000', '', '1', '1', '1', '', '2016-07-19 16:35:35', '9', '2016-07-19 16:35:35', '9', '');
INSERT INTO `jc_sys_org2` VALUES ('11', '1.005.001.001', '10', '3', null, null, null, '1000', '', '1', '1', '1', '', '2016-07-19 16:37:25', '10', '2016-07-19 16:37:25', '10', '');
INSERT INTO `jc_sys_org2` VALUES ('12', '1.005.001.001.001', '11', '4', null, null, null, '1000', '', '1', '1', '1', '', '2016-07-19 16:39:44', '11', '2016-07-19 16:39:44', '11', '');
INSERT INTO `jc_sys_org2` VALUES ('13', '1.005.001.001.001.0000001', '12', '1', null, null, null, '1000', '', '0', '1', '1', '', '2016-07-19 16:50:52', '12', '2016-07-19 16:50:52', '12', '');
INSERT INTO `jc_sys_org2` VALUES ('14', '1.005.001.001.001.0000001', '10', '3_002', null, null, null, '1000', '', '1', '1', '1', '', '2016-07-20 01:08:00', '1', '2016-07-20 01:08:00', '1', '');
INSERT INTO `jc_sys_org2` VALUES ('15', '1.005.001.001.001.0000001', '10', '3_0033', null, null, null, '1000', '', '1', '1', '1', '', '2016-07-20 01:13:42', '1', '2016-07-20 01:13:42', '1', '');
INSERT INTO `jc_sys_org2` VALUES ('16', '1.005.001.001.001.0000001', '12', '5test', null, null, null, '1000', '', '1', '1', '1', '', '2016-07-20 01:14:02', '1', '2016-07-20 01:14:02', '1', '');
INSERT INTO `jc_sys_org2` VALUES ('99', '0', '99', '', null, null, '0', '0', null, '1', '0', '1', null, '2016-07-19 16:14:19', '1', '2016-07-19 16:14:21', '1', null);

-- ----------------------------
-- Table structure for `jc_sys_role`
-- ----------------------------
DROP TABLE IF EXISTS `jc_sys_role`;
CREATE TABLE `jc_sys_role` (
  `ID` bigint(64) unsigned NOT NULL AUTO_INCREMENT COMMENT ' ',
  `F_DELETED` bit(1) DEFAULT b'0',
  `ROLENAME` varchar(255) NOT NULL COMMENT '',
  `ROLESTATUS` tinyint(255) DEFAULT '1' COMMENT '',
  `ROLETYPE` tinyint(255) DEFAULT NULL COMMENT '',
  `MENUS` varchar(2000) DEFAULT NULL,
  `REALAUTHORITIES` varchar(2000) DEFAULT NULL,
  `CREATETIME` timestamp NULL DEFAULT CURRENT_TIMESTAMP ON UPDATE CURRENT_TIMESTAMP COMMENT '',
  `CREATERID` bigint(64) DEFAULT NULL COMMENT 'ID',
  `UPDATETIME` datetime DEFAULT NULL,
  `UPDATERID` bigint(64) DEFAULT NULL,
  `ORGID` bigint(64) DEFAULT NULL,
  `CUSTOM_CODE` varchar(4000) DEFAULT NULL,
  `STATUS` tinyint(255) DEFAULT NULL,
  PRIMARY KEY (`ID`)
) ENGINE=InnoDB AUTO_INCREMENT=65 DEFAULT CHARSET=utf8 ROW_FORMAT=COMPACT COMMENT='';

-- ----------------------------
-- Records of jc_sys_role
-- ----------------------------
INSERT INTO `jc_sys_role` VALUES ('1', '', '1', '1', '1', '2,100,106', 'test,test2', '2016-10-10 15:50:17', null, null, null, '3', null, '1');
INSERT INTO `jc_sys_role` VALUES ('2', '', '2', '1', '1', null, null, '2016-10-10 15:50:17', null, null, null, '3', null, '1');
INSERT INTO `jc_sys_role` VALUES ('3', '', '3', '1', '1', null, null, '2016-10-10 15:50:18', null, null, null, '3', null, '1');
INSERT INTO `jc_sys_role` VALUES ('4', '', '4', '1', '1', null, null, '2016-10-10 15:50:19', null, null, null, '3', null, '1');
INSERT INTO `jc_sys_role` VALUES ('5', '', '5cd', '1', '1', null, null, '2016-10-10 15:50:19', null, '2016-10-18 06:15:40', '6', '31', null, '1');
INSERT INTO `jc_sys_role` VALUES ('6', '', '', '1', '1', null, 'superadmin', '2016-10-27 09:45:09', null, null, null, '3', null, '1');
INSERT INTO `jc_sys_role` VALUES ('7', '', '', '1', '1', '2,100,102,103,104,107,108,109,110,106,115,120,121', 'Org-r,Org-c,Role-a,User-a,DocRes-a,DocFileRes-a', '2016-11-16 16:28:41', null, null, null, '30', null, '1');
INSERT INTO `jc_sys_role` VALUES ('37', '', '', null, null, null, null, '2016-10-17 06:24:54', '6', '2016-10-17 06:24:54', '6', '58', '', '0');
INSERT INTO `jc_sys_role` VALUES ('38', '', '', null, null, null, null, '2016-10-17 06:25:00', '6', '2016-10-17 06:25:00', '6', '58', '', '0');
INSERT INTO `jc_sys_role` VALUES ('39', '', '', null, null, null, null, '2016-10-17 06:25:53', '6', '2016-10-17 06:25:53', '6', '59', '', '0');
INSERT INTO `jc_sys_role` VALUES ('40', '', '', null, null, null, null, '2016-10-17 06:26:09', '6', '2016-10-17 06:26:09', '6', '60', '', '0');
INSERT INTO `jc_sys_role` VALUES ('41', '', '', null, null, null, null, '2016-10-17 06:28:39', '6', '2016-10-17 06:28:39', '6', '58', '', '0');
INSERT INTO `jc_sys_role` VALUES ('42', '', '', null, null, null, null, '2016-10-17 06:31:19', '6', '2016-10-17 06:31:19', '6', '59', '', '0');
INSERT INTO `jc_sys_role` VALUES ('43', '', '', null, null, null, null, '2016-10-17 06:38:24', '6', '2016-10-17 06:38:24', '6', '60', '', '0');
INSERT INTO `jc_sys_role` VALUES ('44', '', '', null, null, null, null, '2016-10-17 06:39:02', '6', '2016-10-17 06:39:02', '6', '30', '', '0');
INSERT INTO `jc_sys_role` VALUES ('45', '', 'rrr', null, null, null, null, '2016-10-19 00:56:10', '6', '2016-10-19 17:17:32', '6', '31', '', '0');
INSERT INTO `jc_sys_role` VALUES ('46', '', 'aaa2', null, null, null, null, '2016-10-19 00:56:43', '6', '2016-10-19 00:57:41', '6', '61', '', '0');
INSERT INTO `jc_sys_role` VALUES ('47', '', 'aaaaa', null, null, null, null, '2016-10-19 00:57:21', '6', '2016-10-19 17:20:45', '6', '61', '', '0');
INSERT INTO `jc_sys_role` VALUES ('48', '', 'bbb23', null, null, null, null, '2016-10-19 00:58:26', '6', '2016-10-20 12:31:30', '6', '61', '', '0');
INSERT INTO `jc_sys_role` VALUES ('49', '', 'ccc2', null, null, null, null, '2016-10-19 00:59:45', '6', '2016-10-19 17:15:55', '6', '61', '', '0');
INSERT INTO `jc_sys_role` VALUES ('50', '', 'ddd', null, null, null, null, '2016-10-19 09:42:35', '6', '2016-10-19 09:42:35', '6', '61', '', '0');
INSERT INTO `jc_sys_role` VALUES ('51', '', 'eee333', null, null, null, null, '2016-10-19 09:48:14', '6', '2016-10-19 17:15:23', '6', '61', '', '0');
INSERT INTO `jc_sys_role` VALUES ('52', '', 'ffff22', null, null, null, null, '2016-10-19 09:48:29', '6', '2016-10-19 10:07:45', '6', '61', '', '0');
INSERT INTO `jc_sys_role` VALUES ('53', '', 'ggg', null, null, null, null, '2016-10-19 10:01:09', '6', '2016-10-19 10:01:09', '6', '61', '', '0');
INSERT INTO `jc_sys_role` VALUES ('54', '', '22', null, null, null, null, '2016-10-19 10:05:23', '6', '2016-10-19 10:05:39', '6', '61', '', '0');
INSERT INTO `jc_sys_role` VALUES ('55', '', 'a11', null, null, null, null, '2016-10-20 13:31:39', '6', '2016-10-20 13:31:39', '6', '31', '', '0');
INSERT INTO `jc_sys_role` VALUES ('56', '', 'a111', null, null, null, null, '2016-10-20 13:31:43', '6', '2016-10-20 13:31:43', '6', '31', '', '0');
INSERT INTO `jc_sys_role` VALUES ('57', '', 'a111111', null, null, null, null, '2016-10-20 13:31:51', '6', '2016-10-20 13:31:51', '6', '31', '', '0');
INSERT INTO `jc_sys_role` VALUES ('58', '', '', null, null, null, null, '2016-10-20 13:33:12', '6', '2016-10-20 13:33:12', '6', '72', '', '0');
INSERT INTO `jc_sys_role` VALUES ('59', '', 'a111', null, null, null, null, '2016-10-20 13:33:21', '6', '2016-10-20 13:40:22', '6', '72', '', '0');
INSERT INTO `jc_sys_role` VALUES ('60', '', 'a112', null, null, null, null, '2016-10-20 13:33:28', '6', '2016-10-20 13:33:28', '6', '72', '', '0');
INSERT INTO `jc_sys_role` VALUES ('61', '', 'a111', null, null, null, null, '2016-10-20 13:43:16', '6', '2016-10-20 13:56:33', '6', '72', '', '0');
INSERT INTO `jc_sys_role` VALUES ('62', '', 'a222', null, null, null, null, '2016-10-20 13:56:17', '6', '2016-10-20 13:56:22', '6', '72', '', '0');
INSERT INTO `jc_sys_role` VALUES ('63', '', 'testtest4', null, null, null, null, '2016-10-21 16:24:33', '6', '2016-10-21 16:27:21', '6', '76', '', '0');
INSERT INTO `jc_sys_role` VALUES ('64', '', 'test2', null, null, null, null, '2016-10-22 12:39:14', '6', '2016-10-22 12:39:26', '6', '77', '', '0');

-- ----------------------------
-- Table structure for `jc_sys_tenant`
-- ----------------------------
DROP TABLE IF EXISTS `jc_sys_tenant`;
CREATE TABLE `jc_sys_tenant` (
  `id` bigint(64) unsigned NOT NULL AUTO_INCREMENT COMMENT '',
  `NAME` varchar(255) NOT NULL DEFAULT '' COMMENT '',
  `CONTACT_NAME` varchar(20) DEFAULT NULL,
  `CONTACT_TEL` varchar(20) DEFAULT NULL,
  `RES_ICON` varchar(255) DEFAULT '' COMMENT '',
  `RES_WEIGHT` int(10) unsigned DEFAULT '0' COMMENT '',
  `IS_SHOW` bit(1) DEFAULT NULL,
  `STATUS` smallint(255) DEFAULT '1' COMMENT '',
  `IDENTITY` varchar(255) DEFAULT NULL COMMENT '',
  `CREATETIME` datetime NOT NULL DEFAULT CURRENT_TIMESTAMP COMMENT '',
  `CREATERID` bigint(64) unsigned NOT NULL DEFAULT '1' COMMENT 'ID',
  `UPDATETIME` datetime NOT NULL DEFAULT CURRENT_TIMESTAMP,
  `UPDATERID` bigint(64) unsigned NOT NULL DEFAULT '1',
  `CUSTOM_CODE` varchar(4000) DEFAULT NULL COMMENT '',
  `F_DELETED` bit(1) DEFAULT b'0',
  PRIMARY KEY (`id`)
) ENGINE=InnoDB AUTO_INCREMENT=4 DEFAULT CHARSET=utf8 ROW_FORMAT=COMPACT COMMENT='';

-- ----------------------------
-- Records of jc_sys_tenant
-- ----------------------------
INSERT INTO `jc_sys_tenant` VALUES ('1', 'ROOT', null, null, '', '0', null, '1', null, '2016-08-30 15:26:54', '1', '2016-08-30 15:26:54', '1', null, null);
INSERT INTO `jc_sys_tenant` VALUES ('2', '', '', '13988888888', '1', '1', '', '1', '1', '2016-08-30 15:33:36', '1', '2016-08-30 15:33:36', '1', '1', null);
INSERT INTO `jc_sys_tenant` VALUES ('3', 'realadmin', 'XudongLiu', '13920234616', '1', '1', '', '1', null, '2016-10-05 09:16:57', '1', '2016-10-05 09:16:57', '1', '1', '');

-- ----------------------------
-- Table structure for `jc_sys_user`
-- ----------------------------
DROP TABLE IF EXISTS `jc_sys_user`;
CREATE TABLE `jc_sys_user` (
  `ID` bigint(64) unsigned NOT NULL AUTO_INCREMENT COMMENT '',
  `TENANTID` bigint(64) unsigned DEFAULT NULL COMMENT '',
  `ORGID` bigint(64) DEFAULT NULL COMMENT '',
  `ORGCASID` varchar(255) DEFAULT NULL COMMENT 'ID',
  `USERNAME` varchar(64) NOT NULL COMMENT '',
  `PASSWORD` varchar(255) NOT NULL COMMENT '',
  `NICKNAME` varchar(64) NOT NULL COMMENT '',
  `SEX` char(1) DEFAULT NULL COMMENT '',
  `AGE` tinyint(11) DEFAULT NULL,
  `EMAIL` varchar(64) DEFAULT NULL,
  `R_TOUXIANG` char(64) DEFAULT NULL COMMENT '',
  `STATUS` tinyint(255) DEFAULT NULL COMMENT '',
  `USERTYPE` tinyint(255) DEFAULT NULL COMMENT '',
  `CREATETIME` datetime DEFAULT CURRENT_TIMESTAMP COMMENT ' ',
  `CREATERID` bigint(64) DEFAULT NULL COMMENT '',
  `F_DELETED` bit(1) DEFAULT b'0' COMMENT '',
  `USERSALT` varchar(255) DEFAULT NULL,
  `UPDATETIME` datetime DEFAULT CURRENT_TIMESTAMP,
  `UPDATERID` bigint(64) DEFAULT NULL,
  `CUSTOM_CODE` varchar(4000) DEFAULT NULL,
  `ROLENAMES` varchar(2000) DEFAULT NULL,
  PRIMARY KEY (`ID`),
  UNIQUE KEY `username` (`USERNAME`)
) ENGINE=InnoDB AUTO_INCREMENT=177 DEFAULT CHARSET=utf8 ROW_FORMAT=COMPACT COMMENT='';

-- ----------------------------
-- Records of jc_sys_user
-- ----------------------------
INSERT INTO `jc_sys_user` VALUES ('6', '3', '2', '1', 'realaicy', '$2a$10$S0VNeCzoga/wUkHUjCND4OYZY/2HnWI8TGB2wAo5AaL6L0Xdl.U5u', '', '1', '100', 'testonly@realaicy.com', null, '1', '1', '2016-08-25 10:25:46', null, '', null, '2016-01-01 08:08:08', null, null, '');
INSERT INTO `jc_sys_user` VALUES ('116', '2', '30', '1.001.001', 'wym', '$2a$10$S0VNeCzoga/wUkHUjCND4OYZY/2HnWI8TGB2wAo5AaL6L0Xdl.U5u', '', '2', '0', 'wym@126.com', '', '0', '0', '2016-09-25 22:06:41', '6', '', null, '2016-09-25 22:06:41', '6', null, '');
INSERT INTO `jc_sys_user` VALUES ('156', null, '31', '1.004', 'testpass', '$2a$10$S0VNeCzoga/wUkHUjCND4OYZY/2HnWI8TGB2wAo5AaL6L0Xdl.U5u', 'testpass', '', '0', 'a@b', '', '0', '0', '2016-10-17 10:07:23', '6', '', null, '2016-10-17 14:14:48', '6', '', null);
INSERT INTO `jc_sys_user` VALUES ('157', null, '59', '1.001.003', '', '$2a$10$U.Bon.Yew8MfpR3KF2x34u.PEccr4/x2fG0aMhkKAGkuNuMQeYDg.', 'a', '1', '0', 'a@b', '', '0', '0', '2016-10-17 13:32:51', '6', '', null, '2016-10-17 13:32:51', '6', '', null);
INSERT INTO `jc_sys_user` VALUES ('158', null, '3', '1.001', '', '$2a$10$OCig4jNdn1AiTSt9Tz7Yo.uNp5erxVv2neWq3llTSlt8pozVQNhR2', '', '', '0', 'a@b', '', '0', '0', '2016-10-17 14:12:01', '6', '', null, '2016-10-17 14:12:01', '6', '', null);
INSERT INTO `jc_sys_user` VALUES ('159', null, '3', '1.001', '', '$2a$10$xLq1H47lJ6P/2B8ha6Kfg.ojwGCOrnYpNfoUzlIZ/6NxPztY/FW7O', '', '', '0', 'a@b', '', '0', '0', '2016-10-17 14:14:16', '6', '', null, '2016-10-17 14:14:16', '6', '', null);
INSERT INTO `jc_sys_user` VALUES ('160', null, '31', '1.004', 'aaa', '$2a$10$Ga/PXPVQXDVtOfGA/g1UfOluGsehVOJauiB.ILm.FZVZ5OVByB5Yu', 'ccc', '', '0', 'a@b', '', '0', '0', '2016-10-17 14:15:59', '6', '', null, '2016-10-19 17:16:19', '6', '', null);
INSERT INTO `jc_sys_user` VALUES ('161', null, '3', '1.001', 'aa', '$2a$10$LYHbkS3/c13Iccu/KC0nzeqXB9fZ0yGd3GnJT4lyedDN1JKYAUQ8e', '22266672', '', '0', 'a@b', '', '0', '0', '2016-10-17 14:16:27', '6', '', null, '2016-10-19 17:20:17', '6', '', null);
INSERT INTO `jc_sys_user` VALUES ('162', null, '31', '1.004', 'bb', '$2a$10$9mNfnvpw2rhzacziOpTTGOi35/n3E82G8a8okadjxNquMCSRa/BTS', 'bbbb', '', '0', 'a@b', '', '0', '0', '2016-10-17 14:19:43', '6', '', null, '2016-10-17 14:20:10', '6', '', null);
INSERT INTO `jc_sys_user` VALUES ('163', null, '31', '1.004', 'cc', '$2a$10$Or4BchGVu9HeydOTIwhHeuicS4x99FbsqflwyrrtwzNrvigFbBZ3i', 'cc', '', '0', 'a@b', '', '0', '0', '2016-10-17 14:21:07', '6', '', null, '2016-10-17 14:21:07', '6', '', null);
INSERT INTO `jc_sys_user` VALUES ('164', null, '31', '1.004', 'ddd', '$2a$10$V2SbeWpaJXGcA/Y.DR3fre9rcsMRjGgdHxys4BT4C01mCtkdZOB9C', 'ddd22', '', '0', 'a@b', '', '0', '0', '2016-10-17 14:27:27', '6', '', null, '2016-10-17 14:27:36', '6', '', null);
INSERT INTO `jc_sys_user` VALUES ('165', null, '31', '1.004', 'eee', '$2a$10$kjWthVtp8RDmPPDrcRT1hOIS5IMJ52xmMYCHTSKNil.sEyBphH0Dm', 'eee', '', '0', 'a@b', '', '0', '0', '2016-10-19 17:14:06', '6', '', null, '2016-10-19 17:14:06', '6', '', null);
INSERT INTO `jc_sys_user` VALUES ('166', null, '31', '1.004', 'fff', '$2a$10$kJw25NHCMw7NlDMSaB7wuOYNnlc9nK8h2vkAbQHGTrvQdjjzNfPD.', 'fff2', '', '0', 'a@b', '', '0', '0', '2016-10-19 17:14:37', '6', '', null, '2016-10-19 17:14:48', '6', '', null);
INSERT INTO `jc_sys_user` VALUES ('167', null, '31', '1.004', 'aa1', '$2a$10$m/mw20kFUD6/FI4Hu39Z7u02Bi.OtEwW5IpLiFVkiz.RaBw5rFs6O', 'aa222', '', '0', 'a@b', '', '0', '0', '2016-10-20 10:34:23', '6', '', null, '2016-10-20 13:34:31', '6', '', null);
INSERT INTO `jc_sys_user` VALUES ('168', null, '31', '1.004', 'aa2', '$2a$10$zDSoaFbahZkqlzC.CmLcY.SmNXSpBUZehTyV0kTQPWkOOFWBImc9m', 'aa2', '', '0', 'a@b', '', '0', '0', '2016-10-20 10:59:55', '6', '', null, '2016-10-20 10:59:55', '6', '', null);
INSERT INTO `jc_sys_user` VALUES ('169', null, '31', '1.004', 'aa3', '$2a$10$EgbxvFBfw/DoOda/sGjXAeJUfG6PpeVfpJw65U5LXHA3YAMlt96mW', 'aa3', '', '0', 'a@b', '', '0', '0', '2016-10-20 11:05:08', '6', '', null, '2016-10-20 11:30:31', '6', '', null);
INSERT INTO `jc_sys_user` VALUES ('170', null, '31', '1.004', 'aa4', '$2a$10$itooNZwatVn7ijssTxAu0eZZdfVUYPh9LmNHkeYZTPXkK23aC59jO', 'aa4', '', '0', 'a@b', '', '0', '0', '2016-10-20 11:05:41', '6', '', null, '2016-10-20 11:05:41', '6', '', null);
INSERT INTO `jc_sys_user` VALUES ('171', null, '31', '1.004', 'aa5', '$2a$10$Ky2FdZxegAZTlv/fqVW09.0aW.qXeZExtORjAVdzG9EtFaQBr3dM.', 'aa5', '', '0', 'a@b', '', '0', '0', '2016-10-20 11:29:46', '6', '', null, '2016-10-20 11:30:08', '6', '', null);
INSERT INTO `jc_sys_user` VALUES ('172', null, '31', '1.004', 'aa6', '$2a$10$xNt69bVkajf7qR5e63JNkubJUeya9WBA8UU8GHCblPlwuQb4Avirq', 'aa6', '', '0', 'a@b', '', '0', '0', '2016-10-20 12:24:10', '6', '', null, '2016-10-20 12:24:10', '6', '', null);
INSERT INTO `jc_sys_user` VALUES ('173', null, '30', '1.001.001', 'test1', '$2a$10$D2a4.be959OKPSUUdKfYvuBxzmJKCRfE2YWxpFYpyQ0KLPQCpEXl6', 'test12234', '', '0', 'a@b', '', '0', '0', '2016-10-20 12:35:49', '116', '', null, '2016-10-20 12:37:04', '116', '', '');
INSERT INTO `jc_sys_user` VALUES ('174', null, '72', '1.004.012', 'aaaa', '$2a$10$FSvyP7T1u.m8iy0vXmvF1OxImFXDq4J4oumZlpRwdkJwh47ErTOka', 'aaaaa', '', '0', 'a@b', '', '0', '0', '2016-10-20 13:56:54', '6', '', null, '2016-10-20 13:58:36', '6', '', 'a111');
INSERT INTO `jc_sys_user` VALUES ('175', null, '72', '1.004.012', '1020b', '$2a$10$vgCrRapFLIptxrWBVyUMKuyJ4fC4HBFuicwvSthAnlAIc6wnjRpT6', '1020c', '', '0', 'a@b', '', '0', '0', '2016-10-20 13:58:06', '6', '', null, '2016-10-20 13:58:20', '6', '', null);
INSERT INTO `jc_sys_user` VALUES ('176', null, '77', '1.004.017', 'a', '$2a$10$Pvk1SPBc.dlGAy.qsLMeN.Lqzu3TpkmFks1vaErYDaU0aX.AcYFVC', 'aaaa', '', '0', 'a@b', '', '0', '0', '2016-10-22 12:39:51', '6', '', null, '2016-10-22 12:40:14', '6', '', null);

-- ----------------------------
-- Table structure for `jc_sys_user_group`
-- ----------------------------
DROP TABLE IF EXISTS `jc_sys_user_group`;
CREATE TABLE `jc_sys_user_group` (
  `ID` bigint(64) unsigned NOT NULL AUTO_INCREMENT COMMENT '',
  `USERID` bigint(64) NOT NULL COMMENT '',
  `GROUPID` bigint(64) NOT NULL COMMENT '',
  `CREATERID` bigint(64) DEFAULT NULL,
  `CREATETIME` datetime DEFAULT NULL,
  `OPERATETIME` datetime DEFAULT NULL,
  `OPERATERID` bigint(64) DEFAULT NULL,
  PRIMARY KEY (`ID`),
  UNIQUE KEY `aos_sys_user_role_ukey` (`USERID`,`GROUPID`)
) ENGINE=InnoDB DEFAULT CHARSET=utf8 ROW_FORMAT=COMPACT COMMENT='-';

-- ----------------------------
-- Records of jc_sys_user_group
-- ----------------------------

-- ----------------------------
-- Table structure for `jc_sys_user_role`
-- ----------------------------
DROP TABLE IF EXISTS `jc_sys_user_role`;
CREATE TABLE `jc_sys_user_role` (
  `ID` bigint(64) unsigned NOT NULL AUTO_INCREMENT COMMENT '',
  `USERID` bigint(64) NOT NULL COMMENT '',
  `ROLEID` bigint(64) NOT NULL COMMENT '',
  `CREATERID` bigint(64) DEFAULT NULL,
  `CREATETIME` datetime DEFAULT NULL,
  `OPERATETIME` datetime DEFAULT NULL,
  `OPERATERID` bigint(64) DEFAULT NULL,
  PRIMARY KEY (`ID`),
  UNIQUE KEY `aos_sys_user_role_ukey` (`USERID`,`ROLEID`)
) ENGINE=InnoDB AUTO_INCREMENT=40 DEFAULT CHARSET=utf8 ROW_FORMAT=COMPACT COMMENT='-';

-- ----------------------------
-- Records of jc_sys_user_role
-- ----------------------------
INSERT INTO `jc_sys_user_role` VALUES ('1', '4', '4', null, null, null, null);
INSERT INTO `jc_sys_user_role` VALUES ('15', '5', '3', null, null, null, null);
INSERT INTO `jc_sys_user_role` VALUES ('16', '5', '4', null, null, null, null);
INSERT INTO `jc_sys_user_role` VALUES ('17', '5', '5', null, null, null, null);
INSERT INTO `jc_sys_user_role` VALUES ('18', '5', '2', null, null, null, null);
INSERT INTO `jc_sys_user_role` VALUES ('19', '6', '6', null, null, null, null);
INSERT INTO `jc_sys_user_role` VALUES ('37', '116', '7', null, null, null, null);
INSERT INTO `jc_sys_user_role` VALUES ('38', '174', '61', null, null, null, null);
INSERT INTO `jc_sys_user_role` VALUES ('39', '173', '44', null, null, null, null);

-- ----------------------------
-- Table structure for `jc_sys_user_role_copy`
-- ----------------------------
DROP TABLE IF EXISTS `jc_sys_user_role_copy`;
CREATE TABLE `jc_sys_user_role_copy` (
  `ID` bigint(64) unsigned NOT NULL AUTO_INCREMENT COMMENT '',
  `USERID` bigint(64) NOT NULL COMMENT '',
  `ROLEID` bigint(64) NOT NULL COMMENT '',
  `CREATERID` bigint(64) DEFAULT NULL,
  `CREATETIME` datetime DEFAULT NULL,
  `OPERATETIME` datetime DEFAULT NULL,
  `OPERATERID` bigint(64) DEFAULT NULL,
  PRIMARY KEY (`ID`),
  UNIQUE KEY `aos_sys_user_role_ukey` (`USERID`,`ROLEID`)
) ENGINE=InnoDB DEFAULT CHARSET=utf8 ROW_FORMAT=COMPACT COMMENT='-';

-- ----------------------------
-- Records of jc_sys_user_role_copy
-- ----------------------------

-- ----------------------------
-- Table structure for `jc_sys_user_sec`
-- ----------------------------
DROP TABLE IF EXISTS `jc_sys_user_sec`;
CREATE TABLE `jc_sys_user_sec` (
  `ID` bigint(64) unsigned NOT NULL AUTO_INCREMENT COMMENT '',
  `TENANTID` bigint(64) unsigned DEFAULT NULL COMMENT '',
  `ORGID` bigint(64) unsigned DEFAULT NULL,
  `ORGCASID` varchar(255) DEFAULT NULL,
  `USERNAME` varchar(64) DEFAULT NULL COMMENT '',
  `PASSWORD` varchar(255) DEFAULT NULL COMMENT '',
  `NICKNAME` varchar(64) DEFAULT NULL,
  `ACCOUNTNONEXPIRED` char(1) DEFAULT NULL COMMENT '',
  `ACCOUNTNONLOCKED` char(1) DEFAULT NULL COMMENT '',
  `CREDENTIALSNONEXPIRED` char(1) DEFAULT NULL COMMENT '',
  `ENABLED` char(1) DEFAULT NULL COMMENT '',
  `CREATETIME` timestamp NULL DEFAULT NULL,
  `CREATERID` bigint(64) DEFAULT NULL,
  `UPDATETIME` timestamp NULL DEFAULT NULL,
  `UPDATERID` bigint(64) DEFAULT NULL,
  `F_DELETED` bit(1) DEFAULT b'0',
  `CUSTOM_CODE` varchar(4000) DEFAULT NULL,
  `STATUS` tinyint(255) DEFAULT NULL,
  PRIMARY KEY (`ID`)
) ENGINE=InnoDB AUTO_INCREMENT=144 DEFAULT CHARSET=utf8 ROW_FORMAT=COMPACT COMMENT='';

-- ----------------------------
-- Records of jc_sys_user_sec
-- ----------------------------
INSERT INTO `jc_sys_user_sec` VALUES ('6', '3', '2', '1', 'realaicy', '$2a$10$S0VNeCzoga/wUkHUjCND4OYZY/2HnWI8TGB2wAo5AaL6L0Xdl.U5u', '', '1', '1', '1', '1', null, null, null, null, '', null, '1');
INSERT INTO `jc_sys_user_sec` VALUES ('116', '2', '30', '1.001.001', 'wym', '$2a$10$S0VNeCzoga/wUkHUjCND4OYZY/2HnWI8TGB2wAo5AaL6L0Xdl.U5u', '', '1', '1', '1', '1', '2016-09-25 22:06:41', '6', '2016-09-25 22:06:41', '6', '', null, '1');
INSERT INTO `jc_sys_user_sec` VALUES ('123', null, '31', null, 'testpass', '$2a$10$S0VNeCzoga/wUkHUjCND4OYZY/2HnWI8TGB2wAo5AaL6L0Xdl.U5u', 'testpass', '1', '1', '1', '1', null, null, null, null, '', '', '0');
INSERT INTO `jc_sys_user_sec` VALUES ('124', null, '59', null, '', '$2a$10$U.Bon.Yew8MfpR3KF2x34u.PEccr4/x2fG0aMhkKAGkuNuMQeYDg.', 'a', '1', '1', '1', '1', null, null, null, null, '', '', '0');
INSERT INTO `jc_sys_user_sec` VALUES ('125', null, '3', null, '', '$2a$10$OCig4jNdn1AiTSt9Tz7Yo.uNp5erxVv2neWq3llTSlt8pozVQNhR2', '', '1', '1', '1', '1', null, null, null, null, '', '', '0');
INSERT INTO `jc_sys_user_sec` VALUES ('126', null, '3', null, '', '$2a$10$xLq1H47lJ6P/2B8ha6Kfg.ojwGCOrnYpNfoUzlIZ/6NxPztY/FW7O', '', '1', '1', '1', '1', null, null, null, null, '', '', '0');
INSERT INTO `jc_sys_user_sec` VALUES ('127', null, '31', null, 'aaa', '$2a$10$Ga/PXPVQXDVtOfGA/g1UfOluGsehVOJauiB.ILm.FZVZ5OVByB5Yu', 'aaa', '1', '1', '1', '1', null, null, null, null, '', '', '0');
INSERT INTO `jc_sys_user_sec` VALUES ('128', null, '3', null, 'aa', '$2a$10$LYHbkS3/c13Iccu/KC0nzeqXB9fZ0yGd3GnJT4lyedDN1JKYAUQ8e', '111', '1', '1', '1', '1', null, null, null, null, '', '', '0');
INSERT INTO `jc_sys_user_sec` VALUES ('129', null, '31', null, 'bb', '$2a$10$9mNfnvpw2rhzacziOpTTGOi35/n3E82G8a8okadjxNquMCSRa/BTS', 'bb', '1', '1', '1', '1', null, null, null, null, '', '', '0');
INSERT INTO `jc_sys_user_sec` VALUES ('130', null, '31', null, 'cc', '$2a$10$Or4BchGVu9HeydOTIwhHeuicS4x99FbsqflwyrrtwzNrvigFbBZ3i', 'cc', '1', '1', '1', '1', null, null, null, null, '', '', '0');
INSERT INTO `jc_sys_user_sec` VALUES ('131', null, '31', null, 'ddd', '$2a$10$V2SbeWpaJXGcA/Y.DR3fre9rcsMRjGgdHxys4BT4C01mCtkdZOB9C', 'ddd', '1', '1', '1', '1', null, null, null, null, '', '', '0');
INSERT INTO `jc_sys_user_sec` VALUES ('132', null, '31', null, 'eee', '$2a$10$kjWthVtp8RDmPPDrcRT1hOIS5IMJ52xmMYCHTSKNil.sEyBphH0Dm', 'eee', '1', '1', '1', '1', null, null, null, null, '', '', '0');
INSERT INTO `jc_sys_user_sec` VALUES ('133', null, '31', null, 'fff', '$2a$10$kJw25NHCMw7NlDMSaB7wuOYNnlc9nK8h2vkAbQHGTrvQdjjzNfPD.', 'fff', '1', '1', '1', '1', null, null, null, null, '', '', '0');
INSERT INTO `jc_sys_user_sec` VALUES ('134', null, '31', null, 'aa1', '$2a$10$m/mw20kFUD6/FI4Hu39Z7u02Bi.OtEwW5IpLiFVkiz.RaBw5rFs6O', 'aa1', '1', '1', '1', '1', null, null, null, null, '', '', '0');
INSERT INTO `jc_sys_user_sec` VALUES ('135', null, '31', null, 'aa2', '$2a$10$zDSoaFbahZkqlzC.CmLcY.SmNXSpBUZehTyV0kTQPWkOOFWBImc9m', 'aa2', '1', '1', '1', '1', null, null, null, null, '', '', '0');
INSERT INTO `jc_sys_user_sec` VALUES ('136', null, '31', null, 'aa3', '$2a$10$EgbxvFBfw/DoOda/sGjXAeJUfG6PpeVfpJw65U5LXHA3YAMlt96mW', 'aa3', '1', '1', '1', '1', null, null, null, null, '', '', '0');
INSERT INTO `jc_sys_user_sec` VALUES ('137', null, '31', null, 'aa4', '$2a$10$itooNZwatVn7ijssTxAu0eZZdfVUYPh9LmNHkeYZTPXkK23aC59jO', 'aa4', '1', '1', '1', '1', null, null, null, null, '', '', '0');
INSERT INTO `jc_sys_user_sec` VALUES ('138', null, '31', null, 'aa5', '$2a$10$Ky2FdZxegAZTlv/fqVW09.0aW.qXeZExtORjAVdzG9EtFaQBr3dM.', 'aa4', '1', '1', '1', '1', null, null, null, null, '', '', '0');
INSERT INTO `jc_sys_user_sec` VALUES ('139', null, '31', null, 'aa6', '$2a$10$xNt69bVkajf7qR5e63JNkubJUeya9WBA8UU8GHCblPlwuQb4Avirq', 'aa6', '1', '1', '1', '1', null, null, null, null, '', '', '0');
INSERT INTO `jc_sys_user_sec` VALUES ('140', null, '30', null, 'test1', '$2a$10$D2a4.be959OKPSUUdKfYvuBxzmJKCRfE2YWxpFYpyQ0KLPQCpEXl6', 'test1', '1', '1', '1', '1', null, null, null, null, '', '', '0');
INSERT INTO `jc_sys_user_sec` VALUES ('141', null, '72', null, 'aaaa', '$2a$10$FSvyP7T1u.m8iy0vXmvF1OxImFXDq4J4oumZlpRwdkJwh47ErTOka', 'aaa', '1', '1', '1', '1', null, null, null, null, '', '', '0');
INSERT INTO `jc_sys_user_sec` VALUES ('142', null, '72', null, '1020b', '$2a$10$vgCrRapFLIptxrWBVyUMKuyJ4fC4HBFuicwvSthAnlAIc6wnjRpT6', '1020b', '1', '1', '1', '1', null, null, null, null, '', '', '0');
INSERT INTO `jc_sys_user_sec` VALUES ('143', null, '77', null, 'a', '$2a$10$Pvk1SPBc.dlGAy.qsLMeN.Lqzu3TpkmFks1vaErYDaU0aX.AcYFVC', 'aaa', '1', '1', '1', '1', null, null, null, null, '', '', '0');

-- ----------------------------
-- Table structure for `jc_sys_user_security`
-- ----------------------------
DROP TABLE IF EXISTS `jc_sys_user_security`;
CREATE TABLE `jc_sys_user_security` (
  `ID` bigint(64) unsigned NOT NULL AUTO_INCREMENT COMMENT '',
  `USERNAME` varchar(255) DEFAULT NULL COMMENT '',
  `PASSWORD` varchar(255) DEFAULT NULL COMMENT '',
  `ACCOUNTNONEXPIRED` varchar(255) DEFAULT NULL COMMENT '',
  `NONLOCKED` char(1) DEFAULT NULL COMMENT '',
  `CREDENTIALNONEXPIRED` varchar(64) DEFAULT NULL COMMENT '',
  `ENABLED` tinyint(255) DEFAULT NULL COMMENT '',
  `USERTYPE` tinyint(255) DEFAULT NULL COMMENT '',
  `CREATETIME` timestamp NULL DEFAULT NULL COMMENT ' ',
  `CREATERID` bigint(64) DEFAULT NULL COMMENT '',
  `ORGCASID` varchar(255) DEFAULT NULL COMMENT 'ID',
  `F_DELETE` varchar(255) DEFAULT NULL COMMENT '',
  `USERSALT` varchar(255) DEFAULT NULL,
  `UPDATETIME` datetime DEFAULT NULL,
  `UPDATERID` bigint(64) DEFAULT NULL,
  PRIMARY KEY (`ID`)
) ENGINE=InnoDB AUTO_INCREMENT=102 DEFAULT CHARSET=utf8 ROW_FORMAT=COMPACT COMMENT='';

-- ----------------------------
-- Records of jc_sys_user_security
-- ----------------------------
INSERT INTO `jc_sys_user_security` VALUES ('1', 'test_1', '$2a$10$i07EXDvszCW1dDRhwjcOA.fq35YMd11R2Ymm.OpEYH0uKauv/dMdu', '', '1', null, '1', '1', null, null, '', '0', null, null, null);
INSERT INTO `jc_sys_user_security` VALUES ('2', 'test_2', '12345678', '', '1', null, '1', '1', null, null, '', '0', null, null, null);
INSERT INTO `jc_sys_user_security` VALUES ('3', 'test_3', '12345678', '', '1', null, '1', '1', null, null, '', '0', null, null, null);
INSERT INTO `jc_sys_user_security` VALUES ('4', 'test_4', '12345678', '', '1', null, '1', '1', null, null, '', '0', null, null, null);
INSERT INTO `jc_sys_user_security` VALUES ('5', 'test_5', '12345678', '', '1', null, '1', '1', null, null, '', '0', null, null, null);
INSERT INTO `jc_sys_user_security` VALUES ('6', 'realaicy', '$2a$10$WTbwTNwRq3.HKbmawkW.XeqLDTsyWmIhNKjmQm08v7VuI9cuTL1CC', '', '1', null, '1', '1', null, null, null, null, null, null, null);
INSERT INTO `jc_sys_user_security` VALUES ('7', 'test_5', '12345678', '', '1', null, '1', '1', null, null, '', '0', null, null, null);
INSERT INTO `jc_sys_user_security` VALUES ('8', 'test_6', '12345678', '', '1', null, '1', '1', null, null, '', '0', null, null, null);
INSERT INTO `jc_sys_user_security` VALUES ('9', 'test_7', '12345678', '', '1', null, '1', '1', null, null, '', '0', null, null, null);
INSERT INTO `jc_sys_user_security` VALUES ('10', 'test_8', '12345678', '', '1', null, '1', '1', null, null, '', '0', null, null, null);
INSERT INTO `jc_sys_user_security` VALUES ('11', 'test_9', '12345678', '', '1', null, '1', '1', null, null, '', '0', null, null, null);
INSERT INTO `jc_sys_user_security` VALUES ('12', 'test_10', '12345678', '', '1', null, '1', '1', null, null, '', '0', null, null, null);
INSERT INTO `jc_sys_user_security` VALUES ('13', 'test_11', '12345678', '', '1', null, '1', '1', null, null, '', '0', null, null, null);
INSERT INTO `jc_sys_user_security` VALUES ('14', 'test_12', '12345678', '', '1', null, '1', '1', null, null, '', '0', null, null, null);
INSERT INTO `jc_sys_user_security` VALUES ('15', 'test_13', '12345678', '', '1', null, '1', '1', null, null, '', '0', null, null, null);
INSERT INTO `jc_sys_user_security` VALUES ('16', 'test_14', '12345678', '', '1', null, '1', '1', null, null, '', '0', null, null, null);
INSERT INTO `jc_sys_user_security` VALUES ('17', 'test_15', '12345678', '', '1', null, '1', '1', null, null, '', '0', null, null, null);
INSERT INTO `jc_sys_user_security` VALUES ('18', 'test_16', '12345678', '', '1', null, '1', '1', null, null, '', '0', null, null, null);
INSERT INTO `jc_sys_user_security` VALUES ('19', 'test_17', '12345678', '', '1', null, '1', '1', null, null, '', '0', null, null, null);
INSERT INTO `jc_sys_user_security` VALUES ('20', 'test_18', '12345678', '', '1', null, '1', '1', null, null, '', '0', null, null, null);
INSERT INTO `jc_sys_user_security` VALUES ('21', 'test_19', '12345678', '', '1', null, '1', '1', null, null, '', '0', null, null, null);
INSERT INTO `jc_sys_user_security` VALUES ('22', 'test_20', '12345678', '', '1', null, '1', '1', null, null, '', '0', null, null, null);
INSERT INTO `jc_sys_user_security` VALUES ('23', 'test_21', '12345678', '', '1', null, '1', '1', null, null, '', '0', null, null, null);
INSERT INTO `jc_sys_user_security` VALUES ('24', 'test_22', '12345678', '', '1', null, '1', '1', null, null, '', '0', null, null, null);
INSERT INTO `jc_sys_user_security` VALUES ('25', 'test_23', '12345678', '', '1', null, '1', '1', null, null, '', '0', null, null, null);
INSERT INTO `jc_sys_user_security` VALUES ('26', 'test_24', '12345678', '', '1', null, '1', '1', null, null, '', '0', null, null, null);
INSERT INTO `jc_sys_user_security` VALUES ('27', 'test_25', '12345678', '', '1', null, '1', '1', null, null, '', '0', null, null, null);
INSERT INTO `jc_sys_user_security` VALUES ('28', 'test_26', '12345678', '', '1', null, '1', '1', null, null, '', '0', null, null, null);
INSERT INTO `jc_sys_user_security` VALUES ('29', 'test_27', '12345678', '', '1', null, '1', '1', null, null, '', '0', null, null, null);
INSERT INTO `jc_sys_user_security` VALUES ('30', 'test_28', '12345678', '', '1', null, '1', '1', null, null, '', '0', null, null, null);
INSERT INTO `jc_sys_user_security` VALUES ('31', 'test_29', '12345678', '', '1', null, '1', '1', null, null, '', '0', null, null, null);
INSERT INTO `jc_sys_user_security` VALUES ('32', 'test_30', '12345678', '', '1', null, '1', '1', null, null, '', '0', null, null, null);
INSERT INTO `jc_sys_user_security` VALUES ('33', 'test_31', '12345678', '', '1', null, '1', '1', null, null, '', '0', null, null, null);
INSERT INTO `jc_sys_user_security` VALUES ('34', 'test_32', '12345678', '', '1', null, '1', '1', null, null, '', '0', null, null, null);
INSERT INTO `jc_sys_user_security` VALUES ('35', 'test_33', '12345678', '', '1', null, '1', '1', null, null, '', '0', null, null, null);
INSERT INTO `jc_sys_user_security` VALUES ('36', 'test_34', '12345678', '', '1', null, '1', '1', null, null, '', '0', null, null, null);
INSERT INTO `jc_sys_user_security` VALUES ('37', 'test_35', '12345678', '', '1', null, '1', '1', null, null, '', '0', null, null, null);
INSERT INTO `jc_sys_user_security` VALUES ('38', 'test_36', '12345678', '', '1', null, '1', '1', null, null, '', '0', null, null, null);
INSERT INTO `jc_sys_user_security` VALUES ('39', 'test_37', '12345678', '', '1', null, '1', '1', null, null, '', '0', null, null, null);
INSERT INTO `jc_sys_user_security` VALUES ('40', 'test_38', '12345678', '', '1', null, '1', '1', null, null, '', '0', null, null, null);
INSERT INTO `jc_sys_user_security` VALUES ('41', 'test_39', '12345678', '', '1', null, '1', '1', null, null, '', '0', null, null, null);
INSERT INTO `jc_sys_user_security` VALUES ('42', 'test_40', '12345678', '', '1', null, '1', '1', null, null, '', '0', null, null, null);
INSERT INTO `jc_sys_user_security` VALUES ('43', 'test_41', '12345678', '', '1', null, '1', '1', null, null, '', '0', null, null, null);
INSERT INTO `jc_sys_user_security` VALUES ('44', 'test_42', '12345678', '', '1', null, '1', '1', null, null, '', '0', null, null, null);
INSERT INTO `jc_sys_user_security` VALUES ('45', 'test_43', '12345678', '', '1', null, '1', '1', null, null, '', '0', null, null, null);
INSERT INTO `jc_sys_user_security` VALUES ('46', 'test_44', '12345678', '', '1', null, '1', '1', null, null, '', '0', null, null, null);
INSERT INTO `jc_sys_user_security` VALUES ('47', 'test_45', '12345678', '', '1', null, '1', '1', null, null, '', '0', null, null, null);
INSERT INTO `jc_sys_user_security` VALUES ('48', 'test_46', '12345678', '', '1', null, '1', '1', null, null, '', '0', null, null, null);
INSERT INTO `jc_sys_user_security` VALUES ('49', 'test_47', '12345678', '', '1', null, '1', '1', null, null, '', '0', null, null, null);
INSERT INTO `jc_sys_user_security` VALUES ('50', 'test_48', '12345678', '', '1', null, '1', '1', null, null, '', '0', null, null, null);
INSERT INTO `jc_sys_user_security` VALUES ('51', 'test_49', '12345678', '', '1', null, '1', '1', null, null, '', '0', null, null, null);
INSERT INTO `jc_sys_user_security` VALUES ('52', 'test_50', '12345678', '', '1', null, '1', '1', null, null, '', '0', null, null, null);
INSERT INTO `jc_sys_user_security` VALUES ('53', 'test_51', '12345678', '', '1', null, '1', '1', null, null, '', '0', null, null, null);
INSERT INTO `jc_sys_user_security` VALUES ('54', 'test_52', '12345678', '', '1', null, '1', '1', null, null, '', '0', null, null, null);
INSERT INTO `jc_sys_user_security` VALUES ('55', 'test_53', '12345678', '', '1', null, '1', '1', null, null, '', '0', null, null, null);
INSERT INTO `jc_sys_user_security` VALUES ('56', 'test_54', '12345678', '', '1', null, '1', '1', null, null, '', '0', null, null, null);
INSERT INTO `jc_sys_user_security` VALUES ('57', 'test_55', '12345678', '', '1', null, '1', '1', null, null, '', '0', null, null, null);
INSERT INTO `jc_sys_user_security` VALUES ('58', 'test_56', '12345678', '', '1', null, '1', '1', null, null, '', '0', null, null, null);
INSERT INTO `jc_sys_user_security` VALUES ('59', 'test_57', '12345678', '', '1', null, '1', '1', null, null, '', '0', null, null, null);
INSERT INTO `jc_sys_user_security` VALUES ('60', 'test_58', '12345678', '', '1', null, '1', '1', null, null, '', '0', null, null, null);
INSERT INTO `jc_sys_user_security` VALUES ('61', 'test_59', '12345678', '', '1', null, '1', '1', null, null, '', '0', null, null, null);
INSERT INTO `jc_sys_user_security` VALUES ('62', 'test_60', '12345678', '', '1', null, '1', '1', null, null, '', '0', null, null, null);
INSERT INTO `jc_sys_user_security` VALUES ('63', 'test_61', '12345678', '', '1', null, '1', '1', null, null, '', '0', null, null, null);
INSERT INTO `jc_sys_user_security` VALUES ('64', 'test_62', '12345678', '', '1', null, '1', '1', null, null, '', '0', null, null, null);
INSERT INTO `jc_sys_user_security` VALUES ('65', 'test_63', '12345678', '', '1', null, '1', '1', null, null, '', '0', null, null, null);
INSERT INTO `jc_sys_user_security` VALUES ('66', 'test_64', '12345678', '', '1', null, '1', '1', null, null, '', '0', null, null, null);
INSERT INTO `jc_sys_user_security` VALUES ('67', 'test_65', '12345678', '', '1', null, '1', '1', null, null, '', '0', null, null, null);
INSERT INTO `jc_sys_user_security` VALUES ('68', 'test_66', '12345678', '', '1', null, '1', '1', null, null, '', '0', null, null, null);
INSERT INTO `jc_sys_user_security` VALUES ('69', 'test_67', '12345678', '', '1', null, '1', '1', null, null, '', '0', null, null, null);
INSERT INTO `jc_sys_user_security` VALUES ('70', 'test_68', '12345678', '', '1', null, '1', '1', null, null, '', '0', null, null, null);
INSERT INTO `jc_sys_user_security` VALUES ('71', 'test_69', '12345678', '', '1', null, '1', '1', null, null, '', '0', null, null, null);
INSERT INTO `jc_sys_user_security` VALUES ('72', 'test_70', '12345678', '', '1', null, '1', '1', null, null, '', '0', null, null, null);
INSERT INTO `jc_sys_user_security` VALUES ('73', 'test_71', '12345678', '', '1', null, '1', '1', null, null, '', '0', null, null, null);
INSERT INTO `jc_sys_user_security` VALUES ('74', 'test_72', '12345678', '', '1', null, '1', '1', null, null, '', '0', null, null, null);
INSERT INTO `jc_sys_user_security` VALUES ('75', 'test_73', '12345678', '', '1', null, '1', '1', null, null, '', '0', null, null, null);
INSERT INTO `jc_sys_user_security` VALUES ('76', 'test_74', '12345678', '', '1', null, '1', '1', null, null, '', '0', null, null, null);
INSERT INTO `jc_sys_user_security` VALUES ('77', 'test_75', '12345678', '', '1', null, '1', '1', null, null, '', '0', null, null, null);
INSERT INTO `jc_sys_user_security` VALUES ('78', 'test_76', '12345678', '', '1', null, '1', '1', null, null, '', '0', null, null, null);
INSERT INTO `jc_sys_user_security` VALUES ('79', 'test_77', '12345678', '', '1', null, '1', '1', null, null, '', '0', null, null, null);
INSERT INTO `jc_sys_user_security` VALUES ('80', 'test_78', '12345678', '', '1', null, '1', '1', null, null, '', '0', null, null, null);
INSERT INTO `jc_sys_user_security` VALUES ('81', 'test_79', '12345678', '', '1', null, '1', '1', null, null, '', '0', null, null, null);
INSERT INTO `jc_sys_user_security` VALUES ('82', 'test_80', '12345678', '', '1', null, '1', '1', null, null, '', '0', null, null, null);
INSERT INTO `jc_sys_user_security` VALUES ('83', 'test_81', '12345678', '', '1', null, '1', '1', null, null, '', '0', null, null, null);
INSERT INTO `jc_sys_user_security` VALUES ('84', 'test_82', '12345678', '', '1', null, '1', '1', null, null, '', '0', null, null, null);
INSERT INTO `jc_sys_user_security` VALUES ('85', 'test_83', '12345678', '', '1', null, '1', '1', null, null, '', '0', null, null, null);
INSERT INTO `jc_sys_user_security` VALUES ('86', 'test_84', '12345678', '', '1', null, '1', '1', null, null, '', '0', null, null, null);
INSERT INTO `jc_sys_user_security` VALUES ('87', 'test_85', '12345678', '', '1', null, '1', '1', null, null, '', '0', null, null, null);
INSERT INTO `jc_sys_user_security` VALUES ('88', 'test_86', '12345678', '', '1', null, '1', '1', null, null, '', '0', null, null, null);
INSERT INTO `jc_sys_user_security` VALUES ('89', 'test_87', '12345678', '', '1', null, '1', '1', null, null, '', '0', null, null, null);
INSERT INTO `jc_sys_user_security` VALUES ('90', 'test_88', '12345678', '', '1', null, '1', '1', null, null, '', '0', null, null, null);
INSERT INTO `jc_sys_user_security` VALUES ('91', 'test_89', '12345678', '', '1', null, '1', '1', null, null, '', '0', null, null, null);
INSERT INTO `jc_sys_user_security` VALUES ('92', 'test_90', '12345678', '', '1', null, '1', '1', null, null, '', '0', null, null, null);
INSERT INTO `jc_sys_user_security` VALUES ('93', 'test_91', '12345678', '', '1', null, '1', '1', null, null, '', '0', null, null, null);
INSERT INTO `jc_sys_user_security` VALUES ('94', 'test_92', '12345678', '', '1', null, '1', '1', null, null, '', '0', null, null, null);
INSERT INTO `jc_sys_user_security` VALUES ('95', 'test_93', '12345678', '', '1', null, '1', '1', null, null, '', '0', null, null, null);
INSERT INTO `jc_sys_user_security` VALUES ('96', 'test_94', '12345678', '', '1', null, '1', '1', null, null, '', '0', null, null, null);
INSERT INTO `jc_sys_user_security` VALUES ('97', 'test_95', '12345678', '', '1', null, '1', '1', null, null, '', '0', null, null, null);
INSERT INTO `jc_sys_user_security` VALUES ('98', 'test_96', '12345678', '', '1', null, '1', '1', null, null, '', '0', null, null, null);
INSERT INTO `jc_sys_user_security` VALUES ('99', 'test_97', '12345678', '', '1', null, '1', '1', null, null, '', '0', null, null, null);
INSERT INTO `jc_sys_user_security` VALUES ('100', 'test_98', '12345678', '', '1', null, '1', '1', null, null, '', '0', null, null, null);
INSERT INTO `jc_sys_user_security` VALUES ('101', 'test_99', '12345678', '', '1', null, '1', '1', null, null, '', '0', null, null, null);

-- ----------------------------
-- Table structure for `jc_tmp_actuserinfo`
-- ----------------------------
DROP TABLE IF EXISTS `jc_tmp_actuserinfo`;
CREATE TABLE `jc_tmp_actuserinfo` (
  `ID_` varchar(64) NOT NULL,
  `REV_` int(11) DEFAULT NULL,
  `USER_ID_` varchar(64) DEFAULT NULL,
  `TYPE_` varchar(64) DEFAULT NULL,
  `KEY_` varchar(255) DEFAULT NULL,
  `VALUE_` varchar(255) DEFAULT NULL,
  `PASSWORD_` longblob,
  `PARENT_ID_` varchar(255) DEFAULT NULL,
  PRIMARY KEY (`ID_`)
) ENGINE=InnoDB DEFAULT CHARSET=utf8;

-- ----------------------------
-- Records of jc_tmp_actuserinfo
-- ----------------------------

-- ----------------------------
-- Table structure for `jc_tmp_applicant`
-- ----------------------------
DROP TABLE IF EXISTS `jc_tmp_applicant`;
CREATE TABLE `jc_tmp_applicant` (
  `id` bigint(20) unsigned NOT NULL AUTO_INCREMENT,
  `name` varchar(255) DEFAULT NULL,
  `email` varchar(255) DEFAULT NULL,
  `phone_number` varchar(255) DEFAULT NULL,
  PRIMARY KEY (`id`)
) ENGINE=InnoDB AUTO_INCREMENT=18 DEFAULT CHARSET=utf8;

-- ----------------------------
-- Records of jc_tmp_applicant
-- ----------------------------
INSERT INTO `jc_tmp_applicant` VALUES ('1', 'John Doe', 'john@activiti.org', '12344');
INSERT INTO `jc_tmp_applicant` VALUES ('2', 'John Doe', 'john@activiti.org', '12344');
INSERT INTO `jc_tmp_applicant` VALUES ('3', 'John Doe', 'john@activiti.org', '12344');
INSERT INTO `jc_tmp_applicant` VALUES ('4', 'John Doe', 'john@activiti.org', '12344');
INSERT INTO `jc_tmp_applicant` VALUES ('5', 'John Doe', 'john@activiti.org', '12344');
INSERT INTO `jc_tmp_applicant` VALUES ('6', 'John Doe', 'john@activiti.org', '12344');
INSERT INTO `jc_tmp_applicant` VALUES ('7', 'John Doe', 'john@activiti.org', '12344');
INSERT INTO `jc_tmp_applicant` VALUES ('8', 'John Doe', 'john@activiti.org', '12344');
INSERT INTO `jc_tmp_applicant` VALUES ('9', 'John Doe', 'john@activiti.org', '12344');
INSERT INTO `jc_tmp_applicant` VALUES ('10', 'John Doe', 'john@activiti.org', '12344');
INSERT INTO `jc_tmp_applicant` VALUES ('11', 'John Doe', 'john@activiti.org', '12344');
INSERT INTO `jc_tmp_applicant` VALUES ('12', 'John Doe', 'john@activiti.org', '12344');
INSERT INTO `jc_tmp_applicant` VALUES ('13', 'John Doe', 'john@activiti.org', '12344');
INSERT INTO `jc_tmp_applicant` VALUES ('14', 'John Doe', 'john@activiti.org', '12344');
INSERT INTO `jc_tmp_applicant` VALUES ('15', 'John Doe', 'john@activiti.org', '12344');
INSERT INTO `jc_tmp_applicant` VALUES ('16', 'John Doe', 'john@activiti.org', '12344');
INSERT INTO `jc_tmp_applicant` VALUES ('17', 'John Doe', 'john@activiti.org', '12344');

-- ----------------------------
-- Table structure for `ss_checkjob_job`
-- ----------------------------
DROP TABLE IF EXISTS `ss_checkjob_job`;
CREATE TABLE `ss_checkjob_job` (
  `id_` varchar(64) NOT NULL COMMENT 'ID',
  `name_` varchar(255) DEFAULT NULL COMMENT '',
  `tem_id_` varchar(255) DEFAULT NULL COMMENT 'ID',
  `status_` varchar(255) DEFAULT '0' COMMENT '',
  `ent_id_` varchar(64) DEFAULT NULL COMMENT 'ID',
  `createuser_id_` varchar(64) DEFAULT '' COMMENT 'ID',
  `createdate` datetime DEFAULT NULL COMMENT '',
  `runuser_id_` varchar(64) DEFAULT NULL COMMENT 'ID',
  `plan_fdate` datetime DEFAULT NULL COMMENT '',
  `comment` varchar(255) DEFAULT NULL COMMENT ' ',
  `result_score` int(11) DEFAULT '-1' COMMENT '',
  `act_fdate` datetime DEFAULT NULL COMMENT '',
  `type_` varchar(255) DEFAULT NULL COMMENT '',
  `runner_org_id_` varchar(64) DEFAULT NULL,
  `createuser_org_id_` varchar(64) DEFAULT NULL,
  PRIMARY KEY (`id_`)
) ENGINE=InnoDB DEFAULT CHARSET=utf8 ROW_FORMAT=COMPACT COMMENT='';

-- ----------------------------
-- Records of ss_checkjob_job
-- ----------------------------
INSERT INTO `ss_checkjob_job` VALUES ('13fa658fe77a4452aeba067aa69f910a', '', '1f5e09c2e1ed4b0f8eb193580fc60f2d', '2', '40a954d5f1de4acc8454ee1d5bc2b523', 'c321c891521446bdac49ae2bb29d7a00', '2016-05-20 09:58:14', 'c321c891521446bdac49ae2bb29d7a00', '2099-12-31 00:00:00', '', '3', '2016-05-20 09:58:58', '2', 'be8d6dacb14a42c7bb31893f3dcb922b', 'be8d6dacb14a42c7bb31893f3dcb922b');
INSERT INTO `ss_checkjob_job` VALUES ('22663e41b31a4ca68051173b24105ce3', '1', 'e20dddafbd8043db8fc6f44c46b602bb', '0', '00a6355517874ab9ac9c89184d438124', 'c4db76be7dd94f95b5213b885f919cba', '2016-05-20 00:15:57', 'c4db76be7dd94f95b5213b885f919cba', '2099-12-31 00:00:00', '1', '-1', '2016-05-16 02:56:28', '1', 'be742f86c9914e7b83bfb531c2e693df', 'be742f86c9914e7b83bfb531c2e693df');
INSERT INTO `ss_checkjob_job` VALUES ('2a94cff1da254f37a4b907a8fd6b1c4d', 'bhtest2', '900fcf39cf11462ebc5fb7fa940aa727', '2', '00a6355517874ab9ac9c89184d438124', 'e470153e65ff4acf84ef6bba89290519', '2016-05-20 02:52:48', 'e470153e65ff4acf84ef6bba89290519', '2099-12-31 00:00:00', null, '10', '2016-05-17 02:56:28', '2', 'd12df3a736c742c58da176dbbd52d128', 'd12df3a736c742c58da176dbbd52d128');
INSERT INTO `ss_checkjob_job` VALUES ('33d4e7e7c47b4b3b9fb749ea9ef60041', 'jxtest1', '900fcf39cf11462ebc5fb7fa940aa727', '2', '00a6355517874ab9ac9c89184d438124', 'e470153e65ff4acf84ef6bba89290519', '2016-05-20 02:56:00', 'e470153e65ff4acf84ef6bba89290519', '2099-12-31 00:00:00', 'jxtest1', '7', '2016-05-18 02:56:28', '2', 'd12df3a736c742c58da176dbbd52d128', 'd12df3a736c742c58da176dbbd52d128');
INSERT INTO `ss_checkjob_job` VALUES ('72f59330be7748fc99e6968bb6400c5e', '1', '900fcf39cf11462ebc5fb7fa940aa727', '2', '00a6355517874ab9ac9c89184d438124', 'e470153e65ff4acf84ef6bba89290519', '2016-05-20 02:35:38', 'e470153e65ff4acf84ef6bba89290519', '2099-12-31 00:00:00', '1', '4', '2016-05-11 02:56:28', '2', 'd12df3a736c742c58da176dbbd52d128', 'd12df3a736c742c58da176dbbd52d128');
INSERT INTO `ss_checkjob_job` VALUES ('7a476a7f9da54b1cabb1158445f65926', '1', '3bf1c8399c7a4eeaaf4197211318887d', '2', '00a6355517874ab9ac9c89184d438124', 'c4db76be7dd94f95b5213b885f919cba', '2016-05-20 09:30:05', 'c4db76be7dd94f95b5213b885f919cba', '2099-12-31 00:00:00', null, '10', '2016-05-20 09:32:43', '2', 'be742f86c9914e7b83bfb531c2e693df', 'be742f86c9914e7b83bfb531c2e693df');
INSERT INTO `ss_checkjob_job` VALUES ('86c72188723e4e738d61f62531f73d26', 'aaa', 'e20dddafbd8043db8fc6f44c46b602bb', '0', '03aa6e8bddce4f1599c9f7fb396fb12f', 'c4db76be7dd94f95b5213b885f919cba', '2016-05-20 03:28:19', null, '2099-12-31 00:00:00', 'aaa', '-1', '2016-05-12 02:56:28', null, 'be8d6dacb14a42c7bb31893f3dcb922b', 'be742f86c9914e7b83bfb531c2e693df');
INSERT INTO `ss_checkjob_job` VALUES ('8f1099da100b4794930c0257ef0b6eb1', '2', 'e20dddafbd8043db8fc6f44c46b602bb', '2', '00a6355517874ab9ac9c89184d438124', 'c4db76be7dd94f95b5213b885f919cba', '2016-05-20 00:28:29', 'c4db76be7dd94f95b5213b885f919cba', '2099-12-31 00:00:00', null, '6', '2016-05-13 02:56:28', '3', 'be742f86c9914e7b83bfb531c2e693df', 'be742f86c9914e7b83bfb531c2e693df');
INSERT INTO `ss_checkjob_job` VALUES ('9169fa8fd0c04136a8144e5763102a26', 'a1', 'cc65b6abe5444eae8b2adfd516b2240e', '2', '00a6355517874ab9ac9c89184d438124', '5f6b500ffdf642349a1b46203c147ee0', '2016-05-20 02:58:20', '5f6b500ffdf642349a1b46203c147ee0', '2099-12-31 00:00:00', 'a1', '5', '2016-05-20 03:01:06', '3', '00a6355517874ab9ac9c89184d438124', '00a6355517874ab9ac9c89184d438124');
INSERT INTO `ss_checkjob_job` VALUES ('e12c736dbf9d44f08e02c53a3e1d49cb', '1', '900fcf39cf11462ebc5fb7fa940aa727', '2', '00a6355517874ab9ac9c89184d438124', 'c4db76be7dd94f95b5213b885f919cba', '2016-05-20 01:28:52', 'e470153e65ff4acf84ef6bba89290519', '2099-12-31 00:00:00', '1', '10', '2016-05-19 03:01:06', '2', 'd12df3a736c742c58da176dbbd52d128', 'be742f86c9914e7b83bfb531c2e693df');
INSERT INTO `ss_checkjob_job` VALUES ('e4af019f7a544cbb99d84092b11d57d5', '1', '761081eb53d84e24973aae34425066cf', '2', '02dba066a2894ac08fafe0dc599caba2', 'c321c891521446bdac49ae2bb29d7a00', '2016-05-20 02:38:12', 'c321c891521446bdac49ae2bb29d7a00', '2099-12-31 00:00:00', '1', '8', '2016-05-19 03:01:06', '2', 'be8d6dacb14a42c7bb31893f3dcb922b', 'be8d6dacb14a42c7bb31893f3dcb922b');

-- ----------------------------
-- Table structure for `ss_checkjob_job_detail`
-- ----------------------------
DROP TABLE IF EXISTS `ss_checkjob_job_detail`;
CREATE TABLE `ss_checkjob_job_detail` (
  `id_` varchar(64) NOT NULL COMMENT 'ID',
  `job_id_` varchar(64) DEFAULT NULL COMMENT 'ID',
  `item_id_` varchar(64) DEFAULT '' COMMENT 'ID',
  `operate_time_` datetime DEFAULT NULL COMMENT '',
  `operator_id_` varchar(64) DEFAULT NULL COMMENT 'ID',
  `score_` int(255) DEFAULT '-1' COMMENT '',
  PRIMARY KEY (`id_`)
) ENGINE=InnoDB DEFAULT CHARSET=utf8 ROW_FORMAT=COMPACT COMMENT='';

-- ----------------------------
-- Records of ss_checkjob_job_detail
-- ----------------------------
INSERT INTO `ss_checkjob_job_detail` VALUES ('0cc252c9712e444f89f08ce6f9661689', '72f59330be7748fc99e6968bb6400c5e', 'a09d87ce110240adbc5a959f9b46b4ed', '2016-05-20 02:35:56', 'e470153e65ff4acf84ef6bba89290519', '1');
INSERT INTO `ss_checkjob_job_detail` VALUES ('0cd518393d7c4408baf622832a3130fc', '7a476a7f9da54b1cabb1158445f65926', 'be60792440cc4dfca846b3e673ebf2a4', '2016-05-20 09:32:42', 'c4db76be7dd94f95b5213b885f919cba', '2');
INSERT INTO `ss_checkjob_job_detail` VALUES ('0d44bc27104a4f3b86d5945903a78b1e', 'e12c736dbf9d44f08e02c53a3e1d49cb', 'f74b2a58630d447188c0a205145a54aa', '2016-05-20 02:34:10', 'e470153e65ff4acf84ef6bba89290519', '3');
INSERT INTO `ss_checkjob_job_detail` VALUES ('0f86863cf10e4a118fd2e00749702611', 'e4af019f7a544cbb99d84092b11d57d5', '6fcab2ec600d492bb17d3c8eb142a92d', '2016-05-20 02:39:52', 'c321c891521446bdac49ae2bb29d7a00', '3');
INSERT INTO `ss_checkjob_job_detail` VALUES ('143f0192a2ed45e99cadb5cb8d58efe0', '2a94cff1da254f37a4b907a8fd6b1c4d', 'f74b2a58630d447188c0a205145a54aa', '2016-05-20 02:53:02', 'e470153e65ff4acf84ef6bba89290519', '3');
INSERT INTO `ss_checkjob_job_detail` VALUES ('22a39f31e7da46bd973aa1cd497fbb41', '22663e41b31a4ca68051173b24105ce3', '5fc58867e9994545b77cb63e3e25daae', '2016-05-20 00:16:56', 'c4db76be7dd94f95b5213b885f919cba', '1');
INSERT INTO `ss_checkjob_job_detail` VALUES ('29353c502a714b48943a115a4a150175', '7a476a7f9da54b1cabb1158445f65926', 'd398275d3c8c475489e754fc8e66642f', '2016-05-20 09:32:42', 'c4db76be7dd94f95b5213b885f919cba', '1');
INSERT INTO `ss_checkjob_job_detail` VALUES ('514c4d7672d54a3e86c90a182879b5f8', 'e12c736dbf9d44f08e02c53a3e1d49cb', 'a09d87ce110240adbc5a959f9b46b4ed', '2016-05-20 02:34:01', 'e470153e65ff4acf84ef6bba89290519', '2');
INSERT INTO `ss_checkjob_job_detail` VALUES ('5689fc26bd4e4dd39d8292884c7b17fc', '7a476a7f9da54b1cabb1158445f65926', '54baa8900f3d4fe8860ea3012f0c1be4', '2016-05-20 09:32:43', 'c4db76be7dd94f95b5213b885f919cba', '1');
INSERT INTO `ss_checkjob_job_detail` VALUES ('56c9f47b078c44df9595eeb726bf6116', '22663e41b31a4ca68051173b24105ce3', '0bb7ce792fbc4cff809c71af3c70a8e1', '2016-05-20 00:20:55', 'c4db76be7dd94f95b5213b885f919cba', '2');
INSERT INTO `ss_checkjob_job_detail` VALUES ('5faa67fc8dc84499801e8ea0cd2a84f3', '86c72188723e4e738d61f62531f73d26', '5fc58867e9994545b77cb63e3e25daae', null, null, '-1');
INSERT INTO `ss_checkjob_job_detail` VALUES ('65667662c43b4d4b97aa925b60ebe8c1', 'e12c736dbf9d44f08e02c53a3e1d49cb', '85c01be5af524b589733f0d0743d26d5', '2016-05-20 02:34:01', 'e470153e65ff4acf84ef6bba89290519', '2');
INSERT INTO `ss_checkjob_job_detail` VALUES ('693ea554f3da4384ab5897104a50319d', '9169fa8fd0c04136a8144e5763102a26', '08f43a3729da415bb1b56dcd7a2e68ab', '2016-05-20 03:01:00', '5f6b500ffdf642349a1b46203c147ee0', '1');
INSERT INTO `ss_checkjob_job_detail` VALUES ('6e7ff7cdb02848aba78163ad50bd5210', '33d4e7e7c47b4b3b9fb749ea9ef60041', '85c01be5af524b589733f0d0743d26d5', '2016-05-20 02:56:12', 'e470153e65ff4acf84ef6bba89290519', '2');
INSERT INTO `ss_checkjob_job_detail` VALUES ('756e2051e6594ec792fbb3764dadb685', '9169fa8fd0c04136a8144e5763102a26', '96ad0cac8d0649aa9505185dcf805491', '2016-05-20 03:01:00', '5f6b500ffdf642349a1b46203c147ee0', '1');
INSERT INTO `ss_checkjob_job_detail` VALUES ('793e94113a4b492a8b3d67b05eabcde0', '9169fa8fd0c04136a8144e5763102a26', 'a09d87ce110240adbc5a959f9b46b4ed', '2016-05-20 03:01:06', '5f6b500ffdf642349a1b46203c147ee0', '2');
INSERT INTO `ss_checkjob_job_detail` VALUES ('7c4a40e21e3f4d598a2facc10a391f14', '2a94cff1da254f37a4b907a8fd6b1c4d', 'a09d87ce110240adbc5a959f9b46b4ed', '2016-05-20 02:53:02', 'e470153e65ff4acf84ef6bba89290519', '2');
INSERT INTO `ss_checkjob_job_detail` VALUES ('80d88aa094eb4a2da33ea598625c370d', '86c72188723e4e738d61f62531f73d26', '0bb7ce792fbc4cff809c71af3c70a8e1', null, null, '-1');
INSERT INTO `ss_checkjob_job_detail` VALUES ('8242280848ba40a5b4878a68716156e3', '72f59330be7748fc99e6968bb6400c5e', 'f74b2a58630d447188c0a205145a54aa', '2016-05-20 02:35:56', 'e470153e65ff4acf84ef6bba89290519', '1');
INSERT INTO `ss_checkjob_job_detail` VALUES ('82c61771ad8a43edba11e739605c4bc4', '9169fa8fd0c04136a8144e5763102a26', '85c01be5af524b589733f0d0743d26d5', '2016-05-20 03:01:00', '5f6b500ffdf642349a1b46203c147ee0', '1');
INSERT INTO `ss_checkjob_job_detail` VALUES ('84f7e804325342cf8f7ca44144eb40b6', 'e12c736dbf9d44f08e02c53a3e1d49cb', 'ba4a6153b64b4dcfb6943000b2a0f82f', '2016-05-20 02:34:10', 'e470153e65ff4acf84ef6bba89290519', '3');
INSERT INTO `ss_checkjob_job_detail` VALUES ('868b79cbe1404417880e28350ee93e1c', '8f1099da100b4794930c0257ef0b6eb1', '5fc58867e9994545b77cb63e3e25daae', '2016-05-20 00:45:04', 'c4db76be7dd94f95b5213b885f919cba', '3');
INSERT INTO `ss_checkjob_job_detail` VALUES ('911ae8fca47345a3bf8fc32bc91e4c4d', '22663e41b31a4ca68051173b24105ce3', '96ad0cac8d0649aa9505185dcf805491', '2016-05-20 00:16:56', 'c4db76be7dd94f95b5213b885f919cba', '1');
INSERT INTO `ss_checkjob_job_detail` VALUES ('9435a591923f47eea7bbd01dd9bc8824', 'e4af019f7a544cbb99d84092b11d57d5', 'f74b2a58630d447188c0a205145a54aa', '2016-05-20 02:39:52', 'c321c891521446bdac49ae2bb29d7a00', '2');
INSERT INTO `ss_checkjob_job_detail` VALUES ('954d2db794564eada9893fa030e35cfe', '33d4e7e7c47b4b3b9fb749ea9ef60041', 'ba4a6153b64b4dcfb6943000b2a0f82f', '2016-05-20 02:56:28', 'e470153e65ff4acf84ef6bba89290519', '1');
INSERT INTO `ss_checkjob_job_detail` VALUES ('99c0b65ca63243b3941fd8ff3fa53aec', '33d4e7e7c47b4b3b9fb749ea9ef60041', 'a09d87ce110240adbc5a959f9b46b4ed', '2016-05-20 02:56:12', 'e470153e65ff4acf84ef6bba89290519', '2');
INSERT INTO `ss_checkjob_job_detail` VALUES ('a05275d226e544a7b3408cf47086cc8b', '7a476a7f9da54b1cabb1158445f65926', '5fc58867e9994545b77cb63e3e25daae', '2016-05-20 09:32:42', 'c4db76be7dd94f95b5213b885f919cba', '1');
INSERT INTO `ss_checkjob_job_detail` VALUES ('a190cb3ecfcb4d729bc6c75ae1062208', 'e4af019f7a544cbb99d84092b11d57d5', '06254582303d4460a97b92d2b2113146', '2016-05-20 02:39:52', 'c321c891521446bdac49ae2bb29d7a00', '1');
INSERT INTO `ss_checkjob_job_detail` VALUES ('a41e7a274ff34e48ae27781fba519409', '13fa658fe77a4452aeba067aa69f910a', 'ba4a6153b64b4dcfb6943000b2a0f82f', '2016-05-20 09:58:58', 'c321c891521446bdac49ae2bb29d7a00', '2');
INSERT INTO `ss_checkjob_job_detail` VALUES ('b5261d801ae144608a764c3d96e1dfa9', '13fa658fe77a4452aeba067aa69f910a', '6fcab2ec600d492bb17d3c8eb142a92d', '2016-05-20 09:58:58', 'c321c891521446bdac49ae2bb29d7a00', '1');
INSERT INTO `ss_checkjob_job_detail` VALUES ('b67e6885af4e418fbd1c715914de4674', '7a476a7f9da54b1cabb1158445f65926', 'd1a99b7da3ad4bbba46cb7ca595e1650', '2016-05-20 09:32:42', 'c4db76be7dd94f95b5213b885f919cba', '3');
INSERT INTO `ss_checkjob_job_detail` VALUES ('c8f3db3bcf804fd08f62926681766812', '8f1099da100b4794930c0257ef0b6eb1', '96ad0cac8d0649aa9505185dcf805491', '2016-05-20 00:36:02', 'c4db76be7dd94f95b5213b885f919cba', '1');
INSERT INTO `ss_checkjob_job_detail` VALUES ('d06e2bddbb2a400a965cc4e0f4d0ebc8', '33d4e7e7c47b4b3b9fb749ea9ef60041', 'f74b2a58630d447188c0a205145a54aa', '2016-05-20 02:56:12', 'e470153e65ff4acf84ef6bba89290519', '2');
INSERT INTO `ss_checkjob_job_detail` VALUES ('d69e065c8e0748a4ba981da54d8e0c4f', '2a94cff1da254f37a4b907a8fd6b1c4d', 'ba4a6153b64b4dcfb6943000b2a0f82f', '2016-05-20 02:53:02', 'e470153e65ff4acf84ef6bba89290519', '3');
INSERT INTO `ss_checkjob_job_detail` VALUES ('e39e7157b2bb46e8bda44bc7ffa31a65', '7a476a7f9da54b1cabb1158445f65926', '106a89d7353b439cb5eb000da7e6d881', '2016-05-20 09:32:43', 'c4db76be7dd94f95b5213b885f919cba', '2');
INSERT INTO `ss_checkjob_job_detail` VALUES ('e407dc61322d4ece944c0844d0811236', 'e4af019f7a544cbb99d84092b11d57d5', '5ba89728daeb4a6999238a2939748145', '2016-05-20 02:39:52', 'c321c891521446bdac49ae2bb29d7a00', '2');
INSERT INTO `ss_checkjob_job_detail` VALUES ('ee44e951d1c04bf19fd9e89997cc69ee', '72f59330be7748fc99e6968bb6400c5e', 'ba4a6153b64b4dcfb6943000b2a0f82f', '2016-05-20 02:35:56', 'e470153e65ff4acf84ef6bba89290519', '1');
INSERT INTO `ss_checkjob_job_detail` VALUES ('ef8e2e1b840f48db9638a514ed4694c5', '2a94cff1da254f37a4b907a8fd6b1c4d', '85c01be5af524b589733f0d0743d26d5', '2016-05-20 02:53:02', 'e470153e65ff4acf84ef6bba89290519', '2');
INSERT INTO `ss_checkjob_job_detail` VALUES ('f2a7188f49594127aaf40a614a443f61', '86c72188723e4e738d61f62531f73d26', '96ad0cac8d0649aa9505185dcf805491', null, null, '-1');
INSERT INTO `ss_checkjob_job_detail` VALUES ('f40f954de6684f539a8e2e605102dd60', '72f59330be7748fc99e6968bb6400c5e', '85c01be5af524b589733f0d0743d26d5', '2016-05-20 02:35:56', 'e470153e65ff4acf84ef6bba89290519', '1');
INSERT INTO `ss_checkjob_job_detail` VALUES ('f491b10f573b4c4da0e8342334a70606', '8f1099da100b4794930c0257ef0b6eb1', '0bb7ce792fbc4cff809c71af3c70a8e1', '2016-05-20 00:45:19', 'c4db76be7dd94f95b5213b885f919cba', '2');

-- ----------------------------
-- Table structure for `ss_checkjob_job_result`
-- ----------------------------
DROP TABLE IF EXISTS `ss_checkjob_job_result`;
CREATE TABLE `ss_checkjob_job_result` (
  `id_` varchar(64) NOT NULL COMMENT 'ID',
  `name_` varchar(255) NOT NULL COMMENT '',
  `job_id_` varchar(255) NOT NULL COMMENT 'ID',
  `result` varchar(255) DEFAULT NULL COMMENT '',
  `ent_id_` varchar(64) NOT NULL COMMENT 'ID',
  `createuser_id_` varchar(64) NOT NULL DEFAULT '1' COMMENT '',
  PRIMARY KEY (`id_`)
) ENGINE=InnoDB DEFAULT CHARSET=utf8 ROW_FORMAT=COMPACT COMMENT='';

-- ----------------------------
-- Records of ss_checkjob_job_result
-- ----------------------------

-- ----------------------------
-- Table structure for `ss_checkjob_job_tem`
-- ----------------------------
DROP TABLE IF EXISTS `ss_checkjob_job_tem`;
CREATE TABLE `ss_checkjob_job_tem` (
  `id_` varchar(64) NOT NULL COMMENT 'ID',
  `name_` varchar(255) DEFAULT NULL COMMENT '',
  `createuser_id_` varchar(64) DEFAULT NULL COMMENT 'ID',
  `createdate` timestamp NULL DEFAULT NULL COMMENT '',
  `comment` varchar(255) DEFAULT NULL COMMENT ' ',
  `items` longtext COMMENT '',
  `org_id_` varchar(64) DEFAULT NULL COMMENT 'ID',
  PRIMARY KEY (`id_`)
) ENGINE=InnoDB DEFAULT CHARSET=utf8 ROW_FORMAT=COMPACT COMMENT='';

-- ----------------------------
-- Records of ss_checkjob_job_tem
-- ----------------------------
INSERT INTO `ss_checkjob_job_tem` VALUES ('0794ae8b15804c1784ef18b4cad18565', 'aa', '5f6b500ffdf642349a1b46203c147ee0', '2016-05-19 08:47:58', null, '5ba89728daeb4a6999238a2939748145,06254582303d4460a97b92d2b2113146,f74b2a58630d447188c0a205145a54aa,85c01be5af524b589733f0d0743d26d5,', '00a6355517874ab9ac9c89184d438124');
INSERT INTO `ss_checkjob_job_tem` VALUES ('1f5e09c2e1ed4b0f8eb193580fc60f2d', 'test2222', 'c321c891521446bdac49ae2bb29d7a00', '2016-05-20 09:56:20', null, '6fcab2ec600d492bb17d3c8eb142a92d,ba4a6153b64b4dcfb6943000b2a0f82f,', 'be8d6dacb14a42c7bb31893f3dcb922b');
INSERT INTO `ss_checkjob_job_tem` VALUES ('3bf1c8399c7a4eeaaf4197211318887d', '2', 'c4db76be7dd94f95b5213b885f919cba', '2016-05-20 09:28:47', null, '54baa8900f3d4fe8860ea3012f0c1be4,106a89d7353b439cb5eb000da7e6d881,d398275d3c8c475489e754fc8e66642f,d1a99b7da3ad4bbba46cb7ca595e1650,be60792440cc4dfca846b3e673ebf2a4,5fc58867e9994545b77cb63e3e25daae,', 'be742f86c9914e7b83bfb531c2e693df');
INSERT INTO `ss_checkjob_job_tem` VALUES ('4919954eab334b8c9a70b7eaeb2b7981', '', '5f6b500ffdf642349a1b46203c147ee0', '2016-05-18 14:34:49', null, '1cb4228a85e44a6e9e0ae3b9b94d09cc,fb1bb00ed17f49aab5bca7a92c5f0ec7,29b81c1d4802456ea8025a56636bc79b,6d3e449431944c129371ed6be8be3d11,fa4712fd6d51444bae7449f3618f32f4,7c73335b484b46c0a30fda7799e568e1,9c496ad57e4e4d1e96e6f4ac501802b0,a3f95fe0ff4a4df7991130fbaaf91543,f640466a21cb452d831f57624b826b31,bc008f2cc84b49709b64465f576ec160,e4c018fea67f43f9aab0758f7592b5ab,21c400482d5f49088bba1d33c3a64134,755295eff8744e5f93e9360e91bc12ec,16c8e1581a32447191b6c12ae78d7703,2dbff7d7c0d6469993a4f137e37b2f0c,45129b544a3148caa7ed11a69db06f64,cb7fcf162bb34ded9d0694afa2cce127,98caa5d1bcf145218d9910687db6ef8f,c80fc1052a1d491ea9843099b18faf89,e3a77addc673422fb2bd3cf87f2bd2f5,6252b1c89ef247179d46db0a08b6e5b6,3776ae04982348a2a14469ed3e57abcb,472a032b4f534675acac3602e946ef69,e1947e4d73c6450bbebe724595a2276d,bb797c8b886b4cad86b05bc65b94c807,72d65040039f4c3f8ca72e22495797fc,d8407a4a393b44d3a059bdc7bed184ef,02eec96dfbf0440fa16a2caaf168c812,cc1351b04e924637bb7c8d6e62719ac2,eef8fe8c67824d23bb21c1ea9ab82449,b91cb851cf7142d3be3864826aa8f9db,f9914cf61c0343efb2d327f7f95042c2,de35744dc9914d018de7e9585b31b782,fcf9376948104da1b8d7cb43f71f4f78,77ef62f7f6644cbba6c3011cac207b68,37e65c6b652348b984e34f41fef3f614,228fb3a3a54649f8b3d84d759f916e1c,0ddff71c42164db3b755ab0198bbfdcc,b16a7a2f9d804a749fa583e41a5581c7,37e72140320d4cdfb52acf286a70f4e2,8daa22e6661643b3b60316c0f6c62ead,2d7af66ddec7413c842c294dc599bb4a,d398275d3c8c475489e754fc8e66642f,6eea078283214dbaa3612819b59346b0,8a39cc8902694c4b93a415154d8ae805,8339f698c8944a55a1e13af47485aa06,bd274ea7d3a84536b47e2f9aa14f5005,cce580d1e61d41e1b2fb71e20f9f2f20,b20e7020c78248c7afc6c818bce61446,dee27c258ed34630b60ed833a4b7fa3c,2365f90d42f14ace8f4298f236643a7f,87d922c87449409e94af94446eb3bd68,59f9422d36414718b72fc604ee5acf2a,79b417931ffb4e1fa7a49af433d8becd,33292f2c24384e7197742f40b8018e71,29999d34870b41f9ad4e791b5feec11e,c2729b7b0a1e47408cfbe378b7a90a51,f74b2a58630d447188c0a205145a54aa,5fc58867e9994545b77cb63e3e25daae,08f43a3729da415bb1b56dcd7a2e68ab,96ad0cac8d0649aa9505185dcf805491,', '00a6355517874ab9ac9c89184d438124');
INSERT INTO `ss_checkjob_job_tem` VALUES ('54c9392998734269b0075c7adc40c104', 'test11111', 'c321c891521446bdac49ae2bb29d7a00', '2016-05-20 09:55:40', null, '06254582303d4460a97b92d2b2113146,a09d87ce110240adbc5a959f9b46b4ed,be60792440cc4dfca846b3e673ebf2a4,', 'be8d6dacb14a42c7bb31893f3dcb922b');
INSERT INTO `ss_checkjob_job_tem` VALUES ('5cbd9b0e26ea491da62259580f244a86', 'testnew1', 'c4db76be7dd94f95b5213b885f919cba', '2016-05-20 09:14:08', null, '12ef81ff422441eab5924c18443e1807,6fcab2ec600d492bb17d3c8eb142a92d,f74b2a58630d447188c0a205145a54aa,a09d87ce110240adbc5a959f9b46b4ed,', 'be742f86c9914e7b83bfb531c2e693df');
INSERT INTO `ss_checkjob_job_tem` VALUES ('761081eb53d84e24973aae34425066cf', '1', 'c321c891521446bdac49ae2bb29d7a00', '2016-05-19 13:52:16', null, '5ba89728daeb4a6999238a2939748145,6fcab2ec600d492bb17d3c8eb142a92d,06254582303d4460a97b92d2b2113146,f74b2a58630d447188c0a205145a54aa,', 'be8d6dacb14a42c7bb31893f3dcb922b');
INSERT INTO `ss_checkjob_job_tem` VALUES ('900fcf39cf11462ebc5fb7fa940aa727', '1', 'e470153e65ff4acf84ef6bba89290519', '2016-05-18 16:46:34', null, 'ba4a6153b64b4dcfb6943000b2a0f82f,f74b2a58630d447188c0a205145a54aa,a09d87ce110240adbc5a959f9b46b4ed,85c01be5af524b589733f0d0743d26d5,', 'd12df3a736c742c58da176dbbd52d128');
INSERT INTO `ss_checkjob_job_tem` VALUES ('c3f4273431c94d9bbc4ec5daca923bc8', '1', 'c4db76be7dd94f95b5213b885f919cba', '2016-05-18 15:35:07', null, '73842ea9aff84bbaa90898cc64be3ab6,85b3c3f90f374d0697203446b464e44c,3e73743f2e024d12bce72c4aed8a4c40,f255f88cc7f54fe5a5397e8bed014124,7f5defb0bc974d36ba1f5d1ee77aa087,fe2fbf44f2d94750b49e286aabd3ad07,f56d0d92eaab45329453f9bccbb36fe3,853ecdd98d3048c3a0bf3d4773bcdfda,1a66f7071b784ab9bd647652c3d93429,1809e810e0994707bcf6ae104b160710,5d9ec80c4df7478dbc58cac6ca36fe0c,6d0fe6e941444a19813694dc2fd7f45c,00a0aeba317840509f2f15d94fd6a1b3,c2729b7b0a1e47408cfbe378b7a90a51,29999d34870b41f9ad4e791b5feec11e,97e296dae88242d6a170220c39bcc95f,', 'be742f86c9914e7b83bfb531c2e693df');
INSERT INTO `ss_checkjob_job_tem` VALUES ('cc65b6abe5444eae8b2adfd516b2240e', '1', '5f6b500ffdf642349a1b46203c147ee0', '2016-05-17 09:21:39', null, 'a09d87ce110240adbc5a959f9b46b4ed,85c01be5af524b589733f0d0743d26d5,08f43a3729da415bb1b56dcd7a2e68ab,96ad0cac8d0649aa9505185dcf805491,', '00a6355517874ab9ac9c89184d438124');
INSERT INTO `ss_checkjob_job_tem` VALUES ('e20dddafbd8043db8fc6f44c46b602bb', '1', 'c4db76be7dd94f95b5213b885f919cba', '2016-05-20 00:14:47', null, '0bb7ce792fbc4cff809c71af3c70a8e1,5fc58867e9994545b77cb63e3e25daae,96ad0cac8d0649aa9505185dcf805491,', 'be742f86c9914e7b83bfb531c2e693df');

-- ----------------------------
-- Table structure for `ss_checkjob_job_tem_item`
-- ----------------------------
DROP TABLE IF EXISTS `ss_checkjob_job_tem_item`;
CREATE TABLE `ss_checkjob_job_tem_item` (
  `id_` varchar(64) NOT NULL COMMENT 'ID',
  `tem_id_` varchar(64) DEFAULT NULL COMMENT 'ID',
  `item_id_` varchar(64) DEFAULT '' COMMENT 'ID',
  `operate_time_` datetime DEFAULT NULL COMMENT '',
  `operator_id_` varchar(64) DEFAULT NULL COMMENT 'ID',
  PRIMARY KEY (`id_`)
) ENGINE=InnoDB DEFAULT CHARSET=utf8 ROW_FORMAT=COMPACT COMMENT='';

-- ----------------------------
-- Records of ss_checkjob_job_tem_item
-- ----------------------------
INSERT INTO `ss_checkjob_job_tem_item` VALUES ('01268134af8d452a982b00d5ec6fac46', '3bf1c8399c7a4eeaaf4197211318887d', 'd398275d3c8c475489e754fc8e66642f', '2016-05-20 09:28:47', 'c4db76be7dd94f95b5213b885f919cba');
INSERT INTO `ss_checkjob_job_tem_item` VALUES ('018470c1eecd41cbb59d5e079726ac05', '900fcf39cf11462ebc5fb7fa940aa727', '85c01be5af524b589733f0d0743d26d5', '2016-05-18 16:46:34', 'e470153e65ff4acf84ef6bba89290519');
INSERT INTO `ss_checkjob_job_tem_item` VALUES ('04af182f0a4947f581c13ddfd891a08a', '4919954eab334b8c9a70b7eaeb2b7981', 'eef8fe8c67824d23bb21c1ea9ab82449', '2016-05-18 14:34:49', '5f6b500ffdf642349a1b46203c147ee0');
INSERT INTO `ss_checkjob_job_tem_item` VALUES ('08cf24561d1148fda728aa95e4234679', '4919954eab334b8c9a70b7eaeb2b7981', '228fb3a3a54649f8b3d84d759f916e1c', '2016-05-18 14:34:49', '5f6b500ffdf642349a1b46203c147ee0');
INSERT INTO `ss_checkjob_job_tem_item` VALUES ('09227dc707c0453a887c070a3f157d10', '4919954eab334b8c9a70b7eaeb2b7981', '29999d34870b41f9ad4e791b5feec11e', '2016-05-18 14:34:49', '5f6b500ffdf642349a1b46203c147ee0');
INSERT INTO `ss_checkjob_job_tem_item` VALUES ('0bf29b4948a145769fa85311dde05f29', '4919954eab334b8c9a70b7eaeb2b7981', 'e1947e4d73c6450bbebe724595a2276d', '2016-05-18 14:34:49', '5f6b500ffdf642349a1b46203c147ee0');
INSERT INTO `ss_checkjob_job_tem_item` VALUES ('0f075fe3c08d4f4582b2ea42f4fdcea7', '4919954eab334b8c9a70b7eaeb2b7981', '2d7af66ddec7413c842c294dc599bb4a', '2016-05-18 14:34:49', '5f6b500ffdf642349a1b46203c147ee0');
INSERT INTO `ss_checkjob_job_tem_item` VALUES ('0f898146ce304435a7e0b6527144389d', '0794ae8b15804c1784ef18b4cad18565', 'f74b2a58630d447188c0a205145a54aa', '2016-05-19 08:47:58', '5f6b500ffdf642349a1b46203c147ee0');
INSERT INTO `ss_checkjob_job_tem_item` VALUES ('109194e8e1d845d099d8bdbde5881899', '4919954eab334b8c9a70b7eaeb2b7981', 'd398275d3c8c475489e754fc8e66642f', '2016-05-18 14:34:49', '5f6b500ffdf642349a1b46203c147ee0');
INSERT INTO `ss_checkjob_job_tem_item` VALUES ('10b2555fd24943fbb5b8377113ac28ac', 'e20dddafbd8043db8fc6f44c46b602bb', '96ad0cac8d0649aa9505185dcf805491', '2016-05-20 00:14:47', 'c4db76be7dd94f95b5213b885f919cba');
INSERT INTO `ss_checkjob_job_tem_item` VALUES ('14cd64b4b2b646acac332859e95a77b2', 'c3f4273431c94d9bbc4ec5daca923bc8', '5d9ec80c4df7478dbc58cac6ca36fe0c', '2016-05-18 15:35:07', 'c4db76be7dd94f95b5213b885f919cba');
INSERT INTO `ss_checkjob_job_tem_item` VALUES ('1ec3453ef4cc4cada1dc7dd3679e5d24', '4919954eab334b8c9a70b7eaeb2b7981', 'd8407a4a393b44d3a059bdc7bed184ef', '2016-05-18 14:34:49', '5f6b500ffdf642349a1b46203c147ee0');
INSERT INTO `ss_checkjob_job_tem_item` VALUES ('217269d9ed3f4189bb6141ee3f469591', '54c9392998734269b0075c7adc40c104', 'be60792440cc4dfca846b3e673ebf2a4', '2016-05-20 09:55:40', 'c321c891521446bdac49ae2bb29d7a00');
INSERT INTO `ss_checkjob_job_tem_item` VALUES ('223f363f450348cda777c02df6e784ed', '4919954eab334b8c9a70b7eaeb2b7981', 'b20e7020c78248c7afc6c818bce61446', '2016-05-18 14:34:49', '5f6b500ffdf642349a1b46203c147ee0');
INSERT INTO `ss_checkjob_job_tem_item` VALUES ('27c7e19572c9446985cbb22d8c8e695d', '4919954eab334b8c9a70b7eaeb2b7981', '98caa5d1bcf145218d9910687db6ef8f', '2016-05-18 14:34:49', '5f6b500ffdf642349a1b46203c147ee0');
INSERT INTO `ss_checkjob_job_tem_item` VALUES ('2f44da835c2a44218a7087a0c73fc045', '4919954eab334b8c9a70b7eaeb2b7981', 'b16a7a2f9d804a749fa583e41a5581c7', '2016-05-18 14:34:49', '5f6b500ffdf642349a1b46203c147ee0');
INSERT INTO `ss_checkjob_job_tem_item` VALUES ('2fc68b3eaccf4b4588a9fa05543a11b9', '4919954eab334b8c9a70b7eaeb2b7981', '9c496ad57e4e4d1e96e6f4ac501802b0', '2016-05-18 14:34:49', '5f6b500ffdf642349a1b46203c147ee0');
INSERT INTO `ss_checkjob_job_tem_item` VALUES ('31714be685ea41d1985255d724f5b75c', 'c3f4273431c94d9bbc4ec5daca923bc8', '1a66f7071b784ab9bd647652c3d93429', '2016-05-18 15:35:07', 'c4db76be7dd94f95b5213b885f919cba');
INSERT INTO `ss_checkjob_job_tem_item` VALUES ('36af504f64e44ba1bda89cf82bffcc91', '4919954eab334b8c9a70b7eaeb2b7981', 'f74b2a58630d447188c0a205145a54aa', '2016-05-18 14:34:49', '5f6b500ffdf642349a1b46203c147ee0');
INSERT INTO `ss_checkjob_job_tem_item` VALUES ('36e1a55e9d894b149b783219e08d12fd', '0794ae8b15804c1784ef18b4cad18565', '06254582303d4460a97b92d2b2113146', '2016-05-19 08:47:58', '5f6b500ffdf642349a1b46203c147ee0');
INSERT INTO `ss_checkjob_job_tem_item` VALUES ('371d129ead0a40a0a63b44ca8eb26eac', '4919954eab334b8c9a70b7eaeb2b7981', 'f9914cf61c0343efb2d327f7f95042c2', '2016-05-18 14:34:49', '5f6b500ffdf642349a1b46203c147ee0');
INSERT INTO `ss_checkjob_job_tem_item` VALUES ('37635173c5124a9ba1e62fb556c78eb0', 'cc65b6abe5444eae8b2adfd516b2240e', '08f43a3729da415bb1b56dcd7a2e68ab', '2016-05-17 09:21:39', '5f6b500ffdf642349a1b46203c147ee0');
INSERT INTO `ss_checkjob_job_tem_item` VALUES ('37f3327d016148d589c95d08567aaead', '4919954eab334b8c9a70b7eaeb2b7981', '7c73335b484b46c0a30fda7799e568e1', '2016-05-18 14:34:49', '5f6b500ffdf642349a1b46203c147ee0');
INSERT INTO `ss_checkjob_job_tem_item` VALUES ('411448bcb3b04fccbde996b700dead4b', '900fcf39cf11462ebc5fb7fa940aa727', 'a09d87ce110240adbc5a959f9b46b4ed', '2016-05-18 16:46:34', 'e470153e65ff4acf84ef6bba89290519');
INSERT INTO `ss_checkjob_job_tem_item` VALUES ('421249e781244be8b1ccc4b97b1c6bd8', '4919954eab334b8c9a70b7eaeb2b7981', '472a032b4f534675acac3602e946ef69', '2016-05-18 14:34:49', '5f6b500ffdf642349a1b46203c147ee0');
INSERT INTO `ss_checkjob_job_tem_item` VALUES ('4871cb9c3f194ce7bfaa14a34fa6d600', 'e20dddafbd8043db8fc6f44c46b602bb', '0bb7ce792fbc4cff809c71af3c70a8e1', '2016-05-20 00:14:47', 'c4db76be7dd94f95b5213b885f919cba');
INSERT INTO `ss_checkjob_job_tem_item` VALUES ('4a430fece4fb4849a7839063561c1ba2', '54c9392998734269b0075c7adc40c104', '06254582303d4460a97b92d2b2113146', '2016-05-20 09:55:40', 'c321c891521446bdac49ae2bb29d7a00');
INSERT INTO `ss_checkjob_job_tem_item` VALUES ('4cc1c2f3cfb4417699a1101ab3c687de', '54c9392998734269b0075c7adc40c104', 'a09d87ce110240adbc5a959f9b46b4ed', '2016-05-20 09:55:40', 'c321c891521446bdac49ae2bb29d7a00');
INSERT INTO `ss_checkjob_job_tem_item` VALUES ('4ef2648f02684ea08b5d89e50b7f1075', 'c3f4273431c94d9bbc4ec5daca923bc8', 'f56d0d92eaab45329453f9bccbb36fe3', '2016-05-18 15:35:07', 'c4db76be7dd94f95b5213b885f919cba');
INSERT INTO `ss_checkjob_job_tem_item` VALUES ('52ea27f0ba3748819cecdf7493cb0f44', '3bf1c8399c7a4eeaaf4197211318887d', '106a89d7353b439cb5eb000da7e6d881', '2016-05-20 09:28:47', 'c4db76be7dd94f95b5213b885f919cba');
INSERT INTO `ss_checkjob_job_tem_item` VALUES ('565e851e993e40069045bc71e37d8e92', '4919954eab334b8c9a70b7eaeb2b7981', '8a39cc8902694c4b93a415154d8ae805', '2016-05-18 14:34:49', '5f6b500ffdf642349a1b46203c147ee0');
INSERT INTO `ss_checkjob_job_tem_item` VALUES ('584dca20613c4ca49133c4760309f1ec', '4919954eab334b8c9a70b7eaeb2b7981', '72d65040039f4c3f8ca72e22495797fc', '2016-05-18 14:34:49', '5f6b500ffdf642349a1b46203c147ee0');
INSERT INTO `ss_checkjob_job_tem_item` VALUES ('58aa13ac06b24d7ab8a47ce2ccd0ac15', '1f5e09c2e1ed4b0f8eb193580fc60f2d', 'ba4a6153b64b4dcfb6943000b2a0f82f', '2016-05-20 09:56:20', 'c321c891521446bdac49ae2bb29d7a00');
INSERT INTO `ss_checkjob_job_tem_item` VALUES ('58cc537681734ae6946cdec400c05f63', '4919954eab334b8c9a70b7eaeb2b7981', '2365f90d42f14ace8f4298f236643a7f', '2016-05-18 14:34:49', '5f6b500ffdf642349a1b46203c147ee0');
INSERT INTO `ss_checkjob_job_tem_item` VALUES ('5b519455f06240b89a1e1c1c90505243', 'c3f4273431c94d9bbc4ec5daca923bc8', '7f5defb0bc974d36ba1f5d1ee77aa087', '2016-05-18 15:35:07', 'c4db76be7dd94f95b5213b885f919cba');
INSERT INTO `ss_checkjob_job_tem_item` VALUES ('5dc71b8b53db4bf6bbaa40f40ac7ae0c', '4919954eab334b8c9a70b7eaeb2b7981', '6d3e449431944c129371ed6be8be3d11', '2016-05-18 14:34:49', '5f6b500ffdf642349a1b46203c147ee0');
INSERT INTO `ss_checkjob_job_tem_item` VALUES ('609b2c4a167b4e6ca2674f35198905d2', '0794ae8b15804c1784ef18b4cad18565', '5ba89728daeb4a6999238a2939748145', '2016-05-19 08:47:58', '5f6b500ffdf642349a1b46203c147ee0');
INSERT INTO `ss_checkjob_job_tem_item` VALUES ('68e5e29a44fe436c89181364745d7ad4', '4919954eab334b8c9a70b7eaeb2b7981', '37e72140320d4cdfb52acf286a70f4e2', '2016-05-18 14:34:49', '5f6b500ffdf642349a1b46203c147ee0');
INSERT INTO `ss_checkjob_job_tem_item` VALUES ('6bd3a53b8cb14816a5f1bcd46260ac1f', '4919954eab334b8c9a70b7eaeb2b7981', '1cb4228a85e44a6e9e0ae3b9b94d09cc', '2016-05-18 14:34:49', '5f6b500ffdf642349a1b46203c147ee0');
INSERT INTO `ss_checkjob_job_tem_item` VALUES ('6be1fbe464fe4bccaf85c214a559fa23', 'cc65b6abe5444eae8b2adfd516b2240e', '96ad0cac8d0649aa9505185dcf805491', '2016-05-17 09:21:39', '5f6b500ffdf642349a1b46203c147ee0');
INSERT INTO `ss_checkjob_job_tem_item` VALUES ('730ca39d54564acc94e1f65193954e91', 'c3f4273431c94d9bbc4ec5daca923bc8', 'fe2fbf44f2d94750b49e286aabd3ad07', '2016-05-18 15:35:07', 'c4db76be7dd94f95b5213b885f919cba');
INSERT INTO `ss_checkjob_job_tem_item` VALUES ('741f84e334a54c868d673b8761ba1af8', '5cbd9b0e26ea491da62259580f244a86', '12ef81ff422441eab5924c18443e1807', '2016-05-20 09:14:08', 'c4db76be7dd94f95b5213b885f919cba');
INSERT INTO `ss_checkjob_job_tem_item` VALUES ('750f1e6fe35c45ae8a0b1282e566336d', '4919954eab334b8c9a70b7eaeb2b7981', '77ef62f7f6644cbba6c3011cac207b68', '2016-05-18 14:34:49', '5f6b500ffdf642349a1b46203c147ee0');
INSERT INTO `ss_checkjob_job_tem_item` VALUES ('75b657812e9a4f5495a6b8430b88867c', '4919954eab334b8c9a70b7eaeb2b7981', 'c2729b7b0a1e47408cfbe378b7a90a51', '2016-05-18 14:34:49', '5f6b500ffdf642349a1b46203c147ee0');
INSERT INTO `ss_checkjob_job_tem_item` VALUES ('7791fc39d69c447b826164c4d1db8d92', '5cbd9b0e26ea491da62259580f244a86', 'f74b2a58630d447188c0a205145a54aa', '2016-05-20 09:14:08', 'c4db76be7dd94f95b5213b885f919cba');
INSERT INTO `ss_checkjob_job_tem_item` VALUES ('7a21645078e34732a322a04075326a79', '4919954eab334b8c9a70b7eaeb2b7981', 'cb7fcf162bb34ded9d0694afa2cce127', '2016-05-18 14:34:49', '5f6b500ffdf642349a1b46203c147ee0');
INSERT INTO `ss_checkjob_job_tem_item` VALUES ('7ba6df27346248f18bc276ae40797154', 'c3f4273431c94d9bbc4ec5daca923bc8', 'f255f88cc7f54fe5a5397e8bed014124', '2016-05-18 15:35:07', 'c4db76be7dd94f95b5213b885f919cba');
INSERT INTO `ss_checkjob_job_tem_item` VALUES ('7be4d8107e7d4f9e8ba6f866050605d5', '761081eb53d84e24973aae34425066cf', 'f74b2a58630d447188c0a205145a54aa', '2016-05-19 13:52:16', 'c321c891521446bdac49ae2bb29d7a00');
INSERT INTO `ss_checkjob_job_tem_item` VALUES ('7fc699a975384c57a23b043d4518372c', 'c3f4273431c94d9bbc4ec5daca923bc8', '3e73743f2e024d12bce72c4aed8a4c40', '2016-05-18 15:35:07', 'c4db76be7dd94f95b5213b885f919cba');
INSERT INTO `ss_checkjob_job_tem_item` VALUES ('82da82d689e34a688c01e044b28a8b14', '4919954eab334b8c9a70b7eaeb2b7981', '6eea078283214dbaa3612819b59346b0', '2016-05-18 14:34:49', '5f6b500ffdf642349a1b46203c147ee0');
INSERT INTO `ss_checkjob_job_tem_item` VALUES ('831be866ace54d01817ea1d595f7f39f', 'cc65b6abe5444eae8b2adfd516b2240e', '85c01be5af524b589733f0d0743d26d5', '2016-05-17 09:21:39', '5f6b500ffdf642349a1b46203c147ee0');
INSERT INTO `ss_checkjob_job_tem_item` VALUES ('84b7c481ea2345adac4989537389d4f9', '4919954eab334b8c9a70b7eaeb2b7981', 'cce580d1e61d41e1b2fb71e20f9f2f20', '2016-05-18 14:34:49', '5f6b500ffdf642349a1b46203c147ee0');
INSERT INTO `ss_checkjob_job_tem_item` VALUES ('85cd8fed86af4ee292916d7d6e81fbd0', '4919954eab334b8c9a70b7eaeb2b7981', '755295eff8744e5f93e9360e91bc12ec', '2016-05-18 14:34:49', '5f6b500ffdf642349a1b46203c147ee0');
INSERT INTO `ss_checkjob_job_tem_item` VALUES ('8b3494fa749544248ebdd74fb17792a4', 'c3f4273431c94d9bbc4ec5daca923bc8', '6d0fe6e941444a19813694dc2fd7f45c', '2016-05-18 15:35:07', 'c4db76be7dd94f95b5213b885f919cba');
INSERT INTO `ss_checkjob_job_tem_item` VALUES ('8bad30040e194b7091e112209e571384', '5cbd9b0e26ea491da62259580f244a86', 'a09d87ce110240adbc5a959f9b46b4ed', '2016-05-20 09:14:08', 'c4db76be7dd94f95b5213b885f919cba');
INSERT INTO `ss_checkjob_job_tem_item` VALUES ('8c5531f25f8b4df38f9e33744778e339', '4919954eab334b8c9a70b7eaeb2b7981', '6252b1c89ef247179d46db0a08b6e5b6', '2016-05-18 14:34:49', '5f6b500ffdf642349a1b46203c147ee0');
INSERT INTO `ss_checkjob_job_tem_item` VALUES ('8f5a43316c134c768640ee0633de1b55', '4919954eab334b8c9a70b7eaeb2b7981', '0ddff71c42164db3b755ab0198bbfdcc', '2016-05-18 14:34:49', '5f6b500ffdf642349a1b46203c147ee0');
INSERT INTO `ss_checkjob_job_tem_item` VALUES ('90bb95d2810b4d81a362c8f341b75bb0', '4919954eab334b8c9a70b7eaeb2b7981', '16c8e1581a32447191b6c12ae78d7703', '2016-05-18 14:34:49', '5f6b500ffdf642349a1b46203c147ee0');
INSERT INTO `ss_checkjob_job_tem_item` VALUES ('91a372c5c44741c6a1b940429a79b55e', '900fcf39cf11462ebc5fb7fa940aa727', 'ba4a6153b64b4dcfb6943000b2a0f82f', '2016-05-18 16:46:34', 'e470153e65ff4acf84ef6bba89290519');
INSERT INTO `ss_checkjob_job_tem_item` VALUES ('92525604d25948409b83331d6d176939', '4919954eab334b8c9a70b7eaeb2b7981', 'fcf9376948104da1b8d7cb43f71f4f78', '2016-05-18 14:34:49', '5f6b500ffdf642349a1b46203c147ee0');
INSERT INTO `ss_checkjob_job_tem_item` VALUES ('96fd17f158e545368bfa4d81615df1b7', '4919954eab334b8c9a70b7eaeb2b7981', '2dbff7d7c0d6469993a4f137e37b2f0c', '2016-05-18 14:34:49', '5f6b500ffdf642349a1b46203c147ee0');
INSERT INTO `ss_checkjob_job_tem_item` VALUES ('9883613cfbbc43b8a3907816c0581a8b', '4919954eab334b8c9a70b7eaeb2b7981', 'bd274ea7d3a84536b47e2f9aa14f5005', '2016-05-18 14:34:49', '5f6b500ffdf642349a1b46203c147ee0');
INSERT INTO `ss_checkjob_job_tem_item` VALUES ('9b122b7ed1e148dfa3c7d8824bb4995c', '900fcf39cf11462ebc5fb7fa940aa727', 'f74b2a58630d447188c0a205145a54aa', '2016-05-18 16:46:34', 'e470153e65ff4acf84ef6bba89290519');
INSERT INTO `ss_checkjob_job_tem_item` VALUES ('9d335e22b6714128a7a8ed0941533b9f', 'c3f4273431c94d9bbc4ec5daca923bc8', 'c2729b7b0a1e47408cfbe378b7a90a51', '2016-05-18 15:35:07', 'c4db76be7dd94f95b5213b885f919cba');
INSERT INTO `ss_checkjob_job_tem_item` VALUES ('9d867109e00b49178cf93222b95e475d', '3bf1c8399c7a4eeaaf4197211318887d', 'd1a99b7da3ad4bbba46cb7ca595e1650', '2016-05-20 09:28:47', 'c4db76be7dd94f95b5213b885f919cba');
INSERT INTO `ss_checkjob_job_tem_item` VALUES ('9e92a440111f4cf882272169e536a822', '3bf1c8399c7a4eeaaf4197211318887d', 'be60792440cc4dfca846b3e673ebf2a4', '2016-05-20 09:28:47', 'c4db76be7dd94f95b5213b885f919cba');
INSERT INTO `ss_checkjob_job_tem_item` VALUES ('9ecd0a53251048dcacc45171b70967c5', 'c3f4273431c94d9bbc4ec5daca923bc8', '00a0aeba317840509f2f15d94fd6a1b3', '2016-05-18 15:35:07', 'c4db76be7dd94f95b5213b885f919cba');
INSERT INTO `ss_checkjob_job_tem_item` VALUES ('a011c191e3b4447baadcba93e48c5225', '4919954eab334b8c9a70b7eaeb2b7981', 'f640466a21cb452d831f57624b826b31', '2016-05-18 14:34:49', '5f6b500ffdf642349a1b46203c147ee0');
INSERT INTO `ss_checkjob_job_tem_item` VALUES ('a24813ec0a6948df98188639ca29c4dd', '4919954eab334b8c9a70b7eaeb2b7981', '8339f698c8944a55a1e13af47485aa06', '2016-05-18 14:34:49', '5f6b500ffdf642349a1b46203c147ee0');
INSERT INTO `ss_checkjob_job_tem_item` VALUES ('a360b9df1e1c44868381248d023881d2', '4919954eab334b8c9a70b7eaeb2b7981', 'de35744dc9914d018de7e9585b31b782', '2016-05-18 14:34:49', '5f6b500ffdf642349a1b46203c147ee0');
INSERT INTO `ss_checkjob_job_tem_item` VALUES ('a368ed1406e24cbd868ad7c21abb5884', '4919954eab334b8c9a70b7eaeb2b7981', '8daa22e6661643b3b60316c0f6c62ead', '2016-05-18 14:34:49', '5f6b500ffdf642349a1b46203c147ee0');
INSERT INTO `ss_checkjob_job_tem_item` VALUES ('a637e0e6c9064ebe92bc971ca9289ae9', '3bf1c8399c7a4eeaaf4197211318887d', '5fc58867e9994545b77cb63e3e25daae', '2016-05-20 09:28:47', 'c4db76be7dd94f95b5213b885f919cba');
INSERT INTO `ss_checkjob_job_tem_item` VALUES ('a77a4fc9c74e4121a0415a456ea91fed', '4919954eab334b8c9a70b7eaeb2b7981', '02eec96dfbf0440fa16a2caaf168c812', '2016-05-18 14:34:49', '5f6b500ffdf642349a1b46203c147ee0');
INSERT INTO `ss_checkjob_job_tem_item` VALUES ('aeda24e0bb204f55ba38a3dfc0aaf67e', '4919954eab334b8c9a70b7eaeb2b7981', '5fc58867e9994545b77cb63e3e25daae', '2016-05-18 14:34:49', '5f6b500ffdf642349a1b46203c147ee0');
INSERT INTO `ss_checkjob_job_tem_item` VALUES ('aefcc84f872a486287fe239427a0766b', '761081eb53d84e24973aae34425066cf', '06254582303d4460a97b92d2b2113146', '2016-05-19 13:52:16', 'c321c891521446bdac49ae2bb29d7a00');
INSERT INTO `ss_checkjob_job_tem_item` VALUES ('afd01c53ab854f28923e29e39204d455', '4919954eab334b8c9a70b7eaeb2b7981', '3776ae04982348a2a14469ed3e57abcb', '2016-05-18 14:34:49', '5f6b500ffdf642349a1b46203c147ee0');
INSERT INTO `ss_checkjob_job_tem_item` VALUES ('b003ef3be50a4e48a8e61f552296e34b', '4919954eab334b8c9a70b7eaeb2b7981', '21c400482d5f49088bba1d33c3a64134', '2016-05-18 14:34:49', '5f6b500ffdf642349a1b46203c147ee0');
INSERT INTO `ss_checkjob_job_tem_item` VALUES ('b3b00a54206d495d8af757c5bd9e0460', '4919954eab334b8c9a70b7eaeb2b7981', '29b81c1d4802456ea8025a56636bc79b', '2016-05-18 14:34:49', '5f6b500ffdf642349a1b46203c147ee0');
INSERT INTO `ss_checkjob_job_tem_item` VALUES ('b471a448c7d247a183db539a9138033f', 'c3f4273431c94d9bbc4ec5daca923bc8', '1809e810e0994707bcf6ae104b160710', '2016-05-18 15:35:07', 'c4db76be7dd94f95b5213b885f919cba');
INSERT INTO `ss_checkjob_job_tem_item` VALUES ('b798bbeed6dd426b971f253ca2b7bfcd', 'e20dddafbd8043db8fc6f44c46b602bb', '5fc58867e9994545b77cb63e3e25daae', '2016-05-20 00:14:47', 'c4db76be7dd94f95b5213b885f919cba');
INSERT INTO `ss_checkjob_job_tem_item` VALUES ('c14d154b628b4fc38430640f32914a60', '0794ae8b15804c1784ef18b4cad18565', '85c01be5af524b589733f0d0743d26d5', '2016-05-19 08:47:58', '5f6b500ffdf642349a1b46203c147ee0');
INSERT INTO `ss_checkjob_job_tem_item` VALUES ('c2a4aed1c9ae4f60a0e22eb58a03ab60', '4919954eab334b8c9a70b7eaeb2b7981', 'cc1351b04e924637bb7c8d6e62719ac2', '2016-05-18 14:34:49', '5f6b500ffdf642349a1b46203c147ee0');
INSERT INTO `ss_checkjob_job_tem_item` VALUES ('c543064be23d4307aaebd1ee445d7725', 'c3f4273431c94d9bbc4ec5daca923bc8', '85b3c3f90f374d0697203446b464e44c', '2016-05-18 15:35:07', 'c4db76be7dd94f95b5213b885f919cba');
INSERT INTO `ss_checkjob_job_tem_item` VALUES ('c86949653ba24cb29f0fb6c2cc90157e', 'c3f4273431c94d9bbc4ec5daca923bc8', '853ecdd98d3048c3a0bf3d4773bcdfda', '2016-05-18 15:35:07', 'c4db76be7dd94f95b5213b885f919cba');
INSERT INTO `ss_checkjob_job_tem_item` VALUES ('ca2ef3eb2c464bf9a459660134859a4b', '4919954eab334b8c9a70b7eaeb2b7981', 'bc008f2cc84b49709b64465f576ec160', '2016-05-18 14:34:49', '5f6b500ffdf642349a1b46203c147ee0');
INSERT INTO `ss_checkjob_job_tem_item` VALUES ('d1f1b492487048839d30768b24065e81', '4919954eab334b8c9a70b7eaeb2b7981', '79b417931ffb4e1fa7a49af433d8becd', '2016-05-18 14:34:49', '5f6b500ffdf642349a1b46203c147ee0');
INSERT INTO `ss_checkjob_job_tem_item` VALUES ('d3189699f6f142b8b65e3321d31a9660', '1f5e09c2e1ed4b0f8eb193580fc60f2d', '6fcab2ec600d492bb17d3c8eb142a92d', '2016-05-20 09:56:20', 'c321c891521446bdac49ae2bb29d7a00');
INSERT INTO `ss_checkjob_job_tem_item` VALUES ('d543f4ba54104fdeb607257e20f37167', '761081eb53d84e24973aae34425066cf', '6fcab2ec600d492bb17d3c8eb142a92d', '2016-05-19 13:52:16', 'c321c891521446bdac49ae2bb29d7a00');
INSERT INTO `ss_checkjob_job_tem_item` VALUES ('d7e3b48b541c4a26937d0c20cf9f6c7a', 'c3f4273431c94d9bbc4ec5daca923bc8', '73842ea9aff84bbaa90898cc64be3ab6', '2016-05-18 15:35:07', 'c4db76be7dd94f95b5213b885f919cba');
INSERT INTO `ss_checkjob_job_tem_item` VALUES ('d7ecbd77dad940f1920dd89fa165f000', '4919954eab334b8c9a70b7eaeb2b7981', 'e4c018fea67f43f9aab0758f7592b5ab', '2016-05-18 14:34:49', '5f6b500ffdf642349a1b46203c147ee0');
INSERT INTO `ss_checkjob_job_tem_item` VALUES ('da90b014c94946e3b09bbad631d15687', '4919954eab334b8c9a70b7eaeb2b7981', '59f9422d36414718b72fc604ee5acf2a', '2016-05-18 14:34:49', '5f6b500ffdf642349a1b46203c147ee0');
INSERT INTO `ss_checkjob_job_tem_item` VALUES ('dacc300521b3464097fb31e7c77080aa', '4919954eab334b8c9a70b7eaeb2b7981', 'b91cb851cf7142d3be3864826aa8f9db', '2016-05-18 14:34:49', '5f6b500ffdf642349a1b46203c147ee0');
INSERT INTO `ss_checkjob_job_tem_item` VALUES ('de451c49636348b0a9e7668313b1dfac', '4919954eab334b8c9a70b7eaeb2b7981', 'bb797c8b886b4cad86b05bc65b94c807', '2016-05-18 14:34:49', '5f6b500ffdf642349a1b46203c147ee0');
INSERT INTO `ss_checkjob_job_tem_item` VALUES ('e03f637b491346b89d1daab02d0c2539', '4919954eab334b8c9a70b7eaeb2b7981', '37e65c6b652348b984e34f41fef3f614', '2016-05-18 14:34:49', '5f6b500ffdf642349a1b46203c147ee0');
INSERT INTO `ss_checkjob_job_tem_item` VALUES ('e3d37a9d051c4448868ef1dabe730529', 'c3f4273431c94d9bbc4ec5daca923bc8', '97e296dae88242d6a170220c39bcc95f', '2016-05-18 15:35:07', 'c4db76be7dd94f95b5213b885f919cba');
INSERT INTO `ss_checkjob_job_tem_item` VALUES ('e6ea798b04034afa9e09d436db3c61ae', '4919954eab334b8c9a70b7eaeb2b7981', '08f43a3729da415bb1b56dcd7a2e68ab', '2016-05-18 14:34:49', '5f6b500ffdf642349a1b46203c147ee0');
INSERT INTO `ss_checkjob_job_tem_item` VALUES ('e73351d62cf24cf3b473c8f9d61be85c', '4919954eab334b8c9a70b7eaeb2b7981', '45129b544a3148caa7ed11a69db06f64', '2016-05-18 14:34:49', '5f6b500ffdf642349a1b46203c147ee0');
INSERT INTO `ss_checkjob_job_tem_item` VALUES ('e7654b7825f948489eeb7777fdf1ee6f', '4919954eab334b8c9a70b7eaeb2b7981', 'c80fc1052a1d491ea9843099b18faf89', '2016-05-18 14:34:49', '5f6b500ffdf642349a1b46203c147ee0');
INSERT INTO `ss_checkjob_job_tem_item` VALUES ('e7cb14ea2135498f9c799549fdbd583c', '4919954eab334b8c9a70b7eaeb2b7981', 'a3f95fe0ff4a4df7991130fbaaf91543', '2016-05-18 14:34:49', '5f6b500ffdf642349a1b46203c147ee0');
INSERT INTO `ss_checkjob_job_tem_item` VALUES ('e80739ffacac4a218b5c5f94e0660aa8', '4919954eab334b8c9a70b7eaeb2b7981', '33292f2c24384e7197742f40b8018e71', '2016-05-18 14:34:49', '5f6b500ffdf642349a1b46203c147ee0');
INSERT INTO `ss_checkjob_job_tem_item` VALUES ('eaf34660ada5412fa835a2487991b73b', '5cbd9b0e26ea491da62259580f244a86', '6fcab2ec600d492bb17d3c8eb142a92d', '2016-05-20 09:14:08', 'c4db76be7dd94f95b5213b885f919cba');
INSERT INTO `ss_checkjob_job_tem_item` VALUES ('ec779c4db15b4c54bb79d2d4f02860eb', '761081eb53d84e24973aae34425066cf', '5ba89728daeb4a6999238a2939748145', '2016-05-19 13:52:16', 'c321c891521446bdac49ae2bb29d7a00');
INSERT INTO `ss_checkjob_job_tem_item` VALUES ('ed690ba028ec451594dd21218d0f86ab', '4919954eab334b8c9a70b7eaeb2b7981', '87d922c87449409e94af94446eb3bd68', '2016-05-18 14:34:49', '5f6b500ffdf642349a1b46203c147ee0');
INSERT INTO `ss_checkjob_job_tem_item` VALUES ('ed7383c667454956babdc7c4223c830e', '4919954eab334b8c9a70b7eaeb2b7981', 'dee27c258ed34630b60ed833a4b7fa3c', '2016-05-18 14:34:49', '5f6b500ffdf642349a1b46203c147ee0');
INSERT INTO `ss_checkjob_job_tem_item` VALUES ('eddca003844b48008128aa4940c125e4', '3bf1c8399c7a4eeaaf4197211318887d', '54baa8900f3d4fe8860ea3012f0c1be4', '2016-05-20 09:28:47', 'c4db76be7dd94f95b5213b885f919cba');
INSERT INTO `ss_checkjob_job_tem_item` VALUES ('f3434fcb824848409346bf633fb20b0e', '4919954eab334b8c9a70b7eaeb2b7981', '96ad0cac8d0649aa9505185dcf805491', '2016-05-18 14:34:49', '5f6b500ffdf642349a1b46203c147ee0');
INSERT INTO `ss_checkjob_job_tem_item` VALUES ('f5a2fe916f0b4744ae4f51fd2f5cd756', '4919954eab334b8c9a70b7eaeb2b7981', 'e3a77addc673422fb2bd3cf87f2bd2f5', '2016-05-18 14:34:49', '5f6b500ffdf642349a1b46203c147ee0');
INSERT INTO `ss_checkjob_job_tem_item` VALUES ('fa838c56c54e49e6aec4626fa409828f', '4919954eab334b8c9a70b7eaeb2b7981', 'fa4712fd6d51444bae7449f3618f32f4', '2016-05-18 14:34:49', '5f6b500ffdf642349a1b46203c147ee0');
INSERT INTO `ss_checkjob_job_tem_item` VALUES ('fb7f6e4dc42c4b4ba89dc4aabddafe83', '4919954eab334b8c9a70b7eaeb2b7981', 'fb1bb00ed17f49aab5bca7a92c5f0ec7', '2016-05-18 14:34:49', '5f6b500ffdf642349a1b46203c147ee0');
INSERT INTO `ss_checkjob_job_tem_item` VALUES ('fcfe70eeb895496095f354010696d03c', 'c3f4273431c94d9bbc4ec5daca923bc8', '29999d34870b41f9ad4e791b5feec11e', '2016-05-18 15:35:07', 'c4db76be7dd94f95b5213b885f919cba');
INSERT INTO `ss_checkjob_job_tem_item` VALUES ('fe27d8d3d7974561ae7d6f8c75051575', 'cc65b6abe5444eae8b2adfd516b2240e', 'a09d87ce110240adbc5a959f9b46b4ed', '2016-05-17 09:21:39', '5f6b500ffdf642349a1b46203c147ee0');

-- ----------------------------
-- View structure for `act_id_group`
-- ----------------------------
DROP VIEW IF EXISTS `act_id_group`;
CREATE ALGORITHM=UNDEFINED DEFINER=`root`@`localhost` SQL SECURITY DEFINER VIEW `act_id_group` AS select `t1`.`id` AS `ID_`,`t1`.`REV` AS `REV_`,`t1`.`NAME` AS `NAME_`,`t1`.`TYPE` AS `TYPE_` from `jc_sys_group` `t1` where (`t1`.`CUSTOM_CODE` = 'wf') ;

-- ----------------------------
-- View structure for `act_id_info`
-- ----------------------------
DROP VIEW IF EXISTS `act_id_info`;
CREATE ALGORITHM=UNDEFINED DEFINER=`root`@`localhost` SQL SECURITY DEFINER VIEW `act_id_info` AS select `t1`.`ID_` AS `ID_`,`t1`.`REV_` AS `REV_`,`t1`.`USER_ID_` AS `USER_ID_`,`t1`.`TYPE_` AS `TYPE_`,`t1`.`KEY_` AS `KEY_`,`t1`.`VALUE_` AS `VALUE_`,`t1`.`PASSWORD_` AS `PASSWORD_`,`t1`.`PARENT_ID_` AS `PARENT_ID_` from `jc_tmp_actuserinfo` `t1` ;

-- ----------------------------
-- View structure for `act_id_membership`
-- ----------------------------
DROP VIEW IF EXISTS `act_id_membership`;
CREATE ALGORITHM=UNDEFINED DEFINER=`root`@`localhost` SQL SECURITY DEFINER VIEW `act_id_membership` AS select `jc_sys_user_group`.`USERID` AS `USER_ID_`,`jc_sys_user_group`.`GROUPID` AS `GROUP_ID_` from `jc_sys_user_group` ;

-- ----------------------------
-- View structure for `act_id_user`
-- ----------------------------
DROP VIEW IF EXISTS `act_id_user`;
CREATE ALGORITHM=UNDEFINED DEFINER=`root`@`localhost` SQL SECURITY DEFINER VIEW `act_id_user` AS select `t1`.`USERNAME` AS `ID_`,(1 + 1) AS `REV_`,'testfirst' AS `FIRST_`,'testlast' AS `LAST`,'0' AS `PICTURE_ID_`,`t1`.`EMAIL` AS `EMAIL_`,`t1`.`PASSWORD` AS `PWD_` from `jc_sys_user` `t1` ;

-- ----------------------------
-- Procedure structure for `checkitemprocess`
-- ----------------------------
DROP PROCEDURE IF EXISTS `checkitemprocess`;
DELIMITER ;;
CREATE DEFINER=`root`@`localhost` PROCEDURE `checkitemprocess`(in realtempin int,
out realtempout int,
inout realnum int )
BEGIN

DECLARE Done INT DEFAULT 0;
      
       DECLARE rs_num INT;
      
       DECLARE realcasid VARCHAR(100);
       /*  */
       DECLARE rs CURSOR FOR SELECT cascade_id_ FROM ss_checkjob_checkitem;
       /*  */
	/*DECLARE CONTINUE HANDLER FOR SQLSTATE '02000' SET Done = 1;*/

	DECLARE  CONTINUE HANDLER FOR NOT FOUND  SET  Done = 1; /*when "not found" occur,just continue,,NOT FOUND*/
	SET rs_num = 0;
   
    /*  */	
    OPEN rs;  
   
    /* LingQi */
    FETCH NEXT FROM rs INTO realcasid;     
    /*  */
    REPEAT
          IF NOT Done THEN
		SET rs_num = rs_num + 1;
		SET realnum = realnum+1;
          END IF;
         
    FETCH NEXT FROM rs INTO realcasid;

    UNTIL Done END REPEAT;
   
    /*  */
     CLOSE rs;
	
	SELECT rs_num INTO realtempout;

END
;;
DELIMITER ;

-- ----------------------------
-- Function structure for `getCheckItemChildLst`
-- ----------------------------
DROP FUNCTION IF EXISTS `getCheckItemChildLst`;
DELIMITER ;;
CREATE DEFINER=`root`@`localhost` FUNCTION `getCheckItemChildLst`(rootId varchar(255)) RETURNS varchar(1000) CHARSET utf8
BEGIN  
       DECLARE sTemp VARCHAR(1000);  
       DECLARE sTempChd VARCHAR(1000);  
      
       SET sTemp = '$';  
       SET sTempChd =rootId;  
      
       WHILE sTempChd is not null DO  
         SET sTemp = concat(sTemp,',',sTempChd);  
         SELECT group_concat(id_) INTO sTempChd FROM ss_checkjob_checkitem where parent_id_<>id_ and FIND_IN_SET(parent_id_,sTempChd)>0;  
       END WHILE;  
       RETURN sTemp;  
     END
;;
DELIMITER ;

-- ----------------------------
-- Function structure for `getChildLst`
-- ----------------------------
DROP FUNCTION IF EXISTS `getChildLst`;
DELIMITER ;;
CREATE DEFINER=`root`@`localhost` FUNCTION `getChildLst`(rootId varchar(255)) RETURNS varchar(1000) CHARSET utf8
BEGIN  
       DECLARE sTemp VARCHAR(1000);  
       DECLARE sTempChd VARCHAR(1000);  
      
       SET sTemp = '$';  
       SET sTempChd =rootId;  
      
       WHILE sTempChd is not null DO  
         SET sTemp = concat(sTemp,',',sTempChd);  
         SELECT group_concat(id_) INTO sTempChd FROM aos_sys_org where parent_id_<>id_ and type_='1' and FIND_IN_SET(parent_id_,sTempChd)>0;  
       END WHILE;  
       RETURN sTemp;  
     END
;;
DELIMITER ;
